{
  "predictedWinner": "Blue",
  "redTeams": [
    5292,
    21906
  ],
  "blueTeams": [
    5618,
    15815
  ],
  "actualWinner": "Blue",
  "pointBreakdown": {
    "redData": {
      "redScore": 79,
      "redPenaltyFreeScore": 79,
      "redAuto": 23,
      "redTeleOp": 38,
      "redEndgame": 18
    },
    "blueData": {
      "blueScore": 178,
      "bluePenaltyFreeScore": 178,
      "blueAuto": 54,
      "blueTeleOp": 99,
      "blueEndgame": 25
    }
  },
  "predictedScores": {
    "redEPA": 136.6293689786217,
    "redAutonEPA": 34.060353548524155,
    "redTeleOpEPA": 61.68009234900203,
    "redEndgameEPA": 40.88892308109552,
    "blueEPA": 184.4110817300421,
    "blueAutonEPA": 36.056889974793165,
    "blueTeleOpEPA": 106.77047726276963,
    "blueEndgameEPA": 41.5837144924793
  }
}