{
  "predictedWinner": "Blue",
  "redTeams": [
    8646,
    10723
  ],
  "blueTeams": [
    21672,
    15815
  ],
  "actualWinner": "Blue",
  "pointBreakdown": {
    "redData": {
      "redScore": 131,
      "redPenaltyFreeScore": 131,
      "redAuto": 40,
      "redTeleOp": 65,
      "redEndgame": 26
    },
    "blueData": {
      "blueScore": 201,
      "bluePenaltyFreeScore": 201,
      "blueAuto": 54,
      "blueTeleOp": 110,
      "blueEndgame": 37
    }
  },
  "predictedScores": {
    "redEPA": 171.05787975150187,
    "redAutonEPA": 44.88604705823512,
    "redTeleOpEPA": 80.26616357320273,
    "redEndgameEPA": 45.905669120064026,
    "blueEPA": 186.70190003982933,
    "blueAutonEPA": 45.24328186611797,
    "blueTeleOpEPA": 93.90268891325287,
    "blueEndgameEPA": 47.555929260458484
  }
}