{
  "winProbability": 0.6436615502136891,
  "predictedWinner": "Red",
  "redTeams": [
    25094,
    22307
  ],
  "blueTeams": [
    25080,
    22302
  ],
  "actualWinner": "Red",
  "pointBreakdown": {
    "redData": {
      "redScore": 77,
      "redPenaltyFreeScore": 62,
      "redAuto": 21,
      "redTeleOp": 31,
      "redEndgame": 10
    },
    "blueData": {
      "blueScore": 48,
      "bluePenaltyFreeScore": 48,
      "blueAuto": 8,
      "blueTeleOp": 25,
      "blueEndgame": 15
    }
  },
  "predictedScores": {
    "redEPA": 47.7807453224313,
    "redAutonEPA": 8.198940659606908,
    "redTeleOpEPA": 30.847605640069354,
    "redEndgameEPA": 8.734199022755043,
    "blueEPA": 33.89665168703354,
    "blueAutonEPA": 11.908940458624016,
    "blueTeleOpEPA": 13.589866238555986,
    "blueEndgameEPA": 8.397844989853537
  }
}