{
  "winProbability": 0.6193906325010802,
  "predictedWinner": "Red",
  "redTeams": [
    25094,
    27583
  ],
  "blueTeams": [
    22055,
    22308
  ],
  "actualWinner": "Blue",
  "pointBreakdown": {
    "redData": {
      "redScore": 65,
      "redPenaltyFreeScore": 65,
      "redAuto": 13,
      "redTeleOp": 37,
      "redEndgame": 15
    },
    "blueData": {
      "blueScore": 78,
      "bluePenaltyFreeScore": 78,
      "blueAuto": 21,
      "blueTeleOp": 47,
      "blueEndgame": 10
    }
  },
  "predictedScores": {
    "redEPA": 53.62333120117954,
    "redAutonEPA": 10.292442208127516,
    "redTeleOpEPA": 31.107862854017807,
    "redEndgameEPA": 12.223026139034214,
    "blueEPA": 42.18899201919052,
    "blueAutonEPA": 11.130594184239392,
    "blueTeleOpEPA": 22.220624193102164,
    "blueEndgameEPA": 8.837773641848965
  }
}