{
  "winProbability": 0.6756664205356323,
  "predictedWinner": "Red",
  "redTeams": [
    20804,
    25094
  ],
  "blueTeams": [
    27587,
    25093
  ],
  "actualWinner": "Red",
  "pointBreakdown": {
    "redData": {
      "redScore": 154,
      "redPenaltyFreeScore": 49,
      "redAuto": 3,
      "redTeleOp": 36,
      "redEndgame": 10
    },
    "blueData": {
      "blueScore": 62,
      "bluePenaltyFreeScore": 62,
      "blueAuto": 18,
      "blueTeleOp": 34,
      "blueEndgame": 10
    }
  },
  "predictedScores": {
    "redEPA": 44.51146813830549,
    "redAutonEPA": 6.846743474005884,
    "redTeleOpEPA": 28.914186814288065,
    "redEndgameEPA": 8.75053785001154,
    "blueEPA": 27.27817347191118,
    "blueAutonEPA": 5.673635782693448,
    "blueTeleOpEPA": 14.389400216011541,
    "blueEndgameEPA": 7.215137473206192
  }
}