{
  "winProbability": 0.5827556192498877,
  "predictedWinner": "Red",
  "redTeams": [
    22308,
    25093
  ],
  "blueTeams": [
    25105,
    22307
  ],
  "actualWinner": "Blue",
  "pointBreakdown": {
    "redData": {
      "redScore": 106,
      "redPenaltyFreeScore": 66,
      "redAuto": 27,
      "redTeleOp": 39,
      "redEndgame": 0
    },
    "blueData": {
      "blueScore": 199,
      "bluePenaltyFreeScore": 79,
      "blueAuto": 21,
      "blueTeleOp": 48,
      "blueEndgame": 10
    }
  },
  "predictedScores": {
    "redEPA": 54.63768499433715,
    "redAutonEPA": 12.662446584448372,
    "redTeleOpEPA": 31.417544418439846,
    "redEndgameEPA": 10.557693991448929,
    "blueEPA": 46.79280087362413,
    "blueAutonEPA": 10.412192184379622,
    "blueTeleOpEPA": 31.254036025744007,
    "blueEndgameEPA": 5.1265726635005056
  }
}