{
  "winProbability": 0.5671713118031784,
  "predictedWinner": "Red",
  "redTeams": [
    27584,
    22305
  ],
  "blueTeams": [
    25080,
    25105
  ],
  "actualWinner": "Red",
  "pointBreakdown": {
    "redData": {
      "redScore": 76,
      "redPenaltyFreeScore": 61,
      "redAuto": 13,
      "redTeleOp": 33,
      "redEndgame": 15
    },
    "blueData": {
      "blueScore": 14,
      "bluePenaltyFreeScore": 14,
      "blueAuto": 9,
      "blueTeleOp": 5,
      "blueEndgame": 0
    }
  },
  "predictedScores": {
    "redEPA": 47.631485804037524,
    "redAutonEPA": 8.632091339828255,
    "redTeleOpEPA": 30.445524875669832,
    "redEndgameEPA": 8.553869588539433,
    "blueEPA": 41.284132474300876,
    "blueAutonEPA": 6.78745637916167,
    "blueTeleOpEPA": 22.86562534618852,
    "blueEndgameEPA": 11.631050748950688
  }
}