{
  "winProbability": 0.5330812389123654,
  "predictedWinner": "Red",
  "redTeams": [
    25105,
    22055
  ],
  "blueTeams": [
    20804,
    22056
  ],
  "actualWinner": "Blue",
  "pointBreakdown": {
    "redData": {
      "redScore": 58,
      "redPenaltyFreeScore": 53,
      "redAuto": 3,
      "redTeleOp": 35,
      "redEndgame": 15
    },
    "blueData": {
      "blueScore": 69,
      "bluePenaltyFreeScore": 69,
      "blueAuto": 6,
      "blueTeleOp": 48,
      "blueEndgame": 15
    }
  },
  "predictedScores": {
    "redEPA": 53.85539073909541,
    "redAutonEPA": 13.06365881242371,
    "redTeleOpEPA": 31.057681762456028,
    "redEndgameEPA": 9.734050164215676,
    "blueEPA": 50.74373064380736,
    "blueAutonEPA": 10.173546712427747,
    "blueTeleOpEPA": 32.4622494810439,
    "blueEndgameEPA": 8.10793445033572
  }
}