{
  "predictedWinner": "Red",
  "redTeams": [
    8531,
    14757
  ],
  "blueTeams": [
    8487,
    10016
  ],
  "actualWinner": "Red",
  "pointBreakdown": {
    "redData": {
      "redScore": 137,
      "redPenaltyFreeScore": 137,
      "redAuto": 43,
      "redTeleOp": 53,
      "redEndgame": 41
    },
    "blueData": {
      "blueScore": 89,
      "bluePenaltyFreeScore": 89,
      "blueAuto": 20,
      "blueTeleOp": 36,
      "blueEndgame": 33
    }
  },
  "predictedScores": {
    "redEPA": 131.65335330713202,
    "redAutonEPA": 44.828116723205255,
    "redTeleOpEPA": 42.177769211347304,
    "redEndgameEPA": 44.64746737257946,
    "blueEPA": 93.81434935203819,
    "blueAutonEPA": 20.92359995688208,
    "blueTeleOpEPA": 39.21483390049207,
    "blueEndgameEPA": 33.67591549466405
  }
}