{
  "predictedWinner": "Red",
  "redTeams": [
    13748,
    14015
  ],
  "blueTeams": [
    9458,
    7360
  ],
  "actualWinner": "Red",
  "pointBreakdown": {
    "redData": {
      "redScore": 62,
      "redPenaltyFreeScore": 62,
      "redAuto": 6,
      "redTeleOp": 56,
      "redEndgame": 0
    },
    "blueData": {
      "blueScore": 13,
      "bluePenaltyFreeScore": 13,
      "blueAuto": 0,
      "blueTeleOp": 13,
      "blueEndgame": 0
    }
  },
  "predictedScores": {
    "redEPA": 43.610456705735665,
    "redAutonEPA": 13.12746176972124,
    "redTeleOpEPA": 24.887937629596472,
    "redEndgameEPA": 5.595057306417955,
    "blueEPA": 34.5254753203282,
    "blueAutonEPA": 5.962852829721711,
    "blueTeleOpEPA": 31.122198076378467,
    "blueEndgameEPA": -2.559575585771981
  }
}