{
  "predictedWinner": "Red",
  "redTeams": [
    8656,
    6811
  ],
  "blueTeams": [
    19770,
    26859
  ],
  "actualWinner": "Blue",
  "pointBreakdown": {
    "redData": {
      "redScore": 23,
      "redPenaltyFreeScore": 23,
      "redAuto": 6,
      "redTeleOp": 17,
      "redEndgame": 0
    },
    "blueData": {
      "blueScore": 30,
      "bluePenaltyFreeScore": 30,
      "blueAuto": 0,
      "blueTeleOp": 30,
      "blueEndgame": 0
    }
  },
  "predictedScores": {
    "redEPA": 41.00204998461699,
    "redAutonEPA": 7.903622491940499,
    "redTeleOpEPA": 27.75918213736619,
    "redEndgameEPA": 5.339245355310304,
    "blueEPA": 1.0879917731891169,
    "blueAutonEPA": -0.6217836865157789,
    "blueTeleOpEPA": -0.02421060841544298,
    "blueEndgameEPA": 1.7339860681203387
  }
}