{
  "predictedWinner": "Blue",
  "redTeams": [
    6811,
    19770
  ],
  "blueTeams": [
    14015,
    27155
  ],
  "actualWinner": "Tie",
  "pointBreakdown": {
    "redData": {
      "redScore": 19,
      "redPenaltyFreeScore": 19,
      "redAuto": 3,
      "redTeleOp": 6,
      "redEndgame": 10
    },
    "blueData": {
      "blueScore": 19,
      "bluePenaltyFreeScore": 19,
      "blueAuto": 9,
      "blueTeleOp": 10,
      "blueEndgame": 0
    }
  },
  "predictedScores": {
    "redEPA": 21.75513888545675,
    "redAutonEPA": 1.2455501094116184,
    "redTeleOpEPA": 17.1095055440931,
    "redEndgameEPA": 3.4000832319520318,
    "blueEPA": 30.774785159218915,
    "blueAutonEPA": 5.665677720410674,
    "blueTeleOpEPA": 25.218605088751247,
    "blueEndgameEPA": -0.10949764994300715
  }
}