{
  "predictedWinner": "Blue",
  "redTeams": [
    25092,
    25085
  ],
  "blueTeams": [
    22307,
    25084
  ],
  "actualWinner": "Blue",
  "pointBreakdown": {
    "redData": {
      "redScore": 54,
      "redPenaltyFreeScore": 54,
      "redAuto": 13,
      "redTeleOp": 31,
      "redEndgame": 10
    },
    "blueData": {
      "blueScore": 89,
      "bluePenaltyFreeScore": 89,
      "blueAuto": 38,
      "blueTeleOp": 26,
      "blueEndgame": 25
    }
  },
  "predictedScores": {
    "redEPA": 30.017635151088015,
    "redAutonEPA": 6.1110236562278955,
    "redTeleOpEPA": 17.27594404606031,
    "redEndgameEPA": 6.6306674487998105,
    "blueEPA": 52.2392262961493,
    "blueAutonEPA": 13.86316782658594,
    "blueTeleOpEPA": 16.539049936397888,
    "blueEndgameEPA": 21.837008533165474
  }
}