{
  "predictedWinner": "Blue",
  "redTeams": [
    25082,
    25084
  ],
  "blueTeams": [
    22307,
    25087
  ],
  "actualWinner": "Blue",
  "pointBreakdown": {
    "redData": {
      "redScore": 69,
      "redPenaltyFreeScore": 69,
      "redAuto": 10,
      "redTeleOp": 59,
      "redEndgame": 0
    },
    "blueData": {
      "blueScore": 125,
      "bluePenaltyFreeScore": 125,
      "blueAuto": 20,
      "blueTeleOp": 55,
      "blueEndgame": 50
    }
  },
  "predictedScores": {
    "redEPA": 75.93950836524228,
    "redAutonEPA": 25.90213015150249,
    "redTeleOpEPA": 16.998963397971366,
    "redEndgameEPA": 33.03841481576842,
    "blueEPA": 76.83128968408914,
    "blueAutonEPA": 6.85968979742344,
    "blueTeleOpEPA": 63.17130888533545,
    "blueEndgameEPA": 6.800291001330249
  }
}