{
  "winProbability": 0.9706228076684603,
  "predictedWinner": "Red",
  "redTeams": [
    23392,
    10016
  ],
  "blueTeams": [
    23590,
    17155
  ],
  "actualWinner": "Red",
  "pointBreakdown": {
    "redData": {
      "redScore": 142,
      "redPenaltyFreeScore": 142,
      "redAuto": 40,
      "redTeleOp": 87,
      "redEndgame": 15
    },
    "blueData": {
      "blueScore": 23,
      "bluePenaltyFreeScore": 23,
      "blueAuto": 3,
      "blueTeleOp": 5,
      "blueEndgame": 15
    }
  },
  "predictedScores": {
    "redEPA": 146.7370297480789,
    "redAutonEPA": 46.95090161127126,
    "redTeleOpEPA": 84.8082062247314,
    "redEndgameEPA": 14.97792191207623,
    "blueEPA": 60.12008385521064,
    "blueAutonEPA": 13.794631113573441,
    "blueTeleOpEPA": 35.423838830728165,
    "blueEndgameEPA": 10.90161391090903
  }
}