{
  "winProbability": 0.6485047827823511,
  "predictedWinner": "Blue",
  "redTeams": [
    17155,
    15471
  ],
  "blueTeams": [
    14757,
    23590
  ],
  "actualWinner": "Blue",
  "pointBreakdown": {
    "redData": {
      "redScore": 55,
      "redPenaltyFreeScore": 55,
      "redAuto": 14,
      "redTeleOp": 31,
      "redEndgame": 10
    },
    "blueData": {
      "blueScore": 87,
      "bluePenaltyFreeScore": 87,
      "blueAuto": 29,
      "blueTeleOp": 53,
      "blueEndgame": 5
    }
  },
  "predictedScores": {
    "redEPA": 53.80795642746749,
    "redAutonEPA": 5.005709276331019,
    "redTeleOpEPA": 38.26342929861816,
    "redEndgameEPA": 10.53881785251831,
    "blueEPA": 68.97514379370098,
    "blueAutonEPA": 15.413010339354326,
    "blueTeleOpEPA": 44.9689894516443,
    "blueEndgameEPA": 8.593144002702354
  }
}