{
  "winProbability": 0.7059224278412235,
  "predictedWinner": "Red",
  "redTeams": [
    14757,
    30612
  ],
  "blueTeams": [
    10016,
    11717
  ],
  "actualWinner": "Blue",
  "pointBreakdown": {
    "redData": {
      "redScore": 95,
      "redPenaltyFreeScore": 95,
      "redAuto": 31,
      "redTeleOp": 59,
      "redEndgame": 5
    },
    "blueData": {
      "blueScore": 114,
      "bluePenaltyFreeScore": 114,
      "blueAuto": 35,
      "blueTeleOp": 64,
      "blueEndgame": 15
    }
  },
  "predictedScores": {
    "redEPA": 103.18105085387016,
    "redAutonEPA": 34.78744398251,
    "redTeleOpEPA": 59.01325947532114,
    "redEndgameEPA": 9.38034739603902,
    "blueEPA": 81.49630684064795,
    "blueAutonEPA": 19.147604359178672,
    "blueTeleOpEPA": 46.23038301588474,
    "blueEndgameEPA": 16.118319465584538
  }
}