{
  "predictedWinner": "Red",
  "redTeams": [
    28804,
    21859
  ],
  "blueTeams": [
    32066,
    5386
  ],
  "actualWinner": "Red",
  "pointBreakdown": {
    "redData": {
      "redScore": 152,
      "redPenaltyFreeScore": 147,
      "redAuto": 36,
      "redTeleOp": 101,
      "redEndgame": 10
    },
    "blueData": {
      "blueScore": 142,
      "bluePenaltyFreeScore": 127,
      "blueAuto": 45,
      "blueTeleOp": 72,
      "blueEndgame": 10
    }
  },
  "predictedScores": {
    "redEPA": 162.33147037148774,
    "redAutonEPA": 45.84560522227053,
    "redTeleOpEPA": 108.91421900073424,
    "redEndgameEPA": 7.571646148482964,
    "blueEPA": 149.2431234189644,
    "blueAutonEPA": 35.55388663502233,
    "blueTeleOpEPA": 108.12174405501605,
    "blueEndgameEPA": 5.567492728925999
  }
}