{
  "winProbability": 0.6762245104314301,
  "predictedWinner": "Blue",
  "redTeams": [
    23410,
    13702
  ],
  "blueTeams": [
    21790,
    27277
  ],
  "actualWinner": "Red",
  "pointBreakdown": {
    "redData": {
      "redScore": 147,
      "redPenaltyFreeScore": 147,
      "redAuto": 54,
      "redTeleOp": 88,
      "redEndgame": 5
    },
    "blueData": {
      "blueScore": 99,
      "bluePenaltyFreeScore": 99,
      "blueAuto": 32,
      "blueTeleOp": 57,
      "blueEndgame": 10
    }
  },
  "predictedScores": {
    "redEPA": 95.78911542408144,
    "redAutonEPA": 42.915912572272234,
    "redTeleOpEPA": 43.33382146090219,
    "redEndgameEPA": 9.539381390907016,
    "blueEPA": 118.46622378397691,
    "blueAutonEPA": 37.60562637859866,
    "blueTeleOpEPA": 60.86949738527375,
    "blueEndgameEPA": 19.991100020104504
  }
}