{
  "winProbability": 0.5377004323808063,
  "predictedWinner": "Blue",
  "redTeams": [
    8529,
    10180
  ],
  "blueTeams": [
    11855,
    32066
  ],
  "actualWinner": "Red",
  "pointBreakdown": {
    "redData": {
      "redScore": 112,
      "redPenaltyFreeScore": 97,
      "redAuto": 29,
      "redTeleOp": 58,
      "redEndgame": 10
    },
    "blueData": {
      "blueScore": 95,
      "bluePenaltyFreeScore": 95,
      "blueAuto": 32,
      "blueTeleOp": 53,
      "blueEndgame": 10
    }
  },
  "predictedScores": {
    "redEPA": 108.21916146543667,
    "redAutonEPA": 27.08595470553916,
    "redTeleOpEPA": 66.76463113217599,
    "redEndgameEPA": 14.368575627721533,
    "blueEPA": 112.87139143273089,
    "blueAutonEPA": 22.066194713853847,
    "blueTeleOpEPA": 76.70185418795306,
    "blueEndgameEPA": 14.103342530923985
  }
}