{
  "winProbability": 0.7963067655666759,
  "predictedWinner": "Blue",
  "redTeams": [
    9931,
    5292
  ],
  "blueTeams": [
    10644,
    23410
  ],
  "actualWinner": "Blue",
  "pointBreakdown": {
    "redData": {
      "redScore": 142,
      "redPenaltyFreeScore": 127,
      "redAuto": 37,
      "redTeleOp": 75,
      "redEndgame": 15
    },
    "blueData": {
      "blueScore": 191,
      "bluePenaltyFreeScore": 181,
      "blueAuto": 58,
      "blueTeleOp": 113,
      "blueEndgame": 10
    }
  },
  "predictedScores": {
    "redEPA": 126.8082046035492,
    "redAutonEPA": 37.97715375981423,
    "redTeleOpEPA": 76.92708208411146,
    "redEndgameEPA": 11.903968759623506,
    "blueEPA": 168.78829071821792,
    "blueAutonEPA": 57.73858618763178,
    "blueTeleOpEPA": 100.8818897655513,
    "blueEndgameEPA": 10.16781476503484
  }
}