{
  "winProbability": 0.6391127923087062,
  "predictedWinner": "Blue",
  "redTeams": [
    20159,
    30529
  ],
  "blueTeams": [
    28804,
    21790
  ],
  "actualWinner": "Blue",
  "pointBreakdown": {
    "redData": {
      "redScore": 167,
      "redPenaltyFreeScore": 162,
      "redAuto": 51,
      "redTeleOp": 96,
      "redEndgame": 15
    },
    "blueData": {
      "blueScore": 213,
      "bluePenaltyFreeScore": 178,
      "blueAuto": 49,
      "blueTeleOp": 99,
      "blueEndgame": 30
    }
  },
  "predictedScores": {
    "redEPA": 141.92157686609494,
    "redAutonEPA": 40.18507962300457,
    "redTeleOpEPA": 87.13094870107594,
    "redEndgameEPA": 14.605548542014425,
    "blueEPA": 159.5193530881579,
    "blueAutonEPA": 45.47056318552619,
    "blueTeleOpEPA": 90.3547610175695,
    "blueEndgameEPA": 23.69402888506222
  }
}