{
  "winProbability": 0.5551593389168361,
  "predictedWinner": "Red",
  "redTeams": [
    28804,
    10644
  ],
  "blueTeams": [
    10477,
    16646
  ],
  "actualWinner": "Blue",
  "pointBreakdown": {
    "redData": {
      "redScore": 151,
      "redPenaltyFreeScore": 146,
      "redAuto": 21,
      "redTeleOp": 110,
      "redEndgame": 15
    },
    "blueData": {
      "blueScore": 203,
      "bluePenaltyFreeScore": 193,
      "blueAuto": 41,
      "blueTeleOp": 137,
      "blueEndgame": 15
    }
  },
  "predictedScores": {
    "redEPA": 190.4562280848263,
    "redAutonEPA": 52.26402481177688,
    "redTeleOpEPA": 118.10434990137743,
    "redEndgameEPA": 20.08785337167198,
    "blueEPA": 183.43101168020053,
    "blueAutonEPA": 52.12878938380799,
    "blueTeleOpEPA": 115.91720668037676,
    "blueEndgameEPA": 15.385015616015767
  }
}