{
  "predictedWinner": "Blue",
  "redTeams": [
    15411,
    12362
  ],
  "blueTeams": [
    13666,
    15119
  ],
  "actualWinner": "Blue",
  "pointBreakdown": {
    "redData": {
      "redScore": 8,
      "redPenaltyFreeScore": 8,
      "redAuto": 0,
      "redTeleOp": 3,
      "redEndgame": 5
    },
    "blueData": {
      "blueScore": 16,
      "bluePenaltyFreeScore": 16,
      "blueAuto": 2,
      "blueTeleOp": 9,
      "blueEndgame": 5
    }
  },
  "predictedScores": {
    "redEPA": 12.53983028758492,
    "redAutonEPA": 0.9116702697438337,
    "redTeleOpEPA": 4.084840855377636,
    "redEndgameEPA": 7.54331916246345,
    "blueEPA": 21.653793640779497,
    "blueAutonEPA": 1.2002085058379435,
    "blueTeleOpEPA": 11.578770463702805,
    "blueEndgameEPA": 8.87481467123875
  }
}