{
  "winProbability": 0.5154023314239345,
  "predictedWinner": "Blue",
  "redTeams": [
    22302,
    27587
  ],
  "blueTeams": [
    25080,
    27584
  ],
  "actualWinner": "Blue",
  "pointBreakdown": {
    "redData": {
      "redScore": 31,
      "redPenaltyFreeScore": 31,
      "redAuto": 11,
      "redTeleOp": 10,
      "redEndgame": 10
    },
    "blueData": {
      "blueScore": 61,
      "bluePenaltyFreeScore": 46,
      "blueAuto": 8,
      "blueTeleOp": 28,
      "blueEndgame": 10
    }
  },
  "predictedScores": {
    "redEPA": 33.31651555686024,
    "redAutonEPA": 7.41300899610396,
    "redTeleOpEPA": 17.708515923347086,
    "redEndgameEPA": 8.194990637409191,
    "blueEPA": 34.48660590692876,
    "blueAutonEPA": 4.993477654418687,
    "blueTeleOpEPA": 20.459933952206583,
    "blueEndgameEPA": 9.03319430030349
  }
}