{
  "winProbability": 0.5186374701590759,
  "predictedWinner": "Red",
  "redTeams": [
    22303,
    25105
  ],
  "blueTeams": [
    22302,
    22055
  ],
  "actualWinner": "Blue",
  "pointBreakdown": {
    "redData": {
      "redScore": 29,
      "redPenaltyFreeScore": 29,
      "redAuto": 6,
      "redTeleOp": 18,
      "redEndgame": 5
    },
    "blueData": {
      "blueScore": 51,
      "bluePenaltyFreeScore": 51,
      "blueAuto": 15,
      "blueTeleOp": 21,
      "blueEndgame": 15
    }
  },
  "predictedScores": {
    "redEPA": 36.95474327285319,
    "redAutonEPA": 8.657341366466106,
    "redTeleOpEPA": 20.00214616055288,
    "redEndgameEPA": 8.295255745834208,
    "blueEPA": 35.538676516890746,
    "blueAutonEPA": 6.271407882691166,
    "blueTeleOpEPA": 19.900970273352815,
    "blueEndgameEPA": 9.366298360846766
  }
}