{
  "winProbability": 0.5769436985673968,
  "predictedWinner": "Red",
  "redTeams": [
    27584,
    27586
  ],
  "blueTeams": [
    25090,
    22307
  ],
  "actualWinner": "Red",
  "pointBreakdown": {
    "redData": {
      "redScore": 43,
      "redPenaltyFreeScore": 43,
      "redAuto": 0,
      "redTeleOp": 33,
      "redEndgame": 10
    },
    "blueData": {
      "blueScore": 22,
      "bluePenaltyFreeScore": 22,
      "blueAuto": 3,
      "blueTeleOp": 19,
      "blueEndgame": 0
    }
  },
  "predictedScores": {
    "redEPA": 38.85459722942744,
    "redAutonEPA": 2.4110125783287915,
    "redTeleOpEPA": 28.468626865240285,
    "redEndgameEPA": 7.974957785858361,
    "blueEPA": 32.96436405640133,
    "blueAutonEPA": 3.83194274197956,
    "blueTeleOpEPA": 23.523053706120642,
    "blueEndgameEPA": 5.6093676083011275
  }
}