{
  "predictedWinner": "Blue",
  "redTeams": [
    15357,
    13533
  ],
  "blueTeams": [
    10723,
    16957
  ],
  "actualWinner": "Red",
  "pointBreakdown": {
    "redData": {
      "redScore": 173,
      "redPenaltyFreeScore": 173,
      "redAuto": 29,
      "redTeleOp": 144,
      "redEndgame": null
    },
    "blueData": {
      "blueScore": 151,
      "bluePenaltyFreeScore": 151,
      "blueAuto": 24,
      "blueTeleOp": 127,
      "blueEndgame": null
    }
  },
  "predictedScores": {
    "redEPA": 130.3009202735447,
    "redAutonEPA": 18.789481610261056,
    "redTeleOpEPA": 111.51143866328366,
    "redEndgameEPA": 0,
    "blueEPA": 152.0135423238271,
    "blueAutonEPA": 24.357739341825052,
    "blueTeleOpEPA": 127.65580298200204,
    "blueEndgameEPA": 0
  }
}