{
  "predictedWinner": "Red",
  "redTeams": [
    15819,
    10615
  ],
  "blueTeams": [
    99999,
    5386
  ],
  "actualWinner": "Red",
  "pointBreakdown": {
    "redData": {
      "redScore": 164,
      "redPenaltyFreeScore": 164,
      "redAuto": 42,
      "redTeleOp": 64,
      "redEndgame": 58
    },
    "blueData": {
      "blueScore": 129,
      "bluePenaltyFreeScore": 99,
      "blueAuto": 47,
      "blueTeleOp": -16,
      "blueEndgame": 68
    }
  },
  "predictedScores": {
    "redEPA": 216.20778553212546,
    "redAutonEPA": 58.081768794971424,
    "redTeleOpEPA": 63.35192868230163,
    "redEndgameEPA": 94.7740880548524,
    "blueEPA": 30.47576900476936,
    "blueAutonEPA": 14.248061943854417,
    "blueTeleOpEPA": -2.3476205226512015,
    "blueEndgameEPA": 18.575327583566146
  }
}