{
  "predictedWinner": "Red",
  "redTeams": [
    17975,
    7065
  ],
  "blueTeams": [
    10844,
    8239
  ],
  "actualWinner": "Red",
  "pointBreakdown": {
    "redData": {
      "redScore": 88,
      "redPenaltyFreeScore": 88,
      "redAuto": 21,
      "redTeleOp": 13,
      "redEndgame": 54
    },
    "blueData": {
      "blueScore": 83,
      "bluePenaltyFreeScore": 53,
      "blueAuto": 21,
      "blueTeleOp": -24,
      "blueEndgame": 56
    }
  },
  "predictedScores": {
    "redEPA": 118.98254792575753,
    "redAutonEPA": 23.956531505971586,
    "redTeleOpEPA": 34.061809844941415,
    "redEndgameEPA": 60.96420657484453,
    "blueEPA": -72.43246669096246,
    "blueAutonEPA": 4.918885867992662,
    "blueTeleOpEPA": -85.3943087304113,
    "blueEndgameEPA": 8.04295617145619
  }
}