{
  "predictedWinner": "Red",
  "redTeams": [
    10615,
    20932
  ],
  "blueTeams": [
    20931,
    19690
  ],
  "actualWinner": "Red",
  "pointBreakdown": {
    "redData": {
      "redScore": 135,
      "redPenaltyFreeScore": 135,
      "redAuto": 36,
      "redTeleOp": 42,
      "redEndgame": 57
    },
    "blueData": {
      "blueScore": 26,
      "bluePenaltyFreeScore": 26,
      "blueAuto": 0,
      "blueTeleOp": 20,
      "blueEndgame": 6
    }
  },
  "predictedScores": {
    "redEPA": 128.44729974465218,
    "redAutonEPA": 42.19358752224449,
    "redTeleOpEPA": 45.757565833792256,
    "redEndgameEPA": 40.49614638861544,
    "blueEPA": 22.836236883334905,
    "blueAutonEPA": 7.000727655387218,
    "blueTeleOpEPA": -10.991951926945957,
    "blueEndgameEPA": 26.827461154893644
  }
}