{
  "predictedWinner": "Blue",
  "redTeams": [
    99999,
    5386
  ],
  "blueTeams": [
    17975,
    7065
  ],
  "actualWinner": "Red",
  "pointBreakdown": {
    "redData": {
      "redScore": 103,
      "redPenaltyFreeScore": 63,
      "redAuto": 47,
      "redTeleOp": -58,
      "redEndgame": 74
    },
    "blueData": {
      "blueScore": 48,
      "bluePenaltyFreeScore": 18,
      "blueAuto": 14,
      "blueTeleOp": -38,
      "blueEndgame": 42
    }
  },
  "predictedScores": {
    "redEPA": 30.47576900476936,
    "redAutonEPA": 14.248061943854417,
    "redTeleOpEPA": -2.3476205226512015,
    "redEndgameEPA": 18.575327583566146,
    "blueEPA": 93.47466438758565,
    "blueAutonEPA": 18.845983734221164,
    "blueTeleOpEPA": 13.059950509851781,
    "blueEndgameEPA": 61.5687301435127
  }
}