{
  "predictedWinner": "Red",
  "redTeams": [
    10615,
    15819
  ],
  "blueTeams": [
    20932,
    19690
  ],
  "actualWinner": "Red",
  "pointBreakdown": {
    "redData": {
      "redScore": 178,
      "redPenaltyFreeScore": 168,
      "redAuto": 72,
      "redTeleOp": 36,
      "redEndgame": 60
    },
    "blueData": {
      "blueScore": 37,
      "bluePenaltyFreeScore": 37,
      "blueAuto": 0,
      "blueTeleOp": 18,
      "blueEndgame": 19
    }
  },
  "predictedScores": {
    "redEPA": 216.20692589670574,
    "redAutonEPA": 58.08148405526664,
    "redTeleOpEPA": 63.3518166531978,
    "redEndgameEPA": 94.77362518824131,
    "blueEPA": 35.34654406164496,
    "blueAutonEPA": 6.977318462266107,
    "blueTeleOpEPA": 4.491021767646913,
    "blueEndgameEPA": 23.878203831731945
  }
}