{
  "predictedWinner": "Blue",
  "redTeams": [
    12294,
    23712
  ],
  "blueTeams": [
    12379,
    24053
  ],
  "actualWinner": "Blue",
  "pointBreakdown": {
    "redData": {
      "redScore": 10,
      "redPenaltyFreeScore": 10,
      "redAuto": 0,
      "redTeleOp": 10,
      "redEndgame": 0
    },
    "blueData": {
      "blueScore": 43,
      "bluePenaltyFreeScore": 43,
      "blueAuto": 11,
      "blueTeleOp": 7,
      "blueEndgame": 25
    }
  },
  "predictedScores": {
    "redEPA": 18.772727272727273,
    "redAutonEPA": 4.106060606060606,
    "redTeleOpEPA": 5.500000000000002,
    "redEndgameEPA": 9.166666666666666,
    "blueEPA": 38.24334317466325,
    "blueAutonEPA": 14.727705210648491,
    "blueTeleOpEPA": 1.3148219072222354,
    "blueEndgameEPA": 22.200816056792526
  }
}