{
  "predictedWinner": "Tie",
  "redTeams": [
    13754,
    9087
  ],
  "blueTeams": [
    5383,
    18975
  ],
  "actualWinner": "Blue",
  "pointBreakdown": {
    "redData": {
      "redScore": 35,
      "redPenaltyFreeScore": 35,
      "redAuto": 20,
      "redTeleOp": 12,
      "redEndgame": 3
    },
    "blueData": {
      "blueScore": 82,
      "bluePenaltyFreeScore": 72,
      "blueAuto": 30,
      "blueTeleOp": 30,
      "blueEndgame": 12
    }
  },
  "predictedScores": {
    "redEPA": 28.883333333333333,
    "redAutonEPA": 5.333333333333333,
    "redTeleOpEPA": 15.766666666666667,
    "redEndgameEPA": 7.783333333333333,
    "blueEPA": 28.883333333333333,
    "blueAutonEPA": 5.333333333333333,
    "blueTeleOpEPA": 15.766666666666667,
    "blueEndgameEPA": 7.783333333333333
  }
}