{
  "predictedWinner": "Tie",
  "redTeams": [
    22368,
    15547
  ],
  "blueTeams": [
    22192,
    12845
  ],
  "actualWinner": "Blue",
  "pointBreakdown": {
    "redData": {
      "redScore": 17,
      "redPenaltyFreeScore": 17,
      "redAuto": 3,
      "redTeleOp": 8,
      "redEndgame": 6
    },
    "blueData": {
      "blueScore": 45,
      "bluePenaltyFreeScore": 45,
      "blueAuto": 30,
      "blueTeleOp": 10,
      "blueEndgame": 5
    }
  },
  "predictedScores": {
    "redEPA": 28.883333333333333,
    "redAutonEPA": 5.333333333333333,
    "redTeleOpEPA": 15.766666666666667,
    "redEndgameEPA": 7.783333333333333,
    "blueEPA": 28.883333333333333,
    "blueAutonEPA": 5.333333333333333,
    "blueTeleOpEPA": 15.766666666666667,
    "blueEndgameEPA": 7.783333333333333
  }
}