{
  "predictedWinner": "Blue",
  "redTeams": [
    13199,
    16883
  ],
  "blueTeams": [
    7065,
    6000
  ],
  "actualWinner": "Blue",
  "pointBreakdown": {
    "redData": {
      "redScore": 45,
      "redPenaltyFreeScore": 45,
      "redAuto": 15,
      "redTeleOp": 30
    },
    "blueData": {
      "blueScore": 44,
      "bluePenaltyFreeScore": 44,
      "blueAuto": 25,
      "blueTeleOp": 19
    }
  },
  "predictedScores": {
    "redEPA": 37.22726110376858,
    "redAutonEPA": 10.176946850069912,
    "redTeleOpEPA": 27.050314253698673,
    "blueEPA": 65.19244121232742,
    "blueAutonEPA": 27.303620851514566,
    "blueTeleOpEPA": 37.88882036081286
  }
}