{
  "predictedWinner": "Blue",
  "redTeams": [
    5976,
    8133
  ],
  "blueTeams": [
    13199,
    5289
  ],
  "actualWinner": "Blue",
  "pointBreakdown": {
    "redData": {
      "redScore": 20,
      "redPenaltyFreeScore": 20,
      "redAuto": 10,
      "redTeleOp": 10
    },
    "blueData": {
      "blueScore": 43,
      "bluePenaltyFreeScore": 43,
      "blueAuto": 12,
      "blueTeleOp": 31
    }
  },
  "predictedScores": {
    "redEPA": 34.60498730553747,
    "redAutonEPA": 23.529973934984085,
    "redTeleOpEPA": 11.075013370553386,
    "blueEPA": 51.204450237195665,
    "blueAutonEPA": 14.55983892375082,
    "blueTeleOpEPA": 36.64461131344484
  }
}