{
  "predictedWinner": "Blue",
  "redTeams": [
    14935,
    10620
  ],
  "blueTeams": [
    16132,
    6000
  ],
  "actualWinner": "Blue",
  "pointBreakdown": {
    "redData": {
      "redScore": 48,
      "redPenaltyFreeScore": 48,
      "redAuto": 15,
      "redTeleOp": 33
    },
    "blueData": {
      "blueScore": 19,
      "bluePenaltyFreeScore": 19,
      "blueAuto": 7,
      "blueTeleOp": 12
    }
  },
  "predictedScores": {
    "redEPA": 42.72118409860928,
    "redAutonEPA": 8.849528932365185,
    "redTeleOpEPA": 33.871655166244096,
    "blueEPA": 44.76596485477623,
    "blueAutonEPA": 10.460568823082825,
    "blueTeleOpEPA": 34.305396031693405
  }
}