{
  "predictedWinner": "Red",
  "redTeams": [
    16742,
    16408
  ],
  "blueTeams": [
    14158,
    15818
  ],
  "actualWinner": "Blue",
  "pointBreakdown": {
    "redData": {
      "redScore": 101,
      "redPenaltyFreeScore": 56,
      "redAuto": 15,
      "redTeleOp": 41
    },
    "blueData": {
      "blueScore": 29,
      "bluePenaltyFreeScore": 24,
      "blueAuto": 5,
      "blueTeleOp": 19
    }
  },
  "predictedScores": {
    "redEPA": 82.05076395705552,
    "redAutonEPA": 21.4245766602541,
    "redTeleOpEPA": 60.62618729680142,
    "blueEPA": 37.922523119761586,
    "blueAutonEPA": -9.403136029645973,
    "blueTeleOpEPA": 47.32565914940756
  }
}