{
  "predictedWinner": "Red",
  "redTeams": [
    16607,
    10016
  ],
  "blueTeams": [
    15486,
    14935
  ],
  "actualWinner": "Blue",
  "pointBreakdown": {
    "redData": {
      "redScore": 69,
      "redPenaltyFreeScore": 49,
      "redAuto": 15,
      "redTeleOp": 34
    },
    "blueData": {
      "blueScore": 46,
      "bluePenaltyFreeScore": 26,
      "blueAuto": 5,
      "blueTeleOp": 21
    }
  },
  "predictedScores": {
    "redEPA": 70.14260817042975,
    "redAutonEPA": 22.444938788173225,
    "redTeleOpEPA": 47.69766938225653,
    "blueEPA": 27.94196588745515,
    "blueAutonEPA": 4.464341284528938,
    "blueTeleOpEPA": 23.477624602926213
  }
}