{
  "predictedWinner": "Blue",
  "redTeams": [
    6000,
    10611
  ],
  "blueTeams": [
    5237,
    16742
  ],
  "actualWinner": "Blue",
  "pointBreakdown": {
    "redData": {
      "redScore": 22,
      "redPenaltyFreeScore": 22,
      "redAuto": 7,
      "redTeleOp": 10,
      "redEndgame": 5
    },
    "blueData": {
      "blueScore": 53,
      "bluePenaltyFreeScore": 53,
      "blueAuto": 5,
      "blueTeleOp": 33,
      "blueEndgame": 15
    }
  },
  "predictedScores": {
    "redEPA": 25.294322051632243,
    "redAutonEPA": 3.8796934909765945,
    "redTeleOpEPA": 11.62508520196819,
    "redEndgameEPA": 9.789543358687457,
    "blueEPA": 29.37560975609756,
    "blueAutonEPA": 9.517073170731708,
    "blueTeleOpEPA": 10.480487804878049,
    "blueEndgameEPA": 9.378048780487806
  }
}