{
  "predictedWinner": "Red",
  "redTeams": [
    16742,
    7065
  ],
  "blueTeams": [
    14757,
    10016
  ],
  "actualWinner": "Blue",
  "pointBreakdown": {
    "redData": {
      "redScore": 41,
      "redPenaltyFreeScore": 36,
      "redAuto": 15,
      "redTeleOp": 16,
      "redEndgame": 5
    },
    "blueData": {
      "blueScore": 76,
      "bluePenaltyFreeScore": 76,
      "blueAuto": 40,
      "blueTeleOp": 21,
      "blueEndgame": 15
    }
  },
  "predictedScores": {
    "redEPA": 48.53228401877069,
    "redAutonEPA": 11.868515854340071,
    "redTeleOpEPA": 22.107057718496716,
    "redEndgameEPA": 14.556710445933906,
    "blueEPA": 41.97080480422813,
    "blueAutonEPA": 22.264362702814076,
    "blueTeleOpEPA": 10.194999951903423,
    "blueEndgameEPA": 9.511442149510632
  }
}