{
  "predictedWinner": "Red",
  "redTeams": [
    10620,
    13643
  ],
  "blueTeams": [
    14443,
    13199
  ],
  "actualWinner": "Blue",
  "pointBreakdown": {
    "redData": {
      "redScore": 52,
      "redPenaltyFreeScore": 52,
      "redAuto": 15,
      "redTeleOp": 37
    },
    "blueData": {
      "blueScore": 30,
      "bluePenaltyFreeScore": 30,
      "blueAuto": 5,
      "blueTeleOp": 25
    }
  },
  "predictedScores": {
    "redEPA": 56.941695329255296,
    "redAutonEPA": 31.331413065550286,
    "redTeleOpEPA": 25.61028226370501,
    "blueEPA": 25.115918755452718,
    "blueAutonEPA": 6.026556508768225,
    "blueTeleOpEPA": 19.089362246684495
  }
}