{
  "predictedWinner": "Blue",
  "redTeams": [
    8478,
    12775
  ],
  "blueTeams": [
    7065,
    14739
  ],
  "actualWinner": "Blue",
  "pointBreakdown": {
    "redData": {
      "redScore": 71,
      "redPenaltyFreeScore": 71,
      "redAuto": 20,
      "redTeleOp": 51
    },
    "blueData": {
      "blueScore": 46,
      "bluePenaltyFreeScore": 46,
      "blueAuto": 22,
      "blueTeleOp": 24
    }
  },
  "predictedScores": {
    "redEPA": 34.784568638829946,
    "redAutonEPA": 15.667737120809889,
    "redTeleOpEPA": 19.116831518020057,
    "blueEPA": 54.94763291519595,
    "blueAutonEPA": 31.352660028948186,
    "blueTeleOpEPA": 23.594972886247767
  }
}