{
  "predictedWinner": "Blue",
  "redTeams": [
    11739,
    6134
  ],
  "blueTeams": [
    14757,
    14758
  ],
  "actualWinner": "Blue",
  "pointBreakdown": {
    "redData": {
      "redScore": 47,
      "redPenaltyFreeScore": 47,
      "redAuto": 20,
      "redTeleOp": 12,
      "redEndgame": 15
    },
    "blueData": {
      "blueScore": 72,
      "bluePenaltyFreeScore": 52,
      "blueAuto": 20,
      "blueTeleOp": 17,
      "blueEndgame": 15
    }
  },
  "predictedScores": {
    "redEPA": 19.77835336568158,
    "redAutonEPA": 2.1986799032481343,
    "redTeleOpEPA": 10.537034188255761,
    "redEndgameEPA": 7.042639274177683,
    "blueEPA": 35.571537676036556,
    "blueAutonEPA": 18.309480807894147,
    "blueTeleOpEPA": 5.078469045734227,
    "blueEndgameEPA": 12.183587822408182
  }
}