{
  "predictedWinner": "Red",
  "redTeams": [
    5289,
    16883
  ],
  "blueTeams": [
    8580,
    11739
  ],
  "actualWinner": "Red",
  "pointBreakdown": {
    "redData": {
      "redScore": 51,
      "redPenaltyFreeScore": 51,
      "redAuto": 30,
      "redTeleOp": 6,
      "redEndgame": 15
    },
    "blueData": {
      "blueScore": 48,
      "bluePenaltyFreeScore": 48,
      "blueAuto": 15,
      "blueTeleOp": 18,
      "blueEndgame": 15
    }
  },
  "predictedScores": {
    "redEPA": 29.37560975609756,
    "redAutonEPA": 9.517073170731708,
    "redTeleOpEPA": 10.480487804878049,
    "redEndgameEPA": 9.378048780487806,
    "blueEPA": 25.119675273640645,
    "blueAutonEPA": 5.581392461524039,
    "blueTeleOpEPA": 10.772151258764152,
    "blueEndgameEPA": 8.766131553352453
  }
}