{
  "predictedWinner": "Blue",
  "redTeams": [
    16408,
    14757
  ],
  "blueTeams": [
    11691,
    10620
  ],
  "actualWinner": "Blue",
  "pointBreakdown": {
    "redData": {
      "redScore": 58,
      "redPenaltyFreeScore": 58,
      "redAuto": 25,
      "redTeleOp": 18,
      "redEndgame": 15
    },
    "blueData": {
      "blueScore": 87,
      "bluePenaltyFreeScore": 67,
      "blueAuto": 15,
      "blueTeleOp": 37,
      "blueEndgame": 15
    }
  },
  "predictedScores": {
    "redEPA": 69.53797385189215,
    "redAutonEPA": 37.04204420881298,
    "redTeleOpEPA": 17.094611019246027,
    "redEndgameEPA": 15.401318623833138,
    "blueEPA": 79.26935932829807,
    "blueAutonEPA": 25.728091060911144,
    "blueTeleOpEPA": 35.36819186109381,
    "blueEndgameEPA": 18.173076406293113
  }
}