{
  "predictedWinner": "Red",
  "redTeams": [
    5383,
    14353,
    8027
  ],
  "blueTeams": [
    9133,
    13702,
    13917
  ],
  "actualWinner": "Red",
  "pointBreakdown": {
    "redData": {
      "redScore": 159,
      "redPenaltyFreeScore": 159,
      "redAuto": 44,
      "redTeleOp": 49,
      "redEndgame": 66
    },
    "blueData": {
      "blueScore": 101,
      "bluePenaltyFreeScore": 101,
      "blueAuto": 47,
      "blueTeleOp": 38,
      "blueEndgame": 16
    }
  },
  "predictedScores": {
    "redEPA": 237.79573276224983,
    "redAutonEPA": 68.94836690456185,
    "redTeleOpEPA": 100.36647919610202,
    "redEndgameEPA": 68.48088666158596,
    "blueEPA": 150.93984673336638,
    "blueAutonEPA": 53.07703718129993,
    "blueTeleOpEPA": 48.64321270799569,
    "blueEndgameEPA": 49.219596844070765
  }
}