{
  "predictedWinner": "Tie",
  "redTeams": [
    16646,
    21482
  ],
  "blueTeams": [
    13917,
    5960
  ],
  "actualWinner": "Blue",
  "pointBreakdown": {
    "redData": {
      "redScore": 115,
      "redPenaltyFreeScore": 105,
      "redAuto": 28,
      "redTeleOp": 46,
      "redEndgame": 31
    },
    "blueData": {
      "blueScore": 119,
      "bluePenaltyFreeScore": 109,
      "blueAuto": 50,
      "blueTeleOp": 38,
      "blueEndgame": 21
    }
  },
  "predictedScores": {
    "redEPA": 28.883333333333333,
    "redAutonEPA": 5.333333333333333,
    "redTeleOpEPA": 15.766666666666667,
    "redEndgameEPA": 7.783333333333333,
    "blueEPA": 28.883333333333333,
    "blueAutonEPA": 5.333333333333333,
    "blueTeleOpEPA": 15.766666666666667,
    "blueEndgameEPA": 7.783333333333333
  }
}