{
  "predictedWinner": "Blue",
  "redTeams": [
    6494,
    20101
  ],
  "blueTeams": [
    5618,
    21482
  ],
  "actualWinner": "Blue",
  "pointBreakdown": {
    "redData": {
      "redScore": 53,
      "redPenaltyFreeScore": 43,
      "redAuto": 2,
      "redTeleOp": 26,
      "redEndgame": 15
    },
    "blueData": {
      "blueScore": 88,
      "bluePenaltyFreeScore": 88,
      "blueAuto": 27,
      "blueTeleOp": 46,
      "blueEndgame": 15
    }
  },
  "predictedScores": {
    "redEPA": 40.466651997006224,
    "redAutonEPA": -8.136747928517511,
    "redTeleOpEPA": 33.754444551533865,
    "redEndgameEPA": 14.848955373989867,
    "blueEPA": 97.14461764074534,
    "blueAutonEPA": 36.48324547331585,
    "blueTeleOpEPA": 42.31917513440035,
    "blueEndgameEPA": 18.342197033029137
  }
}