{
  "predictedWinner": "Blue",
  "redTeams": [
    11855,
    8513
  ],
  "blueTeams": [
    5383,
    7792
  ],
  "actualWinner": "Red",
  "pointBreakdown": {
    "redData": {
      "redScore": 133,
      "redPenaltyFreeScore": 123,
      "redAuto": 40,
      "redTeleOp": 35,
      "redEndgame": 48
    },
    "blueData": {
      "blueScore": 107,
      "bluePenaltyFreeScore": 107,
      "blueAuto": 44,
      "blueTeleOp": 49,
      "blueEndgame": 14
    }
  },
  "predictedScores": {
    "redEPA": 111.17921180981403,
    "redAutonEPA": 35.463522441527104,
    "redTeleOpEPA": 37.537001283978505,
    "redEndgameEPA": 38.178688084308426,
    "blueEPA": 128.42966511479375,
    "blueAutonEPA": 49.02743225450328,
    "blueTeleOpEPA": 51.09813396612391,
    "blueEndgameEPA": 28.30409889416656
  }
}