{
  "predictedWinner": "Tie",
  "redTeams": [
    9499,
    5618
  ],
  "blueTeams": [
    13702,
    19250
  ],
  "actualWinner": "Red",
  "pointBreakdown": {
    "redData": {
      "redScore": 127,
      "redPenaltyFreeScore": 127,
      "redAuto": 28,
      "redTeleOp": 69,
      "redEndgame": 30
    },
    "blueData": {
      "blueScore": 58,
      "bluePenaltyFreeScore": 28,
      "blueAuto": 25,
      "blueTeleOp": -9,
      "blueEndgame": 12
    }
  },
  "predictedScores": {
    "redEPA": 28.883333333333333,
    "redAutonEPA": 5.333333333333333,
    "redTeleOpEPA": 15.766666666666667,
    "redEndgameEPA": 7.783333333333333,
    "blueEPA": 28.883333333333333,
    "blueAutonEPA": 5.333333333333333,
    "blueTeleOpEPA": 15.766666666666667,
    "blueEndgameEPA": 7.783333333333333
  }
}