{
  "predictedWinner": "Blue",
  "redTeams": [
    20804,
    25099
  ],
  "blueTeams": [
    25081,
    18965
  ],
  "actualWinner": "Blue",
  "pointBreakdown": {
    "redData": {
      "redScore": 18,
      "redPenaltyFreeScore": 18,
      "redAuto": 0,
      "redTeleOp": 8,
      "redEndgame": 10
    },
    "blueData": {
      "blueScore": 93,
      "bluePenaltyFreeScore": 93,
      "blueAuto": 13,
      "blueTeleOp": 25,
      "blueEndgame": 55
    }
  },
  "predictedScores": {
    "redEPA": 11.01072552553795,
    "redAutonEPA": 0.8637148873628022,
    "redTeleOpEPA": 6.753530183948506,
    "redEndgameEPA": 3.3934804542266424,
    "blueEPA": 85.79218283911726,
    "blueAutonEPA": 19.440486959417917,
    "blueTeleOpEPA": 17.628005640188967,
    "blueEndgameEPA": 48.72369023951038
  }
}