{
  "predictedWinner": "Red",
  "redTeams": [
    11691,
    12740
  ],
  "blueTeams": [
    15078,
    17155
  ],
  "actualWinner": "Red",
  "pointBreakdown": {
    "redData": {
      "redScore": 124,
      "redPenaltyFreeScore": 124,
      "redAuto": 52,
      "redTeleOp": 42,
      "redEndgame": 30
    },
    "blueData": {
      "blueScore": 31,
      "bluePenaltyFreeScore": 1,
      "blueAuto": 29,
      "blueTeleOp": -40,
      "blueEndgame": 12
    }
  },
  "predictedScores": {
    "redEPA": 111.3532592422215,
    "redAutonEPA": 48.93098379376782,
    "redTeleOpEPA": 41.48730242417962,
    "redEndgameEPA": 20.934973024274058,
    "blueEPA": 61.141287836474916,
    "blueAutonEPA": 4.274181127935812,
    "blueTeleOpEPA": 4.829904060916178,
    "blueEndgameEPA": 52.03720264762293
  }
}