{
  "predictedWinner": "Red",
  "redTeams": [
    16536,
    7253
  ],
  "blueTeams": [
    16808,
    12862
  ],
  "actualWinner": "Blue",
  "pointBreakdown": {
    "redData": {
      "redScore": 71,
      "redPenaltyFreeScore": 31,
      "redAuto": 41,
      "redTeleOp": -58,
      "redEndgame": 48
    },
    "blueData": {
      "blueScore": 95,
      "bluePenaltyFreeScore": 95,
      "blueAuto": 10,
      "blueTeleOp": 33,
      "blueEndgame": 52
    }
  },
  "predictedScores": {
    "redEPA": 134.46576271158017,
    "redAutonEPA": 37.41157351947619,
    "redTeleOpEPA": 31.09477189377712,
    "redEndgameEPA": 65.95941729832685,
    "blueEPA": 61.91626387039264,
    "blueAutonEPA": 19.704336680061825,
    "blueTeleOpEPA": -1.586421172331839,
    "blueEndgameEPA": 43.79834836266265
  }
}