{
  "predictedWinner": "Blue",
  "redTeams": [
    10136,
    19949
  ],
  "blueTeams": [
    16355,
    11231
  ],
  "actualWinner": "Red",
  "pointBreakdown": {
    "redData": {
      "redScore": 145,
      "redPenaltyFreeScore": 145,
      "redAuto": 42,
      "redTeleOp": 34,
      "redEndgame": 69
    },
    "blueData": {
      "blueScore": 75,
      "bluePenaltyFreeScore": 75,
      "blueAuto": 17,
      "blueTeleOp": 24,
      "blueEndgame": 34
    }
  },
  "predictedScores": {
    "redEPA": 6.727765087894464,
    "redAutonEPA": 17.513974382728378,
    "redTeleOpEPA": -6.769209371510652,
    "redEndgameEPA": -4.016999923323262,
    "blueEPA": 57.91470463903025,
    "blueAutonEPA": 6.8812502289673585,
    "blueTeleOpEPA": 21.973228633118737,
    "blueEndgameEPA": 29.06022577694415
  }
}