{
  "predictedWinner": "Red",
  "redTeams": [
    16742,
    20332
  ],
  "blueTeams": [
    17066,
    7252
  ],
  "actualWinner": "Red",
  "pointBreakdown": {
    "redData": {
      "redScore": 56,
      "redPenaltyFreeScore": 56,
      "redAuto": 26,
      "redTeleOp": 12,
      "redEndgame": 18
    },
    "blueData": {
      "blueScore": 43,
      "bluePenaltyFreeScore": 43,
      "blueAuto": 3,
      "blueTeleOp": 0,
      "blueEndgame": 40
    }
  },
  "predictedScores": {
    "redEPA": 46.56521739130435,
    "redAutonEPA": 14.619565217391305,
    "redTeleOpEPA": -3.5869565217391255,
    "redEndgameEPA": 35.53260869565217,
    "blueEPA": 29.010665089323975,
    "blueAutonEPA": 10.419260930277186,
    "blueTeleOpEPA": -19.791380440858575,
    "blueEndgameEPA": 38.382784599905364
  }
}