{
  "predictedWinner": "Blue",
  "redTeams": [
    16624,
    16742
  ],
  "blueTeams": [
    12862,
    7254
  ],
  "actualWinner": "Blue",
  "pointBreakdown": {
    "redData": {
      "redScore": 0,
      "redPenaltyFreeScore": -70,
      "redAuto": 0,
      "redTeleOp": -88,
      "redEndgame": 18
    },
    "blueData": {
      "blueScore": 88,
      "bluePenaltyFreeScore": 88,
      "blueAuto": 10,
      "blueTeleOp": 24,
      "blueEndgame": 54
    }
  },
  "predictedScores": {
    "redEPA": -5.006176284627024,
    "redAutonEPA": -4.18934452207135,
    "redTeleOpEPA": -20.00456479948472,
    "redEndgameEPA": 19.187733036929046,
    "blueEPA": 41.46976711435455,
    "blueAutonEPA": -1.3968322794501207,
    "blueTeleOpEPA": 2.14006719719508,
    "blueEndgameEPA": 40.7265321966096
  }
}