{
  "predictedWinner": "Blue",
  "redTeams": [
    14638,
    12327
  ],
  "blueTeams": [
    16536,
    17155
  ],
  "actualWinner": "Blue",
  "pointBreakdown": {
    "redData": {
      "redScore": 38,
      "redPenaltyFreeScore": 8,
      "redAuto": 9,
      "redTeleOp": -44,
      "redEndgame": 43
    },
    "blueData": {
      "blueScore": 98,
      "bluePenaltyFreeScore": 88,
      "blueAuto": 32,
      "blueTeleOp": 8,
      "blueEndgame": 48
    }
  },
  "predictedScores": {
    "redEPA": -48.98273510767869,
    "redAutonEPA": -6.470261160037028,
    "redTeleOpEPA": -50.995637202092055,
    "redEndgameEPA": 8.483163254450385,
    "blueEPA": 140.11060989356048,
    "blueAutonEPA": 44.10930694929914,
    "blueTeleOpEPA": 5.42806362675978,
    "blueEndgameEPA": 90.57323931750156
  }
}