{
  "predictedWinner": "Red",
  "redTeams": [
    8580,
    8845
  ],
  "blueTeams": [
    16627,
    16742
  ],
  "actualWinner": "Red",
  "pointBreakdown": {
    "redData": {
      "redScore": 146,
      "redPenaltyFreeScore": 116,
      "redAuto": 52,
      "redTeleOp": -16,
      "redEndgame": 80
    },
    "blueData": {
      "blueScore": 69,
      "bluePenaltyFreeScore": 69,
      "blueAuto": 26,
      "blueTeleOp": 10,
      "blueEndgame": 33
    }
  },
  "predictedScores": {
    "redEPA": 147.68258645714778,
    "redAutonEPA": 62.57415674797763,
    "redTeleOpEPA": 31.22690881452148,
    "redEndgameEPA": 53.88152089464866,
    "blueEPA": 54.18822573463319,
    "blueAutonEPA": 17.074984647163575,
    "blueTeleOpEPA": 8.31781078681444,
    "blueEndgameEPA": 28.795430300655177
  }
}