{
  "predictedWinner": "Red",
  "redTeams": [
    15256,
    12327
  ],
  "blueTeams": [
    12862,
    17066
  ],
  "actualWinner": "Blue",
  "pointBreakdown": {
    "redData": {
      "redScore": 52,
      "redPenaltyFreeScore": 52,
      "redAuto": 8,
      "redTeleOp": 16,
      "redEndgame": 28
    },
    "blueData": {
      "blueScore": 67,
      "bluePenaltyFreeScore": 67,
      "blueAuto": 10,
      "blueTeleOp": 20,
      "blueEndgame": 37
    }
  },
  "predictedScores": {
    "redEPA": 69.98630708077599,
    "redAutonEPA": 27.50791417352989,
    "redTeleOpEPA": -3.0171391132881595,
    "redEndgameEPA": 45.495532020534256,
    "blueEPA": 55.16328854216958,
    "blueAutonEPA": -3.836476388800163,
    "blueTeleOpEPA": -1.3842871937269194,
    "blueEndgameEPA": 60.384052124696666
  }
}