{
  "predictedWinner": "Red",
  "redTeams": [
    15004,
    15256
  ],
  "blueTeams": [
    14638,
    8845
  ],
  "actualWinner": "Red",
  "pointBreakdown": {
    "redData": {
      "redScore": 187,
      "redPenaltyFreeScore": 187,
      "redAuto": 78,
      "redTeleOp": 37,
      "redEndgame": 72
    },
    "blueData": {
      "blueScore": 96,
      "bluePenaltyFreeScore": 86,
      "blueAuto": 42,
      "blueTeleOp": -10,
      "blueEndgame": 54
    }
  },
  "predictedScores": {
    "redEPA": 216.48092787031794,
    "redAutonEPA": 68.63042180022967,
    "redTeleOpEPA": 94.86148334461338,
    "redEndgameEPA": 52.989022725474896,
    "blueEPA": 72.47950640085799,
    "blueAutonEPA": 33.468608429225014,
    "blueTeleOpEPA": -4.38224413788712,
    "blueEndgameEPA": 43.39314210952009
  }
}