{
  "predictedWinner": "Blue",
  "redTeams": [
    13417
  ],
  "blueTeams": [
    16808,
    16742
  ],
  "actualWinner": "Red",
  "pointBreakdown": {
    "redData": {
      "redScore": 89,
      "redPenaltyFreeScore": 89,
      "redAuto": 39,
      "redTeleOp": 26,
      "redEndgame": 24
    },
    "blueData": {
      "blueScore": 49,
      "bluePenaltyFreeScore": 49,
      "blueAuto": 13,
      "blueTeleOp": 0,
      "blueEndgame": 36
    }
  },
  "predictedScores": {
    "redEPA": 41.689654522648574,
    "redAutonEPA": 13.406801561812554,
    "redTeleOpEPA": 0.6053123300669547,
    "redEndgameEPA": 27.677540630769066,
    "blueEPA": 55.83427708590818,
    "blueAutonEPA": 12.151490589756904,
    "blueTeleOpEPA": 18.188083710891362,
    "blueEndgameEPA": 25.49470278525991
  }
}