{
  "predictedWinner": "Blue",
  "redTeams": [
    15354,
    20512
  ],
  "blueTeams": [
    8603,
    15353
  ],
  "actualWinner": "Blue",
  "pointBreakdown": {
    "redData": {
      "redScore": 42,
      "redPenaltyFreeScore": 42,
      "redAuto": 8,
      "redTeleOp": 9,
      "redEndgame": 25
    },
    "blueData": {
      "blueScore": 99,
      "bluePenaltyFreeScore": 99,
      "blueAuto": 50,
      "blueTeleOp": 9,
      "blueEndgame": 40
    }
  },
  "predictedScores": {
    "redEPA": 42.98411200761631,
    "redAutonEPA": 16.121783449644372,
    "redTeleOpEPA": 11.00879641477598,
    "redEndgameEPA": 15.85353214319596,
    "blueEPA": 122.31896392596454,
    "blueAutonEPA": 45.2626707871457,
    "blueTeleOpEPA": 19.410640772492748,
    "blueEndgameEPA": 57.64565236632608
  }
}