{
  "winProbability": 0.5366079684621775,
  "predictedWinner": "Red",
  "redTeams": [
    23391,
    15119
  ],
  "blueTeams": [
    15191,
    15120
  ],
  "actualWinner": "Red",
  "pointBreakdown": {
    "redData": {
      "redScore": 25,
      "redPenaltyFreeScore": 25,
      "redAuto": 3,
      "redTeleOp": 12,
      "redEndgame": 10
    },
    "blueData": {
      "blueScore": 15,
      "bluePenaltyFreeScore": 15,
      "blueAuto": 0,
      "blueTeleOp": 5,
      "blueEndgame": 10
    }
  },
  "predictedScores": {
    "redEPA": 28.36954898446834,
    "redAutonEPA": 4.750672043010753,
    "redTeleOpEPA": 13.673760454002391,
    "redEndgameEPA": 9.945116487455198,
    "blueEPA": 25.577260055754678,
    "blueAutonEPA": 3.440785543608124,
    "blueTeleOpEPA": 13.832263042612505,
    "blueEndgameEPA": 8.304211469534051
  }
}