{
  "winProbability": 0.5062160746896714,
  "predictedWinner": "Tie",
  "redTeams": [
    27562,
    13667
  ],
  "blueTeams": [
    15119,
    15191
  ],
  "actualWinner": "Blue",
  "pointBreakdown": {
    "redData": {
      "redScore": 18,
      "redPenaltyFreeScore": 18,
      "redAuto": 3,
      "redTeleOp": 0,
      "redEndgame": 15
    },
    "blueData": {
      "blueScore": 48,
      "bluePenaltyFreeScore": 18,
      "blueAuto": 3,
      "blueTeleOp": 5,
      "blueEndgame": 10
    }
  },
  "predictedScores": {
    "redEPA": 23.174164924332935,
    "redAutonEPA": 2.455904437143237,
    "redTeleOpEPA": 14.61433650272136,
    "redEndgameEPA": 6.10392398446834,
    "blueEPA": 22.700855126333025,
    "blueAutonEPA": 2.3278719467675564,
    "blueTeleOpEPA": 13.870407014690917,
    "blueEndgameEPA": 6.502576164874553
  }
}