{
  "winProbability": 0.8158305658697163,
  "predictedWinner": "Red",
  "redTeams": [
    20247,
    7140
  ],
  "blueTeams": [
    15270,
    13533
  ],
  "actualWinner": "Red",
  "pointBreakdown": {
    "redData": {
      "redScore": 129,
      "redPenaltyFreeScore": 84,
      "redAuto": 3,
      "redTeleOp": 66,
      "redEndgame": 15
    },
    "blueData": {
      "blueScore": 50,
      "bluePenaltyFreeScore": 25,
      "blueAuto": 6,
      "blueTeleOp": 9,
      "blueEndgame": 10
    }
  },
  "predictedScores": {
    "redEPA": 77.93223039762745,
    "redAutonEPA": 21.267871944956923,
    "redTeleOpEPA": 44.524391493337546,
    "redEndgameEPA": 12.139966959332982,
    "blueEPA": 38.95967741935484,
    "blueAutonEPA": 6.669354838709677,
    "blueTeleOpEPA": 20.426523297491038,
    "blueEndgameEPA": 11.863799283154123
  }
}