{
  "predictedWinner": "Blue",
  "redTeams": [
    28221,
    17768
  ],
  "blueTeams": [
    16957,
    24654
  ],
  "actualWinner": "Blue",
  "pointBreakdown": {
    "redData": {
      "redScore": 56,
      "redPenaltyFreeScore": 56,
      "redAuto": 18,
      "redTeleOp": 38,
      "redEndgame": 0
    },
    "blueData": {
      "blueScore": 62,
      "bluePenaltyFreeScore": 62,
      "blueAuto": 18,
      "blueTeleOp": 34,
      "blueEndgame": 10
    }
  },
  "predictedScores": {
    "redEPA": 53.19674952117097,
    "redAutonEPA": 6.61792388964373,
    "redTeleOpEPA": 46.76954028282739,
    "redEndgameEPA": -0.19071465130015142,
    "blueEPA": 63.08181383386423,
    "blueAutonEPA": 17.93893844141178,
    "blueTeleOpEPA": 41.42709472465765,
    "blueEndgameEPA": 3.7157806677948053
  }
}