{
  "winProbability": 0.565510120289153,
  "predictedWinner": "Red",
  "redTeams": [
    32759,
    16957
  ],
  "blueTeams": [
    19679,
    28000
  ],
  "actualWinner": "Red",
  "pointBreakdown": {
    "redData": {
      "redScore": 129,
      "redPenaltyFreeScore": 64,
      "redAuto": 17,
      "redTeleOp": 37,
      "redEndgame": 10
    },
    "blueData": {
      "blueScore": 102,
      "bluePenaltyFreeScore": 82,
      "blueAuto": 27,
      "blueTeleOp": 50,
      "blueEndgame": 5
    }
  },
  "predictedScores": {
    "redEPA": 59.15484378406326,
    "redAutonEPA": 17.136496902993194,
    "redTeleOpEPA": 28.820516857878545,
    "redEndgameEPA": 13.197830023191521,
    "blueEPA": 52.25362525213195,
    "blueAutonEPA": 8.470343420009838,
    "blueTeleOpEPA": 33.1653637130791,
    "blueEndgameEPA": 10.617918119043003
  }
}