{
  "winProbability": 0.6033925512128749,
  "predictedWinner": "Blue",
  "redTeams": [
    15270,
    30552
  ],
  "blueTeams": [
    13284,
    13598
  ],
  "actualWinner": "Blue",
  "pointBreakdown": {
    "redData": {
      "redScore": 46,
      "redPenaltyFreeScore": 46,
      "redAuto": 11,
      "redTeleOp": 20,
      "redEndgame": 15
    },
    "blueData": {
      "blueScore": 122,
      "bluePenaltyFreeScore": 62,
      "blueAuto": 23,
      "blueTeleOp": 24,
      "blueEndgame": 15
    }
  },
  "predictedScores": {
    "redEPA": 44.32659959902811,
    "redAutonEPA": 6.892324209605084,
    "redTeleOpEPA": 24.050227832796352,
    "redEndgameEPA": 13.384047556626669,
    "blueEPA": 55.31440173653584,
    "blueAutonEPA": 15.454648540188298,
    "blueTeleOpEPA": 31.474084278280735,
    "blueEndgameEPA": 8.385668918066807
  }
}