{
  "predictedWinner": "Blue",
  "redTeams": [
    17224,
    26859
  ],
  "blueTeams": [
    30444,
    26606
  ],
  "actualWinner": "Blue",
  "pointBreakdown": {
    "redData": {
      "redScore": 65,
      "redPenaltyFreeScore": 65,
      "redAuto": 3,
      "redTeleOp": 62,
      "redEndgame": 0
    },
    "blueData": {
      "blueScore": 104,
      "bluePenaltyFreeScore": 84,
      "blueAuto": 49,
      "blueTeleOp": 35,
      "blueEndgame": 0
    }
  },
  "predictedScores": {
    "redEPA": 34.023627379080786,
    "redAutonEPA": 31.46697198620891,
    "redTeleOpEPA": 3.5013536540767056,
    "redEndgameEPA": -0.9446982612048311,
    "blueEPA": 79.62463494820517,
    "blueAutonEPA": 36.21762688884276,
    "blueTeleOpEPA": 45.13422939818973,
    "blueEndgameEPA": -1.727221338827319
  }
}