{
  "predictedWinner": "Blue",
  "redTeams": [
    26293,
    17224
  ],
  "blueTeams": [
    15555,
    26859
  ],
  "actualWinner": "Blue",
  "pointBreakdown": {
    "redData": {
      "redScore": 46,
      "redPenaltyFreeScore": 41,
      "redAuto": 3,
      "redTeleOp": 38,
      "redEndgame": 0
    },
    "blueData": {
      "blueScore": 123,
      "bluePenaltyFreeScore": 118,
      "blueAuto": 36,
      "blueTeleOp": 72,
      "blueEndgame": 10
    }
  },
  "predictedScores": {
    "redEPA": 54.877882613221615,
    "redAutonEPA": 10.824570793104225,
    "redTeleOpEPA": 43.814850595395896,
    "redEndgameEPA": 0.23846122472149056,
    "blueEPA": 133.78688565491217,
    "blueAutonEPA": 43.71728794682006,
    "blueTeleOpEPA": 87.49455554134256,
    "blueEndgameEPA": 2.575042166749551
  }
}