{
  "predictedWinner": "Red",
  "redTeams": [
    10255,
    11228
  ],
  "blueTeams": [
    30529,
    15344
  ],
  "actualWinner": "Red",
  "pointBreakdown": {
    "redData": {
      "redScore": 209,
      "redPenaltyFreeScore": 174,
      "redAuto": 38,
      "redTeleOp": 136,
      "redEndgame": 0
    },
    "blueData": {
      "blueScore": 125,
      "bluePenaltyFreeScore": 125,
      "blueAuto": 44,
      "blueTeleOp": 71,
      "blueEndgame": 10
    }
  },
  "predictedScores": {
    "redEPA": 248.3999736231053,
    "redAutonEPA": 73.44937602389962,
    "redTeleOpEPA": 169.9533142651424,
    "redEndgameEPA": 4.99728333406328,
    "blueEPA": 123.32047892745678,
    "blueAutonEPA": 39.42680980526866,
    "blueTeleOpEPA": 79.77229560942938,
    "blueEndgameEPA": 4.121373512758737
  }
}