{
  "winProbability": 0.6819265100780459,
  "predictedWinner": "Red",
  "redTeams": [
    32661,
    5385
  ],
  "blueTeams": [
    8529,
    6482
  ],
  "actualWinner": "Red",
  "pointBreakdown": {
    "redData": {
      "redScore": 94,
      "redPenaltyFreeScore": 89,
      "redAuto": 33,
      "redTeleOp": 51,
      "redEndgame": 5
    },
    "blueData": {
      "blueScore": 73,
      "bluePenaltyFreeScore": 68,
      "blueAuto": 17,
      "blueTeleOp": 41,
      "blueEndgame": 10
    }
  },
  "predictedScores": {
    "redEPA": 67.88112786012408,
    "redAutonEPA": 24.09444498851322,
    "redTeleOpEPA": 35.41140481208779,
    "redEndgameEPA": 8.375278059523074,
    "blueEPA": 48.2707549398946,
    "blueAutonEPA": 8.219410379101937,
    "blueTeleOpEPA": 30.187429443814743,
    "blueEndgameEPA": 9.863915116977921
  }
}