{
  "predictedWinner": "Blue",
  "redTeams": [
    19429,
    15339
  ],
  "blueTeams": [
    11999,
    10255
  ],
  "actualWinner": "Blue",
  "pointBreakdown": {
    "redData": {
      "redScore": 37,
      "redPenaltyFreeScore": 27,
      "redAuto": 9,
      "redTeleOp": 18,
      "redEndgame": 0
    },
    "blueData": {
      "blueScore": 151,
      "bluePenaltyFreeScore": 146,
      "blueAuto": 40,
      "blueTeleOp": 106,
      "blueEndgame": 0
    }
  },
  "predictedScores": {
    "redEPA": 40.89127305257598,
    "redAutonEPA": 6.53258143943679,
    "redTeleOpEPA": 27.978075657041693,
    "redEndgameEPA": 6.380615956097502,
    "blueEPA": 136.40913644732558,
    "blueAutonEPA": 41.97897097009191,
    "blueTeleOpEPA": 90.36996708962607,
    "blueEndgameEPA": 4.060198387607605
  }
}