{
  "winProbability": 0.604653895192167,
  "predictedWinner": "Blue",
  "redTeams": [
    32661,
    15344
  ],
  "blueTeams": [
    15339,
    20862
  ],
  "actualWinner": "Blue",
  "pointBreakdown": {
    "redData": {
      "redScore": 47,
      "redPenaltyFreeScore": 47,
      "redAuto": 16,
      "redTeleOp": 16,
      "redEndgame": 15
    },
    "blueData": {
      "blueScore": 51,
      "bluePenaltyFreeScore": 46,
      "blueAuto": 5,
      "blueTeleOp": 31,
      "blueEndgame": 10
    }
  },
  "predictedScores": {
    "redEPA": 49.22419041159037,
    "redAutonEPA": 13.49591625143401,
    "redTeleOpEPA": 19.92018144811953,
    "redEndgameEPA": 15.80809271203683,
    "blueEPA": 60.149854110081485,
    "blueAutonEPA": 19.040565606921746,
    "blueTeleOpEPA": 31.306020514268468,
    "blueEndgameEPA": 9.803267988891271
  }
}