{
  "winProbability": 0.660433378355707,
  "predictedWinner": "Red",
  "redTeams": [
    24371,
    6482
  ],
  "blueTeams": [
    20863,
    28481
  ],
  "actualWinner": "Red",
  "pointBreakdown": {
    "redData": {
      "redScore": 69,
      "redPenaltyFreeScore": 54,
      "redAuto": 17,
      "redTeleOp": 27,
      "redEndgame": 10
    },
    "blueData": {
      "blueScore": 27,
      "bluePenaltyFreeScore": 12,
      "blueAuto": 0,
      "blueTeleOp": 7,
      "blueEndgame": 5
    }
  },
  "predictedScores": {
    "redEPA": 57.76529209312085,
    "redAutonEPA": 11.767625462107848,
    "redTeleOpEPA": 31.391996947434897,
    "redEndgameEPA": 14.605669683578107,
    "blueEPA": 40.659788426032954,
    "blueAutonEPA": 7.662926604087874,
    "blueTeleOpEPA": 21.551859617139332,
    "blueEndgameEPA": 11.44500220480575
  }
}