{
  "winProbability": 0.6845082504127548,
  "predictedWinner": "Blue",
  "redTeams": [
    20863,
    16220
  ],
  "blueTeams": [
    18092,
    5385
  ],
  "actualWinner": "Blue",
  "pointBreakdown": {
    "redData": {
      "redScore": 75,
      "redPenaltyFreeScore": 55,
      "redAuto": 21,
      "redTeleOp": 24,
      "redEndgame": 10
    },
    "blueData": {
      "blueScore": 86,
      "bluePenaltyFreeScore": 86,
      "blueAuto": 34,
      "blueTeleOp": 47,
      "blueEndgame": 5
    }
  },
  "predictedScores": {
    "redEPA": 51.104831091994676,
    "redAutonEPA": 11.53064006074644,
    "redTeleOpEPA": 28.120842537772013,
    "redEndgameEPA": 11.45334849347622,
    "blueEPA": 71.02193715611234,
    "blueAutonEPA": 16.131440311175346,
    "blueTeleOpEPA": 45.32504132430526,
    "blueEndgameEPA": 9.565455520631733
  }
}