{
  "predictedWinner": "Red",
  "redTeams": [
    11228,
    9133
  ],
  "blueTeams": [
    5384,
    6482
  ],
  "actualWinner": "Red",
  "pointBreakdown": {
    "redData": {
      "redScore": 199,
      "redPenaltyFreeScore": 194,
      "redAuto": 61,
      "redTeleOp": 123,
      "redEndgame": 10
    },
    "blueData": {
      "blueScore": 87,
      "bluePenaltyFreeScore": 72,
      "blueAuto": 22,
      "blueTeleOp": 40,
      "blueEndgame": 10
    }
  },
  "predictedScores": {
    "redEPA": 126.34656817995858,
    "redAutonEPA": 35.822074865338706,
    "redTeleOpEPA": 82.04851884488704,
    "redEndgameEPA": 8.475974469732833,
    "blueEPA": 10.991599350102842,
    "blueAutonEPA": 3.097844673994162,
    "blueTeleOpEPA": -0.4007504141895897,
    "blueEndgameEPA": 8.29450509029827
  }
}