{
  "predictedWinner": "Tie",
  "redTeams": [
    16996,
    13150
  ],
  "blueTeams": [
    12548,
    12113
  ],
  "actualWinner": "Blue",
  "pointBreakdown": {
    "redData": {
      "redScore": 17,
      "redPenaltyFreeScore": 12,
      "redAuto": 5,
      "redTeleOp": 7,
      "redEndgame": 0
    },
    "blueData": {
      "blueScore": 28,
      "bluePenaltyFreeScore": 28,
      "blueAuto": 0,
      "blueTeleOp": 13,
      "blueEndgame": 15
    }
  },
  "predictedScores": {
    "redEPA": 29.37560975609756,
    "redAutonEPA": 9.517073170731708,
    "redTeleOpEPA": 10.480487804878049,
    "redEndgameEPA": 9.378048780487806,
    "blueEPA": 29.37560975609756,
    "blueAutonEPA": 9.517073170731708,
    "blueTeleOpEPA": 10.480487804878049,
    "blueEndgameEPA": 9.378048780487806
  }
}