{
  "predictedWinner": "Red",
  "redTeams": [
    15256,
    11231
  ],
  "blueTeams": [
    14757,
    9352
  ],
  "actualWinner": "Blue",
  "pointBreakdown": {
    "redData": {
      "redScore": 75,
      "redPenaltyFreeScore": 55,
      "redAuto": 9,
      "redTeleOp": 46
    },
    "blueData": {
      "blueScore": 22,
      "bluePenaltyFreeScore": 22,
      "blueAuto": 15,
      "blueTeleOp": 7
    }
  },
  "predictedScores": {
    "redEPA": 91.73044375328777,
    "redAutonEPA": 16.217725888299626,
    "redTeleOpEPA": 75.51271786498815,
    "blueEPA": 42.28156179084847,
    "blueAutonEPA": 8.48776405233518,
    "blueTeleOpEPA": 33.79379773851329
  }
}