{
  "predictedWinner": "Red",
  "redTeams": [
    14757,
    14739
  ],
  "blueTeams": [
    7045,
    16601
  ],
  "actualWinner": "Blue",
  "pointBreakdown": {
    "redData": {
      "redScore": 19,
      "redPenaltyFreeScore": 14,
      "redAuto": 10,
      "redTeleOp": 4
    },
    "blueData": {
      "blueScore": 62,
      "bluePenaltyFreeScore": 42,
      "blueAuto": 15,
      "blueTeleOp": 27
    }
  },
  "predictedScores": {
    "redEPA": 56.940727880933295,
    "redAutonEPA": 27.578527603036132,
    "redTeleOpEPA": 29.362200277897163,
    "blueEPA": 52.13395354167238,
    "blueAutonEPA": 9.583590078818863,
    "blueTeleOpEPA": 42.55036346285352
  }
}