{
  "predictedWinner": "Blue",
  "redTeams": [
    7140,
    16996
  ],
  "blueTeams": [
    15404,
    16624
  ],
  "actualWinner": "Red",
  "pointBreakdown": {
    "redData": {
      "redScore": 30,
      "redPenaltyFreeScore": 30,
      "redAuto": 20,
      "redTeleOp": 5,
      "redEndgame": 5
    },
    "blueData": {
      "blueScore": 12,
      "bluePenaltyFreeScore": 12,
      "blueAuto": 5,
      "blueTeleOp": 7,
      "blueEndgame": 0
    }
  },
  "predictedScores": {
    "redEPA": 8.616166766701497,
    "redAutonEPA": 8.137653522225143,
    "redTeleOpEPA": 2.3533885866069646,
    "redEndgameEPA": -1.8748753421306112,
    "blueEPA": 16.92491073796488,
    "blueAutonEPA": 5.6689021864912945,
    "blueTeleOpEPA": 6.207083473441953,
    "blueEndgameEPA": 5.0489250780316315
  }
}