{
  "predictedWinner": "Blue",
  "redTeams": [
    7140,
    13199
  ],
  "blueTeams": [
    9352,
    14465
  ],
  "actualWinner": "Blue",
  "pointBreakdown": {
    "redData": {
      "redScore": 8,
      "redPenaltyFreeScore": 8,
      "redAuto": 5,
      "redTeleOp": 3
    },
    "blueData": {
      "blueScore": 42,
      "bluePenaltyFreeScore": 22,
      "blueAuto": 10,
      "blueTeleOp": 12
    }
  },
  "predictedScores": {
    "redEPA": -1.3586270119196526,
    "redAutonEPA": 7.70122616304407,
    "redTeleOpEPA": -9.059853174963722,
    "blueEPA": 27.777464724688578,
    "blueAutonEPA": 2.488885400040332,
    "blueTeleOpEPA": 25.288579324648246
  }
}