{
  "predictedWinner": "Red",
  "redTeams": [
    12327,
    12548
  ],
  "blueTeams": [
    13547,
    16692
  ],
  "actualWinner": "Red",
  "pointBreakdown": {
    "redData": {
      "redScore": 48,
      "redPenaltyFreeScore": 43,
      "redAuto": 20,
      "redTeleOp": 23
    },
    "blueData": {
      "blueScore": 18,
      "bluePenaltyFreeScore": 18,
      "blueAuto": 5,
      "blueTeleOp": 13
    }
  },
  "predictedScores": {
    "redEPA": 37.51019088560638,
    "redAutonEPA": 15.107832837083913,
    "redTeleOpEPA": 22.402358048522466,
    "blueEPA": 12.881436965756352,
    "blueAutonEPA": 4.801009547968597,
    "blueTeleOpEPA": 8.080427417787755
  }
}