{
  "predictedWinner": "Blue",
  "redTeams": [
    15719,
    18472
  ],
  "blueTeams": [
    14706,
    8482
  ],
  "actualWinner": "Blue",
  "pointBreakdown": {
    "redData": {
      "redScore": 29,
      "redPenaltyFreeScore": 29,
      "redAuto": 5,
      "redTeleOp": 18,
      "redEndgame": 6
    },
    "blueData": {
      "blueScore": 123,
      "bluePenaltyFreeScore": 123,
      "blueAuto": 16,
      "blueTeleOp": 48,
      "blueEndgame": 59
    }
  },
  "predictedScores": {
    "redEPA": 14.198574025721879,
    "redAutonEPA": -16.905212157430096,
    "redTeleOpEPA": -17.04105360578766,
    "redEndgameEPA": 48.144839788939635,
    "blueEPA": 167.06906347546095,
    "blueAutonEPA": 43.3190283877891,
    "blueTeleOpEPA": 79.4605065948347,
    "blueEndgameEPA": 44.28952849283716
  }
}