{
  "predictedWinner": "Blue",
  "redTeams": [
    15404,
    20511
  ],
  "blueTeams": [
    12294,
    15719
  ],
  "actualWinner": "Blue",
  "pointBreakdown": {
    "redData": {
      "redScore": 43,
      "redPenaltyFreeScore": 43,
      "redAuto": 28,
      "redTeleOp": 9,
      "redEndgame": 6
    },
    "blueData": {
      "blueScore": 62,
      "bluePenaltyFreeScore": 62,
      "blueAuto": 12,
      "blueTeleOp": 30,
      "blueEndgame": 20
    }
  },
  "predictedScores": {
    "redEPA": 11.766134423524463,
    "redAutonEPA": 0.5811589844566925,
    "redTeleOpEPA": -21.18993662816588,
    "redEndgameEPA": 32.37491206723365,
    "blueEPA": 51.671818122660554,
    "blueAutonEPA": 34.673653395334966,
    "blueTeleOpEPA": -21.904953019671133,
    "blueEndgameEPA": 38.90311774699672
  }
}