{
  "predictedWinner": "Red",
  "redTeams": [
    15719,
    18474
  ],
  "blueTeams": [
    20682,
    13643
  ],
  "actualWinner": "Red",
  "pointBreakdown": {
    "redData": {
      "redScore": 81,
      "redPenaltyFreeScore": 51,
      "redAuto": 19,
      "redTeleOp": -22,
      "redEndgame": 54
    },
    "blueData": {
      "blueScore": 69,
      "bluePenaltyFreeScore": 39,
      "blueAuto": 10,
      "blueTeleOp": -39,
      "blueEndgame": 68
    }
  },
  "predictedScores": {
    "redEPA": 114.68715158945032,
    "redAutonEPA": 34.192659804263265,
    "redTeleOpEPA": 41.21421080582814,
    "redEndgameEPA": 39.28028097935891,
    "blueEPA": 40.33797290672241,
    "blueAutonEPA": 16.020839472063884,
    "blueTeleOpEPA": -21.115387944643714,
    "blueEndgameEPA": 45.432521379302244
  }
}