{
  "predictedWinner": "Red",
  "redTeams": [
    8734,
    11729
  ],
  "blueTeams": [
    10645,
    10644
  ],
  "actualWinner": "Red",
  "pointBreakdown": {
    "redData": {
      "redScore": 110,
      "redPenaltyFreeScore": 110,
      "redAuto": 26,
      "redTeleOp": 24,
      "redEndgame": 60
    },
    "blueData": {
      "blueScore": 86,
      "bluePenaltyFreeScore": 56,
      "blueAuto": 68,
      "blueTeleOp": -36,
      "blueEndgame": 24
    }
  },
  "predictedScores": {
    "redEPA": 101.27269989029733,
    "redAutonEPA": 20.392692929359008,
    "redTeleOpEPA": 57.16075846521688,
    "redEndgameEPA": 23.719248495721438,
    "blueEPA": 77.79172893946595,
    "blueAutonEPA": 39.67947477213228,
    "blueTeleOpEPA": -12.437386516938659,
    "blueEndgameEPA": 50.54964068427233
  }
}