{
  "predictedWinner": "Red",
  "redTeams": [
    10721,
    11193
  ],
  "blueTeams": [
    8734,
    20102
  ],
  "actualWinner": "Red",
  "pointBreakdown": {
    "redData": {
      "redScore": 139,
      "redPenaltyFreeScore": 139,
      "redAuto": 52,
      "redTeleOp": 22,
      "redEndgame": 65
    },
    "blueData": {
      "blueScore": 35,
      "bluePenaltyFreeScore": 35,
      "blueAuto": 3,
      "blueTeleOp": 26,
      "blueEndgame": 6
    }
  },
  "predictedScores": {
    "redEPA": 55.28564626171711,
    "redAutonEPA": 21.802529056858265,
    "redTeleOpEPA": 9.175482490249092,
    "redEndgameEPA": 24.30763471460975,
    "blueEPA": 46.71953538243371,
    "blueAutonEPA": 6.486710433093497,
    "blueTeleOpEPA": 15.741585763814065,
    "blueEndgameEPA": 24.491239185526148
  }
}