{
  "predictedWinner": "Red",
  "redTeams": [
    9895,
    19925
  ],
  "blueTeams": [
    15301,
    8734
  ],
  "actualWinner": "Red",
  "pointBreakdown": {
    "redData": {
      "redScore": 72,
      "redPenaltyFreeScore": 72,
      "redAuto": 0,
      "redTeleOp": 2,
      "redEndgame": 70
    },
    "blueData": {
      "blueScore": 55,
      "bluePenaltyFreeScore": 55,
      "blueAuto": 6,
      "blueTeleOp": 19,
      "blueEndgame": 30
    }
  },
  "predictedScores": {
    "redEPA": 80.75141358377707,
    "redAutonEPA": 18.656006622722153,
    "redTeleOpEPA": 13.47296668191013,
    "redEndgameEPA": 48.62244027914478,
    "blueEPA": 36.395264525162226,
    "blueAutonEPA": 1.8953429642081567,
    "blueTeleOpEPA": 17.2432458069485,
    "blueEndgameEPA": 17.25667575400557
  }
}