{
  "predictedWinner": "Blue",
  "redTeams": [
    11729,
    11193
  ],
  "blueTeams": [
    9895,
    10721
  ],
  "actualWinner": "Blue",
  "pointBreakdown": {
    "redData": {
      "redScore": 39,
      "redPenaltyFreeScore": 39,
      "redAuto": 0,
      "redTeleOp": 12,
      "redEndgame": 27
    },
    "blueData": {
      "blueScore": 99,
      "bluePenaltyFreeScore": 99,
      "blueAuto": 42,
      "blueTeleOp": 6,
      "blueEndgame": 51
    }
  },
  "predictedScores": {
    "redEPA": 32.062231615673646,
    "redAutonEPA": 9.043173299859845,
    "redTeleOpEPA": -19.818304277002447,
    "redEndgameEPA": 42.83736259281625,
    "blueEPA": 74.87838990527027,
    "blueAutonEPA": 8.159534841141744,
    "blueTeleOpEPA": 7.618421024702116,
    "blueEndgameEPA": 59.1004340394264
  }
}