{
  "predictedWinner": "Blue",
  "redTeams": [
    16536,
    8478
  ],
  "blueTeams": [
    10016,
    7693
  ],
  "actualWinner": "Red",
  "pointBreakdown": {
    "redData": {
      "redScore": 208,
      "redPenaltyFreeScore": 208,
      "redAuto": 70,
      "redTeleOp": 52,
      "redEndgame": 86
    },
    "blueData": {
      "blueScore": 194,
      "bluePenaltyFreeScore": 194,
      "blueAuto": 64,
      "blueTeleOp": 70,
      "blueEndgame": 60
    }
  },
  "predictedScores": {
    "redEPA": 129.8613008318136,
    "redAutonEPA": 67.6211193944959,
    "redTeleOpEPA": 4.98854836340891,
    "redEndgameEPA": 57.25163307390878,
    "blueEPA": 153.03604452506622,
    "blueAutonEPA": 63.87415044878944,
    "blueTeleOpEPA": 44.87344751625181,
    "blueEndgameEPA": 44.28844656002497
  }
}