{
  "predictedWinner": "Blue",
  "redTeams": [
    15256,
    13417
  ],
  "blueTeams": [
    8487,
    16536
  ],
  "actualWinner": "Blue",
  "pointBreakdown": {
    "redData": {
      "redScore": 118,
      "redPenaltyFreeScore": 118,
      "redAuto": 58,
      "redTeleOp": 20,
      "redEndgame": 40
    },
    "blueData": {
      "blueScore": 206,
      "bluePenaltyFreeScore": 206,
      "blueAuto": 68,
      "blueTeleOp": 40,
      "blueEndgame": 98
    }
  },
  "predictedScores": {
    "redEPA": 98.95763570577776,
    "redAutonEPA": 55.74513436070623,
    "redTeleOpEPA": 25.2927214531401,
    "redEndgameEPA": 17.91977989193143,
    "blueEPA": 129.31645021237995,
    "blueAutonEPA": 39.65198508445375,
    "blueTeleOpEPA": 36.24255322579137,
    "blueEndgameEPA": 53.42191190213484
  }
}