{
  "predictedWinner": "Red",
  "redTeams": [
    10016,
    8487
  ],
  "blueTeams": [
    17066,
    16536
  ],
  "actualWinner": "Blue",
  "pointBreakdown": {
    "redData": {
      "redScore": 142,
      "redPenaltyFreeScore": 142,
      "redAuto": 63,
      "redTeleOp": 40,
      "redEndgame": 39
    },
    "blueData": {
      "blueScore": 197,
      "bluePenaltyFreeScore": 197,
      "blueAuto": 70,
      "blueTeleOp": 50,
      "blueEndgame": 77
    }
  },
  "predictedScores": {
    "redEPA": 222.04716632008518,
    "redAutonEPA": 68.8183133770592,
    "redTeleOpEPA": 62.61626023824769,
    "redEndgameEPA": 90.61259270477828,
    "blueEPA": 156.23767525400066,
    "blueAutonEPA": 63.426555301062535,
    "blueTeleOpEPA": 17.566227499058414,
    "blueEndgameEPA": 75.24489245387971
  }
}