{
  "predictedWinner": "Blue",
  "redTeams": [
    16734,
    8478
  ],
  "blueTeams": [
    8487,
    10164
  ],
  "actualWinner": "Blue",
  "pointBreakdown": {
    "redData": {
      "redScore": 69,
      "redPenaltyFreeScore": 9,
      "redAuto": 46,
      "redTeleOp": -72,
      "redEndgame": 35
    },
    "blueData": {
      "blueScore": 154,
      "bluePenaltyFreeScore": 154,
      "blueAuto": 78,
      "blueTeleOp": 16,
      "blueEndgame": 60
    }
  },
  "predictedScores": {
    "redEPA": 78.27187405771592,
    "redAutonEPA": 61.356813054829665,
    "redTeleOpEPA": -24.07681557782223,
    "redEndgameEPA": 40.991876580708485,
    "blueEPA": 108.9837382937696,
    "blueAutonEPA": 53.02556410312968,
    "blueTeleOpEPA": 1.2203884365180855,
    "blueEndgameEPA": 54.73778575412184
  }
}