{
  "predictedWinner": "Red",
  "redTeams": [
    10016,
    7693
  ],
  "blueTeams": [
    15004,
    11717
  ],
  "actualWinner": "Red",
  "pointBreakdown": {
    "redData": {
      "redScore": 183,
      "redPenaltyFreeScore": 183,
      "redAuto": 70,
      "redTeleOp": 62,
      "redEndgame": 51
    },
    "blueData": {
      "blueScore": 131,
      "bluePenaltyFreeScore": 131,
      "blueAuto": 71,
      "blueTeleOp": 42,
      "blueEndgame": 18
    }
  },
  "predictedScores": {
    "redEPA": 153.03604452506622,
    "redAutonEPA": 63.87415044878944,
    "redTeleOpEPA": 44.87344751625181,
    "redEndgameEPA": 44.28844656002497,
    "blueEPA": 146.07120514092986,
    "blueAutonEPA": 66.12433724967373,
    "blueTeleOpEPA": 39.527833835211965,
    "blueEndgameEPA": 40.41903405604417
  }
}