{
  "predictedWinner": "Tie",
  "redTeams": [
    18965,
    25092
  ],
  "blueTeams": [
    25091,
    25090
  ],
  "actualWinner": "Red",
  "pointBreakdown": {
    "redData": {
      "redScore": 65,
      "redPenaltyFreeScore": 65,
      "redAuto": 25,
      "redTeleOp": 15,
      "redEndgame": 25
    },
    "blueData": {
      "blueScore": 10,
      "bluePenaltyFreeScore": 10,
      "blueAuto": 0,
      "blueTeleOp": 0,
      "blueEndgame": 10
    }
  },
  "predictedScores": {
    "redEPA": 18.772727272727273,
    "redAutonEPA": 4.106060606060606,
    "redTeleOpEPA": 5.500000000000002,
    "redEndgameEPA": 9.166666666666666,
    "blueEPA": 18.772727272727273,
    "blueAutonEPA": 4.106060606060606,
    "blueTeleOpEPA": 5.500000000000002,
    "blueEndgameEPA": 9.166666666666666
  }
}