{
  "winProbability": 0.5709076444895025,
  "predictedWinner": "Red",
  "redTeams": [
    25091,
    18964
  ],
  "blueTeams": [
    18965,
    25099
  ],
  "actualWinner": "Blue",
  "pointBreakdown": {
    "redData": {
      "redScore": 95,
      "redPenaltyFreeScore": 80,
      "redAuto": 21,
      "redTeleOp": 44,
      "redEndgame": 15
    },
    "blueData": {
      "blueScore": 97,
      "bluePenaltyFreeScore": 67,
      "blueAuto": 11,
      "blueTeleOp": 41,
      "blueEndgame": 15
    }
  },
  "predictedScores": {
    "redEPA": 67.4751953070144,
    "redAutonEPA": 17.79385089641568,
    "redTeleOpEPA": 38.40849301719011,
    "redEndgameEPA": 11.272851393408615,
    "blueEPA": 62.06977081676493,
    "blueAutonEPA": 11.553762195628973,
    "blueTeleOpEPA": 40.55982444834339,
    "blueEndgameEPA": 9.956184172792558
  }
}