{
  "predictedWinner": "Blue",
  "redTeams": [
    25091,
    25099
  ],
  "blueTeams": [
    25090,
    18964
  ],
  "actualWinner": "Blue",
  "pointBreakdown": {
    "redData": {
      "redScore": 34,
      "redPenaltyFreeScore": 34,
      "redAuto": 14,
      "redTeleOp": 20,
      "redEndgame": 0
    },
    "blueData": {
      "blueScore": 60,
      "bluePenaltyFreeScore": 60,
      "blueAuto": 11,
      "blueTeleOp": 49,
      "blueEndgame": 0
    }
  },
  "predictedScores": {
    "redEPA": 43.243880426044456,
    "redAutonEPA": 11.579820070922224,
    "redTeleOpEPA": 32.7962065403184,
    "redEndgameEPA": -1.132146185196171,
    "blueEPA": 45.266064605231584,
    "blueAutonEPA": 14.721566751969018,
    "blueTeleOpEPA": 29.002903763306755,
    "blueEndgameEPA": 1.541594089955812
  }
}