{
  "predictedWinner": "Red",
  "redTeams": [
    25090,
    18965
  ],
  "blueTeams": [
    18964,
    25091
  ],
  "actualWinner": "Red",
  "pointBreakdown": {
    "redData": {
      "redScore": 94,
      "redPenaltyFreeScore": 84,
      "redAuto": 26,
      "redTeleOp": 58,
      "redEndgame": 0
    },
    "blueData": {
      "blueScore": 82,
      "bluePenaltyFreeScore": 67,
      "blueAuto": 27,
      "blueTeleOp": 40,
      "blueEndgame": 0
    }
  },
  "predictedScores": {
    "redEPA": 78.30225336687286,
    "redAutonEPA": 11.308607496254737,
    "redTeleOpEPA": 69.4214595021065,
    "redEndgameEPA": -2.4278136314883767,
    "blueEPA": 63.16030928001229,
    "blueAutonEPA": 10.103626076857681,
    "blueTeleOpEPA": 46.04284238190386,
    "blueEndgameEPA": 7.013840821250755
  }
}