{
  "predictedWinner": "Red",
  "redTeams": [
    21615,
    24253
  ],
  "blueTeams": [
    27693,
    12459
  ],
  "actualWinner": "Red",
  "pointBreakdown": {
    "redData": {
      "redScore": 220,
      "redPenaltyFreeScore": 210,
      "redAuto": 57,
      "redTeleOp": 153,
      "redEndgame": 0
    },
    "blueData": {
      "blueScore": 188,
      "bluePenaltyFreeScore": 168,
      "blueAuto": 51,
      "blueTeleOp": 107,
      "blueEndgame": 10
    }
  },
  "predictedScores": {
    "redEPA": 175.66020040610294,
    "redAutonEPA": 74.92583107356182,
    "redTeleOpEPA": 98.10475936208756,
    "redEndgameEPA": 2.6296099704535516,
    "blueEPA": 175.49019283799004,
    "blueAutonEPA": 45.35200621819506,
    "blueTeleOpEPA": 119.59698922112861,
    "blueEndgameEPA": 10.541197398666354
  }
}