{
  "predictedWinner": "Blue",
  "redTeams": [
    32131,
    25828
  ],
  "blueTeams": [
    24053,
    15446
  ],
  "actualWinner": "Blue",
  "pointBreakdown": {
    "redData": {
      "redScore": 79,
      "redPenaltyFreeScore": -61,
      "redAuto": 17,
      "redTeleOp": -78,
      "redEndgame": 0
    },
    "blueData": {
      "blueScore": 219,
      "bluePenaltyFreeScore": 219,
      "blueAuto": 9,
      "blueTeleOp": 210,
      "blueEndgame": 0
    }
  },
  "predictedScores": {
    "redEPA": 81.91893212340648,
    "redAutonEPA": 22.46273730084259,
    "redTeleOpEPA": 52.373251155821265,
    "redEndgameEPA": 7.082943666742625,
    "blueEPA": 105.86422464038833,
    "blueAutonEPA": 4.74986285869425,
    "blueTeleOpEPA": 97.58288472605372,
    "blueEndgameEPA": 3.531477055640345
  }
}