{
  "predictedWinner": "Red",
  "redTeams": [
    14670,
    27693
  ],
  "blueTeams": [
    21522,
    21687
  ],
  "actualWinner": "Red",
  "pointBreakdown": {
    "redData": {
      "redScore": 216,
      "redPenaltyFreeScore": 216,
      "redAuto": 19,
      "redTeleOp": 197,
      "redEndgame": 0
    },
    "blueData": {
      "blueScore": 51,
      "bluePenaltyFreeScore": -89,
      "blueAuto": 9,
      "blueTeleOp": -108,
      "blueEndgame": 10
    }
  },
  "predictedScores": {
    "redEPA": 140.21063071729623,
    "redAutonEPA": 24.720668634666232,
    "redTeleOpEPA": 106.62973964121113,
    "redEndgameEPA": 8.860222441418863,
    "blueEPA": 12.91653094742043,
    "blueAutonEPA": 14.103815681328605,
    "blueTeleOpEPA": -5.884023958243857,
    "blueEndgameEPA": 4.696739224335682
  }
}