{
  "winProbability": 0.8557427848288225,
  "predictedWinner": "Red",
  "redTeams": [
    5559,
    24253
  ],
  "blueTeams": [
    14670,
    25828
  ],
  "actualWinner": "Red",
  "pointBreakdown": {
    "redData": {
      "redScore": 190,
      "redPenaltyFreeScore": 190,
      "redAuto": 44,
      "redTeleOp": 131,
      "redEndgame": 15
    },
    "blueData": {
      "blueScore": 58,
      "bluePenaltyFreeScore": 58,
      "blueAuto": 12,
      "blueTeleOp": 31,
      "blueEndgame": 15
    }
  },
  "predictedScores": {
    "redEPA": 114.79058935521,
    "redAutonEPA": 38.03376276808822,
    "redTeleOpEPA": 63.44856869128288,
    "redEndgameEPA": 13.3082578958389,
    "blueEPA": 63.95067744069051,
    "blueAutonEPA": 12.99365395086819,
    "blueTeleOpEPA": 39.57281939335713,
    "blueEndgameEPA": 11.38420409646519
  }
}