{
  "predictedWinner": "Blue",
  "redTeams": [
    15078,
    7049
  ],
  "blueTeams": [
    23952,
    12327
  ],
  "actualWinner": "Blue",
  "pointBreakdown": {
    "redData": {
      "redScore": 46,
      "redPenaltyFreeScore": 46,
      "redAuto": 35,
      "redTeleOp": 6,
      "redEndgame": 5
    },
    "blueData": {
      "blueScore": 47,
      "bluePenaltyFreeScore": 47,
      "blueAuto": 20,
      "blueTeleOp": 7,
      "blueEndgame": 20
    }
  },
  "predictedScores": {
    "redEPA": 30.453982436095703,
    "redAutonEPA": 23.167841409707815,
    "redTeleOpEPA": -2.522852440571798,
    "redEndgameEPA": 9.808993466959686,
    "blueEPA": 94.40921217850055,
    "blueAutonEPA": 26.385152208619722,
    "blueTeleOpEPA": 23.310986767484557,
    "blueEndgameEPA": 44.71307320239627
  }
}