{
  "predictedWinner": "Red",
  "redTeams": [
    14757,
    8533,
    20332
  ],
  "blueTeams": [
    10016,
    14790,
    15447
  ],
  "actualWinner": "Red",
  "pointBreakdown": {
    "redData": {
      "redScore": 139,
      "redPenaltyFreeScore": 129,
      "redAuto": 80,
      "redTeleOp": 29,
      "redEndgame": 20
    },
    "blueData": {
      "blueScore": 136,
      "bluePenaltyFreeScore": 136,
      "blueAuto": 56,
      "blueTeleOp": 25,
      "blueEndgame": 55
    }
  },
  "predictedScores": {
    "redEPA": 190.63558834059768,
    "redAutonEPA": 91.39612471739959,
    "redTeleOpEPA": 55.004500962232996,
    "redEndgameEPA": 44.234962660965095,
    "blueEPA": 117.07558324189235,
    "blueAutonEPA": 40.400675520331006,
    "blueTeleOpEPA": 27.407552736772416,
    "blueEndgameEPA": 49.26735498478892
  }
}