{
  "predictedWinner": "Blue",
  "redTeams": [
    9087,
    13983
  ],
  "blueTeams": [
    13427,
    11254
  ],
  "actualWinner": "Blue",
  "pointBreakdown": {
    "redData": {
      "redScore": 19,
      "redPenaltyFreeScore": 19,
      "redAuto": 5,
      "redTeleOp": 14
    },
    "blueData": {
      "blueScore": 57,
      "bluePenaltyFreeScore": 52,
      "blueAuto": 15,
      "blueTeleOp": 37
    }
  },
  "predictedScores": {
    "redEPA": 16.39784603545253,
    "redAutonEPA": 3.2589396718300296,
    "redTeleOpEPA": 13.138906363622501,
    "blueEPA": 27.316176342563367,
    "blueAutonEPA": 5.793184114584237,
    "blueTeleOpEPA": 21.52299222797913
  }
}