{
  "predictedWinner": "Blue",
  "redTeams": [
    7047,
    15437
  ],
  "blueTeams": [
    10540,
    11228
  ],
  "actualWinner": "Blue",
  "pointBreakdown": {
    "redData": {
      "redScore": 26,
      "redPenaltyFreeScore": 26,
      "redAuto": 10,
      "redTeleOp": 16
    },
    "blueData": {
      "blueScore": 48,
      "bluePenaltyFreeScore": 48,
      "blueAuto": 20,
      "blueTeleOp": 28
    }
  },
  "predictedScores": {
    "redEPA": 22.509869276219383,
    "redAutonEPA": 8.564160537153569,
    "redTeleOpEPA": 13.945708739065815,
    "blueEPA": 34.65319827539463,
    "blueAutonEPA": 7.088123025145855,
    "blueTeleOpEPA": 27.565075250248775
  }
}