{
  "predictedWinner": "Tie",
  "redTeams": [
    15437,
    9412
  ],
  "blueTeams": [
    7479,
    16559
  ],
  "actualWinner": "Blue",
  "pointBreakdown": {
    "redData": {
      "redScore": 11,
      "redPenaltyFreeScore": 11,
      "redAuto": 0,
      "redTeleOp": 6,
      "redEndgame": 5
    },
    "blueData": {
      "blueScore": 24,
      "bluePenaltyFreeScore": 24,
      "blueAuto": 0,
      "blueTeleOp": 9,
      "blueEndgame": 15
    }
  },
  "predictedScores": {
    "redEPA": 29.37560975609756,
    "redAutonEPA": 9.517073170731708,
    "redTeleOpEPA": 10.480487804878049,
    "redEndgameEPA": 9.378048780487806,
    "blueEPA": 29.37560975609756,
    "blueAutonEPA": 9.517073170731708,
    "blueTeleOpEPA": 10.480487804878049,
    "blueEndgameEPA": 9.378048780487806
  }
}