{
  "predictedWinner": "Red",
  "redTeams": [
    12603,
    7792
  ],
  "blueTeams": [
    12746,
    13983
  ],
  "actualWinner": "Red",
  "pointBreakdown": {
    "redData": {
      "redScore": 59,
      "redPenaltyFreeScore": 59,
      "redAuto": 15,
      "redTeleOp": 44
    },
    "blueData": {
      "blueScore": 4,
      "bluePenaltyFreeScore": 4,
      "blueAuto": 0,
      "blueTeleOp": 4
    }
  },
  "predictedScores": {
    "redEPA": 58.306627472719484,
    "redAutonEPA": 15.540410152090605,
    "redTeleOpEPA": 42.76621732062888,
    "blueEPA": 26.302108343841226,
    "blueAutonEPA": 6.651767511224871,
    "blueTeleOpEPA": 19.650340832616354
  }
}