{
  "predictedWinner": "Tie",
  "redTeams": [
    12603,
    7792
  ],
  "blueTeams": [
    12746,
    13983
  ],
  "actualWinner": "Red",
  "pointBreakdown": {
    "redData": {
      "redScore": 59,
      "redPenaltyFreeScore": 59,
      "redAuto": 15,
      "redTeleOp": 29,
      "redEndgame": 15
    },
    "blueData": {
      "blueScore": 4,
      "bluePenaltyFreeScore": 4,
      "blueAuto": 0,
      "blueTeleOp": 4,
      "blueEndgame": 0
    }
  },
  "predictedScores": {
    "redEPA": 29.37560975609756,
    "redAutonEPA": 9.517073170731708,
    "redTeleOpEPA": 10.480487804878049,
    "redEndgameEPA": 9.378048780487806,
    "blueEPA": 29.37560975609756,
    "blueAutonEPA": 9.517073170731708,
    "blueTeleOpEPA": 10.480487804878049,
    "blueEndgameEPA": 9.378048780487806
  }
}