{
  "predictedWinner": "Red",
  "redTeams": [
    14018,
    13427
  ],
  "blueTeams": [
    5954,
    15437
  ],
  "actualWinner": "Blue",
  "pointBreakdown": {
    "redData": {
      "redScore": 30,
      "redPenaltyFreeScore": 30,
      "redAuto": 5,
      "redTeleOp": 10,
      "redEndgame": 15
    },
    "blueData": {
      "blueScore": 31,
      "bluePenaltyFreeScore": 31,
      "blueAuto": 5,
      "blueTeleOp": 11,
      "blueEndgame": 15
    }
  },
  "predictedScores": {
    "redEPA": 40.10324087152598,
    "redAutonEPA": 9.423986321295123,
    "redTeleOpEPA": 16.630953305174067,
    "redEndgameEPA": 14.04830124505679,
    "blueEPA": 19.46007422673796,
    "blueAutonEPA": 2.362883441243852,
    "blueTeleOpEPA": 10.248901712764557,
    "blueEndgameEPA": 6.84828907272955
  }
}