{
  "predictedWinner": "Red",
  "redTeams": [
    10653,
    5960
  ],
  "blueTeams": [
    13983,
    11228
  ],
  "actualWinner": "Tie",
  "pointBreakdown": {
    "redData": {
      "redScore": 46,
      "redPenaltyFreeScore": 46,
      "redAuto": 29,
      "redTeleOp": 17
    },
    "blueData": {
      "blueScore": 29,
      "bluePenaltyFreeScore": 29,
      "blueAuto": 5,
      "blueTeleOp": 24
    }
  },
  "predictedScores": {
    "redEPA": 34.216681450037754,
    "redAutonEPA": 10.166742288345965,
    "redTeleOpEPA": 24.04993916169179,
    "blueEPA": 7.098024541952295,
    "blueAutonEPA": 1.587685576376872,
    "blueTeleOpEPA": 5.510338965575423
  }
}