{
  "predictedWinner": "Blue",
  "redTeams": [
    7479,
    7445
  ],
  "blueTeams": [
    12603,
    8027
  ],
  "actualWinner": "Blue",
  "pointBreakdown": {
    "redData": {
      "redScore": 41,
      "redPenaltyFreeScore": 41,
      "redAuto": 5,
      "redTeleOp": 36
    },
    "blueData": {
      "blueScore": 59,
      "bluePenaltyFreeScore": 59,
      "blueAuto": 20,
      "blueTeleOp": 39
    }
  },
  "predictedScores": {
    "redEPA": 39.063423639048466,
    "redAutonEPA": 6.034660353194159,
    "redTeleOpEPA": 33.02876328585431,
    "blueEPA": 62.16720734030364,
    "blueAutonEPA": 22.49878120930301,
    "blueTeleOpEPA": 39.66842613100063
  }
}