{
  "predictedWinner": "Blue",
  "redTeams": [
    11855,
    15229
  ],
  "blueTeams": [
    11228,
    7238
  ],
  "actualWinner": "Red",
  "pointBreakdown": {
    "redData": {
      "redScore": 179,
      "redPenaltyFreeScore": 169,
      "redAuto": 42,
      "redTeleOp": 58,
      "redEndgame": 69
    },
    "blueData": {
      "blueScore": 127,
      "bluePenaltyFreeScore": 127,
      "blueAuto": 19,
      "blueTeleOp": 54,
      "blueEndgame": 54
    }
  },
  "predictedScores": {
    "redEPA": 145.52382761676117,
    "redAutonEPA": 57.466490253906244,
    "redTeleOpEPA": 30.69395773376918,
    "redEndgameEPA": 57.36337962908574,
    "blueEPA": 192.4581042811922,
    "blueAutonEPA": 78.10054333486761,
    "blueTeleOpEPA": 44.87633088373964,
    "blueEndgameEPA": 69.48123006258494
  }
}