{
  "predictedWinner": "Red",
  "redTeams": [
    19925,
    8734
  ],
  "blueTeams": [
    9931,
    6134
  ],
  "actualWinner": "Blue",
  "pointBreakdown": {
    "redData": {
      "redScore": 131,
      "redPenaltyFreeScore": 131,
      "redAuto": 29,
      "redTeleOp": 54,
      "redEndgame": 48
    },
    "blueData": {
      "blueScore": 140,
      "bluePenaltyFreeScore": 120,
      "blueAuto": 58,
      "blueTeleOp": 8,
      "blueEndgame": 54
    }
  },
  "predictedScores": {
    "redEPA": 170.3719268598071,
    "redAutonEPA": 53.665863396362,
    "redTeleOpEPA": 43.51070282102995,
    "redEndgameEPA": 73.19536064241515,
    "blueEPA": 76.27921586575188,
    "blueAutonEPA": 32.12764089718552,
    "blueTeleOpEPA": 9.261463305282625,
    "blueEndgameEPA": 34.89011166328373
  }
}