{
  "predictedWinner": "Blue",
  "redTeams": [
    5290,
    8646
  ],
  "blueTeams": [
    7238,
    10538
  ],
  "actualWinner": "Red",
  "pointBreakdown": {
    "redData": {
      "redScore": 229,
      "redPenaltyFreeScore": 229,
      "redAuto": 68,
      "redTeleOp": 60,
      "redEndgame": 101
    },
    "blueData": {
      "blueScore": 156,
      "bluePenaltyFreeScore": 156,
      "blueAuto": 78,
      "blueTeleOp": 18,
      "blueEndgame": 60
    }
  },
  "predictedScores": {
    "redEPA": 152.50491664059942,
    "redAutonEPA": 47.16075589496404,
    "redTeleOpEPA": 27.614848446136506,
    "redEndgameEPA": 77.72931229949887,
    "blueEPA": 174.5150110392995,
    "blueAutonEPA": 63.14039841845618,
    "blueTeleOpEPA": 16.89470446751963,
    "blueEndgameEPA": 94.47990815332369
  }
}