{
  "predictedWinner": "Blue",
  "redTeams": [
    16032,
    13702
  ],
  "blueTeams": [
    11520,
    5289
  ],
  "actualWinner": "Red",
  "pointBreakdown": {
    "redData": {
      "redScore": 201,
      "redPenaltyFreeScore": 201,
      "redAuto": 58,
      "redTeleOp": 54,
      "redEndgame": 89
    },
    "blueData": {
      "blueScore": 152,
      "bluePenaltyFreeScore": 152,
      "blueAuto": 28,
      "blueTeleOp": 64,
      "blueEndgame": 60
    }
  },
  "predictedScores": {
    "redEPA": 119.87431044883107,
    "redAutonEPA": 54.21584135185233,
    "redTeleOpEPA": 5.991302358884177,
    "redEndgameEPA": 59.66716673809456,
    "blueEPA": 148.20029464844447,
    "blueAutonEPA": 51.38225986227155,
    "blueTeleOpEPA": 49.05484999612081,
    "blueEndgameEPA": 47.76318479005211
  }
}