{
  "predictedWinner": "Blue",
  "redTeams": [
    11855,
    16032
  ],
  "blueTeams": [
    10477,
    19925
  ],
  "actualWinner": "Blue",
  "pointBreakdown": {
    "redData": {
      "redScore": 119,
      "redPenaltyFreeScore": 109,
      "redAuto": 45,
      "redTeleOp": 16,
      "redEndgame": 48
    },
    "blueData": {
      "blueScore": 136,
      "bluePenaltyFreeScore": 126,
      "blueAuto": 36,
      "blueTeleOp": 36,
      "blueEndgame": 54
    }
  },
  "predictedScores": {
    "redEPA": 62.64227598432173,
    "redAutonEPA": 38.50539816037783,
    "redTeleOpEPA": -37.802543328171645,
    "redEndgameEPA": 61.93942115211554,
    "blueEPA": 109.5753251417257,
    "blueAutonEPA": 23.869363195608084,
    "blueTeleOpEPA": 27.08289408303979,
    "blueEndgameEPA": 58.62306786307782
  }
}