{
  "predictedWinner": "Blue",
  "redTeams": [
    11531,
    8529
  ],
  "blueTeams": [
    8646,
    14018
  ],
  "actualWinner": "Blue",
  "pointBreakdown": {
    "redData": {
      "redScore": 115,
      "redPenaltyFreeScore": 115,
      "redAuto": 42,
      "redTeleOp": 22,
      "redEndgame": 51
    },
    "blueData": {
      "blueScore": 148,
      "bluePenaltyFreeScore": 148,
      "blueAuto": 32,
      "blueTeleOp": 48,
      "blueEndgame": 68
    }
  },
  "predictedScores": {
    "redEPA": 54.360513148928504,
    "redAutonEPA": 46.65726144780095,
    "redTeleOpEPA": -32.83710178096547,
    "redEndgameEPA": 40.540353482093025,
    "blueEPA": 203.89386794169747,
    "blueAutonEPA": 52.01505039335966,
    "blueTeleOpEPA": 58.946969091983306,
    "blueEndgameEPA": 92.93184845635449
  }
}