{
  "predictedWinner": "Red",
  "redTeams": [
    12722,
    19561
  ],
  "blueTeams": [
    10255,
    10309
  ],
  "actualWinner": "Red",
  "pointBreakdown": {
    "redData": {
      "redScore": 157,
      "redPenaltyFreeScore": 157,
      "redAuto": 52,
      "redTeleOp": 54,
      "redEndgame": 51
    },
    "blueData": {
      "blueScore": 156,
      "bluePenaltyFreeScore": 156,
      "blueAuto": 60,
      "blueTeleOp": 93,
      "blueEndgame": 3
    }
  },
  "predictedScores": {
    "redEPA": 198.90552427901116,
    "redAutonEPA": 57.97385457927776,
    "redTeleOpEPA": 51.663584037347846,
    "redEndgameEPA": 89.26808566238554,
    "blueEPA": 184.1680856092063,
    "blueAutonEPA": 57.74561350759561,
    "blueTeleOpEPA": 74.11977593460581,
    "blueEndgameEPA": 52.30269616700487
  }
}