{
  "predictedWinner": "Blue",
  "redTeams": [
    25099,
    22303
  ],
  "blueTeams": [
    25084,
    18965
  ],
  "actualWinner": "Blue",
  "pointBreakdown": {
    "redData": {
      "redScore": 37,
      "redPenaltyFreeScore": 37,
      "redAuto": 3,
      "redTeleOp": 24,
      "redEndgame": 10
    },
    "blueData": {
      "blueScore": 63,
      "bluePenaltyFreeScore": 63,
      "blueAuto": 14,
      "blueTeleOp": 49,
      "blueEndgame": 0
    }
  },
  "predictedScores": {
    "redEPA": 35.26117453578067,
    "redAutonEPA": 6.612627889550985,
    "redTeleOpEPA": 23.644930462049558,
    "redEndgameEPA": 5.003616184180125,
    "blueEPA": 128.65482312404365,
    "blueAutonEPA": 16.17746068631008,
    "blueTeleOpEPA": 107.63282925761179,
    "blueEndgameEPA": 4.844533180121767
  }
}