{
  "winProbability": 0.8362862969280939,
  "predictedWinner": "Blue",
  "redTeams": [
    26268,
    32661
  ],
  "blueTeams": [
    21790,
    13702
  ],
  "actualWinner": "Blue",
  "pointBreakdown": {
    "redData": {
      "redScore": 83,
      "redPenaltyFreeScore": 78,
      "redAuto": 19,
      "redTeleOp": 49,
      "redEndgame": 10
    },
    "blueData": {
      "blueScore": 84,
      "bluePenaltyFreeScore": 74,
      "blueAuto": 34,
      "blueTeleOp": 30,
      "blueEndgame": 10
    }
  },
  "predictedScores": {
    "redEPA": 51.61827956989247,
    "redAutonEPA": 9.06989247311828,
    "redTeleOpEPA": 31.311827956989248,
    "redEndgameEPA": 11.236559139784946,
    "blueEPA": 82.48560350660796,
    "blueAutonEPA": 23.845313951944778,
    "blueTeleOpEPA": 45.009028100432175,
    "blueEndgameEPA": 13.631261454231012
  }
}