{
  "predictedWinner": "Red",
  "redTeams": [
    8513,
    24259
  ],
  "blueTeams": [
    24051,
    8529
  ],
  "actualWinner": "Red",
  "pointBreakdown": {
    "redData": {
      "redScore": 101,
      "redPenaltyFreeScore": 101,
      "redAuto": 23,
      "redTeleOp": 68,
      "redEndgame": 10
    },
    "blueData": {
      "blueScore": 57,
      "bluePenaltyFreeScore": 57,
      "blueAuto": 11,
      "blueTeleOp": 46,
      "blueEndgame": 0
    }
  },
  "predictedScores": {
    "redEPA": 63.394925702016224,
    "redAutonEPA": 12.016649980876835,
    "redTeleOpEPA": 45.90592156197299,
    "redEndgameEPA": 5.472354159166402,
    "blueEPA": 60.21353082440192,
    "blueAutonEPA": 10.285345460308617,
    "blueTeleOpEPA": 44.60875942703659,
    "blueEndgameEPA": 5.319425937056715
  }
}