{
  "predictedWinner": "Blue",
  "redTeams": [
    8027,
    15339
  ],
  "blueTeams": [
    5663,
    9376
  ],
  "actualWinner": "Blue",
  "pointBreakdown": {
    "redData": {
      "redScore": 50,
      "redPenaltyFreeScore": 35,
      "redAuto": 14,
      "redTeleOp": 11,
      "redEndgame": 10
    },
    "blueData": {
      "blueScore": 84,
      "bluePenaltyFreeScore": 84,
      "blueAuto": 24,
      "blueTeleOp": 60,
      "blueEndgame": 0
    }
  },
  "predictedScores": {
    "redEPA": 58.69513366247328,
    "redAutonEPA": 10.653445695088797,
    "redTeleOpEPA": 45.752502052383754,
    "redEndgameEPA": 2.289185915000727,
    "blueEPA": 86.4735609128661,
    "blueAutonEPA": 13.891500132367613,
    "blueTeleOpEPA": 74.40296884380965,
    "blueEndgameEPA": -1.820908063311157
  }
}