{
  "winProbability": 0.5,
  "predictedWinner": "Tie",
  "redTeams": [
    16220,
    9376
  ],
  "blueTeams": [
    25630,
    8529
  ],
  "actualWinner": "Blue",
  "pointBreakdown": {
    "redData": {
      "redScore": 54,
      "redPenaltyFreeScore": 54,
      "redAuto": 16,
      "redTeleOp": 23,
      "redEndgame": 15
    },
    "blueData": {
      "blueScore": 68,
      "bluePenaltyFreeScore": 53,
      "blueAuto": 9,
      "blueTeleOp": 34,
      "blueEndgame": 10
    }
  },
  "predictedScores": {
    "redEPA": 44.17741935483871,
    "redAutonEPA": 6.854838709677419,
    "redTeleOpEPA": 25.467741935483875,
    "redEndgameEPA": 11.85483870967742,
    "blueEPA": 44.17741935483871,
    "blueAutonEPA": 6.854838709677419,
    "blueTeleOpEPA": 25.467741935483875,
    "blueEndgameEPA": 11.85483870967742
  }
}