{
  "predictedWinner": "Red",
  "redTeams": [
    32661,
    10024
  ],
  "blueTeams": [
    8027,
    11855
  ],
  "actualWinner": "Red",
  "pointBreakdown": {
    "redData": {
      "redScore": 79,
      "redPenaltyFreeScore": 79,
      "redAuto": 33,
      "redTeleOp": 46,
      "redEndgame": 0
    },
    "blueData": {
      "blueScore": 70,
      "bluePenaltyFreeScore": 70,
      "blueAuto": 19,
      "blueTeleOp": 51,
      "blueEndgame": 0
    }
  },
  "predictedScores": {
    "redEPA": 125.5202409737734,
    "redAutonEPA": 32.61744048012039,
    "redTeleOpEPA": 86.34716025266144,
    "redEndgameEPA": 6.555640240991562,
    "blueEPA": 57.47674385237545,
    "blueAutonEPA": 14.719085352411733,
    "blueTeleOpEPA": 42.60090843720471,
    "blueEndgameEPA": 0.15675006275900671
  }
}