{
  "predictedWinner": "Blue",
  "redTeams": [
    23832,
    27609
  ],
  "blueTeams": [
    16220,
    26269
  ],
  "actualWinner": "Blue",
  "pointBreakdown": {
    "redData": {
      "redScore": 78,
      "redPenaltyFreeScore": 48,
      "redAuto": 16,
      "redTeleOp": 32,
      "redEndgame": 0
    },
    "blueData": {
      "blueScore": 87,
      "bluePenaltyFreeScore": 82,
      "blueAuto": 3,
      "blueTeleOp": 69,
      "blueEndgame": 10
    }
  },
  "predictedScores": {
    "redEPA": 17.86361180211111,
    "redAutonEPA": 6.957278609673965,
    "redTeleOpEPA": 2.171789720162181,
    "redEndgameEPA": 8.734543472274963,
    "blueEPA": 54.87913181999204,
    "blueAutonEPA": 15.258263639984069,
    "blueTeleOpEPA": 34.71327343030248,
    "blueEndgameEPA": 4.907594749705495
  }
}