{
  "winProbability": 0.5906115492090878,
  "predictedWinner": "Red",
  "redTeams": [
    26269,
    8529
  ],
  "blueTeams": [
    32661,
    15344
  ],
  "actualWinner": "Red",
  "pointBreakdown": {
    "redData": {
      "redScore": 57,
      "redPenaltyFreeScore": 47,
      "redAuto": 6,
      "redTeleOp": 31,
      "redEndgame": 10
    },
    "blueData": {
      "blueScore": 49,
      "bluePenaltyFreeScore": 49,
      "blueAuto": 22,
      "blueTeleOp": 12,
      "blueEndgame": 15
    }
  },
  "predictedScores": {
    "redEPA": 56.08034647550777,
    "redAutonEPA": 7.915322580645161,
    "redTeleOpEPA": 35.80988649940263,
    "redEndgameEPA": 12.355137395459977,
    "blueEPA": 49.1436703549393,
    "blueAutonEPA": 11.2858691433618,
    "blueTeleOpEPA": 26.413305830631238,
    "blueEndgameEPA": 11.444495380946265
  }
}