{
  "predictedWinner": "Red",
  "redTeams": [
    7693,
    15004
  ],
  "blueTeams": [
    17155,
    14757
  ],
  "actualWinner": "Red",
  "pointBreakdown": {
    "redData": {
      "redScore": 158,
      "redPenaltyFreeScore": 158,
      "redAuto": 48,
      "redTeleOp": 83,
      "redEndgame": 27
    },
    "blueData": {
      "blueScore": 77,
      "bluePenaltyFreeScore": 77,
      "blueAuto": 43,
      "blueTeleOp": 22,
      "blueEndgame": 12
    }
  },
  "predictedScores": {
    "redEPA": 194.23974424742573,
    "redAutonEPA": 50.19305096097021,
    "redTeleOpEPA": 115.93739802835427,
    "redEndgameEPA": 28.109295258101273,
    "blueEPA": 111.96215953611151,
    "blueAutonEPA": 42.295219478777504,
    "blueTeleOpEPA": 32.47157359721445,
    "blueEndgameEPA": 37.195366460119565
  }
}