{
  "predictedWinner": "Blue",
  "redTeams": [
    7689,
    11717
  ],
  "blueTeams": [
    7693,
    16734
  ],
  "actualWinner": "Blue",
  "pointBreakdown": {
    "redData": {
      "redScore": 102,
      "redPenaltyFreeScore": 92,
      "redAuto": 44,
      "redTeleOp": 30,
      "redEndgame": 18
    },
    "blueData": {
      "blueScore": 176,
      "bluePenaltyFreeScore": 166,
      "blueAuto": 52,
      "blueTeleOp": 78,
      "blueEndgame": 36
    }
  },
  "predictedScores": {
    "redEPA": 90.46093719724456,
    "redAutonEPA": 36.24491135192578,
    "redTeleOpEPA": 33.79088258151093,
    "redEndgameEPA": 20.425143263807854,
    "blueEPA": 124.04600456361666,
    "blueAutonEPA": 46.18428545988322,
    "blueTeleOpEPA": 45.73422379428696,
    "blueEndgameEPA": 32.12749530944647
  }
}