{
  "winProbability": 0.6350786739628567,
  "predictedWinner": "Blue",
  "redTeams": [
    30451,
    15078
  ],
  "blueTeams": [
    6294,
    21482
  ],
  "actualWinner": "Blue",
  "pointBreakdown": {
    "redData": {
      "redScore": 119,
      "redPenaltyFreeScore": 119,
      "redAuto": 42,
      "redTeleOp": 67,
      "redEndgame": 10
    },
    "blueData": {
      "blueScore": 231,
      "bluePenaltyFreeScore": 141,
      "blueAuto": 47,
      "blueTeleOp": 79,
      "blueEndgame": 15
    }
  },
  "predictedScores": {
    "redEPA": 111.01458039577858,
    "redAutonEPA": 29.909167371522827,
    "redTeleOpEPA": 66.7639056317393,
    "redEndgameEPA": 14.341507392516442,
    "blueEPA": 128.99891925573726,
    "blueAutonEPA": 43.76791483872168,
    "blueTeleOpEPA": 72.53843877831045,
    "blueEndgameEPA": 12.692565638705126
  }
}