{
  "winProbability": 0.8670144421132144,
  "predictedWinner": "Blue",
  "redTeams": [
    21482,
    12467
  ],
  "blueTeams": [
    23834,
    8492
  ],
  "actualWinner": "Blue",
  "pointBreakdown": {
    "redData": {
      "redScore": 125,
      "redPenaltyFreeScore": 105,
      "redAuto": 34,
      "redTeleOp": 56,
      "redEndgame": 15
    },
    "blueData": {
      "blueScore": 201,
      "bluePenaltyFreeScore": 201,
      "blueAuto": 50,
      "blueTeleOp": 141,
      "blueEndgame": 10
    }
  },
  "predictedScores": {
    "redEPA": 92.16330444681634,
    "redAutonEPA": 32.031893672574405,
    "redTeleOpEPA": 50.365654438679556,
    "redEndgameEPA": 9.765756335562383,
    "blueEPA": 153.01750409795358,
    "blueAutonEPA": 45.54738309576018,
    "blueTeleOpEPA": 96.03343267118183,
    "blueEndgameEPA": 11.436688331011567
  }
}