{
  "winProbability": 0.8391490285281259,
  "predictedWinner": "Red",
  "redTeams": [
    14706,
    24253
  ],
  "blueTeams": [
    5957,
    18964
  ],
  "actualWinner": "Red",
  "pointBreakdown": {
    "redData": {
      "redScore": 215,
      "redPenaltyFreeScore": 215,
      "redAuto": 60,
      "redTeleOp": 140,
      "redEndgame": 15
    },
    "blueData": {
      "blueScore": 75,
      "bluePenaltyFreeScore": 75,
      "blueAuto": 27,
      "blueTeleOp": 38,
      "blueEndgame": 10
    }
  },
  "predictedScores": {
    "redEPA": 182.08444211090074,
    "redAutonEPA": 63.89880849114721,
    "redTeleOpEPA": 104.96155949380488,
    "redEndgameEPA": 13.224074125948643,
    "blueEPA": 128.4654679326059,
    "blueAutonEPA": 31.20626820111445,
    "blueTeleOpEPA": 83.10844797209208,
    "blueEndgameEPA": 14.150751759399355
  }
}