{
  "winProbability": 0.6068732618985656,
  "predictedWinner": "Red",
  "redTeams": [
    30451,
    5957
  ],
  "blueTeams": [
    7085,
    12467
  ],
  "actualWinner": "Red",
  "pointBreakdown": {
    "redData": {
      "redScore": 181,
      "redPenaltyFreeScore": 166,
      "redAuto": 44,
      "redTeleOp": 92,
      "redEndgame": 30
    },
    "blueData": {
      "blueScore": 92,
      "bluePenaltyFreeScore": 92,
      "blueAuto": 42,
      "blueTeleOp": 45,
      "blueEndgame": 5
    }
  },
  "predictedScores": {
    "redEPA": 106.24433326876868,
    "redAutonEPA": 32.708202626501794,
    "redTeleOpEPA": 60.21813708620894,
    "redEndgameEPA": 13.31799355605796,
    "blueEPA": 92.15112548178864,
    "blueAutonEPA": 30.99450463582908,
    "blueTeleOpEPA": 51.84129138684655,
    "blueEndgameEPA": 9.31532945911301
  }
}