{
  "winProbability": 0.8186312759709239,
  "predictedWinner": "Red",
  "redTeams": [
    14706,
    7085
  ],
  "blueTeams": [
    22373,
    22918
  ],
  "actualWinner": "Red",
  "pointBreakdown": {
    "redData": {
      "redScore": 345,
      "redPenaltyFreeScore": 190,
      "redAuto": 55,
      "redTeleOp": 125,
      "redEndgame": 10
    },
    "blueData": {
      "blueScore": 88,
      "bluePenaltyFreeScore": 88,
      "blueAuto": 8,
      "blueTeleOp": 65,
      "blueEndgame": 15
    }
  },
  "predictedScores": {
    "redEPA": 153.7891713634287,
    "redAutonEPA": 51.38529853450078,
    "redTeleOpEPA": 89.41647447332782,
    "redEndgameEPA": 12.987398355600089,
    "blueEPA": 103.15886744737873,
    "blueAutonEPA": 22.479578955201887,
    "blueTeleOpEPA": 69.58412020308864,
    "blueEndgameEPA": 11.0951682890882
  }
}