{
  "predictedWinner": "Blue",
  "redTeams": [
    9297,
    13666
  ],
  "blueTeams": [
    15411,
    14018
  ],
  "actualWinner": "Blue",
  "pointBreakdown": {
    "redData": {
      "redScore": 71,
      "redPenaltyFreeScore": 71,
      "redAuto": 16,
      "redTeleOp": 28,
      "redEndgame": 27
    },
    "blueData": {
      "blueScore": 116,
      "bluePenaltyFreeScore": 116,
      "blueAuto": 42,
      "blueTeleOp": 32,
      "blueEndgame": 42
    }
  },
  "predictedScores": {
    "redEPA": 46.27160322681368,
    "redAutonEPA": 15.080444044773568,
    "redTeleOpEPA": 7.010176109975298,
    "redEndgameEPA": 24.180983072064816,
    "blueEPA": 141.71939490404543,
    "blueAutonEPA": 32.882490046555034,
    "blueTeleOpEPA": 44.22671513425446,
    "blueEndgameEPA": 64.61018972323593
  }
}