{
  "predictedWinner": "Blue",
  "redTeams": [
    15411,
    15191
  ],
  "blueTeams": [
    12362,
    6811
  ],
  "actualWinner": "Red",
  "pointBreakdown": {
    "redData": {
      "redScore": 67,
      "redPenaltyFreeScore": 67,
      "redAuto": 16,
      "redTeleOp": 12,
      "redEndgame": 39
    },
    "blueData": {
      "blueScore": 59,
      "bluePenaltyFreeScore": 59,
      "blueAuto": 8,
      "blueTeleOp": 8,
      "blueEndgame": 43
    }
  },
  "predictedScores": {
    "redEPA": 54.57975451591578,
    "redAutonEPA": 8.883061717672238,
    "redTeleOpEPA": 16.624101365822828,
    "redEndgameEPA": 29.07259143242072,
    "blueEPA": 84.00420718055437,
    "blueAutonEPA": 31.03532582405476,
    "blueTeleOpEPA": 9.107628466797856,
    "blueEndgameEPA": 43.86125288970176
  }
}