{
  "winProbability": 0.9292657655474958,
  "predictedWinner": "Blue",
  "redTeams": [
    12379,
    23870
  ],
  "blueTeams": [
    12459,
    24253
  ],
  "actualWinner": "Blue",
  "pointBreakdown": {
    "redData": {
      "redScore": 55,
      "redPenaltyFreeScore": 40,
      "redAuto": 8,
      "redTeleOp": 27,
      "redEndgame": 5
    },
    "blueData": {
      "blueScore": 136,
      "bluePenaltyFreeScore": 106,
      "blueAuto": 38,
      "blueTeleOp": 53,
      "blueEndgame": 15
    }
  },
  "predictedScores": {
    "redEPA": 25.034622019728175,
    "redAutonEPA": 7.34377484048726,
    "redTeleOpEPA": 9.449981814265065,
    "redEndgameEPA": 8.24086536497585,
    "blueEPA": 85.41684460397664,
    "blueAutonEPA": 29.196247709164147,
    "blueTeleOpEPA": 41.56442189295598,
    "blueEndgameEPA": 14.656175001856516
  }
}