{
  "predictedWinner": "Blue",
  "redTeams": [
    20245,
    10104
  ],
  "blueTeams": [
    14634,
    11940
  ],
  "actualWinner": "Blue",
  "pointBreakdown": {
    "redData": {
      "redScore": 61,
      "redPenaltyFreeScore": 61,
      "redAuto": 26,
      "redTeleOp": 14,
      "redEndgame": 21
    },
    "blueData": {
      "blueScore": 110,
      "bluePenaltyFreeScore": 110,
      "blueAuto": 10,
      "blueTeleOp": 38,
      "blueEndgame": 62
    }
  },
  "predictedScores": {
    "redEPA": -30.862387115908337,
    "redAutonEPA": 46.58478889141667,
    "redTeleOpEPA": -95.55882404923825,
    "redEndgameEPA": 18.111648041913238,
    "blueEPA": 41.15122529332003,
    "blueAutonEPA": 18.746075934524864,
    "blueTeleOpEPA": -18.77148276181801,
    "blueEndgameEPA": 41.17663212061318
  }
}