{
  "predictedWinner": "Red",
  "redTeams": [
    11531,
    8529
  ],
  "blueTeams": [
    14933,
    20245
  ],
  "actualWinner": "Red",
  "pointBreakdown": {
    "redData": {
      "redScore": 88,
      "redPenaltyFreeScore": 88,
      "redAuto": 3,
      "redTeleOp": 22,
      "redEndgame": 63
    },
    "blueData": {
      "blueScore": 16,
      "bluePenaltyFreeScore": -14,
      "blueAuto": 30,
      "blueTeleOp": -54,
      "blueEndgame": 10
    }
  },
  "predictedScores": {
    "redEPA": 59.552250578491794,
    "redAutonEPA": 2.3797930295537104,
    "redTeleOpEPA": 40.3699368650032,
    "redEndgameEPA": 16.802520683934883,
    "blueEPA": 44.198716495075466,
    "blueAutonEPA": 6.071773058243538,
    "blueTeleOpEPA": 2.4900103467958985,
    "blueEndgameEPA": 35.63693309003603
  }
}