{
  "predictedWinner": "Blue",
  "redTeams": [
    14634,
    8513
  ],
  "blueTeams": [
    11855,
    8932
  ],
  "actualWinner": "Red",
  "pointBreakdown": {
    "redData": {
      "redScore": 166,
      "redPenaltyFreeScore": 166,
      "redAuto": 42,
      "redTeleOp": 50,
      "redEndgame": 74
    },
    "blueData": {
      "blueScore": 84,
      "bluePenaltyFreeScore": 84,
      "blueAuto": 22,
      "blueTeleOp": 26,
      "blueEndgame": 36
    }
  },
  "predictedScores": {
    "redEPA": 58.30548619473913,
    "redAutonEPA": 13.107909707162134,
    "redTeleOpEPA": 14.214849274766294,
    "redEndgameEPA": 30.9827272128107,
    "blueEPA": 72.79172117050877,
    "blueAutonEPA": 6.391209335177622,
    "blueTeleOpEPA": 21.988275501230213,
    "blueEndgameEPA": 44.41223633410093
  }
}