{
  "predictedWinner": "Red",
  "redTeams": [
    10255,
    11531
  ],
  "blueTeams": [
    5641,
    13335
  ],
  "actualWinner": "Red",
  "pointBreakdown": {
    "redData": {
      "redScore": 202,
      "redPenaltyFreeScore": 202,
      "redAuto": 48,
      "redTeleOp": 68,
      "redEndgame": 86
    },
    "blueData": {
      "blueScore": 8,
      "bluePenaltyFreeScore": 8,
      "blueAuto": 5,
      "blueTeleOp": 0,
      "blueEndgame": 3
    }
  },
  "predictedScores": {
    "redEPA": 128.49796225164272,
    "redAutonEPA": 41.75838493835511,
    "redTeleOpEPA": 7.090449255799101,
    "redEndgameEPA": 79.64912805748851,
    "blueEPA": 37.798967125745875,
    "blueAutonEPA": 11.715894822955306,
    "blueTeleOpEPA": -4.729366816821642,
    "blueEndgameEPA": 30.81243911961221
  }
}