{
  "predictedWinner": "Red",
  "redTeams": [
    10255,
    5663
  ],
  "blueTeams": [
    5384,
    21914
  ],
  "actualWinner": "Red",
  "pointBreakdown": {
    "redData": {
      "redScore": 214,
      "redPenaltyFreeScore": 214,
      "redAuto": 49,
      "redTeleOp": 165,
      "redEndgame": null
    },
    "blueData": {
      "blueScore": 137,
      "bluePenaltyFreeScore": 127,
      "blueAuto": 18,
      "blueTeleOp": 109,
      "blueEndgame": null
    }
  },
  "predictedScores": {
    "redEPA": 230.39246798685696,
    "redAutonEPA": 56.521901886953664,
    "redTeleOpEPA": 173.8705660999033,
    "redEndgameEPA": 0,
    "blueEPA": 107.90453952263977,
    "blueAutonEPA": 17.819410189977333,
    "blueTeleOpEPA": 90.08512933266243,
    "blueEndgameEPA": 0
  }
}