{
  "predictedWinner": "Blue",
  "redTeams": [
    10024,
    6482
  ],
  "blueTeams": [
    20882,
    9931
  ],
  "actualWinner": "Blue",
  "pointBreakdown": {
    "redData": {
      "redScore": 81,
      "redPenaltyFreeScore": 81,
      "redAuto": 23,
      "redTeleOp": 43,
      "redEndgame": 15
    },
    "blueData": {
      "blueScore": 105,
      "bluePenaltyFreeScore": 105,
      "blueAuto": 23,
      "blueTeleOp": 55,
      "blueEndgame": 27
    }
  },
  "predictedScores": {
    "redEPA": 89.45394894734137,
    "redAutonEPA": 23.619345136855593,
    "redTeleOpEPA": 34.158723690343706,
    "redEndgameEPA": 31.67588012014208,
    "blueEPA": 134.31349015145003,
    "blueAutonEPA": 50.26403950323812,
    "blueTeleOpEPA": 50.60946212356606,
    "blueEndgameEPA": 33.43998852464584
  }
}