{
  "predictedWinner": "Blue",
  "redTeams": [
    14941,
    14938
  ],
  "blueTeams": [
    24076,
    14670
  ],
  "actualWinner": "Blue",
  "pointBreakdown": {
    "redData": {
      "redScore": 20,
      "redPenaltyFreeScore": 20,
      "redAuto": 5,
      "redTeleOp": 5,
      "redEndgame": 10
    },
    "blueData": {
      "blueScore": 57,
      "bluePenaltyFreeScore": 57,
      "blueAuto": 22,
      "blueTeleOp": 10,
      "blueEndgame": 25
    }
  },
  "predictedScores": {
    "redEPA": 15.17814390243524,
    "redAutonEPA": 1.9579948426583789,
    "redTeleOpEPA": 5.012272305651361,
    "redEndgameEPA": 8.2078767541255,
    "blueEPA": 45.47893461445081,
    "blueAutonEPA": 2.3749026356012086,
    "blueTeleOpEPA": 15.76718004575082,
    "blueEndgameEPA": 27.336851933098778
  }
}