{
  "predictedWinner": "Red",
  "redTeams": [
    10735,
    6811
  ],
  "blueTeams": [
    19770,
    14018
  ],
  "actualWinner": "Red",
  "pointBreakdown": {
    "redData": {
      "redScore": 112,
      "redPenaltyFreeScore": 112,
      "redAuto": 20,
      "redTeleOp": 12,
      "redEndgame": 80
    },
    "blueData": {
      "blueScore": 64,
      "bluePenaltyFreeScore": 64,
      "blueAuto": 15,
      "blueTeleOp": 6,
      "blueEndgame": 43
    }
  },
  "predictedScores": {
    "redEPA": 89.6334260920835,
    "redAutonEPA": 12.379219055559249,
    "redTeleOpEPA": 23.029766033036246,
    "redEndgameEPA": 54.224441003488,
    "blueEPA": 40.53299079001111,
    "blueAutonEPA": 19.542829984591883,
    "blueTeleOpEPA": 0.5632836059414537,
    "blueEndgameEPA": 20.426877199477776
  }
}