{
  "predictedWinner": "Tie",
  "redTeams": [
    8656,
    9458
  ],
  "blueTeams": [
    14018,
    10735
  ],
  "actualWinner": "Blue",
  "pointBreakdown": {
    "redData": {
      "redScore": 27,
      "redPenaltyFreeScore": 27,
      "redAuto": 5,
      "redTeleOp": 12,
      "redEndgame": 10
    },
    "blueData": {
      "blueScore": 48,
      "bluePenaltyFreeScore": 48,
      "blueAuto": 5,
      "blueTeleOp": 0,
      "blueEndgame": 43
    }
  },
  "predictedScores": {
    "redEPA": 46.56521739130435,
    "redAutonEPA": 14.619565217391305,
    "redTeleOpEPA": -3.5869565217391255,
    "redEndgameEPA": 35.53260869565217,
    "blueEPA": 46.56521739130435,
    "blueAutonEPA": 14.619565217391305,
    "blueTeleOpEPA": -3.5869565217391255,
    "blueEndgameEPA": 35.53260869565217
  }
}