{
  "predictedWinner": "Blue",
  "redTeams": [
    11717,
    15182
  ],
  "blueTeams": [
    13019,
    16536
  ],
  "actualWinner": "Blue",
  "pointBreakdown": {
    "redData": {
      "redScore": 43,
      "redPenaltyFreeScore": 23,
      "redAuto": 25,
      "redTeleOp": -22,
      "redEndgame": 20
    },
    "blueData": {
      "blueScore": 90,
      "bluePenaltyFreeScore": 50,
      "blueAuto": 61,
      "blueTeleOp": -56,
      "blueEndgame": 45
    }
  },
  "predictedScores": {
    "redEPA": 22.802284591151594,
    "redAutonEPA": 12.068989287807444,
    "redTeleOpEPA": -9.357130784269916,
    "redEndgameEPA": 20.090426087614066,
    "blueEPA": 48.195798468449276,
    "blueAutonEPA": 20.62571515507168,
    "blueTeleOpEPA": 6.553818187010766,
    "blueEndgameEPA": 21.01626512636683
  }
}