{
  "predictedWinner": "Blue",
  "redTeams": [
    15004,
    7693
  ],
  "blueTeams": [
    16536,
    15182
  ],
  "actualWinner": "Red",
  "pointBreakdown": {
    "redData": {
      "redScore": 115,
      "redPenaltyFreeScore": 105,
      "redAuto": 39,
      "redTeleOp": 7,
      "redEndgame": 59
    },
    "blueData": {
      "blueScore": 70,
      "bluePenaltyFreeScore": 70,
      "blueAuto": 31,
      "blueTeleOp": 0,
      "blueEndgame": 39
    }
  },
  "predictedScores": {
    "redEPA": 36.96200746506034,
    "redAutonEPA": 12.57752827975587,
    "redTeleOpEPA": -3.4680523250034696,
    "redEndgameEPA": 27.85253151030794,
    "blueEPA": 44.2051605584382,
    "blueAutonEPA": 11.682271475716188,
    "blueTeleOpEPA": 7.487502733544066,
    "blueEndgameEPA": 25.03538634917795
  }
}