{
  "predictedWinner": "Tie",
  "redTeams": [
    12459,
    12303
  ],
  "blueTeams": [
    12294,
    14941
  ],
  "actualWinner": "Red",
  "pointBreakdown": {
    "redData": {
      "redScore": 26,
      "redPenaltyFreeScore": 26,
      "redAuto": 0,
      "redTeleOp": 18,
      "redEndgame": 8
    },
    "blueData": {
      "blueScore": 7,
      "bluePenaltyFreeScore": 7,
      "blueAuto": 0,
      "blueTeleOp": 4,
      "blueEndgame": 3
    }
  },
  "predictedScores": {
    "redEPA": 28.883333333333333,
    "redAutonEPA": 5.333333333333333,
    "redTeleOpEPA": 15.766666666666667,
    "redEndgameEPA": 7.783333333333333,
    "blueEPA": 28.883333333333333,
    "blueAutonEPA": 5.333333333333333,
    "blueTeleOpEPA": 15.766666666666667,
    "blueEndgameEPA": 7.783333333333333
  }
}