{
  "predictedWinner": "Blue",
  "redTeams": [
    14033,
    14944
  ],
  "blueTeams": [
    10803,
    12294
  ],
  "actualWinner": "Blue",
  "pointBreakdown": {
    "redData": {
      "redScore": 2,
      "redPenaltyFreeScore": 2,
      "redAuto": 0,
      "redTeleOp": 0,
      "redEndgame": 2
    },
    "blueData": {
      "blueScore": 23,
      "bluePenaltyFreeScore": 23,
      "blueAuto": 10,
      "blueTeleOp": 7,
      "blueEndgame": 6
    }
  },
  "predictedScores": {
    "redEPA": 3.3654300086255007,
    "redAutonEPA": -3.091537464367172,
    "redTeleOpEPA": 1.7129401637356043,
    "redEndgameEPA": 4.744027309257069,
    "blueEPA": 14.044568628217979,
    "blueAutonEPA": 4.2460748079438675,
    "blueTeleOpEPA": 4.307719456112612,
    "blueEndgameEPA": 5.490774364161498
  }
}