{
  "predictedWinner": "Red",
  "redTeams": [
    11617,
    14657
  ],
  "blueTeams": [
    16273,
    13462
  ],
  "actualWinner": "Red",
  "pointBreakdown": {
    "redData": {
      "redScore": 58,
      "redPenaltyFreeScore": 58,
      "redAuto": 25,
      "redTeleOp": 33
    },
    "blueData": {
      "blueScore": 21,
      "bluePenaltyFreeScore": 21,
      "blueAuto": 10,
      "blueTeleOp": 11
    }
  },
  "predictedScores": {
    "redEPA": 60.482769492015805,
    "redAutonEPA": 19.214063628293943,
    "redTeleOpEPA": 41.26870586372186,
    "blueEPA": 29.48639436938867,
    "blueAutonEPA": 12.349498165492506,
    "blueTeleOpEPA": 17.136896203896164
  }
}