{
  "predictedWinner": "Blue",
  "redTeams": [
    15397,
    5976
  ],
  "blueTeams": [
    8734,
    11360
  ],
  "actualWinner": "Blue",
  "pointBreakdown": {
    "redData": {
      "redScore": 12,
      "redPenaltyFreeScore": 7,
      "redAuto": 5,
      "redTeleOp": 2,
      "redEndgame": 0
    },
    "blueData": {
      "blueScore": 92,
      "bluePenaltyFreeScore": 47,
      "blueAuto": 15,
      "blueTeleOp": 17,
      "blueEndgame": 15
    }
  },
  "predictedScores": {
    "redEPA": 26.45722013348817,
    "redAutonEPA": 2.4860109892738684,
    "redTeleOpEPA": 12.235716927349355,
    "redEndgameEPA": 11.735492216864948,
    "blueEPA": 35.492992971649635,
    "blueAutonEPA": 12.926463237389374,
    "blueTeleOpEPA": 6.214051342306707,
    "blueEndgameEPA": 16.352478391953554
  }
}