{
  "predictedWinner": "Red",
  "redTeams": [
    5976,
    8646
  ],
  "blueTeams": [
    17024,
    13462
  ],
  "actualWinner": "Blue",
  "pointBreakdown": {
    "redData": {
      "redScore": 19,
      "redPenaltyFreeScore": 19,
      "redAuto": 0,
      "redTeleOp": 14,
      "redEndgame": 5
    },
    "blueData": {
      "blueScore": 28,
      "bluePenaltyFreeScore": 28,
      "blueAuto": 10,
      "blueTeleOp": 3,
      "blueEndgame": 15
    }
  },
  "predictedScores": {
    "redEPA": 55.7841400799675,
    "redAutonEPA": 22.52814355032086,
    "redTeleOpEPA": 12.517994831580594,
    "redEndgameEPA": 20.738001698066043,
    "blueEPA": 28.255329031627866,
    "blueAutonEPA": 12.577771678646375,
    "blueTeleOpEPA": 9.29225100612881,
    "blueEndgameEPA": 6.385306346852682
  }
}