{
  "predictedWinner": "Tie",
  "redTeams": [
    8734,
    15465
  ],
  "blueTeams": [
    16273,
    7668
  ],
  "actualWinner": "Blue",
  "pointBreakdown": {
    "redData": {
      "redScore": 31,
      "redPenaltyFreeScore": 31,
      "redAuto": 10,
      "redTeleOp": 6,
      "redEndgame": 15
    },
    "blueData": {
      "blueScore": 71,
      "bluePenaltyFreeScore": 51,
      "blueAuto": 20,
      "blueTeleOp": 16,
      "blueEndgame": 15
    }
  },
  "predictedScores": {
    "redEPA": 29.37560975609756,
    "redAutonEPA": 9.517073170731708,
    "redTeleOpEPA": 10.480487804878049,
    "redEndgameEPA": 9.378048780487806,
    "blueEPA": 29.37560975609756,
    "blueAutonEPA": 9.517073170731708,
    "blueTeleOpEPA": 10.480487804878049,
    "blueEndgameEPA": 9.378048780487806
  }
}