{
  "predictedWinner": "Tie",
  "redTeams": [
    17024,
    17463
  ],
  "blueTeams": [
    11729,
    14657
  ],
  "actualWinner": "Blue",
  "pointBreakdown": {
    "redData": {
      "redScore": 15,
      "redPenaltyFreeScore": 15,
      "redAuto": 5,
      "redTeleOp": 5,
      "redEndgame": 5
    },
    "blueData": {
      "blueScore": 50,
      "bluePenaltyFreeScore": 50,
      "blueAuto": 14,
      "blueTeleOp": 21,
      "blueEndgame": 15
    }
  },
  "predictedScores": {
    "redEPA": 29.37560975609756,
    "redAutonEPA": 9.517073170731708,
    "redTeleOpEPA": 10.480487804878049,
    "redEndgameEPA": 9.378048780487806,
    "blueEPA": 29.37560975609756,
    "blueAutonEPA": 9.517073170731708,
    "blueTeleOpEPA": 10.480487804878049,
    "blueEndgameEPA": 9.378048780487806
  }
}