{
  "predictedWinner": "Red",
  "redTeams": [
    5976,
    8646
  ],
  "blueTeams": [
    17024,
    13462
  ],
  "actualWinner": "Blue",
  "pointBreakdown": {
    "redData": {
      "redScore": 19,
      "redPenaltyFreeScore": 19,
      "redAuto": 0,
      "redTeleOp": 19
    },
    "blueData": {
      "blueScore": 28,
      "bluePenaltyFreeScore": 28,
      "blueAuto": 10,
      "blueTeleOp": 18
    }
  },
  "predictedScores": {
    "redEPA": 49.89552605757615,
    "redAutonEPA": 19.671702270535746,
    "redTeleOpEPA": 30.223823787040402,
    "blueEPA": 19.420788657309004,
    "blueAutonEPA": 9.907271327686487,
    "blueTeleOpEPA": 9.513517329622516
  }
}