{
  "predictedWinner": "Red",
  "redTeams": [
    13417,
    8734
  ],
  "blueTeams": [
    15358,
    8646
  ],
  "actualWinner": "Blue",
  "pointBreakdown": {
    "redData": {
      "redScore": 54,
      "redPenaltyFreeScore": 54,
      "redAuto": 15,
      "redTeleOp": 39
    },
    "blueData": {
      "blueScore": 44,
      "bluePenaltyFreeScore": 44,
      "blueAuto": 20,
      "blueTeleOp": 24
    }
  },
  "predictedScores": {
    "redEPA": 47.9282264794637,
    "redAutonEPA": 12.854780456502322,
    "redTeleOpEPA": 35.07344602296138,
    "blueEPA": 28.727443229752154,
    "blueAutonEPA": 10.128866233463475,
    "blueTeleOpEPA": 18.598576996288678
  }
}