{
  "predictedWinner": "Blue",
  "redTeams": [
    8646,
    11617
  ],
  "blueTeams": [
    11360,
    10020
  ],
  "actualWinner": "Blue",
  "pointBreakdown": {
    "redData": {
      "redScore": 46,
      "redPenaltyFreeScore": 46,
      "redAuto": 20,
      "redTeleOp": 26
    },
    "blueData": {
      "blueScore": 48,
      "bluePenaltyFreeScore": 48,
      "blueAuto": 20,
      "blueTeleOp": 28
    }
  },
  "predictedScores": {
    "redEPA": 22.80154857607586,
    "redAutonEPA": 11.447870384868192,
    "redTeleOpEPA": 11.353678191207667,
    "blueEPA": 53.04827092527704,
    "blueAutonEPA": 19.491113200036185,
    "blueTeleOpEPA": 33.557157725240856
  }
}