{
  "predictedWinner": "Blue",
  "redTeams": [
    12379,
    10812
  ],
  "blueTeams": [
    14939,
    12459
  ],
  "actualWinner": "Blue",
  "pointBreakdown": {
    "redData": {
      "redScore": 17,
      "redPenaltyFreeScore": 17,
      "redAuto": 5,
      "redTeleOp": 12
    },
    "blueData": {
      "blueScore": 16,
      "bluePenaltyFreeScore": 16,
      "blueAuto": 5,
      "blueTeleOp": 11
    }
  },
  "predictedScores": {
    "redEPA": 10.853336649672379,
    "redAutonEPA": 2.4609659197392544,
    "redTeleOpEPA": 8.392370729933123,
    "blueEPA": 15.745454323123774,
    "blueAutonEPA": 8.277604215127742,
    "blueTeleOpEPA": 7.467850107996032
  }
}