{
  "predictedWinner": "Red",
  "redTeams": [
    8987,
    8482
  ],
  "blueTeams": [
    8777,
    14033
  ],
  "actualWinner": "Blue",
  "pointBreakdown": {
    "redData": {
      "redScore": 17,
      "redPenaltyFreeScore": 17,
      "redAuto": 10,
      "redTeleOp": 7
    },
    "blueData": {
      "blueScore": 11,
      "bluePenaltyFreeScore": 11,
      "blueAuto": 5,
      "blueTeleOp": 6
    }
  },
  "predictedScores": {
    "redEPA": 21.923789568392042,
    "redAutonEPA": 10.689925259406616,
    "redTeleOpEPA": 11.233864308985426,
    "blueEPA": 14.93353162608325,
    "blueAutonEPA": 2.6298295387257955,
    "blueTeleOpEPA": 12.303702087357454
  }
}