{
  "predictedWinner": "Blue",
  "redTeams": [
    8987,
    12467
  ],
  "blueTeams": [
    7048,
    10636
  ],
  "actualWinner": "Blue",
  "pointBreakdown": {
    "redData": {
      "redScore": 18,
      "redPenaltyFreeScore": 18,
      "redAuto": 5,
      "redTeleOp": 8,
      "redEndgame": 5
    },
    "blueData": {
      "blueScore": 25,
      "bluePenaltyFreeScore": 25,
      "blueAuto": 2,
      "blueTeleOp": 8,
      "blueEndgame": 15
    }
  },
  "predictedScores": {
    "redEPA": 13.071573186967813,
    "redAutonEPA": 5.536960630718327,
    "redTeleOpEPA": 3.3906391328371894,
    "redEndgameEPA": 4.143973423412296,
    "blueEPA": 23.220492556990216,
    "blueAutonEPA": -1.350382644822456,
    "blueTeleOpEPA": 12.239722399213054,
    "blueEndgameEPA": 12.331152802599618
  }
}