{
  "predictedWinner": "Blue",
  "redTeams": [
    10636,
    14941
  ],
  "blueTeams": [
    14937,
    14379
  ],
  "actualWinner": "Blue",
  "pointBreakdown": {
    "redData": {
      "redScore": 4,
      "redPenaltyFreeScore": 4,
      "redAuto": 0,
      "redTeleOp": 4
    },
    "blueData": {
      "blueScore": 5,
      "bluePenaltyFreeScore": 5,
      "blueAuto": 0,
      "blueTeleOp": 5
    }
  },
  "predictedScores": {
    "redEPA": 4.509919364717989,
    "redAutonEPA": 2.6950785623541744,
    "redTeleOpEPA": 1.8148408023638147,
    "blueEPA": 11.557583459651932,
    "blueAutonEPA": -3.2147943598046274,
    "blueTeleOpEPA": 14.772377819456558
  }
}