{
  "predictedWinner": "Red",
  "redTeams": [
    12379,
    12303
  ],
  "blueTeams": [
    14944,
    15770
  ],
  "actualWinner": "Red",
  "pointBreakdown": {
    "redData": {
      "redScore": 44,
      "redPenaltyFreeScore": 44,
      "redAuto": 25,
      "redTeleOp": 14,
      "redEndgame": 5
    },
    "blueData": {
      "blueScore": 2,
      "bluePenaltyFreeScore": 2,
      "blueAuto": 0,
      "blueTeleOp": 2,
      "blueEndgame": 0
    }
  },
  "predictedScores": {
    "redEPA": 20.347459162940527,
    "redAutonEPA": 3.686146732460371,
    "redTeleOpEPA": 5.737901911220661,
    "redEndgameEPA": 10.923410519259495,
    "blueEPA": 0.6695620775860833,
    "blueAutonEPA": 0.20819649041561866,
    "blueTeleOpEPA": -1.5091391855616698,
    "blueEndgameEPA": 1.9705047727321345
  }
}