{
  "predictedWinner": "Blue",
  "redTeams": [
    15770,
    13026
  ],
  "blueTeams": [
    15719,
    8987
  ],
  "actualWinner": "Blue",
  "pointBreakdown": {
    "redData": {
      "redScore": 5,
      "redPenaltyFreeScore": 0,
      "redAuto": 0,
      "redTeleOp": 0
    },
    "blueData": {
      "blueScore": 15,
      "bluePenaltyFreeScore": 15,
      "blueAuto": 10,
      "blueTeleOp": 5
    }
  },
  "predictedScores": {
    "redEPA": -0.4171491524994644,
    "redAutonEPA": 1.2641394471333351,
    "redTeleOpEPA": -1.6812885996327995,
    "blueEPA": 15.08216735159965,
    "blueAutonEPA": 7.685557584319856,
    "blueTeleOpEPA": 7.396609767279795
  }
}