{
  "predictedWinner": "Blue",
  "redTeams": [
    15322,
    12659
  ],
  "blueTeams": [
    16646,
    13513
  ],
  "actualWinner": "Blue",
  "pointBreakdown": {
    "redData": {
      "redScore": 18,
      "redPenaltyFreeScore": 18,
      "redAuto": 10,
      "redTeleOp": 8
    },
    "blueData": {
      "blueScore": 53,
      "bluePenaltyFreeScore": 38,
      "blueAuto": 20,
      "blueTeleOp": 18
    }
  },
  "predictedScores": {
    "redEPA": 35.09663287421949,
    "redAutonEPA": 18.401050742206557,
    "redTeleOpEPA": 16.69558213201293,
    "blueEPA": 39.64680187608271,
    "blueAutonEPA": 8.997249783020028,
    "blueTeleOpEPA": 30.649552093062685
  }
}