{
  "predictedWinner": "Blue",
  "redTeams": [
    8027,
    14859
  ],
  "blueTeams": [
    13513,
    6070
  ],
  "actualWinner": "Red",
  "pointBreakdown": {
    "redData": {
      "redScore": 51,
      "redPenaltyFreeScore": 51,
      "redAuto": 15,
      "redTeleOp": 21,
      "redEndgame": 15
    },
    "blueData": {
      "blueScore": 31,
      "bluePenaltyFreeScore": 31,
      "blueAuto": 5,
      "blueTeleOp": 11,
      "blueEndgame": 15
    }
  },
  "predictedScores": {
    "redEPA": 24.30152037950341,
    "redAutonEPA": 14.819421049395924,
    "redTeleOpEPA": 5.653348700272188,
    "redEndgameEPA": 3.8287506298352967,
    "blueEPA": 38.867149955114286,
    "blueAutonEPA": 8.049416661963212,
    "blueTeleOpEPA": 17.257572675346914,
    "blueEndgameEPA": 13.560160617804156
  }
}