{
  "predictedWinner": "Blue",
  "redTeams": [
    14558,
    6494
  ],
  "blueTeams": [
    8529,
    5385
  ],
  "actualWinner": "Blue",
  "pointBreakdown": {
    "redData": {
      "redScore": 21,
      "redPenaltyFreeScore": 21,
      "redAuto": 5,
      "redTeleOp": 1,
      "redEndgame": 15
    },
    "blueData": {
      "blueScore": 65,
      "bluePenaltyFreeScore": 65,
      "blueAuto": 22,
      "blueTeleOp": 28,
      "blueEndgame": 15
    }
  },
  "predictedScores": {
    "redEPA": 28.955940001639494,
    "redAutonEPA": 7.482962608161211,
    "redTeleOpEPA": 8.889641132692024,
    "redEndgameEPA": 12.583336260786258,
    "blueEPA": 42.70444756710942,
    "blueAutonEPA": 23.412917795844624,
    "blueTeleOpEPA": 11.88726175739124,
    "blueEndgameEPA": 7.404268013873555
  }
}