{
  "predictedWinner": "Blue",
  "redTeams": [
    14486,
    8733
  ],
  "blueTeams": [
    7023,
    5663
  ],
  "actualWinner": "Blue",
  "pointBreakdown": {
    "redData": {
      "redScore": 42,
      "redPenaltyFreeScore": 42,
      "redAuto": 20,
      "redTeleOp": 7,
      "redEndgame": 15
    },
    "blueData": {
      "blueScore": 49,
      "bluePenaltyFreeScore": 49,
      "blueAuto": 20,
      "blueTeleOp": 14,
      "blueEndgame": 15
    }
  },
  "predictedScores": {
    "redEPA": 28.257324322214416,
    "redAutonEPA": 12.098085137229972,
    "redTeleOpEPA": 8.842096311909621,
    "redEndgameEPA": 7.317142873074822,
    "blueEPA": 29.37560975609756,
    "blueAutonEPA": 9.517073170731708,
    "blueTeleOpEPA": 10.480487804878049,
    "blueEndgameEPA": 9.378048780487806
  }
}