{
  "predictedWinner": "Blue",
  "redTeams": [
    5618,
    9133
  ],
  "blueTeams": [
    9499,
    8027
  ],
  "actualWinner": "Red",
  "pointBreakdown": {
    "redData": {
      "redScore": 49,
      "redPenaltyFreeScore": 49,
      "redAuto": 15,
      "redTeleOp": 19,
      "redEndgame": 15
    },
    "blueData": {
      "blueScore": 29,
      "bluePenaltyFreeScore": 29,
      "blueAuto": 20,
      "blueTeleOp": 9,
      "blueEndgame": 0
    }
  },
  "predictedScores": {
    "redEPA": 29.37560975609756,
    "redAutonEPA": 9.517073170731708,
    "redTeleOpEPA": 10.480487804878049,
    "redEndgameEPA": 9.378048780487806,
    "blueEPA": 33.66886533322942,
    "blueAutonEPA": 14.384531874146429,
    "blueTeleOpEPA": 8.455683734861058,
    "blueEndgameEPA": 10.828649724221933
  }
}