{
  "predictedWinner": "Red",
  "redTeams": [
    11266,
    16646
  ],
  "blueTeams": [
    14634,
    15339
  ],
  "actualWinner": "Blue",
  "pointBreakdown": {
    "redData": {
      "redScore": 53,
      "redPenaltyFreeScore": 53,
      "redAuto": 20,
      "redTeleOp": 33
    },
    "blueData": {
      "blueScore": 41,
      "bluePenaltyFreeScore": 21,
      "blueAuto": 5,
      "blueTeleOp": 16
    }
  },
  "predictedScores": {
    "redEPA": 45.683741776435625,
    "redAutonEPA": 15.966636946027968,
    "redTeleOpEPA": 29.717104830407656,
    "blueEPA": 17.496754485379277,
    "blueAutonEPA": 3.558335132708018,
    "blueTeleOpEPA": 13.938419352671259
  }
}