{
  "predictedWinner": "Blue",
  "redTeams": [
    13028,
    9087
  ],
  "blueTeams": [
    14634,
    14486
  ],
  "actualWinner": "Blue",
  "pointBreakdown": {
    "redData": {
      "redScore": 36,
      "redPenaltyFreeScore": 36,
      "redAuto": 10,
      "redTeleOp": 26
    },
    "blueData": {
      "blueScore": 44,
      "bluePenaltyFreeScore": 44,
      "blueAuto": 15,
      "blueTeleOp": 29
    }
  },
  "predictedScores": {
    "redEPA": 31.200272436231888,
    "redAutonEPA": -0.36954526629642936,
    "redTeleOpEPA": 31.56981770252832,
    "blueEPA": 54.07004313806446,
    "blueAutonEPA": 21.862554330500934,
    "blueTeleOpEPA": 32.20748880756353
  }
}