{
  "predictedWinner": "Red",
  "redTeams": [
    5618,
    9133
  ],
  "blueTeams": [
    9499,
    8027
  ],
  "actualWinner": "Blue",
  "pointBreakdown": {
    "redData": {
      "redScore": 49,
      "redPenaltyFreeScore": 49,
      "redAuto": 15,
      "redTeleOp": 34
    },
    "blueData": {
      "blueScore": 29,
      "bluePenaltyFreeScore": 29,
      "blueAuto": 20,
      "blueTeleOp": 9
    }
  },
  "predictedScores": {
    "redEPA": 50.97619673236984,
    "redAutonEPA": 13.844034955967455,
    "redTeleOpEPA": 37.132161776402384,
    "blueEPA": 39.379815071816424,
    "blueAutonEPA": 17.828493578045595,
    "blueTeleOpEPA": 21.55132149377083
  }
}