{
  "predictedWinner": "Red",
  "redTeams": [
    20282,
    14005
  ],
  "blueTeams": [
    16297,
    14771
  ],
  "actualWinner": "Red",
  "pointBreakdown": {
    "redData": {
      "redScore": 30,
      "redPenaltyFreeScore": 30,
      "redAuto": 10,
      "redTeleOp": 8,
      "redEndgame": 12
    },
    "blueData": {
      "blueScore": 26,
      "bluePenaltyFreeScore": 26,
      "blueAuto": 3,
      "blueTeleOp": 10,
      "blueEndgame": 13
    }
  },
  "predictedScores": {
    "redEPA": 59.41743172268198,
    "redAutonEPA": 10.383445267879123,
    "redTeleOpEPA": 20.483698288361346,
    "redEndgameEPA": 28.55028816644151,
    "blueEPA": 4.979472498587331,
    "blueAutonEPA": 4.710088629469761,
    "blueTeleOpEPA": -14.343477473129566,
    "blueEndgameEPA": 14.612861342247136
  }
}