{
  "teamNumber": 10721,
  "teamName": "Vikings",
  "wins": 3,
  "loss": 7,
  "ties": 0,
  "elo": 1500,
  "totalEPA": 23.60626081435647,
  "autonEPA": 2.7724532703622513,
  "endgameEPA": 12.935862166045752,
  "unitlessEPA": 1447.3386308201316,
  "teleOpEPA": 20.83380754399422,
  "totalEPAOverTime": [
    9.386363636363637,
    9.742789310706362,
    15.088750282773146,
    24.020269259074567,
    17.561065031170727,
    7.4581814475779264,
    10.35547237563739,
    5.231833040303886,
    -4.436205834093569,
    -7.174010629403276,
    -6.318632433767846,
    20.082375399030774,
    23.60626081435647
  ],
  "teleOpEPAOverTime": [
    2.750000000000001,
    7.734854559107047,
    13.042530314239867,
    23.90585128871533,
    21.21627400256255,
    10.281767404921188,
    12.222646163501635,
    7.12998291402914,
    0.9985355244904479,
    2.8840312251559697,
    2.042401312777983,
    18.57874255501337,
    20.83380754399422
  ],
  "autonEPAOverTime": [
    2.053030303030303,
    2.0079347515993153,
    2.0462199685332796,
    0.11441797035923686,
    -3.655208971391823,
    -2.823585957343262,
    -1.8671737878642438,
    -1.8981498737252538,
    -5.4347413585840165,
    -10.058041854559246,
    -8.361033746545829,
    1.5036328440174034,
    2.7724532703622513
  ],
  "endGameEPAOverTime": [
    4.583333333333333,
    4.164165105754824,
    8.057052032099692,
    17.004722322862076,
    10.527841227317356,
    3.659181548649731,
    4.603885378769087,
    3.0726822600853505,
    -0.6743307277176424,
    -2.4124335114276594,
    -3.2243318081049193,
    9.584515303380538,
    12.935862166045752
  ],
  "unitlessEPAOverTime": [
    1500,
    1416.5694793449313,
    1449.1946762855985,
    1503.7017269550095,
    1464.2826569100816,
    1402.627031606121,
    1420.3085462330046,
    1374.1102171437092,
    1335.5797573742964,
    1324.6686637292823,
    1328.0776400048994,
    1433.2947355698977,
    1447.3386308201316
  ],
  "EPA Rank": 336,
  "Auto EPA Rank": 420,
  "TeleOp EPA Rank": 274,
  "Endgame EPA Rank": 299
}