{
  "teamNumber": 10803,
  "teamName": "Awesome Aviators",
  "wins": 10,
  "loss": 13,
  "ties": 0,
  "elo": 1500,
  "totalEPA": 10.576939852633078,
  "autonEPA": 4.250498047877855,
  "endgameEPA": 7.369491597948625,
  "unitlessEPA": 1404.729282562699,
  "teleOpEPA": 6.326441804755223,
  "totalEPAOverTime": [
    9.386363636363637,
    9.850475808555364,
    4.636961111883531,
    0.5827151837529803,
    -1.7568746879995367,
    -1.0147384329639881,
    -2.088649591984673,
    -1.138268599381167,
    6.988467860309077,
    20.192878238216966,
    24.176734167513338,
    25.310643503612575,
    25.502191269146614,
    27.79458499825233,
    26.39806648685856,
    18.551493292774243,
    16.757616524231562,
    15.515846953483697,
    13.441061275569341,
    11.7923431899722,
    12.952082026143206,
    22.605734337306433,
    25.524718185181662,
    14.705495670192875,
    10.576939852633078,
    10.576939852633078,
    10.576939852633078,
    10.576939852633078
  ],
  "teleOpEPAOverTime": [
    2.750000000000001,
    6.362041111299182,
    2.0554036820440564,
    -1.0145872746043616,
    -5.162232116556787,
    -4.900326238750189,
    -4.561728334875002,
    -3.8569958346180573,
    5.076047384926363,
    15.469481321026837,
    18.270958757132966,
    20.53728657649039,
    20.85805128260822,
    21.61710782211825,
    18.732302688681994,
    11.925323388274535,
    11.155969064145538,
    9.861688173563856,
    6.946345261443617,
    4.74964827563847,
    6.423330373325558,
    18.207448928884897,
    18.579392292495744,
    9.53711126436726,
    6.326441804755223,
    6.326441804755223,
    6.326441804755223,
    6.326441804755223
  ],
  "autonEPAOverTime": [
    2.053030303030303,
    3.4884346972561824,
    2.581557429839475,
    1.5973024583573419,
    3.4053574285572505,
    3.8855878057862014,
    2.473078742890329,
    2.7187272352368903,
    1.9124204753827145,
    4.723396917190129,
    5.905775410380372,
    4.773356927122182,
    4.644139986538394,
    6.177477176134081,
    7.665763798176567,
    6.626169904499709,
    5.601647460086025,
    5.654158779919841,
    6.494716014125724,
    7.0426949143337305,
    6.528751652817648,
    4.398285408421535,
    6.945325892685918,
    5.1683844058256145,
    4.250498047877855,
    4.250498047877855,
    4.250498047877855,
    4.250498047877855
  ],
  "endGameEPAOverTime": [
    4.583333333333333,
    3.821264630019777,
    3.5378167623304932,
    4.334020887790827,
    5.752318342786378,
    7.9605784334677745,
    8.229743933350694,
    6.927564388903356,
    11.577491645954204,
    16.960372607285386,
    15.34878330200772,
    12.174940622354024,
    11.301122480251125,
    11.434103344926799,
    10.13463432429462,
    6.799303807476733,
    6.945777856210553,
    5.113545002260985,
    2.4881194791899865,
    1.372604848017242,
    6.271883443471463,
    15.35940402202596,
    14.505805567073821,
    9.268961669042703,
    7.369491597948625,
    7.369491597948625,
    7.369491597948625,
    7.369491597948625
  ],
  "unitlessEPAOverTime": [
    1500,
    1413.1705643095145,
    1386.4070275329768,
    1365.594587881101,
    1353.5843216369806,
    1357.3940722774698,
    1351.8811577713436,
    1354.1085755396898,
    1391.059763250599,
    1451.0984576153164,
    1469.2125196360084,
    1474.3682542821584,
    1475.2391964463297,
    1485.3209695226417,
    1478.977558146731,
    1443.3360387145292,
    1435.1877054072972,
    1429.5472107363887,
    1420.1229038156566,
    1411.9699334764039,
    1416.9431851130291,
    1458.3404727251382,
    1470.8578091684508,
    1424.4622635494654,
    1406.7579784671725,
    1404.729282562699,
    1404.729282562699,
    1404.729282562699
  ],
  "EPA Rank": 452,
  "Auto EPA Rank": 385,
  "TeleOp EPA Rank": 465,
  "Endgame EPA Rank": 401
}