{
  "teamNumber": 12326,
  "teamName": "WIMA Tall Duck Technicians",
  "wins": 1,
  "loss": 4,
  "ties": 0,
  "elo": 1500,
  "totalEPA": -8.861232949887228,
  "autonEPA": -1.2039485929173253,
  "endgameEPA": -0.4132836699460691,
  "unitlessEPA": 1303.0333175001572,
  "teleOpEPA": -7.657284356969902,
  "totalEPAOverTime": [
    9.386363636363637,
    10.590909090909092,
    9.240485141328325,
    4.1988866114700745,
    5.671893022276452,
    -5.080660415856107,
    -8.861232949887228
  ],
  "teleOpEPAOverTime": [
    2.750000000000001,
    7.388888888888889,
    4.852201200559351,
    -1.1054124016846245,
    0.013120442912384789,
    -6.4930553838012806,
    -7.657284356969902
  ],
  "autonEPAOverTime": [
    2.053030303030303,
    3.202020202020202,
    4.388283940768973,
    5.304299013154699,
    5.658772579364067,
    1.4123949679451733,
    -1.2039485929173253
  ],
  "endGameEPAOverTime": [
    4.583333333333333,
    4.722222222222222,
    2.7552204472121815,
    -3.362561260726151,
    -4.002435857903324,
    -3.356317672867964,
    -0.4132836699460691
  ],
  "unitlessEPAOverTime": [
    1500,
    1421.7453635316974,
    1413.504030020534,
    1382.7362885813718,
    1391.7257152716388,
    1326.1053010248625,
    1303.0333175001572
  ],
  "EPA Rank": 569,
  "Auto EPA Rank": 519,
  "TeleOp EPA Rank": 564,
  "Endgame EPA Rank": 530
}