{
  "teamNumber": 13550,
  "teamName": "Code Red Robotics - M.E.D.I.C.S.",
  "wins": 4,
  "loss": 6,
  "ties": 0,
  "elo": 1500,
  "totalEPA": 33.65208883361337,
  "autonEPA": 3.0059925512399146,
  "endgameEPA": 20.572287726530107,
  "unitlessEPA": 1517.7617062779223,
  "teleOpEPA": 30.646096282373456,
  "totalEPAOverTime": [
    9.386363636363637,
    10.591469540095565,
    25.152787128948184,
    14.440640999705654,
    -8.604845567170305,
    -26.899307913404122,
    -34.708437892554315,
    -20.4476849227297,
    14.306640627473424,
    16.999995948777546,
    24.742193301385086,
    30.0418992293713,
    33.65208883361337
  ],
  "teleOpEPAOverTime": [
    2.750000000000001,
    9.082517494522579,
    17.591223188651952,
    5.79407116660407,
    -13.807462684782285,
    -29.376044940483105,
    -39.285464321524316,
    -28.13915063603847,
    -0.05906820240925548,
    5.968628767530333,
    17.855434331669734,
    26.379838714193863,
    30.646096282373456
  ],
  "autonEPAOverTime": [
    2.053030303030303,
    1.5089520455729857,
    7.5615639402962325,
    8.646569833101584,
    5.202617117611981,
    2.4767370270789817,
    4.57702642897,
    7.691465713308769,
    14.36570882988268,
    11.031367181247212,
    6.886758969715353,
    3.662060515177437,
    3.0059925512399146
  ],
  "endGameEPAOverTime": [
    4.583333333333333,
    6.273710755364833,
    13.783276042489181,
    17.80570373928716,
    17.170566578739393,
    15.423479254578291,
    11.153693934375065,
    13.181692526076814,
    18.563394475123143,
    18.095499879611058,
    20.80992561842798,
    19.290599609674228,
    20.572287726530107
  ],
  "unitlessEPAOverTime": [
    1500,
    1421.7487838269783,
    1510.613228691837,
    1445.2394111593405,
    1304.5979920082482,
    1192.951004668057,
    1145.293641504303,
    1272.6406305737269,
    1430.109268106444,
    1442.312612182985,
    1477.3917929561362,
    1501.4042707870915,
    1517.7617062779223
  ],
  "EPA Rank": 246,
  "Auto EPA Rank": 411,
  "TeleOp EPA Rank": 180,
  "Endgame EPA Rank": 189
}