{
  "teamNumber": 13733,
  "teamName": "Electric Bacon",
  "wins": 3,
  "loss": 7,
  "ties": 0,
  "elo": 1500,
  "totalEPA": 51.804209699823474,
  "autonEPA": 18.190873461462846,
  "endgameEPA": 32.383372262529896,
  "unitlessEPA": 1573.573771247354,
  "teleOpEPA": 33.61333623836063,
  "totalEPAOverTime": [
    9.386363636363637,
    11.568430261484131,
    17.11896965670463,
    19.356020860634626,
    16.79525464491143,
    32.906062747878195,
    42.75792857263242,
    48.54912200995153,
    47.55437184580386,
    54.143329548826934,
    57.97001225220636,
    52.93427297165235,
    51.804209699823474
  ],
  "teleOpEPAOverTime": [
    2.750000000000001,
    7.313165700794334,
    6.013195723398992,
    3.573836648588383,
    -2.2602193009896965,
    13.52123933794304,
    25.9009898843472,
    33.622944899832845,
    32.04636507237252,
    32.1524523477638,
    31.281275608252223,
    31.47127707418049,
    33.61333623836063
  ],
  "autonEPAOverTime": [
    2.053030303030303,
    4.255264560689797,
    11.105773933305636,
    15.782184212046243,
    19.055473945901127,
    19.384823409935155,
    16.856938688285222,
    14.926177110118688,
    15.50800677343134,
    21.99087720106314,
    26.688736643954137,
    21.462995897471856,
    18.190873461462846
  ],
  "endGameEPAOverTime": [
    4.583333333333333,
    2.137303666512102,
    -2.170677970794548,
    -0.08404291342689207,
    -1.4288101493098924,
    7.623056715331657,
    15.332077980386691,
    18.759542480799887,
    18.89922245294519,
    26.75752934154248,
    28.92860282174085,
    31.194952871272143,
    32.383372262529896
  ],
  "unitlessEPAOverTime": [
    1500,
    1417.7026899673444,
    1442.8516710596257,
    1452.987543345938,
    1441.384948254652,
    1514.381531021323,
    1559.0194246941044,
    1559.9718374666104,
    1555.8151058666538,
    1583.3481786743378,
    1599.338618776224,
    1578.2959315256448,
    1573.573771247354
  ],
  "EPA Rank": 136,
  "Auto EPA Rank": 136,
  "TeleOp EPA Rank": 153,
  "Endgame EPA Rank": 45
}