{
  "teamNumber": 14010,
  "teamName": "Techno Phoenix ",
  "wins": 16,
  "loss": 9,
  "ties": 0,
  "elo": 1500,
  "totalEPA": 11.22160395296547,
  "autonEPA": 7.0728569310543,
  "endgameEPA": 3.848885300641361,
  "unitlessEPA": 1403.5477307546275,
  "teleOpEPA": 4.14874702191117,
  "totalEPAOverTime": [
    9.386363636363637,
    24.09090909090909,
    52.45378338106356,
    70.40013668739061,
    94.61287947912237,
    96.60151897330555,
    89.54977379433491,
    87.18216881562901,
    87.18216881562901,
    87.18216881562901,
    87.18216881562901,
    87.18216881562901,
    87.18216881562901,
    81.57586788762246,
    78.99738750786283,
    97.04721904651845,
    100.65804708658341,
    101.6816672424139,
    113.81300602922502,
    118.25512695102961,
    118.25512695102961,
    118.25512695102961,
    108.98154518646407,
    79.44440715909279,
    41.48026643966333,
    26.890494164685478,
    14.113713092352725,
    11.22160395296547,
    11.22160395296547,
    11.22160395296547
  ],
  "teleOpEPAOverTime": [
    2.750000000000001,
    14.38888888888889,
    31.276816770194777,
    46.94313256619141,
    65.0806732733371,
    66.29924638982226,
    59.93259141313539,
    58.076656040168785,
    58.076656040168785,
    58.076656040168785,
    58.076656040168785,
    58.076656040168785,
    58.076656040168785,
    52.6807341201295,
    47.90688302732282,
    63.853281395912155,
    65.35472536405439,
    59.83819561277368,
    67.55976388504726,
    70.95353177537652,
    70.95353177537652,
    70.95353177537652,
    64.90572092392487,
    47.78144647033418,
    22.488842603230108,
    10.673461144713908,
    4.885944786987363,
    4.14874702191117,
    4.14874702191117,
    4.14874702191117
  ],
  "autonEPAOverTime": [
    2.053030303030303,
    9.7020202020202,
    21.17696661086878,
    23.457004121199205,
    29.532206205785272,
    30.302272583483283,
    29.61718238119952,
    29.105512775460223,
    29.105512775460223,
    29.105512775460223,
    29.105512775460223,
    29.105512775460223,
    29.105512775460223,
    28.895133767492965,
    31.09050448054001,
    33.193937650606294,
    35.30332172252902,
    41.84347162964021,
    46.25324214417776,
    47.3015951756531,
    47.3015951756531,
    47.3015951756531,
    44.0758242625392,
    31.66296068875861,
    18.991423836433224,
    16.21703301997157,
    9.227768305365363,
    7.0728569310543,
    7.0728569310543,
    7.0728569310543
  ],
  "endGameEPAOverTime": [
    4.583333333333333,
    7.222222222222221,
    14.62013912874704,
    26.234341521880758,
    39.2183513172441,
    43.041892500628805,
    40.20579889725652,
    39.126759914377985,
    39.126759914377985,
    39.126759914377985,
    39.126759914377985,
    39.126759914377985,
    39.126759914377985,
    33.81744078547231,
    25.03758208687646,
    27.11213845009651,
    26.92314201732179,
    18.606083820506335,
    25.628578559875653,
    28.509214378022595,
    28.509214378022595,
    28.509214378022595,
    28.827123092796608,
    28.76594928802837,
    20.26282367739412,
    8.543630030149918,
    3.3866027397236387,
    3.848885300641361,
    3.848885300641361,
    3.848885300641361
  ],
  "unitlessEPAOverTime": [
    1500,
    1465.4790179452768,
    1590.567504348758,
    1669.7161177292369,
    1776.50132280085,
    1785.2717986625262,
    1754.1715610097197,
    1743.729737654374,
    1747.503944988585,
    1747.503944988585,
    1747.503944988585,
    1747.503944988585,
    1747.503944988585,
    1691.6179364687591,
    1680.975983972371,
    1755.4715866187978,
    1770.3742637059045,
    1774.5989679767622,
    1824.6676565346597,
    1843.0012611663392,
    1840.1020314714892,
    1840.1020314714892,
    1802.2891501250956,
    1681.4606819422138,
    1526.1596177444153,
    1466.4767929057646,
    1414.2104262778466,
    1402.3795875281326,
    1403.5477307546275,
    1403.5477307546275
  ],
  "EPA Rank": 446,
  "Auto EPA Rank": 315,
  "TeleOp EPA Rank": 488,
  "Endgame EPA Rank": 464
}