{
  "teamNumber": 14033,
  "teamName": "Robo Ravens",
  "wins": 8,
  "loss": 17,
  "ties": 0,
  "elo": 1500,
  "totalEPA": 39.60716912992258,
  "autonEPA": 10.33707783169378,
  "endgameEPA": 23.811498042488246,
  "unitlessEPA": 1531.2468985257215,
  "teleOpEPA": 29.270091298228802,
  "totalEPAOverTime": [
    9.386363636363637,
    7.257575757575758,
    4.627946127946129,
    1.9613218952210723,
    1.3650567162180813,
    2.6317984568165094,
    2.6142883178806238,
    6.302253757596672,
    4.503818254103409,
    2.964090854284969,
    0.12998585375917537,
    -7.713118335374418,
    -9.955865440554906,
    -5.360948473189694,
    2.4255895099035665,
    7.814242923326955,
    22.132738655535668,
    31.850096814581757,
    37.1937501269452,
    31.191922740311156,
    20.45671418191979,
    13.834541155795192,
    16.33538274245488,
    15.798598608689295,
    15.068843443026422,
    15.839656470539385,
    20.824599610524473,
    19.583823878822443,
    20.597997627483295,
    32.75956332121931,
    39.60716912992258
  ],
  "teleOpEPAOverTime": [
    2.750000000000001,
    5.888888888888889,
    3.4012345679012355,
    1.1318650612203425,
    0.9659138795089646,
    2.8391624635948136,
    2.989362177881477,
    3.9367897682339947,
    -1.6381851224352202,
    -7.1062620259355995,
    -5.7637366232034015,
    -6.336578042658686,
    -6.688973858797927,
    -4.129700437887161,
    0.2781547019728241,
    3.2706964365019964,
    15.344585636789201,
    23.838720955161254,
    28.31200952147183,
    17.301129039964604,
    1.9946636157305697,
    3.02352962376178,
    10.469664699038553,
    13.554681991005294,
    13.7708243424022,
    10.926110891696261,
    10.779688981374537,
    11.812382018114526,
    11.662604402431333,
    22.323733994671656,
    29.270091298228802
  ],
  "autonEPAOverTime": [
    2.053030303030303,
    1.368686868686869,
    1.2267115600448935,
    0.8294568340007298,
    0.3991428367091168,
    -0.2073640067783042,
    -0.3750738600008533,
    2.365463989362677,
    6.1420033765386295,
    10.070352880220568,
    5.8937224769625765,
    -1.376540292715732,
    -3.266891581756979,
    -1.2312480353025332,
    2.1474348079307424,
    4.543546486824958,
    6.788153018746466,
    8.011375859420504,
    8.881740605473366,
    13.890793700346553,
    18.46205056618922,
    10.811011532033412,
    5.865718043416325,
    2.243916617684,
    1.2980191006242223,
    4.913545578843123,
    10.044910629149935,
    7.771441860707916,
    8.935393225051962,
    10.435829326547653,
    10.33707783169378
  ],
  "endGameEPAOverTime": [
    4.583333333333333,
    3.888888888888889,
    2.345679012345679,
    0.8471142610374437,
    1.0058506746512703,
    4.123986268771169,
    5.136461827791854,
    4.609377684526028,
    3.1319638531717136,
    1.2820322613348858,
    -1.3755485348002137,
    -4.295236886518133,
    -4.478034387142183,
    -2.8289175448407082,
    -1.8168696756170406,
    -0.5324153554499187,
    0.229773509429261,
    2.0422810325139884,
    3.993669276504183,
    -2.029884840189779,
    -7.66406044373122,
    -0.3059446765170293,
    8.144480935571158,
    9.520741728853263,
    9.171382774098822,
    5.913506747475658,
    6.969673678294029,
    13.696261012595924,
    12.932673523972,
    18.668189519313813,
    23.811498042488246
  ],
  "unitlessEPAOverTime": [
    1500,
    1440.8924984376595,
    1397.3244659170991,
    1353.1435021865366,
    1343.2645061420105,
    1364.2520416974708,
    1363.96193152606,
    1394.955794259518,
    1385.7235397175486,
    1377.8193611952956,
    1363.2705054188723,
    1323.0079916213965,
    1311.4948669593928,
    1334.9086128690506,
    1370.3129634418226,
    1394.8144524191123,
    1459.918744426492,
    1504.1022770376542,
    1528.399156552151,
    1500.7527097430263,
    1451.9901308466606,
    1421.9102089806456,
    1433.269791285312,
    1430.8315546613387,
    1427.5167849810746,
    1429.3258301392866,
    1450.70251931809,
    1445.3817611043312,
    1449.7307930570787,
    1501.8826436323234,
    1531.2468985257215
  ],
  "EPA Rank": 207,
  "Auto EPA Rank": 240,
  "TeleOp EPA Rank": 193,
  "Endgame EPA Rank": 143
}