{
  "teamNumber": 14759,
  "teamName": "BOTcat Brainiacs ",
  "wins": 2,
  "loss": 5,
  "ties": 0,
  "elo": 1500,
  "totalEPA": 2.6156004814987313,
  "autonEPA": 0.8101101997405123,
  "endgameEPA": -1.2078439366583849,
  "unitlessEPA": 1374.0412174126263,
  "teleOpEPA": 1.8054902817582188,
  "totalEPAOverTime": [
    9.386363636363637,
    7.757575757575758,
    5.662716090023185,
    1.5093068902430382,
    1.1197440204880018,
    0.9574032726016222,
    2.6156004814987313,
    2.6156004814987313,
    2.6156004814987313
  ],
  "teleOpEPAOverTime": [
    2.750000000000001,
    5.055555555555555,
    2.341505422187818,
    0.9059272672098991,
    0.74213202046043,
    0.7572581619888725,
    1.8054902817582188,
    1.8054902817582188,
    1.8054902817582188
  ],
  "autonEPAOverTime": [
    2.053030303030303,
    2.702020202020202,
    3.321210667835367,
    0.6033796230331391,
    0.3776120000275718,
    0.20014511061274964,
    0.8101101997405123,
    0.8101101997405123,
    0.8101101997405123
  ],
  "endGameEPAOverTime": [
    4.583333333333333,
    3.0555555555555554,
    1.7575239579060358,
    -0.776244772404902,
    -3.738932791910836,
    -2.3285794071964796,
    -1.2078439366583849,
    -1.2078439366583849,
    -1.2078439366583849
  ],
  "unitlessEPAOverTime": [
    1500,
    1393.4442895997292,
    1384.2053520237582,
    1365.8876150800402,
    1364.1695300496533,
    1363.4535603553632,
    1370.766690079011,
    1374.0412174126263,
    1374.0412174126263
  ],
  "EPA Rank": 530,
  "Auto EPA Rank": 460,
  "TeleOp EPA Rank": 508,
  "Endgame EPA Rank": 537
}