{
  "teamNumber": 14788,
  "teamName": "Tech Titans",
  "wins": 5,
  "loss": 4,
  "ties": 1,
  "elo": 1500,
  "totalEPA": 17.831428833657895,
  "autonEPA": 4.5766934279584675,
  "endgameEPA": 16.491223440165495,
  "unitlessEPA": 1448.2957121194993,
  "teleOpEPA": 13.254735405699428,
  "totalEPAOverTime": [
    9.386363636363637,
    12.59090909090909,
    10.156848349781063,
    25.043147076638235,
    57.341419292265925,
    49.65285105725283,
    43.85351727881065,
    56.3135371262816,
    58.067710783725545,
    47.46818895433388,
    35.263566724238494,
    22.347838333486266,
    17.831428833657895
  ],
  "teleOpEPAOverTime": [
    2.750000000000001,
    6.5555555555555545,
    5.862966402273254,
    25.248509437287446,
    55.80730094578336,
    49.44233134706173,
    43.29683820706006,
    50.35847628366116,
    53.04972101377235,
    46.14804547542374,
    34.267234690748204,
    17.98660305019963,
    13.254735405699428
  ],
  "autonEPAOverTime": [
    2.053030303030303,
    6.0353535353535355,
    4.293881947507809,
    -0.20536236064921218,
    1.534118346482567,
    0.21051971019109683,
    0.556679071750589,
    5.9550608426204406,
    5.017989769953194,
    1.320143478910143,
    0.9963320334902876,
    4.361235283286637,
    4.5766934279584675
  ],
  "endGameEPAOverTime": [
    4.583333333333333,
    3.888888888888889,
    4.788593733328192,
    12.903580339987307,
    16.33561455549061,
    24.439751828750822,
    27.237500114745647,
    31.93402787339915,
    32.159582438250595,
    29.0824830326444,
    27.646719711703515,
    19.65203784385728,
    16.491223440165495
  ],
  "unitlessEPAOverTime": [
    1500,
    1433.9509135202354,
    1419.0963884947475,
    1509.9441201222296,
    1707.053208157855,
    1660.131606191486,
    1624.7395770249898,
    1626.220842088284,
    1634.331405408131,
    1585.3236617377308,
    1528.894606967728,
    1469.1776955373164,
    1448.2957121194993
  ],
  "EPA Rank": 396,
  "Auto EPA Rank": 371,
  "TeleOp EPA Rank": 376,
  "Endgame EPA Rank": 242
}