{
  "teamNumber": 15078,
  "teamName": "Reuthanaters",
  "wins": 1,
  "loss": 4,
  "ties": 0,
  "elo": 1500,
  "totalEPA": 27.1508905960708,
  "autonEPA": 24.468492710131862,
  "endgameEPA": -0.9095549578234687,
  "unitlessEPA": 1506.4258879553308,
  "teleOpEPA": 2.6823978859389364,
  "totalEPAOverTime": [
    9.386363636363637,
    12.757575757575758,
    13.831880528363602,
    17.974124850382772,
    24.964376175047054,
    28.796225027949454,
    27.1508905960708
  ],
  "teleOpEPAOverTime": [
    2.750000000000001,
    6.722222222222222,
    0.9250389326779267,
    2.6414387268199295,
    5.612388799397664,
    4.878657603838985,
    2.6823978859389364
  ],
  "autonEPAOverTime": [
    2.053030303030303,
    6.0353535353535355,
    12.906841595685675,
    15.332686123562842,
    19.35198737564939,
    23.91756742411047,
    24.468492710131862
  ],
  "endGameEPAOverTime": [
    4.583333333333333,
    3.0555555555555554,
    -1.7309316015198954,
    -2.256493496436592,
    2.4580868628210912,
    1.377507547582284,
    -0.9095549578234687
  ],
  "unitlessEPAOverTime": [
    1500,
    1429.2989433047192,
    1435.055632818162,
    1457.2519546619135,
    1494.7093946651935,
    1515.242454471326,
    1506.4258879553308
  ],
  "EPA Rank": 300,
  "Auto EPA Rank": 105,
  "TeleOp EPA Rank": 500,
  "Endgame EPA Rank": 535
}