{
  "teamNumber": 15256,
  "teamName": "Techno Knights",
  "wins": 11,
  "loss": 9,
  "ties": 0,
  "elo": 1500,
  "totalEPA": 57.424417902603274,
  "autonEPA": 28.37502496205057,
  "endgameEPA": 22.94476208481846,
  "unitlessEPA": 1596.0267463026657,
  "teleOpEPA": 29.049392940552703,
  "totalEPAOverTime": [
    9.386363636363637,
    13.18400712239623,
    23.940324345772055,
    39.62601396313388,
    22.599347147578783,
    31.13748180286961,
    36.390779502493935,
    44.16284591462574,
    41.04323494203618,
    44.705283621282454,
    63.079898564238,
    62.78356469695343,
    61.8840535487028,
    61.8840535487028,
    61.8840535487028,
    61.8840535487028,
    55.44395143713827,
    36.378339800751185,
    32.77463203502545,
    46.95062214290967,
    56.76163466159364,
    57.424417902603274,
    57.424417902603274,
    57.424417902603274
  ],
  "teleOpEPAOverTime": [
    2.750000000000001,
    8.483109015449118,
    17.286716741650363,
    31.675041092691124,
    14.829361359274136,
    20.20427254633477,
    24.52943126829233,
    26.912138233022297,
    21.368820731822943,
    11.378809139530034,
    20.356313449840243,
    30.687252567249068,
    33.28145715882461,
    33.28145715882461,
    33.28145715882461,
    33.28145715882461,
    28.465312731347318,
    15.27878081336993,
    11.854033944551944,
    20.640211857271865,
    26.700710794641775,
    29.049392940552703,
    29.049392940552703,
    29.049392940552703
  ],
  "autonEPAOverTime": [
    2.053030303030303,
    4.700898106947111,
    6.653607604121692,
    7.950972870442753,
    7.769985788304647,
    10.93320925653484,
    11.861348234201603,
    17.250707681603444,
    19.674414210213236,
    33.32647448175242,
    42.72358511439776,
    32.09631212970436,
    28.60259638987819,
    28.60259638987819,
    28.60259638987819,
    28.60259638987819,
    26.97863870579095,
    21.099558987381254,
    20.920598090473504,
    26.310410285637808,
    30.060923866951864,
    28.37502496205057,
    28.37502496205057,
    28.37502496205057
  ],
  "endGameEPAOverTime": [
    4.583333333333333,
    5.319561664132946,
    7.465470720720452,
    13.86505786495575,
    14.0683832731625,
    15.365587926092209,
    16.84919386331913,
    18.18275508096467,
    16.53732348839732,
    15.934387131817546,
    24.784926063598252,
    32.677638534256836,
    36.49206346296072,
    36.49206346296072,
    36.49206346296072,
    36.49206346296072,
    29.2242061604663,
    12.071056833613339,
    6.465307541887864,
    12.231835284048575,
    20.03489172556477,
    22.94476208481846,
    22.94476208481846,
    22.94476208481846
  ],
  "unitlessEPAOverTime": [
    1500,
    1431.8558629159966,
    1490.092538642773,
    1575.0177412773671,
    1482.8322419607016,
    1529.059270125242,
    1557.5015880929923,
    1575.2483001936614,
    1560.5035653074415,
    1577.8121135175718,
    1664.6591044888082,
    1663.2584925697868,
    1659.0069838000425,
    1651.976573840708,
    1651.976573840708,
    1651.976573840708,
    1583.281288329754,
    1505.2890113914932,
    1490.5472145150356,
    1548.5373680676266,
    1588.6715751413496,
    1591.3828426877947,
    1596.0267463026657,
    1596.0267463026657
  ],
  "EPA Rank": 115,
  "Auto EPA Rank": 77,
  "TeleOp EPA Rank": 194,
  "Endgame EPA Rank": 156
}