{
  "teamNumber": 15339,
  "teamName": "Team R.O.B.O.T.I.C.S.",
  "wins": 6,
  "loss": 4,
  "ties": 0,
  "elo": 1500,
  "totalEPA": 42.55776391229619,
  "autonEPA": 14.988507226735077,
  "endgameEPA": 17.535882824278197,
  "unitlessEPA": 1553.0658484756796,
  "teleOpEPA": 27.56925668556111,
  "totalEPAOverTime": [
    9.386363636363637,
    8.924242424242424,
    5.338281871615626,
    14.152982689055618,
    24.411415410174392,
    27.03654955781985,
    24.937827430293574,
    28.31027992884535,
    37.783914798009214,
    62.05141091899885,
    55.67886405771387,
    42.829118027419106,
    42.55776391229619
  ],
  "teleOpEPAOverTime": [
    2.750000000000001,
    7.055555555555555,
    1.619750494506973,
    11.410275116847565,
    15.968750689320807,
    16.035739589388065,
    15.857483783002266,
    14.746696460592833,
    21.215880133530916,
    38.53585251618268,
    34.4670682977531,
    25.945506022799837,
    27.56925668556111
  ],
  "autonEPAOverTime": [
    2.053030303030303,
    1.8686868686868687,
    3.7185313771086532,
    2.7427075722080536,
    8.442664720853585,
    11.000809968431785,
    9.080343647291308,
    13.563583468252517,
    16.568034664478297,
    23.51555840281617,
    21.211795759960765,
    16.88361200461927,
    14.988507226735077
  ],
  "endGameEPAOverTime": [
    4.583333333333333,
    3.888888888888889,
    -0.8699516178849023,
    1.0000186096544508,
    4.027983289687676,
    5.2604985259046275,
    5.809334994689631,
    6.541441650589422,
    11.405334419473977,
    26.493072027704006,
    27.508916051982418,
    18.454257605364255,
    17.535882824278197
  ],
  "unitlessEPAOverTime": [
    1500,
    1407.8242711519108,
    1389.6719681253142,
    1434.292403285916,
    1486.221078071615,
    1499.5096320961763,
    1488.8858007772362,
    1488.1390456609106,
    1531.3110768633167,
    1641.8997911433826,
    1612.8596396351504,
    1554.3024285726303,
    1553.0658484756796
  ],
  "EPA Rank": 188,
  "Auto EPA Rank": 171,
  "TeleOp EPA Rank": 207,
  "Endgame EPA Rank": 234
}