{
  "teamNumber": 15465,
  "teamName": "Team KRASH",
  "wins": 16,
  "loss": 8,
  "ties": 0,
  "elo": 1500,
  "totalEPA": 139.9116949325884,
  "autonEPA": 62.0280508883539,
  "endgameEPA": 36.78452934811587,
  "unitlessEPA": 1900.3155486723927,
  "teleOpEPA": 77.8836440442345,
  "totalEPAOverTime": [
    9.386363636363637,
    36.38804848785276,
    81.44087598119587,
    80.01389620676706,
    77.4209127630786,
    70.76468603143557,
    72.39450126587552,
    72.39450126587552,
    72.39450126587552,
    72.39450126587552,
    72.39450126587552,
    68.2939122824244,
    69.46905263455844,
    79.49414363867139,
    84.26665130000794,
    85.6390549552215,
    81.24716891449732,
    81.24716891449732,
    81.24716891449732,
    86.11490460372981,
    93.80783005047651,
    99.88736187802758,
    130.5986560980897,
    144.28612593508703,
    140.89695047051072,
    139.9116949325884,
    139.9116949325884,
    139.9116949325884
  ],
  "teleOpEPAOverTime": [
    2.750000000000001,
    24.435457368353433,
    47.83517900745872,
    37.98117236094884,
    37.17707992530063,
    32.52377497008258,
    33.730248559782616,
    33.730248559782616,
    33.730248559782616,
    33.730248559782616,
    33.730248559782616,
    30.577588761018248,
    32.13730454226577,
    33.51152055721568,
    33.805460478962274,
    40.37705741257969,
    39.12793222726142,
    39.12793222726142,
    39.12793222726142,
    42.29385356641575,
    47.5014707471408,
    50.741895761124034,
    68.7833436344797,
    81.37271655271283,
    79.14996219570146,
    77.8836440442345,
    77.8836440442345,
    77.8836440442345
  ],
  "autonEPAOverTime": [
    2.053030303030303,
    11.952591119499326,
    33.60569697373715,
    42.03272384581822,
    40.24383283777797,
    38.240911061352996,
    38.6642527060929,
    38.6642527060929,
    38.6642527060929,
    38.6642527060929,
    38.6642527060929,
    37.71632352140615,
    37.33174809229267,
    45.982623081455706,
    50.46119082104566,
    45.26199754264181,
    42.119236687235905,
    42.119236687235905,
    42.119236687235905,
    43.821051037314064,
    46.30635930333571,
    49.14546611690354,
    61.81531246360999,
    62.91340938237419,
    61.746988274809254,
    62.0280508883539,
    62.0280508883539,
    62.0280508883539
  ],
  "endGameEPAOverTime": [
    4.583333333333333,
    18.328705935375204,
    39.97391249324781,
    40.916969554766595,
    39.55065344455001,
    31.28138372331923,
    30.41608671373568,
    30.41608671373568,
    30.41608671373568,
    30.41608671373568,
    30.41608671373568,
    31.81391294287826,
    40.33047337895523,
    39.13384102202891,
    32.28030944105989,
    32.322838158228244,
    32.04295836738115,
    32.04295836738115,
    32.04295836738115,
    32.03671803412072,
    33.148881581434075,
    37.67521218893176,
    34.342566289309374,
    38.810541208659664,
    37.79251244097742,
    36.78452934811587,
    36.78452934811587,
    36.78452934811587
  ],
  "unitlessEPAOverTime": [
    1500,
    1566.2880063239,
    1819.4662223331588,
    1811.4471874873534,
    1796.8756953315817,
    1759.470460121438,
    1768.6293461767293,
    1752.4323460604564,
    1752.4323460604564,
    1752.4323460604564,
    1752.4323460604564,
    1664.0896603250076,
    1669.279313042835,
    1713.5521019752218,
    1734.6284417592565,
    1740.689248322746,
    1721.293809057775,
    1709.8096840589094,
    1709.8096840589094,
    1698.796972737758,
    1729.8811064532283,
    1754.4461411156888,
    1878.5385923840518,
    1933.8443594274097,
    1920.1500133616182,
    1916.1689771359734,
    1900.3155486723927,
    1900.3155486723927
  ],
  "EPA Rank": 3,
  "Auto EPA Rank": 1,
  "TeleOp EPA Rank": 8,
  "Endgame EPA Rank": 22
}