{
  "teamNumber": 15486,
  "teamName": "Mecha Mavs",
  "wins": 8,
  "loss": 8,
  "ties": 0,
  "elo": 1500,
  "totalEPA": 64.55563020185275,
  "autonEPA": 13.882566127726273,
  "endgameEPA": 21.156969256467043,
  "unitlessEPA": 1619.5899775619416,
  "teleOpEPA": 50.67306407412648,
  "totalEPAOverTime": [
    9.386363636363637,
    18.924242424242422,
    34.82511403755693,
    34.47779356065259,
    30.147586853767518,
    44.15569218811368,
    52.00029869119257,
    60.60252163659987,
    73.61105339384729,
    36.507961747577774,
    25.40980333655826,
    26.00603993399563,
    31.22095895369298,
    36.500431784803716,
    46.091277934980866,
    70.59339912598693,
    88.22291485367126,
    83.47738848898891,
    64.5157252969791,
    64.55563020185275
  ],
  "teleOpEPAOverTime": [
    2.750000000000001,
    12.555555555555554,
    20.690534187978507,
    17.99578948869971,
    14.83425524458153,
    29.362945574693065,
    37.86419805257451,
    40.8312761549232,
    41.10809125215704,
    4.271731691914326,
    -4.164474778368458,
    1.1948423294857307,
    5.264805539507034,
    11.98745727771141,
    19.56043820467348,
    44.04224982417384,
    62.975211271008014,
    59.08154589170711,
    50.151720520462604,
    50.67306407412648
  ],
  "autonEPAOverTime": [
    2.053030303030303,
    6.3686868686868685,
    14.134579849578424,
    16.482004071952883,
    15.313331609185987,
    14.792746613420618,
    14.13610063861806,
    19.771245481676665,
    32.50296214169025,
    32.23623005566345,
    29.574278114926717,
    24.8111976045099,
    25.956153414185945,
    24.512974507092306,
    26.530839730307385,
    26.5511493018131,
    25.24770358266324,
    24.3958425972818,
    14.364004776516495,
    13.882566127726273
  ],
  "endGameEPAOverTime": [
    4.583333333333333,
    3.0555555555555554,
    -0.2616571502816574,
    2.7335986175313347,
    11.094997649229803,
    21.574446247398434,
    24.0123458700439,
    25.91306600281436,
    27.637325777053526,
    12.990601655862863,
    6.780234987164482,
    11.577791370383467,
    15.322532561104534,
    15.925121493788543,
    21.85371746759032,
    34.328557696224955,
    32.697850726525736,
    25.544023083027803,
    20.293923670003647,
    21.156969256467043
  ],
  "unitlessEPAOverTime": [
    1500,
    1462.3431839133339,
    1547.5484099906937,
    1545.6872843571057,
    1522.4837612802387,
    1597.546550978447,
    1639.5820749948211,
    1652.9498669164898,
    1714.4342486887367,
    1539.0677512022744,
    1486.6126839090857,
    1489.4307758557807,
    1514.0789127786725,
    1504.3838806653594,
    1543.7678099633274,
    1644.3835213955247,
    1716.7775093820496,
    1697.290440993945,
    1619.426111733257,
    1619.5899775619416
  ],
  "EPA Rank": 90,
  "Auto EPA Rank": 183,
  "TeleOp EPA Rank": 57,
  "Endgame EPA Rank": 176
}