{
  "teamNumber": 15847,
  "teamName": "TC WMS 13",
  "wins": 1,
  "loss": 4,
  "ties": 0,
  "elo": 1500,
  "totalEPA": 1.1147521324800802,
  "autonEPA": -0.010555919827777161,
  "endgameEPA": -1.34844481219897,
  "unitlessEPA": 1357.4835951954394,
  "teleOpEPA": 1.1253080523078574,
  "totalEPAOverTime": [
    9.386363636363637,
    9.090909090909092,
    9.53011597456042,
    9.433908865043653,
    5.3615737231380685,
    1.6590375747599067,
    1.3288227401422785,
    1.1147521324800802
  ],
  "teleOpEPAOverTime": [
    2.750000000000001,
    7.722222222222223,
    8.457133058984912,
    8.868425512799185,
    5.209854521089706,
    1.6900607771164375,
    1.343902287118185,
    1.1253080523078574
  ],
  "autonEPAOverTime": [
    2.053030303030303,
    1.368686868686869,
    1.0729829155755084,
    0.5654833522444693,
    0.151719202048363,
    -0.031023202356530874,
    -0.015079546975906384,
    -0.010555919827777161
  ],
  "endGameEPAOverTime": [
    4.583333333333333,
    4.722222222222222,
    4.782235939643347,
    4.885111435449552,
    2.1952906758181534,
    -0.7449771981258366,
    -1.1193731717793012,
    -1.34844481219897
  ],
  "unitlessEPAOverTime": [
    1500,
    1389.6249753640723,
    1391.3948396600852,
    1391.0071555538145,
    1374.5969378697519,
    1359.6768927210203,
    1358.346231778403,
    1357.4835951954394
  ],
  "EPA Rank": 541,
  "Auto EPA Rank": 492,
  "TeleOp EPA Rank": 512,
  "Endgame EPA Rank": 539
}