{
  "teamNumber": 15842,
  "teamName": "TC WMS 09",
  "wins": 4,
  "loss": 1,
  "ties": 0,
  "elo": 1500,
  "totalEPA": 8.627695030540103,
  "autonEPA": -0.004053609314182758,
  "endgameEPA": 2.257975700807941,
  "unitlessEPA": 1387.7583697679975,
  "teleOpEPA": 8.631748639854285,
  "totalEPAOverTime": [
    9.386363636363637,
    10.424242424242424,
    9.789141414141413,
    9.840358174118025,
    9.92302717257018,
    8.942864802237006,
    8.627695030540103
  ],
  "teleOpEPAOverTime": [
    2.750000000000001,
    9.055555555555555,
    8.99074074074074,
    9.945937538964747,
    10.010967709041179,
    8.956543988234401,
    8.631748639854285
  ],
  "autonEPAOverTime": [
    2.053030303030303,
    1.368686868686869,
    0.7984006734006737,
    -0.10557936484672222,
    -0.08794053647099882,
    -0.013679185997394767,
    -0.004053609314182758
  ],
  "endGameEPAOverTime": [
    4.583333333333333,
    4.722222222222222,
    4.837962962962963,
    4.8890513496788035,
    4.0142712205782605,
    3.1074932214667808,
    2.257975700807941
  ],
  "unitlessEPAOverTime": [
    1500,
    1394.9978853734333,
    1392.4386299428381,
    1392.645017224582,
    1392.9781470415178,
    1389.0284038837463,
    1387.7583697679975
  ],
  "EPA Rank": 467,
  "Auto EPA Rank": 488,
  "TeleOp EPA Rank": 436,
  "Endgame EPA Rank": 491
}