{
  "teamNumber": 16464,
  "teamName": "This OTHER Team",
  "wins": 6,
  "loss": 10,
  "ties": 0,
  "elo": 1500,
  "totalEPA": 61.108434963515315,
  "autonEPA": 1.068215080007843,
  "endgameEPA": 34.16220799933409,
  "unitlessEPA": 1591.8432042945062,
  "teleOpEPA": 60.04021988350747,
  "totalEPAOverTime": [
    9.386363636363637,
    8.924242424242424,
    17.441978525717147,
    22.182580742953817,
    15.125389309222527,
    13.346433268027392,
    11.97921146160556,
    11.251615611944027,
    16.342882437370818,
    27.262217140305502,
    20.954858000957895,
    7.380978886113943,
    6.740806337866675,
    10.098512983577159,
    34.242965708010374,
    59.734941082650906,
    56.187928078030986,
    60.12312325991377,
    60.19404373725409,
    61.108434963515315
  ],
  "teleOpEPAOverTime": [
    2.750000000000001,
    7.555555555555555,
    12.519567341117263,
    8.350290261490805,
    5.445368312146325,
    4.5045876987726015,
    1.4899601337337955,
    2.3527445558892737,
    9.810064327921616,
    19.613313683523206,
    18.957740480918993,
    12.292033643666713,
    11.260913401519943,
    12.304430409169166,
    34.59154506907586,
    64.94097189332642,
    66.61041351382887,
    69.62360486815021,
    61.298860895507254,
    60.04021988350747
  ],
  "autonEPAOverTime": [
    2.053030303030303,
    1.368686868686869,
    4.922411184599883,
    13.832290481463012,
    9.680020997076202,
    8.84184556925479,
    10.489251327871765,
    8.898871056054753,
    6.532818109449203,
    7.648903456782295,
    1.9971175200389015,
    -4.911054757552771,
    -4.520107063653267,
    -2.205917425592007,
    -0.3485793610654908,
    -5.206030810675513,
    -10.422485435797885,
    -9.500481608236443,
    -1.1048171582531645,
    1.068215080007843
  ],
  "endGameEPAOverTime": [
    4.583333333333333,
    4.722222222222222,
    4.9067751229762635,
    5.652837402469646,
    6.693508946744274,
    1.677332655706441,
    -0.39872948037092826,
    0.5705032108020043,
    3.227446162315787,
    6.093561009783196,
    9.510190746050574,
    11.165911160987184,
    10.594056148868919,
    7.641997119158055,
    15.8304224486842,
    37.46521906104954,
    39.009845047190716,
    43.8996636548184,
    35.74202327589361,
    34.16220799933409
  ],
  "unitlessEPAOverTime": [
    1500,
    1422.464083731629,
    1473.5128850040353,
    1501.9244321118804,
    1459.629019486981,
    1448.967316384487,
    1440.7732336540719,
    1419.6055450223635,
    1445.3777800617888,
    1500.6519721415955,
    1468.7238199171816,
    1400.0121976550383,
    1396.7716137404773,
    1392.1668174818287,
    1486.6793533661303,
    1586.4667150783848,
    1572.5820684596615,
    1587.9862393507688,
    1588.2638548443176,
    1591.8432042945062
  ],
  "EPA Rank": 100,
  "Auto EPA Rank": 451,
  "TeleOp EPA Rank": 28,
  "Endgame EPA Rank": 34
}