{
  "teamNumber": 17039,
  "teamName": "THOR",
  "wins": 4,
  "loss": 5,
  "ties": 1,
  "elo": 1500,
  "totalEPA": 26.900499976329456,
  "autonEPA": 9.962481093822879,
  "endgameEPA": 7.059938334629776,
  "unitlessEPA": 1460.4673067750196,
  "teleOpEPA": 16.938018882506576,
  "totalEPAOverTime": [
    9.386363636363637,
    13.757575757575758,
    23.316778759936845,
    17.47501356404457,
    2.473974941984274,
    -2.162432520063546,
    -3.380172097424912,
    1.0432778143244748,
    6.0400601359629285,
    14.856476230022363,
    2.8547261543588007,
    7.894370424544119,
    26.900499976329456
  ],
  "teleOpEPAOverTime": [
    2.750000000000001,
    9.88888888888889,
    15.799883311669664,
    9.375414011242155,
    -4.7254508490584515,
    -2.1479399613233037,
    1.5206246437968765,
    5.1822268847112145,
    8.515218467929822,
    15.476676545027566,
    7.600969022205055,
    8.040362385954426,
    16.938018882506576
  ],
  "autonEPAOverTime": [
    2.053030303030303,
    3.868686868686869,
    7.516895448267181,
    8.099599552802415,
    7.199425791042725,
    -0.014492558740242245,
    -4.9007967412217885,
    -4.138949070386739,
    -2.4751583319668935,
    -0.6202003150052037,
    -4.746242867846254,
    -0.1459919614103069,
    9.962481093822879
  ],
  "endGameEPAOverTime": [
    4.583333333333333,
    4.722222222222222,
    5.75895972424938,
    5.533030141497033,
    1.2944682358571196,
    2.7780270491825565,
    4.846513648427539,
    4.889171452236653,
    7.464923599991982,
    9.428619540454434,
    -0.4126280613102091,
    0.2633963501796649,
    7.059938334629776
  ],
  "unitlessEPAOverTime": [
    1500,
    1441.070817680216,
    1499.408482728166,
    1463.757504168284,
    1372.2095407775112,
    1343.9145892548836,
    1336.482998612631,
    1357.4173841169468,
    1377.3312800705771,
    1412.4677301858267,
    1364.636628712135,
    1384.721344271021,
    1460.4673067750196
  ],
  "EPA Rank": 302,
  "Auto EPA Rank": 250,
  "TeleOp EPA Rank": 324,
  "Endgame EPA Rank": 406
}