{
  "teamNumber": 17064,
  "teamName": "Blazin' Turtles Black",
  "wins": 22,
  "loss": 13,
  "ties": 1,
  "elo": 1500,
  "totalEPA": 50.61438634596712,
  "autonEPA": 18.435726181001158,
  "endgameEPA": 27.79377960901128,
  "unitlessEPA": 1554.9752992037006,
  "teleOpEPA": 32.17866016496596,
  "totalEPAOverTime": [
    9.386363636363637,
    18.590685380956515,
    38.95255108603724,
    42.9340192534992,
    35.11782420878944,
    25.90469071344326,
    28.945350131708302,
    28.945350131708302,
    28.945350131708302,
    38.802562698150126,
    73.79451221958118,
    93.46174367569229,
    88.1938331488069,
    85.00928692566757,
    75.72712102687672,
    75.72712102687672,
    75.72712102687672,
    75.72712102687672,
    75.72712102687672,
    75.72712102687672,
    62.6584753925754,
    48.78089862072894,
    70.51644479538794,
    111.61857852464449,
    119.25573663116859,
    96.67601583517667,
    88.78972325390068,
    88.78972325390068,
    88.78972325390068,
    88.78972325390068,
    88.78972325390068,
    88.78972325390068,
    87.45400524240002,
    69.10965647529383,
    34.98304374781367,
    25.16474593428238,
    37.06992638099647,
    50.61438634596712,
    50.61438634596712,
    50.61438634596712,
    50.61438634596712
  ],
  "teleOpEPAOverTime": [
    2.750000000000001,
    16.11030016165997,
    35.4000862297738,
    41.82641097793809,
    37.594008011730025,
    27.25880223372065,
    27.83034084993639,
    27.83034084993639,
    27.83034084993639,
    30.198753259162054,
    45.94592190117275,
    58.7107689337743,
    50.49419141915092,
    42.71504866395167,
    37.008325470444895,
    37.008325470444895,
    37.008325470444895,
    37.008325470444895,
    37.008325470444895,
    37.008325470444895,
    28.81402587875725,
    20.377760065997798,
    31.936767591938214,
    50.158117677845105,
    55.37489412354501,
    39.29332642132762,
    33.14748391570644,
    33.14748391570644,
    33.14748391570644,
    33.14748391570644,
    33.14748391570644,
    33.14748391570644,
    33.29163185542948,
    25.905189929832595,
    8.890479587691814,
    8.058107648587175,
    22.174658642477915,
    32.17866016496596,
    32.17866016496596,
    32.17866016496596,
    32.17866016496596
  ],
  "autonEPAOverTime": [
    2.053030303030303,
    2.480385219296542,
    3.552464856263439,
    1.1076082755611139,
    -2.476183802940579,
    -1.3541115202773923,
    1.1150092817719126,
    1.1150092817719126,
    1.1150092817719126,
    8.60380943898807,
    27.848590318408426,
    34.75097474191799,
    37.69964172965598,
    42.2942382617159,
    38.71879555643182,
    38.71879555643182,
    38.71879555643182,
    38.71879555643182,
    38.71879555643182,
    38.71879555643182,
    33.84444951381815,
    28.403138554731143,
    38.57967720344973,
    61.460460846799386,
    63.880842507623576,
    57.38268941384905,
    55.64223933819424,
    55.64223933819424,
    55.64223933819424,
    55.64223933819424,
    55.64223933819424,
    55.64223933819424,
    54.162373386970536,
    43.20446654546124,
    26.092564160121853,
    17.106638285695205,
    14.895267738518553,
    18.435726181001158,
    18.435726181001158,
    18.435726181001158,
    18.435726181001158
  ],
  "endGameEPAOverTime": [
    4.583333333333333,
    6.6862340160601565,
    16.848045471187262,
    22.08949624568429,
    21.82589298238878,
    16.974264761301384,
    15.804355287574554,
    15.804355287574554,
    15.804355287574554,
    16.031864015728218,
    24.700415256347206,
    35.83507062408537,
    29.82962953247529,
    31.063812583013288,
    32.678722458862765,
    32.678722458862765,
    32.678722458862765,
    32.678722458862765,
    32.678722458862765,
    32.678722458862765,
    29.33251944257738,
    26.20142951265287,
    35.311666942045406,
    53.35974096603543,
    53.77904754099806,
    40.07774556005357,
    36.0786838066747,
    36.0786838066747,
    36.0786838066747,
    36.0786838066747,
    36.0786838066747,
    36.0786838066747,
    34.80711067707951,
    30.496709289483224,
    20.606848607371536,
    14.888727922181568,
    22.377764350185366,
    27.79377960901128,
    27.79377960901128,
    27.79377960901128,
    27.79377960901128
  ],
  "unitlessEPAOverTime": [
    1500,
    1466.2742027121562,
    1580.699447933317,
    1603.073648706501,
    1559.1498723865259,
    1507.3758810082588,
    1524.463126578403,
    1517.1906669004898,
    1517.1906669004898,
    1512.1740231573729,
    1655.477545083916,
    1736.0213150867587,
    1714.447491906823,
    1701.405729565624,
    1663.392212668301,
    1656.078232946524,
    1656.078232946524,
    1656.078232946524,
    1656.078232946524,
    1656.078232946524,
    1597.9107782149292,
    1543.5875352072715,
    1628.670498620996,
    1789.5632276194294,
    1819.4585906593422,
    1731.0711380073672,
    1700.2005476034817,
    1693.7172804900677,
    1693.7172804900677,
    1693.7172804900677,
    1693.7172804900677,
    1693.7172804900677,
    1695.3345192646664,
    1623.4411787652832,
    1489.695564785968,
    1451.2166720875107,
    1497.8742668829696,
    1550.9563623285146,
    1554.9752992037006,
    1554.9752992037006,
    1554.9752992037006
  ],
  "EPA Rank": 143,
  "Auto EPA Rank": 134,
  "TeleOp EPA Rank": 163,
  "Endgame EPA Rank": 96
}