{
  "teamNumber": 17207,
  "teamName": "CSA MS Prospectors",
  "wins": 2,
  "loss": 8,
  "ties": 0,
  "elo": 1500,
  "totalEPA": 33.602976242073204,
  "autonEPA": 9.8233363821435,
  "endgameEPA": 25.531735259120072,
  "unitlessEPA": 1490.8800094797118,
  "teleOpEPA": 23.779639859929702,
  "totalEPAOverTime": [
    9.386363636363637,
    12.09090909090909,
    34.90468318681003,
    50.92895334522369,
    41.53946162726059,
    30.5204609811605,
    28.21105367471566,
    26.77815078953578,
    35.9073886607982,
    45.10910658260843,
    35.66581429085698,
    32.97096862285927,
    33.602976242073204
  ],
  "teleOpEPAOverTime": [
    2.750000000000001,
    8.888888888888888,
    24.991244479209776,
    36.99484668391861,
    28.08537134339278,
    19.529506790702953,
    17.796140070257355,
    16.60789450299224,
    22.09737049691847,
    31.45565161305419,
    26.125731816215175,
    23.34288342175919,
    23.779639859929702
  ],
  "autonEPAOverTime": [
    2.053030303030303,
    3.202020202020202,
    9.913438707600257,
    13.934106661305083,
    13.454090283867815,
    10.990954190457549,
    10.414913604458306,
    10.170256286543538,
    13.810018163879729,
    13.653454969554243,
    9.540082474641803,
    9.628085201100077,
    9.8233363821435
  ],
  "endGameEPAOverTime": [
    4.583333333333333,
    4.722222222222222,
    9.789031985306238,
    12.765351661501771,
    11.09718907890399,
    11.460782708215358,
    12.470157863265095,
    10.461242663832024,
    11.62180989636669,
    18.741613455822037,
    20.885079083837272,
    24.36339727480242,
    25.531735259120072
  ],
  "unitlessEPAOverTime": [
    1500,
    1444.991496609068,
    1590.0631653812527,
    1691.960712142491,
    1632.253395557277,
    1562.1841117460226,
    1547.4987041316454,
    1462.9301085093894,
    1500.3173349243061,
    1538.0013909430309,
    1499.3280085651513,
    1488.2917307768548,
    1490.8800094797118
  ],
  "EPA Rank": 247,
  "Auto EPA Rank": 252,
  "TeleOp EPA Rank": 243,
  "Endgame EPA Rank": 122
}