{
  "teamNumber": 17224,
  "teamName": "Grizzly STARS",
  "wins": 2,
  "loss": 3,
  "ties": 0,
  "elo": 1500,
  "totalEPA": 34.16665871370749,
  "autonEPA": 4.719420810469244,
  "endgameEPA": 24.098897408010927,
  "unitlessEPA": 1499.8722850127153,
  "teleOpEPA": 29.447237903238246,
  "totalEPAOverTime": [
    9.386363636363637,
    7.257575757575758,
    6.806036337230919,
    12.971767884869342,
    21.75277548386555,
    31.212673924054723,
    34.16665871370749
  ],
  "teleOpEPAOverTime": [
    2.750000000000001,
    5.888888888888889,
    7.141262090343227,
    14.544617268084664,
    24.5888759900633,
    29.127569335834174,
    29.447237903238246
  ],
  "autonEPAOverTime": [
    2.053030303030303,
    1.368686868686869,
    -0.33522575311230784,
    -1.5728493832153223,
    -2.836100506197752,
    2.085104588220548,
    4.719420810469244
  ],
  "endGameEPAOverTime": [
    4.583333333333333,
    3.0555555555555554,
    5.5894369304486045,
    13.813561892707408,
    21.71230511915936,
    24.06458273655573,
    24.098897408010927
  ],
  "unitlessEPAOverTime": [
    1500,
    1387.4281362394947,
    1385.5413024948814,
    1411.3058533184321,
    1447.9987769104387,
    1487.5285605646156,
    1499.8722850127153
  ],
  "EPA Rank": 242,
  "Auto EPA Rank": 364,
  "TeleOp EPA Rank": 191,
  "Endgame EPA Rank": 137
}