{
  "teamNumber": 18980,
  "teamName": "RaiderBots",
  "wins": 3,
  "loss": 2,
  "ties": 0,
  "elo": 1500,
  "totalEPA": 8.257621164783414,
  "autonEPA": 4.63125894872412,
  "endgameEPA": 0.33186655099623663,
  "unitlessEPA": 1389.0018085215117,
  "teleOpEPA": 3.6263622160592943,
  "totalEPAOverTime": [
    9.386363636363637,
    -2.973286343613559,
    -20.422737871204312,
    -12.93918070199576,
    -5.1346758674735185,
    3.7804471433687423,
    8.257621164783414
  ],
  "teleOpEPAOverTime": [
    2.750000000000001,
    -1.8360867088256598,
    -14.971391182562291,
    -11.92270734115391,
    -5.822739132230598,
    2.4238774550327307,
    3.6263622160592943
  ],
  "autonEPAOverTime": [
    2.053030303030303,
    -1.137199634787899,
    -5.451346688642021,
    -1.016473360841851,
    0.6880632647570801,
    1.3565696883360117,
    4.63125894872412
  ],
  "endGameEPAOverTime": [
    4.583333333333333,
    1.3506958052915419,
    -1.3746805423271207,
    -2.0983045054639198,
    -2.2704464017823383,
    0.7160580273977879,
    0.33186655099623663
  ],
  "unitlessEPAOverTime": [
    1500,
    1343.4050794750963,
    1272.5614799959583,
    1302.9442187276807,
    1334.629983392298,
    1370.8247831479644,
    1389.0018085215117
  ],
  "EPA Rank": 475,
  "Auto EPA Rank": 368,
  "TeleOp EPA Rank": 494,
  "Endgame EPA Rank": 523
}