{
  "teamNumber": 19679,
  "teamName": "BetaWolves FTC",
  "wins": 11,
  "loss": 5,
  "ties": 0,
  "elo": 1500,
  "totalEPA": 92.83530422195173,
  "autonEPA": 28.42725528712339,
  "endgameEPA": 28.887753257634664,
  "unitlessEPA": 1716.0368194287214,
  "teleOpEPA": 64.40804893482834,
  "totalEPAOverTime": [
    9.386363636363637,
    15.09090909090909,
    27.255050505050505,
    46.99593988560344,
    54.941276439607726,
    52.55915387673892,
    51.64212805020769,
    51.64212805020769,
    51.64212805020769,
    51.64212805020769,
    51.64212805020769,
    51.64212805020769,
    55.309760269548185,
    60.26664382311081,
    73.22151633348399,
    88.568921120889,
    99.03118580009422,
    90.61262527195557,
    92.83530422195173
  ],
  "teleOpEPAOverTime": [
    2.750000000000001,
    8.722222222222221,
    17.314814814814817,
    30.902294467348046,
    36.2664162778175,
    25.567021319366695,
    17.886202132933946,
    17.886202132933946,
    17.886202132933946,
    17.886202132933946,
    17.886202132933946,
    17.886202132933946,
    18.69738947837409,
    22.977172059944486,
    31.46851995715741,
    44.58169971128751,
    62.23276788929889,
    63.59175826977081,
    64.40804893482834
  ],
  "autonEPAOverTime": [
    2.053030303030303,
    6.3686868686868685,
    9.940235690235689,
    16.093645418255395,
    18.674860161790225,
    26.992132557372223,
    33.75592591727374,
    33.75592591727374,
    33.75592591727374,
    33.75592591727374,
    33.75592591727374,
    33.75592591727374,
    36.612370791174094,
    37.289471763166326,
    41.75299637632658,
    43.98722140960149,
    36.79841791079533,
    27.020867002184758,
    28.42725528712339
  ],
  "endGameEPAOverTime": [
    4.583333333333333,
    3.0555555555555554,
    7.731481481481481,
    19.447808044783475,
    28.551942078560167,
    28.82847636532515,
    28.38443466890471,
    28.38443466890471,
    28.38443466890471,
    28.38443466890471,
    28.38443466890471,
    28.38443466890471,
    29.24802248159947,
    31.518249642698652,
    30.417259912880635,
    25.562196237353838,
    29.258561011910707,
    29.122852583140865,
    28.887753257634664
  ],
  "unitlessEPAOverTime": [
    1500,
    1438.6609126550752,
    1495.8821786022452,
    1588.7451800110475,
    1626.1207908756094,
    1614.9150621646454,
    1610.601286377777,
    1610.5988721711842,
    1610.5988721711842,
    1610.5988721711842,
    1610.5988721711842,
    1610.5988721711842,
    1569.1445141916504,
    1588.5480451011044,
    1639.2593976004782,
    1699.3362261066238,
    1740.2903606736834,
    1707.3362277682522,
    1716.0368194287214
  ],
  "EPA Rank": 25,
  "Auto EPA Rank": 76,
  "TeleOp EPA Rank": 21,
  "Endgame EPA Rank": 80
}