{
  "teamNumber": 20159,
  "teamName": "All Saints Angels",
  "wins": 1,
  "loss": 4,
  "ties": 0,
  "elo": 1500,
  "totalEPA": -6.683681025996517,
  "autonEPA": -1.1073810581029209,
  "endgameEPA": -2.917500394292936,
  "unitlessEPA": 1328.471194643536,
  "teleOpEPA": -5.576299967893596,
  "totalEPAOverTime": [
    9.386363636363637,
    8.698357749284922,
    8.73136933140746,
    12.88983416550047,
    8.62931688660392,
    -2.020197757148156,
    -6.683681025996517
  ],
  "teleOpEPAOverTime": [
    2.750000000000001,
    2.503717648676142,
    -1.6049905008638756,
    5.890264000886955,
    0.9722323976518092,
    -3.799004632070635,
    -5.576299967893596
  ],
  "autonEPAOverTime": [
    2.053030303030303,
    6.19464010060878,
    10.336359832271336,
    6.999570164613516,
    7.657084488952111,
    1.7788068749224788,
    -1.1073810581029209
  ],
  "endGameEPAOverTime": [
    4.583333333333333,
    5.286675750996807,
    3.900079643168625,
    1.0282207034651054,
    -1.8308515746816907,
    -2.088730353377442,
    -2.917500394292936
  ],
  "unitlessEPAOverTime": [
    1500,
    1393.4200606238155,
    1393.5594481818887,
    1411.1180812824136,
    1393.1285436277308,
    1348.162209225845,
    1328.471194643536
  ],
  "EPA Rank": 565,
  "Auto EPA Rank": 516,
  "TeleOp EPA Rank": 559,
  "Endgame EPA Rank": 551
}