{
  "teamNumber": 20225,
  "teamName": "KRAK'N",
  "wins": 24,
  "loss": 16,
  "ties": 0,
  "elo": 1500,
  "totalEPA": 55.70146619244235,
  "autonEPA": 10.190256381066066,
  "endgameEPA": 21.95372938210485,
  "unitlessEPA": 1584.8286213845622,
  "teleOpEPA": 45.51120981137629,
  "totalEPAOverTime": [
    9.386363636363637,
    11.336787711737527,
    21.648959891070717,
    26.717870962556933,
    26.288090459353782,
    31.816907735698727,
    33.48238828195438,
    30.453558768948017,
    25.903753810944846,
    24.561057302943123,
    21.678226349798063,
    18.28012008233968,
    15.653438146890606,
    22.313471183014897,
    36.10907680972089,
    39.391217726312796,
    54.783373931103085,
    49.262304983394536,
    46.41546407277591,
    46.41546407277591,
    46.41546407277591,
    46.41546407277591,
    46.41546407277591,
    46.41546407277591,
    46.41546407277591,
    37.11022716617257,
    18.69686316703035,
    20.11092745976848,
    36.458929648613626,
    43.217938160474546,
    41.84857876910957,
    37.72212089323663,
    36.31428895714311,
    37.758454803229846,
    36.33255321737156,
    36.78662973257438,
    38.571035275931905,
    38.571035275931905,
    38.571035275931905,
    38.571035275931905,
    47.172928052377415,
    59.5981052074451,
    89.10086538646493,
    94.68626883734993,
    70.23382075164662,
    56.00541939449045,
    55.70146619244235
  ],
  "teleOpEPAOverTime": [
    2.750000000000001,
    8.59899166652192,
    14.207796736594998,
    16.865103344765178,
    16.57941615323656,
    19.731647671354366,
    20.223602624159838,
    18.97366342417206,
    17.124075714534435,
    15.000642559185446,
    11.898096205769846,
    8.027421648269883,
    5.800630615568901,
    12.778303290751861,
    29.68327229314734,
    38.43272630825624,
    51.87604448187904,
    48.90208145928803,
    46.47385968266004,
    46.47385968266004,
    46.47385968266004,
    46.47385968266004,
    46.47385968266004,
    46.47385968266004,
    46.47385968266004,
    35.24382111984288,
    10.845535477269989,
    1.8403304129410962,
    14.19890218997634,
    22.411627640070723,
    21.637055781298056,
    20.816315446130105,
    20.281295994740226,
    23.841694961228946,
    22.108466734480675,
    12.712330275913121,
    10.706700982057118,
    10.706700982057118,
    10.706700982057118,
    10.706700982057118,
    13.75323009555217,
    25.163716553727248,
    57.55812279776595,
    68.13889974092214,
    55.60951639901252,
    46.8136648870979,
    45.51120981137629
  ],
  "autonEPAOverTime": [
    2.053030303030303,
    2.7377960452156067,
    7.441163154475719,
    9.852767617791756,
    9.70867430611722,
    12.085260064344359,
    13.258785657794542,
    11.479895344775958,
    8.77967809641041,
    9.560414743757677,
    9.780130144028217,
    10.252698434069796,
    9.852807531321705,
    9.535167892263036,
    6.42580451657355,
    0.95849141805655,
    2.9073294492240462,
    0.3602235241065097,
    -0.05839560988413073,
    -0.05839560988413073,
    -0.05839560988413073,
    -0.05839560988413073,
    -0.05839560988413073,
    -0.05839560988413073,
    -0.05839560988413073,
    1.86640604632969,
    7.851327689760362,
    18.270597046827383,
    22.260027458637285,
    20.806310520403823,
    20.211522987811517,
    16.905805447106523,
    16.032992962402886,
    13.9167598420009,
    14.224086482890886,
    24.07429945666126,
    27.864334293874787,
    27.864334293874787,
    27.864334293874787,
    27.864334293874787,
    33.419697956825246,
    34.43438865371785,
    31.54274258869898,
    26.547369096427794,
    14.624304352634098,
    9.191754507392552,
    10.190256381066066
  ],
  "endGameEPAOverTime": [
    4.583333333333333,
    5.190548838367826,
    8.915386104203513,
    10.46492705865678,
    8.465025838025358,
    9.5646206303743,
    9.935101000749912,
    7.405862306392277,
    4.27908427290619,
    2.396673671220744,
    1.9395668076137709,
    6.136003518772373,
    7.841765718707768,
    12.437582543367583,
    22.66419029161259,
    32.49201818130299,
    41.98102779257,
    30.184402987135222,
    27.743363306389952,
    27.743363306389952,
    27.743363306389952,
    27.743363306389952,
    27.743363306389952,
    27.743363306389952,
    27.743363306389952,
    20.692110759812344,
    5.133190796347546,
    0.5850663958746054,
    11.398128914673023,
    17.5952632200837,
    18.38158088369701,
    15.847829517130243,
    11.321369598656457,
    12.748592713148412,
    11.968906909958813,
    9.87208937247779,
    11.686833167392884,
    11.686833167392884,
    11.686833167392884,
    11.686833167392884,
    14.548138329749941,
    23.71593029626275,
    47.15069389947463,
    44.03741627658571,
    29.068538462817383,
    22.340729642229924,
    21.95372938210485
  ],
  "unitlessEPAOverTime": [
    1500,
    1436.0120313690018,
    1500.0203299309883,
    1531.4833784144193,
    1528.8157039141545,
    1563.1334190147804,
    1573.4711610733896,
    1544.21715168596,
    1516.7558491479988,
    1508.651722627577,
    1491.2517914874825,
    1470.741808064419,
    1454.8879180699737,
    1481.284457017152,
    1555.9763980089056,
    1573.7465113552985,
    1657.082470217335,
    1627.1903895641049,
    1611.777070347643,
    1609.6555962558568,
    1609.6555962558568,
    1609.6555962558568,
    1609.6555962558568,
    1609.6555962558568,
    1609.6555962558568,
    1550.6793791206114,
    1457.959098349167,
    1465.0796026881712,
    1547.399778027806,
    1581.4346869659837,
    1574.539293639143,
    1520.6545445716733,
    1514.6423066789835,
    1520.809710898598,
    1514.7203053907701,
    1516.6594686963408,
    1524.2798886830253,
    1519.5539598744244,
    1519.5539598744244,
    1519.5539598744244,
    1549.629479105781,
    1600.9109028782448,
    1722.6752470252918,
    1745.7274287149664,
    1644.8068271889197,
    1586.0831027305178,
    1584.8286213845622
  ],
  "EPA Rank": 121,
  "Auto EPA Rank": 246,
  "TeleOp EPA Rank": 73,
  "Endgame EPA Rank": 164
}