{
  "teamNumber": 20804,
  "teamName": "Avondale FTC #09",
  "wins": 20,
  "loss": 14,
  "ties": 1,
  "elo": 1500,
  "totalEPA": 34.42081018492812,
  "autonEPA": 8.679858299449066,
  "endgameEPA": 24.119288279503223,
  "unitlessEPA": 1487.4921151301703,
  "teleOpEPA": 25.740951885479056,
  "totalEPAOverTime": [
    9.386363636363637,
    8.924242424242424,
    7.758511036288814,
    4.185094682251103,
    2.8813168689378177,
    5.485295023791018,
    7.499780330705193,
    5.8520896695270554,
    3.4283877599278423,
    1.3652936790728902,
    -0.6328308955328401,
    -4.105381620815642,
    -2.9768120865819405,
    -1.8191224706400664,
    1.0977859502512441,
    3.3520016725571504,
    3.6903356897188084,
    3.90333767504262,
    2.1903524532633334,
    2.4602349688422223,
    2.048189705426356,
    1.935800117922867,
    9.884280431703816,
    14.491862417349058,
    15.271289587431788,
    19.827160849913867,
    27.29321794875146,
    26.054844138650274,
    29.705316150729896,
    25.664910879651124,
    23.020498565054886,
    25.185637745042797,
    28.462365046599228,
    37.79279460741666,
    45.31984174902784,
    39.56345165248498,
    35.04353938993616,
    34.42081018492812,
    34.42081018492812,
    34.42081018492812,
    34.42081018492812,
    34.42081018492812,
    34.42081018492812
  ],
  "teleOpEPAOverTime": [
    2.750000000000001,
    7.555555555555555,
    6.685528120713306,
    3.2104182305358315,
    1.726516404392437,
    3.6939529616929283,
    5.324289236553721,
    4.381352141572545,
    2.119437446810206,
    0.5094817509929767,
    -2.1086165180032674,
    -5.450386072284859,
    -4.658983979560233,
    -3.0774742082345323,
    -0.6929414349794436,
    1.267905065352441,
    0.5152940168550728,
    0.29233289601445156,
    -0.6786566570430197,
    0.5475622286379869,
    1.259611152367716,
    4.039572582891314,
    11.42214048941046,
    15.426617770072205,
    15.999719561943063,
    20.33298666617015,
    25.61759360458459,
    20.729987350375687,
    22.12928651910935,
    17.496767211361323,
    14.659452299060735,
    17.213377217261886,
    22.720499871443657,
    33.05620550267956,
    37.82132469799049,
    31.167917862205364,
    26.556877853132242,
    25.740951885479056,
    25.740951885479056,
    25.740951885479056,
    25.740951885479056,
    25.740951885479056,
    25.740951885479056
  ],
  "autonEPAOverTime": [
    2.053030303030303,
    1.368686868686869,
    1.0729829155755084,
    0.9746764517152714,
    1.1548004645453807,
    1.7913420620980895,
    2.175491094151473,
    1.4707375279545103,
    1.308950313117636,
    0.8558119280799136,
    1.475785622470427,
    1.3450044514692168,
    1.6821718929782925,
    1.2583517375944657,
    1.7907273852306878,
    2.0840966072047094,
    3.1750416728637356,
    3.6110047790281685,
    2.869009110306353,
    1.9126727402042354,
    0.7885785530586398,
    -2.1037724649684466,
    -1.5378600577066424,
    -0.9347553527231472,
    -0.728429974511275,
    -0.505825816256285,
    1.6756243441668714,
    5.324856788274586,
    7.576029631620545,
    8.168143668289801,
    8.361046265994151,
    7.972260527780909,
    5.741865175155571,
    4.736589104737098,
    7.498517051037345,
    8.395533790279613,
    8.486661536803917,
    8.679858299449066,
    8.679858299449066,
    8.679858299449066,
    8.679858299449066,
    8.679858299449066,
    8.679858299449066
  ],
  "endGameEPAOverTime": [
    4.583333333333333,
    4.722222222222222,
    3.948902606310014,
    0.17094498300954072,
    -1.7577191510917638,
    0.5280811224961446,
    2.390391850064748,
    2.0614376528317346,
    0.11464822199192737,
    -0.6450183893055308,
    -2.7523362696241715,
    -6.8878579539434135,
    -6.4119158888203724,
    -5.214387505229621,
    -2.6846919635985835,
    0.2768084494241858,
    -0.6886570313357792,
    -3.6023203715359418,
    -5.669402372023984,
    -3.779601581349323,
    -2.5396866693148072,
    2.361899989998869,
    10.490332460288206,
    14.731332304076563,
    15.088551271937495,
    20.01269664938845,
    25.987726989509905,
    20.7875101750505,
    19.40808055203982,
    13.223597478683736,
    10.317417513331614,
    12.819818293489167,
    18.701711771649265,
    29.670792087230062,
    34.34945580565605,
    27.66033431341455,
    24.627530488471994,
    24.119288279503223,
    24.119288279503223,
    24.119288279503223,
    24.119288279503223,
    24.119288279503223,
    24.119288279503223
  ],
  "unitlessEPAOverTime": [
    1500,
    1387.488971359647,
    1382.9790792417293,
    1369.1545203290596,
    1364.1105647964737,
    1374.1846356134376,
    1381.9781217468615,
    1376.8579154758372,
    1367.433239790268,
    1359.410804133529,
    1351.641005372204,
    1338.1378331141561,
    1342.526327345497,
    1348.3599012317075,
    1359.675716216603,
    1368.4206901304092,
    1369.7332185299563,
    1370.5595355442572,
    1363.9142038969949,
    1364.5476475770547,
    1362.9401551251299,
    1362.5016950101194,
    1393.510720578704,
    1411.4860595066377,
    1414.5268013958816,
    1431.865338279917,
    1461.0165528708558,
    1456.1813232169493,
    1470.434588571552,
    1454.658829086681,
    1444.333723099785,
    1451.8974231679167,
    1464.7036023057592,
    1501.1689963994618,
    1530.5863708720558,
    1508.089117979325,
    1490.4242954919496,
    1487.990531244949,
    1487.4921151301703,
    1487.4921151301703,
    1487.4921151301703,
    1487.4921151301703,
    1487.4921151301703
  ],
  "EPA Rank": 239,
  "Auto EPA Rank": 277,
  "TeleOp EPA Rank": 226,
  "Endgame EPA Rank": 136
}