{
  "teamNumber": 20882,
  "teamName": "Flat River Academy Robotic Grizzlies",
  "wins": 2,
  "loss": 3,
  "ties": 0,
  "elo": 1500,
  "totalEPA": 48.75324797818996,
  "autonEPA": 12.600177558270902,
  "endgameEPA": 1.804622519060423,
  "unitlessEPA": 1560.0823800235112,
  "teleOpEPA": 36.15307041991906,
  "totalEPAOverTime": [
    9.386363636363637,
    15.924242424242424,
    30.59853268212881,
    41.83189319848917,
    49.61834939728,
    49.248884248868976,
    48.75324797818996
  ],
  "teleOpEPAOverTime": [
    2.750000000000001,
    13.722222222222221,
    25.38855609667267,
    34.27835309410534,
    37.99914078193678,
    36.70288385887024,
    36.15307041991906
  ],
  "autonEPAOverTime": [
    2.053030303030303,
    2.202020202020202,
    5.20997658545614,
    7.553540104383825,
    11.619208615343217,
    12.546000389998737,
    12.600177558270902
  ],
  "endGameEPAOverTime": [
    4.583333333333333,
    7.222222222222221,
    13.003908999933895,
    14.295988530473501,
    15.70532351269735,
    6.116827673176571,
    1.804622519060423
  ],
  "unitlessEPAOverTime": [
    1500,
    1422.9342300609258,
    1484.2383033011556,
    1531.167370651364,
    1563.6964724139502,
    1562.1529757187197,
    1560.0823800235112
  ],
  "EPA Rank": 150,
  "Auto EPA Rank": 204,
  "TeleOp EPA Rank": 131,
  "Endgame EPA Rank": 502
}