{
  "teamNumber": 21331,
  "teamName": "Silver Hornets",
  "wins": 20,
  "loss": 11,
  "ties": 0,
  "elo": 1500,
  "totalEPA": 79.69024354721226,
  "autonEPA": 10.39683432570301,
  "endgameEPA": 34.964547719842315,
  "unitlessEPA": 1688.7852567498892,
  "teleOpEPA": 69.29340922150925,
  "totalEPAOverTime": [
    9.386363636363637,
    21.924242424242422,
    38.146520768328244,
    26.82461292795814,
    30.112525839553733,
    12.90232051539667,
    4.523328778269455,
    16.371713375830605,
    37.708539939400254,
    50.134796677411984,
    57.29055898042748,
    56.15562315098215,
    49.628549578763995,
    49.628549578763995,
    49.628549578763995,
    49.628549578763995,
    49.628549578763995,
    49.628549578763995,
    41.13415206410737,
    40.04696511681112,
    76.88424251244723,
    53.05885537722049,
    43.24515404913964,
    57.513051524312566,
    64.2465428049736,
    60.458222888756,
    57.50291432813099,
    81.30519210422388,
    99.06500950114747,
    83.38951333669914,
    79.69024354721226,
    79.69024354721226,
    79.69024354721226,
    79.69024354721226,
    79.69024354721226,
    79.69024354721226
  ],
  "teleOpEPAOverTime": [
    2.750000000000001,
    16.388888888888886,
    32.99259614631943,
    32.313806266831605,
    29.07453240907664,
    9.40993018152731,
    1.3799319109531298,
    4.094387703572053,
    15.532853542673799,
    31.306268349449223,
    41.75352694037116,
    34.827304265662114,
    25.81050628949363,
    25.81050628949363,
    25.81050628949363,
    25.81050628949363,
    25.81050628949363,
    25.81050628949363,
    25.615870907220653,
    36.93841870378047,
    59.122858924181315,
    30.574375164901447,
    28.110941657845334,
    42.10955783707756,
    46.76153937369811,
    41.68443149400109,
    38.64434804780145,
    60.77413667535919,
    77.58797761436213,
    70.02808791656673,
    69.29340922150925,
    69.29340922150925,
    69.29340922150925,
    69.29340922150925,
    69.29340922150925,
    69.29340922150925
  ],
  "autonEPAOverTime": [
    2.053030303030303,
    5.5353535353535355,
    5.153924622008813,
    -5.489193338873468,
    1.0379934304770928,
    3.492390333869361,
    3.1433968673163255,
    12.277325672258552,
    22.175686396726455,
    18.82852832796276,
    15.537032040056314,
    21.328318885320037,
    23.818043289270364,
    23.818043289270364,
    23.818043289270364,
    23.818043289270364,
    23.818043289270364,
    23.818043289270364,
    15.518281156886717,
    3.108546413030653,
    17.761383588265918,
    22.484480212319042,
    15.134212391294309,
    15.403493687235002,
    17.48500343127549,
    18.77379139475491,
    18.85856628032954,
    20.53105542886469,
    21.477031886785333,
    13.361425420132399,
    10.39683432570301,
    10.39683432570301,
    10.39683432570301,
    10.39683432570301,
    10.39683432570301,
    10.39683432570301
  ],
  "endGameEPAOverTime": [
    4.583333333333333,
    12.222222222222221,
    28.246377018418492,
    25.530935927240726,
    22.062636968442845,
    13.531262064701625,
    10.12157669646101,
    7.670758358161954,
    11.624877946965285,
    21.647807824992125,
    25.68862986015765,
    26.502120022033022,
    26.735092250196256,
    26.735092250196256,
    26.735092250196256,
    26.735092250196256,
    26.735092250196256,
    26.735092250196256,
    26.68702681637851,
    27.58351935059911,
    33.151885378803215,
    19.054633828844537,
    21.986495343106096,
    27.81274686153231,
    28.469861125673123,
    24.18467825701233,
    20.202063022451206,
    30.46755732586109,
    38.13410466251331,
    35.85570496868062,
    34.964547719842315,
    34.964547719842315,
    34.964547719842315,
    34.964547719842315,
    34.964547719842315,
    34.964547719842315
  ],
  "unitlessEPAOverTime": [
    1500,
    1479.177101075761,
    1567.007493565574,
    1505.708606426473,
    1523.5099704132426,
    1430.33075992324,
    1384.9653607276898,
    1444.6859365444363,
    1545.0563766515597,
    1603.510657749193,
    1637.1720370323674,
    1631.833192084859,
    1601.1292237555824,
    1601.0817621869887,
    1601.0817621869887,
    1601.0817621869887,
    1601.0817621869887,
    1601.0817621869887,
    1513.6546385465201,
    1509.3988868613599,
    1653.5969990104004,
    1560.333433160479,
    1521.9180750028906,
    1577.7692134613405,
    1604.1272073058685,
    1603.7933209441082,
    1591.7039504012623,
    1689.0726514678195,
    1761.7232762267054,
    1697.5990476774882,
    1682.4663323262344,
    1688.7852567498892,
    1688.7852567498892,
    1688.7852567498892,
    1688.7852567498892,
    1688.7852567498892
  ],
  "EPA Rank": 53,
  "Auto EPA Rank": 239,
  "TeleOp EPA Rank": 16,
  "Endgame EPA Rank": 28
}