{
  "teamNumber": 21427,
  "teamName": "Techno Wizards",
  "wins": 2,
  "loss": 3,
  "ties": 0,
  "elo": 1500,
  "totalEPA": 17.155861160676164,
  "autonEPA": 14.92637731923914,
  "endgameEPA": 3.436202715848074,
  "unitlessEPA": 1461.8097888616462,
  "teleOpEPA": 2.2294838414370233,
  "totalEPAOverTime": [
    9.386363636363637,
    11.59090909090909,
    16.88877459643248,
    20.734101950963193,
    15.944607750150714,
    10.169011483017997,
    15.301075927995921,
    17.155861160676164
  ],
  "teleOpEPAOverTime": [
    2.750000000000001,
    9.388888888888888,
    10.950936511100712,
    8.62002002427638,
    3.9248699072530773,
    -1.9601661617345858,
    0.536611274176904,
    2.2294838414370233
  ],
  "autonEPAOverTime": [
    2.053030303030303,
    2.202020202020202,
    5.937838085331768,
    12.114081926686813,
    12.019737842897637,
    12.129177644752582,
    14.764464653819017,
    14.92637731923914
  ],
  "endGameEPAOverTime": [
    4.583333333333333,
    6.388888888888888,
    9.775203258399298,
    9.106859009195713,
    4.873121756168861,
    1.4797592266723423,
    2.489303486210751,
    3.436202715848074
  ],
  "unitlessEPAOverTime": [
    1500,
    1427.8481385259663,
    1460.1798196560746,
    1483.6469872800833,
    1454.4177818361686,
    1419.1706173601178,
    1450.490451923906,
    1461.8097888616462
  ],
  "EPA Rank": 402,
  "Auto EPA Rank": 172,
  "TeleOp EPA Rank": 504,
  "Endgame EPA Rank": 473
}