{
  "teamNumber": 21491,
  "teamName": "LMS Bongo Bytes",
  "wins": 11,
  "loss": 9,
  "ties": 0,
  "elo": 1500,
  "totalEPA": 18.888361550659962,
  "autonEPA": 4.656583401624351,
  "endgameEPA": 7.434530469742389,
  "unitlessEPA": 1435.9305848282781,
  "teleOpEPA": 14.23177814903561,
  "totalEPAOverTime": [
    9.386363636363637,
    8.424242424242424,
    7.716423494201272,
    8.31931229944109,
    10.575754685927077,
    11.70402117239666,
    11.610122823465213,
    11.610708413493738,
    13.938396947760543,
    17.358270804938776,
    22.634373821915826,
    22.584786900537434,
    22.496355323199833,
    22.43975077591825,
    22.368330116401683,
    21.05596002376618,
    18.094733117805504,
    14.037795234956384,
    12.739751551505298,
    17.234562120842217,
    25.790785159829184,
    19.21735104638926,
    16.380792996164036,
    18.102062390916064,
    18.888361550659962
  ],
  "teleOpEPAOverTime": [
    2.750000000000001,
    6.222222222222221,
    5.877914951989025,
    7.2496558884241145,
    9.769009432797448,
    10.697310358917262,
    10.40287614700744,
    10.113507900283977,
    11.972869243513323,
    15.605318353730679,
    21.252775240799053,
    21.271807534536407,
    21.35375178360588,
    21.125428502501535,
    21.441586960478663,
    19.486984522524374,
    15.495096942844967,
    12.19278312988759,
    11.4019912061449,
    14.337007335424548,
    17.82747533898501,
    11.614019985782893,
    12.385556793066693,
    13.79998025227559,
    14.23177814903561
  ],
  "autonEPAOverTime": [
    2.053030303030303,
    2.202020202020202,
    1.8385085422122462,
    1.0696564110169762,
    0.8067452531296279,
    1.0067108134793978,
    1.2072466764577723,
    1.4972005132097597,
    1.96552770424722,
    1.7529524512080974,
    1.3815985811167737,
    1.3129793660010285,
    1.1426035395939518,
    1.3143222734167153,
    0.92674315592302,
    1.5689755012418067,
    2.5996361749605366,
    1.845012105068793,
    1.337760345360399,
    2.897554785417668,
    7.9633098208441755,
    7.6033310606063695,
    3.9952362030973436,
    4.302082138640474,
    4.656583401624351
  ],
  "endGameEPAOverTime": [
    4.583333333333333,
    3.888888888888889,
    2.853223593964335,
    3.219795624067394,
    3.7944097940845487,
    4.016837020130297,
    3.9871405788322307,
    4.225394926804636,
    5.758375817468249,
    6.668115946016275,
    6.058394212385986,
    5.36889034350731,
    4.758939098958031,
    4.6374210330251175,
    5.162240270165491,
    5.863517317588132,
    4.758163617531377,
    2.808529279555441,
    1.959480583371814,
    5.874671579541492,
    12.253513825366355,
    10.084877269141202,
    6.946952325129546,
    6.670182467378621,
    7.434530469742389
  ],
  "unitlessEPAOverTime": [
    1500,
    1482.2599505338367,
    1469.2088477478037,
    1480.3251988819504,
    1521.930559048114,
    1542.7340742692948,
    1541.0027317587576,
    1471.2660651549431,
    1488.3646208250618,
    1513.4860675611326,
    1552.2428599021146,
    1551.8786081032952,
    1551.2290142139736,
    1495.5418525551795,
    1495.113327524953,
    1487.2390872501962,
    1469.4716813206821,
    1445.129993066293,
    1437.3417114619035,
    1428.9919315959266,
    1464.8902778982529,
    1437.3108876550866,
    1425.4098721334421,
    1432.6316012224165,
    1435.9305848282781
  ],
  "EPA Rank": 384,
  "Auto EPA Rank": 366,
  "TeleOp EPA Rank": 366,
  "Endgame EPA Rank": 400
}