{
  "teamNumber": 21622,
  "teamName": "Harrison RoboHornets",
  "wins": 0,
  "loss": 5,
  "ties": 0,
  "elo": 1500,
  "totalEPA": 4.984801136501901,
  "autonEPA": -3.586102310503596,
  "endgameEPA": 5.260772959461553,
  "unitlessEPA": 1389.814772929453,
  "teleOpEPA": 8.570903447005497,
  "totalEPAOverTime": [
    9.386363636363637,
    6.424242424242425,
    -4.33723485063866,
    -4.229355511387016,
    4.767493034562953,
    4.891303609778465,
    4.984801136501901
  ],
  "teleOpEPAOverTime": [
    2.750000000000001,
    5.055555555555555,
    -3.418962725107617,
    -1.2483864625926455,
    8.97351354161252,
    9.64504776792106,
    8.570903447005497
  ],
  "autonEPAOverTime": [
    2.053030303030303,
    1.368686868686869,
    -0.9182721255310434,
    -2.9809690487943707,
    -4.206020507049567,
    -4.753744158142594,
    -3.586102310503596
  ],
  "endGameEPAOverTime": [
    4.583333333333333,
    3.0555555555555554,
    -2.258331962985339,
    -3.539264737958191,
    2.35104270698963,
    6.319107163091933,
    5.260772959461553
  ],
  "unitlessEPAOverTime": [
    1500,
    1397.9038363147438,
    1337.4287946876416,
    1338.0350318579951,
    1388.5935914712775,
    1389.289355584213,
    1389.814772929453
  ],
  "EPA Rank": 513,
  "Auto EPA Rank": 547,
  "TeleOp EPA Rank": 439,
  "Endgame EPA Rank": 440
}