{
  "teamNumber": 21672,
  "teamName": "More Fabricators",
  "wins": 22,
  "loss": 11,
  "ties": 0,
  "elo": 1500,
  "totalEPA": 89.12843396767134,
  "autonEPA": 38.30234729711751,
  "endgameEPA": 41.27331806196206,
  "unitlessEPA": 1721.0754247124241,
  "teleOpEPA": 50.826086670553835,
  "totalEPAOverTime": [
    9.386363636363637,
    23.257575757575758,
    55.34411328650012,
    59.35283890160607,
    46.75012895410172,
    48.30054959628614,
    50.088376939922895,
    50.088376939922895,
    50.088376939922895,
    50.088376939922895,
    50.088376939922895,
    50.088376939922895,
    61.74012296275446,
    77.6662972335601,
    74.69311299418997,
    65.83608557082304,
    61.273141385504765,
    61.543692482777004,
    61.543692482777004,
    61.543692482777004,
    54.84033144965867,
    51.139533148027084,
    46.841515681340745,
    37.681143353191906,
    40.102029237533664,
    57.678482258095656,
    62.25339757676679,
    65.24049883770981,
    82.5910869292321,
    92.4756412409678,
    92.78590144859615,
    91.61136821077781,
    89.12843396767134,
    89.12843396767134,
    89.12843396767134,
    89.12843396767134,
    89.12843396767134,
    89.12843396767134
  ],
  "teleOpEPAOverTime": [
    2.750000000000001,
    13.555555555555557,
    32.66364375349286,
    39.4818856114119,
    34.870193947729945,
    35.645117922680065,
    36.20463863260438,
    36.20463863260438,
    36.20463863260438,
    36.20463863260438,
    36.20463863260438,
    36.20463863260438,
    46.07815174649958,
    61.2967731005185,
    61.491449010313346,
    51.97458606334777,
    48.59170246228959,
    50.046117787007475,
    50.046117787007475,
    50.046117787007475,
    49.34048242815313,
    48.99143367093967,
    35.36594200842309,
    23.512740271135605,
    11.884917723060326,
    23.393512236811603,
    27.318715550730502,
    30.926546965879098,
    44.85096707630835,
    50.47402087130299,
    55.96096876540435,
    54.842233015795024,
    50.826086670553835,
    50.826086670553835,
    50.826086670553835,
    50.826086670553835,
    50.826086670553835,
    50.826086670553835
  ],
  "autonEPAOverTime": [
    2.053030303030303,
    9.7020202020202,
    22.680469533007255,
    19.870953290194173,
    11.879935006371774,
    12.655431673606076,
    13.883738307318517,
    13.883738307318517,
    13.883738307318517,
    13.883738307318517,
    13.883738307318517,
    13.883738307318517,
    15.661971216254882,
    16.3695241330416,
    13.201663983876625,
    13.86149950747527,
    12.681438923215175,
    11.497574695769526,
    11.497574695769526,
    11.497574695769526,
    5.499849021505539,
    2.148099477087415,
    11.475573672917655,
    14.1684030820563,
    28.217111514473338,
    34.28497002128405,
    34.934682026036285,
    34.31395187183071,
    37.740119852923755,
    42.00162036966481,
    36.8249326831918,
    36.76913519498279,
    38.30234729711751,
    38.30234729711751,
    38.30234729711751,
    38.30234729711751,
    38.30234729711751,
    38.30234729711751
  ],
  "endGameEPAOverTime": [
    4.583333333333333,
    9.722222222222221,
    23.18326728649088,
    22.53670281062547,
    16.419368071371835,
    20.004784235581397,
    21.739042810203564,
    21.739042810203564,
    21.739042810203564,
    21.739042810203564,
    21.739042810203564,
    21.739042810203564,
    26.779012622640593,
    35.048597921045555,
    44.535666868454506,
    44.34980015369608,
    41.3762705381408,
    40.58506693654717,
    40.58506693654717,
    40.58506693654717,
    40.418656022332584,
    40.11901892369834,
    32.01295472910593,
    28.437018217443086,
    19.15140012055394,
    21.074381924047923,
    23.31511664232323,
    23.585604012684904,
    32.15052133270363,
    42.784110532914724,
    47.774023931398425,
    44.958042993808945,
    41.27331806196206,
    41.27331806196206,
    41.27331806196206,
    41.27331806196206,
    41.27331806196206,
    41.27331806196206
  ],
  "unitlessEPAOverTime": [
    1500,
    1559.0515479695532,
    1795.8832127914957,
    1825.4717329110033,
    1732.4507649912039,
    1743.8944647525707,
    1757.0904702681548,
    1686.6155280736516,
    1686.6155280736516,
    1686.6155280736516,
    1686.6155280736516,
    1686.6155280736516,
    1708.756156378142,
    1798.2546543432454,
    1781.5465913098699,
    1731.773768449319,
    1706.1319134789646,
    1707.6522985015663,
    1693.6840756857896,
    1693.6840756857896,
    1572.4285293484459,
    1557.4750360306925,
    1540.1084112569656,
    1503.0948927583443,
    1512.8767554658007,
    1583.8963980863957,
    1602.381859889833,
    1620.3484589676,
    1690.790679546267,
    1730.9213051755685,
    1732.1809407491442,
    1727.4124148076055,
    1717.3318687931053,
    1721.0754247124241,
    1721.0754247124241,
    1721.0754247124241,
    1721.0754247124241,
    1721.0754247124241
  ],
  "EPA Rank": 32,
  "Auto EPA Rank": 29,
  "TeleOp EPA Rank": 55,
  "Endgame EPA Rank": 15
}