{
  "teamNumber": 22055,
  "teamName": "Avondale RoboJackets",
  "wins": 20,
  "loss": 8,
  "ties": 0,
  "elo": 1500,
  "totalEPA": 36.277942992728754,
  "autonEPA": 0.5985208129940554,
  "endgameEPA": 30.445590759699602,
  "unitlessEPA": 1494.77040464586,
  "teleOpEPA": 35.6794221797347,
  "totalEPAOverTime": [
    9.386363636363637,
    10.459124816946813,
    13.875275657627299,
    17.02154757042954,
    17.598537594232553,
    15.910213903727477,
    13.9019930140011,
    8.941297420557031,
    6.960534990542927,
    22.275073100024045,
    26.054842158756234,
    30.5356479952469,
    32.12714954444304,
    39.46971937043346,
    46.875098960844646,
    42.94446538259543,
    42.14036600480082,
    36.70777635116286,
    33.42615317477784,
    32.34236631672484,
    34.722128070939206,
    39.47908587297583,
    44.711614892096534,
    47.46307081573611,
    44.15868436482169,
    41.49072915180947,
    41.1371678267271,
    36.56400208617029,
    36.30748105217478,
    36.277942992728754,
    36.277942992728754,
    36.277942992728754,
    36.277942992728754,
    36.277942992728754
  ],
  "teleOpEPAOverTime": [
    2.750000000000001,
    8.344500364567951,
    12.044767914841504,
    15.9976741813043,
    17.831909502045217,
    17.06090095180199,
    15.378544057710975,
    10.350409715011754,
    8.936504957621654,
    25.150454520579242,
    27.762010852869974,
    30.961229071028143,
    32.24468607476875,
    36.934897963549,
    41.330657658936644,
    38.573875335962924,
    38.80923836949215,
    34.63084606769425,
    32.08216720784143,
    31.105639061659744,
    34.290161962060274,
    39.69088932697433,
    42.62080177162162,
    44.65023934551448,
    41.932931080533976,
    39.5523067196735,
    39.35933564214093,
    34.84656646161212,
    35.10422990331937,
    35.6794221797347,
    35.6794221797347,
    35.6794221797347,
    35.6794221797347,
    35.6794221797347
  ],
  "autonEPAOverTime": [
    2.053030303030303,
    2.1146244523788624,
    1.8305077427857939,
    1.0238733891252412,
    -0.23337190781266515,
    -1.1506870480745133,
    -1.4765510437098754,
    -1.4091122944547223,
    -1.9759699670787283,
    -2.8753814205551977,
    -1.70716869411374,
    -0.4255810757812422,
    -0.11753653032570716,
    2.5348214068844626,
    5.544441301908003,
    4.370590046632504,
    3.3311276353086656,
    2.0769302834686107,
    1.3439859669364114,
    1.236727255065099,
    0.4319661088789315,
    -0.21180345399849654,
    2.09081312047491,
    2.8128314702216315,
    2.225753284287709,
    1.9384224321359662,
    1.7778321845861744,
    1.7174356245581675,
    1.2032511488554092,
    0.5985208129940554,
    0.5985208129940554,
    0.5985208129940554,
    0.5985208129940554,
    0.5985208129940554
  ],
  "endGameEPAOverTime": [
    4.583333333333333,
    4.053510332882654,
    5.857528189624569,
    7.014241258964742,
    9.418409832680066,
    11.200832526088883,
    10.787390850751137,
    8.353427339929967,
    12.26171905726689,
    23.73154544064371,
    25.777698796063294,
    29.049530360287868,
    29.984194374321827,
    33.32102850202745,
    35.59665409505329,
    34.86210588499135,
    36.37603024764547,
    31.81456842265805,
    29.650692402522683,
    27.969462872278722,
    29.339825112665537,
    31.914995707783298,
    34.32480960308144,
    36.666733874444155,
    34.334187541425905,
    33.51878850682123,
    33.20086103125173,
    29.203027603248355,
    29.60099591857128,
    30.445590759699602,
    30.445590759699602,
    30.445590759699602,
    30.445590759699602,
    30.445590759699602
  ],
  "unitlessEPAOverTime": [
    1500,
    1395.9919673089394,
    1409.244536569178,
    1421.4501411752235,
    1423.6885084515916,
    1417.13884841443,
    1409.3481835193004,
    1389.8122249793341,
    1382.1117056904218,
    1441.649333386644,
    1456.343768268567,
    1473.7635916915717,
    1479.9507993002255,
    1508.9309765637706,
    1537.8212292912006,
    1522.4868367636952,
    1519.34984237214,
    1498.1559405414703,
    1485.3535012114573,
    1480.7309490545115,
    1490.0227271180909,
    1508.596265446481,
    1529.0266712510993,
    1539.769728932779,
    1526.0483095380202,
    1515.6213471315525,
    1514.239550830387,
    1496.3666019057705,
    1495.3640606468716,
    1495.2486193403977,
    1494.77040464586,
    1494.77040464586,
    1494.77040464586,
    1494.77040464586
  ],
  "EPA Rank": 224,
  "Auto EPA Rank": 464,
  "TeleOp EPA Rank": 135,
  "Endgame EPA Rank": 67
}