{
  "teamNumber": 22313,
  "teamName": "CybOrioles Orange",
  "wins": 3,
  "loss": 2,
  "ties": 0,
  "elo": 1500,
  "totalEPA": 54.26169296044352,
  "autonEPA": 24.693364106194515,
  "endgameEPA": 21.653045672834246,
  "unitlessEPA": 1583.0947444171052,
  "teleOpEPA": 29.568328854249003,
  "totalEPAOverTime": [
    9.386363636363637,
    11.238539791430433,
    25.21427506308322,
    48.12079803032511,
    58.62153198834957,
    54.51411712477573,
    54.26169296044352
  ],
  "teleOpEPAOverTime": [
    2.750000000000001,
    4.976484211559287,
    5.6499104424386495,
    18.642886797608348,
    28.20434539499397,
    29.07781893010012,
    29.568328854249003
  ],
  "autonEPAOverTime": [
    2.053030303030303,
    6.262055579871147,
    19.56436462064457,
    29.477911232716764,
    30.417186593355595,
    25.43629819467561,
    24.693364106194515
  ],
  "endGameEPAOverTime": [
    4.583333333333333,
    1.268624718837862,
    1.864258705883894,
    14.464107554282236,
    17.992448718476773,
    20.537379913757313,
    21.653045672834246
  ],
  "unitlessEPAOverTime": [
    1500,
    1403.3589966196039,
    1461.7447504531845,
    1557.4402244409712,
    1601.308633224349,
    1584.1492846494348,
    1583.0947444171052
  ],
  "EPA Rank": 126,
  "Auto EPA Rank": 103,
  "TeleOp EPA Rank": 190,
  "Endgame EPA Rank": 170
}