{
  "teamNumber": 22601,
  "teamName": "RoboComets Jr. ",
  "wins": 1,
  "loss": 4,
  "ties": 0,
  "elo": 1500,
  "totalEPA": 14.460852490522257,
  "autonEPA": 15.549878960972103,
  "endgameEPA": 2.864335506128085,
  "unitlessEPA": 1432.7115806742615,
  "teleOpEPA": -1.0890264704498467,
  "totalEPAOverTime": [
    9.386363636363637,
    15.924242424242424,
    8.462546936941898,
    -4.30915290551437,
    -0.8972883062210407,
    12.537118133944245,
    14.460852490522257
  ],
  "teleOpEPAOverTime": [
    2.750000000000001,
    7.055555555555555,
    2.2977657787868466,
    -5.08621329507045,
    -5.804677884825078,
    -2.0110624469478555,
    -1.0890264704498467
  ],
  "autonEPAOverTime": [
    2.053030303030303,
    8.868686868686869,
    6.164781158155051,
    0.7770603895560793,
    4.907389578604037,
    14.548180580892101,
    15.549878960972103
  ],
  "endGameEPAOverTime": [
    4.583333333333333,
    3.888888888888889,
    3.076577197120551,
    0.8141178606088781,
    -4.7086973380037715,
    0.9899728751284909,
    2.864335506128085
  ],
  "unitlessEPAOverTime": [
    1500,
    1439.4776820056193,
    1404.977931387228,
    1345.926947560884,
    1361.7019785869654,
    1423.8170397926444,
    1432.7115806742615
  ],
  "EPA Rank": 426,
  "Auto EPA Rank": 167,
  "TeleOp EPA Rank": 531,
  "Endgame EPA Rank": 483
}