{
  "teamNumber": 22881,
  "teamName": "Revv'ed Up",
  "wins": 0,
  "loss": 5,
  "ties": 0,
  "elo": 1500,
  "totalEPA": -7.958183652548465,
  "autonEPA": -4.825082397881165,
  "endgameEPA": -4.0857115036059675,
  "unitlessEPA": 1320.6734142568941,
  "teleOpEPA": -3.1331012546672996,
  "totalEPAOverTime": [
    9.386363636363637,
    12.42831597467669,
    15.764709965058318,
    1.1059848758865405,
    -8.502438949221993,
    -8.546509740092516,
    -7.958183652548465
  ],
  "teleOpEPAOverTime": [
    2.750000000000001,
    12.47505069531716,
    18.451645229889166,
    5.690859649540649,
    -4.171343789811907,
    -3.729600235260926,
    -3.1331012546672996
  ],
  "autonEPAOverTime": [
    2.053030303030303,
    -0.046734720640470684,
    -2.686935264830848,
    -4.584874773654109,
    -4.331095159410086,
    -4.81690950483159,
    -4.825082397881165
  ],
  "endGameEPAOverTime": [
    4.583333333333333,
    6.656101400831462,
    7.929993020026318,
    5.276796751247024,
    -0.19752368347619598,
    -3.480628413768813,
    -4.0857115036059675
  ],
  "unitlessEPAOverTime": [
    1500,
    1404.1628235722071,
    1417.8264523752669,
    1357.7941603492184,
    1318.4445101258818,
    1318.264025767845,
    1320.6734142568941
  ],
  "EPA Rank": 566,
  "Auto EPA Rank": 558,
  "TeleOp EPA Rank": 547,
  "Endgame EPA Rank": 560
}