{
  "teamNumber": 23106,
  "teamName": "GForce",
  "wins": 1,
  "loss": 4,
  "ties": 0,
  "elo": 1500,
  "totalEPA": 11.462206742055582,
  "autonEPA": -3.3343435339879126,
  "endgameEPA": 13.870332561611,
  "unitlessEPA": 1420.6898442047568,
  "teleOpEPA": 14.796550276043494,
  "totalEPAOverTime": [
    9.386363636363637,
    18.257575757575758,
    22.300859631033383,
    6.353609304565208,
    5.46620614797544,
    7.849259914476605,
    11.462206742055582
  ],
  "teleOpEPAOverTime": [
    2.750000000000001,
    16.055555555555557,
    20.15936455754016,
    7.989057020547499,
    10.070131699910096,
    11.354707344592763,
    14.796550276043494
  ],
  "autonEPAOverTime": [
    2.053030303030303,
    2.202020202020202,
    2.141495073493221,
    -1.6354477159822909,
    -4.6039255519346565,
    -3.5054474301161584,
    -3.3343435339879126
  ],
  "endGameEPAOverTime": [
    4.583333333333333,
    9.722222222222221,
    18.348958031640855,
    12.00587949315403,
    8.18567414426691,
    11.12067102064174,
    13.870332561611
  ],
  "unitlessEPAOverTime": [
    1500,
    1452.8079241410853,
    1471.9183674969033,
    1396.5442326147029,
    1392.3499518546728,
    1403.6133742222062,
    1420.6898442047568
  ],
  "EPA Rank": 443,
  "Auto EPA Rank": 543,
  "TeleOp EPA Rank": 359,
  "Endgame EPA Rank": 284
}