{
  "teamNumber": 23618,
  "teamName": "Potterville Robo-Vikes",
  "wins": 1,
  "loss": 4,
  "ties": 0,
  "elo": 1500,
  "totalEPA": 7.308246663044478,
  "autonEPA": 2.6180445485025268,
  "endgameEPA": 1.765594052221874,
  "unitlessEPA": 1406.4575411796163,
  "teleOpEPA": 4.69020211454195,
  "totalEPAOverTime": [
    9.386363636363637,
    7.590909090909092,
    8.942550722420954,
    13.036770682765564,
    6.964814576203003,
    7.573418768084203,
    7.308246663044478
  ],
  "teleOpEPAOverTime": [
    2.750000000000001,
    5.388888888888889,
    8.481430768186923,
    16.645336822051,
    11.777761798766718,
    8.460327078825623,
    4.69020211454195
  ],
  "autonEPAOverTime": [
    2.053030303030303,
    2.202020202020202,
    0.4611199542340305,
    -3.608566139285437,
    -4.812947222563714,
    -0.8869083107414198,
    2.6180445485025268
  ],
  "endGameEPAOverTime": [
    4.583333333333333,
    3.0555555555555554,
    8.939303479475601,
    18.304435420320175,
    11.286334130551234,
    6.173828392300362,
    1.765594052221874
  ],
  "unitlessEPAOverTime": [
    1500,
    1408.0969617406627,
    1415.9363802958876,
    1439.6825443515163,
    1404.465661223216,
    1407.9955191999081,
    1406.4575411796163
  ],
  "EPA Rank": 484,
  "Auto EPA Rank": 422,
  "TeleOp EPA Rank": 485,
  "Endgame EPA Rank": 503
}