{
  "teamNumber": 23709,
  "teamName": "TechnoRams Black",
  "wins": 6,
  "loss": 14,
  "ties": 0,
  "elo": 1500,
  "totalEPA": 9.686406579907883,
  "autonEPA": 2.886908770837038,
  "endgameEPA": -6.235142022697239,
  "unitlessEPA": 1397.0548087389282,
  "teleOpEPA": 6.7994978090708456,
  "totalEPAOverTime": [
    9.386363636363637,
    7.924242424242425,
    6.705645416911269,
    4.359062066523668,
    -2.5667048449005523,
    -10.122690623089124,
    -14.125355961320583,
    -11.335523907161093,
    -2.7948735858926836,
    7.656719819927136,
    11.221874878543503,
    10.212842411141867,
    11.47550987583144,
    11.705968785119554,
    7.825736657246234,
    5.611344768480946,
    8.637127167022276,
    21.031028835956427,
    25.855154076483593,
    23.73129456662567,
    26.78009420647099,
    24.34227409802333,
    8.289929981212488,
    -1.1220874511248888,
    5.554012428127103,
    9.686406579907883
  ],
  "teleOpEPAOverTime": [
    2.750000000000001,
    6.555555555555555,
    5.987787475941703,
    3.9850115415525806,
    -1.5924297829138185,
    -8.161400391143719,
    -12.14786640640214,
    -9.34544422755734,
    -2.256774093199544,
    6.490972543556207,
    9.597640625558242,
    8.910930612816937,
    10.474195529255233,
    10.746440569625163,
    5.827999229914745,
    3.6269083305414136,
    5.768073338567148,
    12.164414049325782,
    13.60479650313765,
    12.131293583577753,
    17.35092953802752,
    20.551668584346345,
    10.189817330833119,
    2.312105421707205,
    4.159236699057791,
    6.7994978090708456
  ],
  "autonEPAOverTime": [
    2.053030303030303,
    1.368686868686869,
    0.717857940969566,
    0.3740505249710874,
    -0.9742750619867337,
    -1.9612902319454042,
    -1.9774895549184415,
    -1.9900796796037517,
    -0.5380994926931395,
    1.165747276370928,
    1.6242342529852616,
    1.3019117983249298,
    1.001314346576206,
    0.9595282154943903,
    1.9977374273314894,
    1.9844364379395327,
    2.8690538284551286,
    8.866614786630645,
    12.250357573345944,
    11.600000983047918,
    9.429164668443473,
    3.7906055136769865,
    -1.8998873496206317,
    -3.434192872832094,
    1.3947757290693112,
    2.886908770837038
  ],
  "endGameEPAOverTime": [
    4.583333333333333,
    4.722222222222222,
    4.771781199637295,
    5.009639256605026,
    2.914574450561201,
    0.340181786536325,
    -0.3754030282689779,
    0.5899419208869627,
    2.3382077679523436,
    7.435436363365425,
    10.678188500317278,
    9.519147776039558,
    8.669845151625722,
    8.540309343658834,
    7.731954294657805,
    9.809619019453873,
    11.384393240124313,
    15.365350243091275,
    15.885078392520114,
    14.625449103751418,
    12.32827993550166,
    7.071327508487755,
    4.4596829192829555,
    -0.3173765565692972,
    -4.811109144527032,
    -6.235142022697239
  ],
  "unitlessEPAOverTime": [
    1500,
    1444.186306409185,
    1435.234830100154,
    1417.997478340884,
    1367.1227116571386,
    1311.6185316222964,
    1282.2160599826948,
    1292.8896969681941,
    1344.1337272228704,
    1406.8434446976244,
    1428.2344286173613,
    1422.1802186517903,
    1429.7562424120674,
    1431.1389993305436,
    1402.7071525136962,
    1391.4642429950363,
    1406.8267440512166,
    1469.7530561254043,
    1494.2461026638707,
    1483.462844099375,
    1468.8814360867416,
    1458.6378654602154,
    1391.1868996928679,
    1351.6381795177615,
    1379.6907418811134,
    1397.0548087389282
  ],
  "EPA Rank": 459,
  "Auto EPA Rank": 417,
  "TeleOp EPA Rank": 456,
  "Endgame EPA Rank": 566
}