{
  "teamNumber": 23986,
  "teamName": "Tractor Technicians in Training (Maroon)",
  "wins": 4,
  "loss": 16,
  "ties": 0,
  "elo": 1500,
  "totalEPA": 12.674481729560698,
  "autonEPA": 1.096929988812121,
  "endgameEPA": 2.346275022116406,
  "unitlessEPA": 1409.8597345614683,
  "teleOpEPA": 11.577551740748577,
  "totalEPAOverTime": [
    9.386363636363637,
    8.924242424242424,
    8.088383838383837,
    6.74582068975073,
    7.006861893414915,
    1.1798789590949479,
    -2.770736928995113,
    -2.0400080468898674,
    2.5585436272276154,
    6.55792889684596,
    8.522179338918333,
    8.262360109194159,
    7.744782421550103,
    5.722924745231147,
    2.861089175118786,
    5.698246936513817,
    8.695686498322157,
    4.849753670977698,
    3.4697749125637802,
    0.4374280941357429,
    5.337935946442061,
    12.684511660595586,
    14.468343969194375,
    14.700297185577712,
    12.674481729560698
  ],
  "teleOpEPAOverTime": [
    2.750000000000001,
    7.555555555555555,
    7.314814814814813,
    6.583250774780266,
    6.12976506387095,
    0.629253941062189,
    -2.933748362550788,
    -2.667012524347879,
    -0.8843843228905919,
    1.1374172901962591,
    3.3465991649823543,
    3.767882422929726,
    3.5889556931754827,
    2.60190752209068,
    2.165552571075256,
    3.5721056693920996,
    3.0989431334148527,
    1.47628303479559,
    1.4329637010760603,
    -3.1293359006527526,
    0.2702859740910206,
    10.529386363086626,
    14.043015875740675,
    14.535184157767691,
    11.577551740748577
  ],
  "autonEPAOverTime": [
    2.053030303030303,
    1.368686868686869,
    0.7735690235690238,
    0.1625699149704638,
    0.8770968295439654,
    0.5506250180327589,
    0.1630114335556747,
    0.6270044774580117,
    3.4429279501182073,
    5.4205116066497006,
    5.175580173935979,
    4.494477686264433,
    4.15582672837462,
    3.1210172231404667,
    0.69553660404353,
    2.1261412671217172,
    5.596743364907304,
    3.373470636182108,
    2.03681121148772,
    3.5667639947884955,
    5.06764997235104,
    2.1551252975089596,
    0.4253280934536998,
    0.16511302781002124,
    1.096929988812121
  ],
  "endGameEPAOverTime": [
    4.583333333333333,
    4.722222222222222,
    4.12037037037037,
    3.2887834679672814,
    3.3203347478109886,
    3.5802431740991643,
    3.560476329739928,
    3.036508052561051,
    3.370849297932297,
    4.997377982304193,
    5.878131845872543,
    5.844772433469281,
    5.75109963492357,
    4.862027473547419,
    3.0233057350861356,
    1.1959863577487369,
    -0.48661856321688524,
    -1.3901430927157614,
    -1.4792366498964133,
    -1.53944148352834,
    -2.9801353782955324,
    -1.9492875170578483,
    0.2873646183797378,
    2.9918913422711397,
    2.346275022116406
  ],
  "unitlessEPAOverTime": [
    1500,
    1491.4791888390869,
    1476.0672298540476,
    1451.3124106398564,
    1456.125612767995,
    1348.6849242237518,
    1275.841585574132,
    1348.6629317990776,
    1376.2543109390645,
    1400.2506826493154,
    1412.0362148154852,
    1410.4772955332407,
    1407.3718216305417,
    1385.6399578344854,
    1372.6442246290885,
    1385.527894716138,
    1399.139412181145,
    1381.6748459174432,
    1375.408295888939,
    1358.5181569608176,
    1379.0786457580086,
    1409.9018159723944,
    1417.386032976506,
    1418.359212012364,
    1409.8597345614683
  ],
  "EPA Rank": 433,
  "Auto EPA Rank": 449,
  "TeleOp EPA Rank": 393,
  "Endgame EPA Rank": 488
}