{
  "teamNumber": 25082,
  "teamName": "Avondale FTC #24",
  "wins": 7,
  "loss": 12,
  "ties": 1,
  "elo": 1500,
  "totalEPA": 25.606194084181865,
  "autonEPA": 9.283906739931178,
  "endgameEPA": 4.963863996124567,
  "unitlessEPA": 1463.4733394099044,
  "teleOpEPA": 16.32228734425069,
  "totalEPAOverTime": [
    9.386363636363637,
    11.134865875189732,
    8.547994289930838,
    -8.209527821670106,
    -24.105701306095533,
    -12.622681475209045,
    -13.857403338185485,
    -14.957846217515478,
    -11.171172357185156,
    -1.4825060656380697,
    1.4242531731146286,
    3.306023231846613,
    3.3691162044344662,
    3.119444115621539,
    4.595502563127458,
    10.163745566066698,
    14.056954972045752,
    19.766301727142004,
    22.171864962267847,
    21.8595589480646,
    23.818571850659893,
    32.786206509327116,
    36.22913652447243,
    28.258942576718756,
    26.793960232437982,
    25.954086121085673,
    25.606194084181865
  ],
  "teleOpEPAOverTime": [
    2.750000000000001,
    9.583358575134413,
    7.597243257056457,
    -7.167007252320053,
    -23.151341954477495,
    -16.70243827800718,
    -21.16830556907121,
    -22.81944389536449,
    -17.652887014873816,
    -4.730513632708368,
    0.8440559920281663,
    4.546304262836758,
    4.827725950494967,
    4.635621675406702,
    6.234248985664164,
    11.667825290600003,
    15.79981204376934,
    20.223743155909247,
    22.336776276199316,
    22.826422481014642,
    19.966463178623314,
    18.159406125826617,
    17.97129111906883,
    10.246824576023453,
    12.545546095152387,
    15.689986138369411,
    16.32228734425069
  ],
  "autonEPAOverTime": [
    2.053030303030303,
    1.5515073000553177,
    0.9507510328743809,
    -1.0425205693500526,
    -0.9543593516180369,
    4.079756802798132,
    7.310902230885728,
    7.861597677849011,
    6.481714657688659,
    3.2480075670702977,
    0.5801971810864623,
    -1.2402810309901442,
    -1.4586097460605005,
    -1.516177559785162,
    -1.6387464225367054,
    -1.5040797245333053,
    -1.742857071723587,
    -0.4574414287672435,
    -0.16491131393146963,
    -0.9668635329500423,
    3.8521086720365805,
    14.626800383500498,
    18.2578454054036,
    18.012118000695303,
    14.248414137285595,
    10.264099982716262,
    9.283906739931178
  ],
  "endGameEPAOverTime": [
    4.583333333333333,
    5.230784125127936,
    4.428431215384392,
    0.14666201574901816,
    -3.321560258165573,
    0.9448765676637716,
    1.7770383898624253,
    1.711170654443927,
    2.21600364231739,
    3.921784497548059,
    4.5049651861083575,
    4.178215879676123,
    2.3198066997798112,
    1.1249456224696537,
    -0.20861933116464404,
    -1.1806246954517159,
    2.6033759069402493,
    9.920334614540806,
    11.104367864214415,
    10.719811606106665,
    8.169287449533332,
    7.605925353062602,
    12.03616604876355,
    5.447309565511313,
    7.236619527437499,
    5.830738949836698,
    4.963863996124567
  ],
  "unitlessEPAOverTime": [
    1500,
    1397.4002322766871,
    1387.3410638473028,
    1322.1786729732087,
    1260.3656756161918,
    1305.0179232248756,
    1300.2166508100022,
    1295.9375283621869,
    1311.6218983029194,
    1349.2880820569007,
    1360.5885566857942,
    1367.9042278712884,
    1368.1495115282507,
    1367.178872795067,
    1372.8778647774625,
    1394.6009845228646,
    1409.7893759194624,
    1432.0629769752193,
    1441.4476856138674,
    1440.2293011180461,
    1456.026178982508,
    1493.3849747644317,
    1507.7280790748816,
    1474.5245801178103,
    1468.4215241496222,
    1464.922643273804,
    1463.4733394099044
  ],
  "EPA Rank": 312,
  "Auto EPA Rank": 262,
  "TeleOp EPA Rank": 333,
  "Endgame EPA Rank": 446
}