{
  "teamNumber": 25099,
  "teamName": "Avondale FTC #20",
  "wins": 22,
  "loss": 10,
  "ties": 0,
  "elo": 1500,
  "totalEPA": 30.408596161878997,
  "autonEPA": 5.278537790490919,
  "endgameEPA": 18.24145375832607,
  "unitlessEPA": 1471.7678464424366,
  "teleOpEPA": 25.130058371388078,
  "totalEPAOverTime": [
    9.386363636363637,
    7.924242424242425,
    3.835024918318398,
    -3.8929329005787388,
    -7.976186092649783,
    -6.879107265496025,
    -6.8930883999077945,
    -3.8197121371243847,
    2.8806755498973704,
    6.66666866347542,
    10.45916681475415,
    10.674335376579583,
    9.16640082104202,
    8.827506517337204,
    10.704881590377664,
    17.4426670200712,
    21.7531628345299,
    22.9398549714173,
    20.295676187191425,
    19.81743149961446,
    27.160001325604878,
    44.56443165873539,
    46.882147271688815,
    49.094408475902284,
    51.71986179628257,
    51.53573056706877,
    50.10738120418118,
    46.594959889953685,
    44.145093937331794,
    49.10596189971613,
    57.85914394040137,
    59.834592164455145,
    59.11944685911889,
    58.00331676389169,
    56.29445995997546,
    50.230836705307304,
    37.73282130565587,
    30.408596161878997,
    30.408596161878997,
    30.408596161878997
  ],
  "teleOpEPAOverTime": [
    2.750000000000001,
    6.555555555555555,
    2.147705673092144,
    -5.417765886275648,
    -8.16030298734481,
    -7.142724613706756,
    -7.809862939959879,
    -4.245776267271273,
    3.1919802846263727,
    6.938752058585546,
    11.038157354390997,
    10.618773948560193,
    9.543566653125547,
    9.407127028113537,
    11.142397984136942,
    17.81379913382537,
    21.556887143784447,
    22.375076122991874,
    20.8707522447613,
    20.614042592549772,
    25.30425448133002,
    37.76343464808678,
    39.536524906343985,
    40.9039245785958,
    43.418602615480964,
    43.36249479093648,
    41.3903153512578,
    38.367566538311806,
    38.14686386889915,
    42.07768995839579,
    49.07347703857177,
    50.90530308007883,
    51.40422132213632,
    51.79777137741477,
    49.48375183476453,
    42.0502890652152,
    31.25603509408967,
    25.130058371388078,
    25.130058371388078,
    25.130058371388078
  ],
  "autonEPAOverTime": [
    2.053030303030303,
    1.368686868686869,
    1.687319245226254,
    1.5248329856969087,
    0.1841168946950263,
    0.2636173482107318,
    0.9167745400520844,
    0.42606413014688854,
    -0.3113047347290024,
    -0.27208339511012625,
    -0.578990539636846,
    0.055561428019389014,
    -0.3771658320835265,
    -0.5796205107763335,
    -0.43751639375927853,
    -0.3711321137541667,
    0.19627569074545254,
    0.5647788484254247,
    -0.5750760575698718,
    -0.7966110929353121,
    1.8557468442748577,
    6.800997010648606,
    7.345622365344827,
    8.190483897306484,
    8.301259180801607,
    8.17323577613229,
    8.717065852923387,
    8.227393351641881,
    5.998230068432639,
    7.028271941320344,
    8.785666901829597,
    8.929289084376315,
    7.715225536982569,
    6.205545386476918,
    6.810708125210927,
    8.180547640092103,
    6.476786211566201,
    5.278537790490919,
    5.278537790490919,
    5.278537790490919
  ],
  "endGameEPAOverTime": [
    4.583333333333333,
    4.722222222222222,
    2.012505437842635,
    -4.036883885445603,
    -7.345804702313035,
    -6.041044042534777,
    -5.622534696442585,
    -1.6542676963009102,
    4.854905265821818,
    5.938522906598886,
    7.353372787242859,
    5.643325656261055,
    3.6426145945370365,
    3.4176980495351437,
    6.26492804751574,
    12.32440539403539,
    16.653015612560896,
    21.035092652833814,
    20.688849757049095,
    19.99480085944443,
    23.331634987150057,
    31.572597899081217,
    31.294828695645528,
    32.674834946479244,
    36.87090550790944,
    37.334379837357375,
    36.58379769413542,
    35.73736305249053,
    35.180678214782624,
    36.139221860336015,
    41.35406170425273,
    42.99483865774675,
    43.09328455920674,
    41.82238922654621,
    38.805921108998234,
    32.214207109085315,
    23.607258452336882,
    18.24145375832607,
    18.24145375832607,
    18.24145375832607
  ],
  "unitlessEPAOverTime": [
    1500,
    1381.6642764589924,
    1365.8810521463088,
    1336.0533182197298,
    1320.293114473518,
    1324.5275288064752,
    1324.4735655775085,
    1338.1861381157873,
    1364.1080837105944,
    1378.7550432742294,
    1393.4271690284259,
    1394.2595966451377,
    1388.4258151783,
    1387.1147269079836,
    1396.9453528041818,
    1423.0838262592515,
    1439.8059052865653,
    1444.4095426749975,
    1434.1517513453186,
    1432.2964553876636,
    1460.9076631094556,
    1528.8067336111433,
    1537.8487265287295,
    1546.4793152120662,
    1556.7218705090386,
    1556.0035281631733,
    1550.0944369490908,
    1536.3801904453005,
    1526.8146905892875,
    1546.184395992598,
    1580.3611889964036,
    1588.0743251712722,
    1584.5182970922733,
    1580.1562124189995,
    1573.4776199278035,
    1549.7796315151625,
    1500.9346073963025,
    1472.309906404998,
    1471.7678464424366,
    1471.7678464424366
  ],
  "EPA Rank": 273,
  "Auto EPA Rank": 356,
  "TeleOp EPA Rank": 233,
  "Endgame EPA Rank": 226
}