{
  "teamNumber": 25091,
  "teamName": "Avondale FTC #33",
  "wins": 6,
  "loss": 13,
  "ties": 1,
  "elo": 1500,
  "totalEPA": 14.561670902078868,
  "autonEPA": 0.8964065430184572,
  "endgameEPA": 11.720806229102104,
  "unitlessEPA": 1410.3765976537302,
  "teleOpEPA": 13.66526435906041,
  "totalEPAOverTime": [
    9.386363636363637,
    7.924242424242425,
    6.040123456790123,
    7.46466884663253,
    10.606320848647126,
    11.021174699035495,
    9.70098891639638,
    12.499112927304882,
    10.586022082829391,
    12.113936945135245,
    -1.4386633787657317,
    -16.941056423953015,
    -20.95752584962265,
    -15.181133629404929,
    -2.357012034916263,
    2.7588249122033215,
    2.0404530152169276,
    3.2707010314682066,
    4.268505191184142,
    4.529586221664581,
    3.8559663051755657,
    5.928285665020324,
    10.837399739483866,
    10.087353909750984,
    10.91979300448141,
    14.561670902078868
  ],
  "teleOpEPAOverTime": [
    2.750000000000001,
    6.555555555555555,
    5.761316872427983,
    7.47509720717338,
    10.639852895025767,
    10.726399606677836,
    9.497852238442402,
    11.433628421376925,
    8.759984391549128,
    11.237032765567104,
    -2.532538833545324,
    -17.856575074229305,
    -22.259178547746103,
    -18.292648496876552,
    -7.605981353329758,
    -0.02825356366241749,
    2.441403969612507,
    4.994854432855441,
    6.0581637617067186,
    6.230103131140112,
    5.136453854593579,
    8.583379811825361,
    15.94095448605404,
    13.875973862274902,
    11.845254600934021,
    13.66526435906041
  ],
  "autonEPAOverTime": [
    2.053030303030303,
    1.368686868686869,
    0.27880658436214,
    -0.010428360540849557,
    -0.033532046378641156,
    0.2947750923576583,
    0.20313667795397877,
    1.0654845059279567,
    1.8260376912802636,
    0.8769041795681415,
    1.0938754547795924,
    0.9155186502762895,
    1.301652698123451,
    3.1115148674716213,
    5.248969318413495,
    2.787078475865739,
    -0.4009509543955794,
    -1.7241534013872348,
    -1.7896585705225772,
    -1.7005169094755312,
    -1.2804875494180137,
    -2.6550941468050375,
    -5.103554746570173,
    -3.7886199525239186,
    -0.9254615964526121,
    0.8964065430184572
  ],
  "endGameEPAOverTime": [
    4.583333333333333,
    4.722222222222222,
    5.2211934156378605,
    6.895379091772206,
    6.424425616107539,
    5.437696464151427,
    4.79991867053765,
    6.100658541731324,
    6.635074223013477,
    6.6401104194944125,
    8.02069816913466,
    3.3183307188756093,
    1.4060952637763835,
    0.7693294425260377,
    -0.5122843920011966,
    0.17872592578720004,
    -1.0058298040630187,
    -0.8519149713345116,
    -0.8523600048574572,
    -0.6696106300126847,
    -1.6001055862972071,
    2.87550889253741,
    13.526449660796967,
    13.76359508612989,
    11.456808902998645,
    11.720806229102104
  ],
  "unitlessEPAOverTime": [
    1500,
    1381.6642764589924,
    1374.3921095341466,
    1379.8904522852743,
    1392.016341453154,
    1393.617560113735,
    1388.5220159633875,
    1402.7051693113349,
    1395.266028097309,
    1401.20739489467,
    1348.50748891901,
    1288.2257248033593,
    1272.6074998112438,
    1295.1754775784384,
    1345.2472511521275,
    1365.222032845259,
    1362.4171502883855,
    1367.2206527860294,
    1371.1165784124405,
    1372.1359691088155,
    1368.5363228161975,
    1376.6354078210393,
    1395.8213175596443,
    1392.8899716241467,
    1396.1433287660113,
    1410.3765976537302
  ],
  "EPA Rank": 424,
  "Auto EPA Rank": 458,
  "TeleOp EPA Rank": 374,
  "Endgame EPA Rank": 325
}