{
  "teamNumber": 25275,
  "teamName": "Tawas Braves",
  "wins": 2,
  "loss": 3,
  "ties": 0,
  "elo": 1500,
  "totalEPA": 5.367845908726228,
  "autonEPA": 10.633841300117972,
  "endgameEPA": 1.33355306271958,
  "unitlessEPA": 1374.6522751994278,
  "teleOpEPA": -5.265995391391744,
  "totalEPAOverTime": [
    9.386363636363637,
    6.924242424242425,
    3.3618667662740025,
    0.4537618726441348,
    -5.351591541645199,
    2.072874797090244,
    5.367845908726228
  ],
  "teleOpEPAOverTime": [
    2.750000000000001,
    5.555555555555555,
    0.23455986659340544,
    -5.654543335949522,
    -7.878944339111036,
    -6.465715575802638,
    -5.265995391391744
  ],
  "autonEPAOverTime": [
    2.053030303030303,
    1.368686868686869,
    3.127306899680597,
    6.108305208593657,
    2.527352797465837,
    8.538590372892882,
    10.633841300117972
  ],
  "endGameEPAOverTime": [
    4.583333333333333,
    3.0555555555555554,
    -2.1553383933013626,
    -6.171721796609517,
    -4.159675981544067,
    -0.3911127685556792,
    1.33355306271958
  ],
  "unitlessEPAOverTime": [
    1500,
    1380.855050561157,
    1366.657758457132,
    1355.0679603538201,
    1331.9316305270083,
    1361.5206821734141,
    1374.6522751994278
  ],
  "EPA Rank": 507,
  "Auto EPA Rank": 236,
  "TeleOp EPA Rank": 557,
  "Endgame EPA Rank": 509
}