{
  "teamNumber": 5237,
  "teamName": "Loose Screws",
  "wins": 2,
  "loss": 8,
  "ties": 0,
  "elo": 1500,
  "totalEPA": 26.529933928269315,
  "autonEPA": 7.404975650578189,
  "endgameEPA": 9.385029170530968,
  "unitlessEPA": 1485.491880537197,
  "teleOpEPA": 19.124958277691128,
  "totalEPAOverTime": [
    9.386363636363637,
    11.090909090909092,
    18.021770032251315,
    34.39229161048148,
    44.396151107330176,
    46.76287465569811,
    44.66282243288801,
    42.825333014414966,
    43.75178765237061,
    48.98097938966247,
    41.59154685760799,
    27.65769507387518,
    26.529933928269315
  ],
  "teleOpEPAOverTime": [
    2.750000000000001,
    5.555555555555556,
    6.746048726190704,
    24.075763798587957,
    34.48848692978128,
    32.23811377552404,
    29.211808122431506,
    28.697746113212606,
    34.73357392220922,
    38.773097793845366,
    28.194911226829795,
    20.481477900946764,
    19.124958277691128
  ],
  "autonEPAOverTime": [
    2.053030303030303,
    5.5353535353535355,
    11.27572130606061,
    10.316527811893522,
    9.907664177548897,
    14.524760880174073,
    15.451014310456502,
    14.12758690120236,
    9.018213730161392,
    10.207881595817105,
    13.39663563077819,
    7.176217172928412,
    7.404975650578189
  ],
  "endGameEPAOverTime": [
    4.583333333333333,
    3.0555555555555554,
    5.310604558035895,
    17.10286993756932,
    18.560084567426134,
    15.757899941194927,
    15.997293270265349,
    14.613749653729542,
    20.80411166822921,
    25.422768250912366,
    14.088865493569777,
    8.542003382179903,
    9.385029170530968
  ],
  "unitlessEPAOverTime": [
    1500,
    1424.796751028832,
    1467.0942358704108,
    1566.9998456011747,
    1628.051149184723,
    1642.4947304740506,
    1629.678584282026,
    1559.3248279911936,
    1563.5225083450825,
    1587.2154928939908,
    1553.734656924905,
    1490.6016620751632,
    1485.491880537197
  ],
  "EPA Rank": 305,
  "Auto EPA Rank": 309,
  "TeleOp EPA Rank": 295,
  "Endgame EPA Rank": 370
}