{
  "teamNumber": 5289,
  "teamName": "Martians",
  "wins": 6,
  "loss": 6,
  "ties": 1,
  "elo": 1500,
  "totalEPA": 98.86745148669004,
  "autonEPA": 31.900733478873878,
  "endgameEPA": 28.054623455303126,
  "unitlessEPA": 1749.2930006181612,
  "teleOpEPA": 66.96671800781617,
  "totalEPAOverTime": [
    9.386363636363637,
    14.257575757575758,
    30.495198814729328,
    38.51292518426004,
    20.282142224053963,
    14.393906354756014,
    19.524424814607684,
    45.195609734191514,
    94.60396455937398,
    115.34160363377865,
    119.92068207649982,
    101.48852263943438,
    98.86745148669004,
    98.86745148669004,
    98.86745148669004,
    98.86745148669004
  ],
  "teleOpEPAOverTime": [
    2.750000000000001,
    8.222222222222221,
    18.452205041551032,
    33.22014727847294,
    23.273256082743902,
    22.097500469802277,
    27.381060640231752,
    43.499878324409835,
    73.95554546337232,
    86.818092019899,
    89.14671125432861,
    71.43170484492586,
    66.96671800781617,
    66.96671800781617,
    66.96671800781617,
    66.96671800781617
  ],
  "autonEPAOverTime": [
    2.053030303030303,
    6.0353535353535355,
    12.042993773178296,
    5.292777905787096,
    -2.991113858689939,
    -7.703594115046264,
    -7.856635825624066,
    1.6957314097816756,
    20.64841909600166,
    28.52351161387965,
    30.773970822171204,
    30.05681779450851,
    31.900733478873878,
    31.900733478873878,
    31.900733478873878,
    31.900733478873878
  ],
  "endGameEPAOverTime": [
    4.583333333333333,
    3.0555555555555554,
    8.225742461320744,
    24.571271120684138,
    18.54953720823334,
    19.645946822727446,
    24.579417306511928,
    28.432188738799216,
    39.25556750851802,
    45.78194464278498,
    43.09954068053311,
    30.917115453798036,
    28.054623455303126,
    28.054623455303126,
    28.054623455303126,
    28.054623455303126
  ],
  "unitlessEPAOverTime": [
    1500,
    1492.6222867419729,
    1612.4726538284883,
    1671.6517248788011,
    1537.0897866958176,
    1493.6285468367948,
    1531.4970525037295,
    1538.3556497496747,
    1740.699084621988,
    1825.6265252604012,
    1844.3793548967712,
    1768.893610313569,
    1758.1594633870516,
    1749.2930006181612,
    1749.2930006181612,
    1749.2930006181612
  ],
  "EPA Rank": 17,
  "Auto EPA Rank": 59,
  "TeleOp EPA Rank": 19,
  "Endgame EPA Rank": 91
}