{
  "teamNumber": 6134,
  "teamName": "Black Frogs",
  "wins": 12,
  "loss": 6,
  "ties": 0,
  "elo": 1500,
  "totalEPA": 57.24330540314958,
  "autonEPA": 32.93544642052298,
  "endgameEPA": 17.883946229120394,
  "unitlessEPA": 1587.694919040843,
  "teleOpEPA": 24.3078589826266,
  "totalEPAOverTime": [
    9.386363636363637,
    17.257575757575758,
    28.511140208671073,
    30.819535564004525,
    32.96026577671244,
    34.14039118875414,
    30.935326496905674,
    30.935326496905674,
    30.935326496905674,
    30.935326496905674,
    30.935326496905674,
    30.935326496905674,
    36.480135912811264,
    38.62437775091042,
    51.94723787088721,
    56.35269293675676,
    52.03583987779596,
    53.64202001054978,
    57.24330540314958,
    57.24330540314958,
    57.24330540314958
  ],
  "teleOpEPAOverTime": [
    2.750000000000001,
    14.055555555555555,
    24.336114921505867,
    28.26563371363768,
    30.758297469653627,
    30.04207256968224,
    27.530870919630384,
    27.530870919630384,
    27.530870919630384,
    27.530870919630384,
    27.530870919630384,
    27.530870919630384,
    28.55669427113779,
    19.285808730489798,
    15.94493177897943,
    20.315238562349833,
    24.12699942554555,
    22.46932035050252,
    24.3078589826266,
    24.3078589826266,
    24.3078589826266
  ],
  "autonEPAOverTime": [
    2.053030303030303,
    3.202020202020202,
    4.175025287165204,
    2.5539018503668456,
    2.201968307058813,
    4.0983186190718985,
    3.4044555772752885,
    3.4044555772752885,
    3.4044555772752885,
    3.4044555772752885,
    3.4044555772752885,
    3.4044555772752885,
    7.923441641673473,
    19.33856902042062,
    36.002306091907776,
    36.03745437440693,
    27.90884045225041,
    31.172699660047257,
    32.93544642052298,
    32.93544642052298,
    32.93544642052298
  ],
  "endGameEPAOverTime": [
    4.583333333333333,
    8.055555555555555,
    14.696311537875324,
    19.31272791612885,
    22.02987740165654,
    23.370191855173186,
    23.316257087001446,
    23.316257087001446,
    23.316257087001446,
    23.316257087001446,
    23.316257087001446,
    23.316257087001446,
    23.308145339952645,
    14.834917621006708,
    12.622927543509164,
    15.86839194798611,
    14.673727217891917,
    15.739197126992057,
    17.883946229120394,
    17.883946229120394,
    17.883946229120394
  ],
  "unitlessEPAOverTime": [
    1500,
    1477.846076135111,
    1549.4069396596194,
    1564.0859123265905,
    1577.6987105879869,
    1585.2030701106892,
    1564.822221180796,
    1554.381701656076,
    1554.381701656076,
    1554.381701656076,
    1554.381701656076,
    1554.381701656076,
    1504.300537530137,
    1513.105669801796,
    1567.814771876402,
    1585.905368693699,
    1568.1786078843113,
    1574.7742391558031,
    1589.5625870307542,
    1587.694919040843,
    1587.694919040843
  ],
  "EPA Rank": 117,
  "Auto EPA Rank": 54,
  "TeleOp EPA Rank": 240,
  "Endgame EPA Rank": 231
}