{
  "teamNumber": 6811,
  "teamName": "Hardcore Hard Drives",
  "wins": 10,
  "loss": 10,
  "ties": 0,
  "elo": 1500,
  "totalEPA": 18.039997387859096,
  "autonEPA": 2.9645234464934638,
  "endgameEPA": 7.963311174714406,
  "unitlessEPA": 1432.3712023334624,
  "teleOpEPA": 15.075473941365631,
  "totalEPAOverTime": [
    9.386363636363637,
    12.978535353535353,
    22.023056568774162,
    29.03460905717226,
    28.23059824554167,
    21.888399592192492,
    19.347294077135242,
    23.03318873901809,
    15.315084641503304,
    8.008919740924883,
    5.159316744652154,
    11.276033564665756,
    13.59081688093322,
    21.678974360704075,
    13.650585413024999,
    7.3622483733667705,
    18.577890103410734,
    27.15258178005159,
    30.565075454004443,
    31.87404416904049,
    25.791176288094686,
    17.590072527783256,
    21.8846155939513,
    18.525202576326482,
    17.725790684716127,
    18.039997387859096
  ],
  "teleOpEPAOverTime": [
    2.750000000000001,
    9.58641975308642,
    16.73150212111975,
    22.039895769961515,
    22.33916164863195,
    17.175752224852438,
    14.812862961558142,
    17.518947428455412,
    7.690946376514007,
    1.5561640811660862,
    1.459047462737031,
    7.732456818616867,
    9.477174052075537,
    18.373740295442545,
    13.806974694586748,
    10.56590223534048,
    19.473265253893047,
    26.843122044580742,
    30.617872551608986,
    31.546179873913335,
    24.544674129080775,
    17.098089996100004,
    18.629803937479124,
    14.806403742307628,
    14.939059832682037,
    15.075473941365631
  ],
  "autonEPAOverTime": [
    2.053030303030303,
    3.3921156004489337,
    5.291554447654414,
    6.994713287210747,
    5.891436596909722,
    4.712647367340055,
    4.5344311155770995,
    5.514241310562678,
    7.6241382649892975,
    6.452755659758797,
    3.700269281915123,
    3.543576746048889,
    4.1136428288576825,
    3.305234065261531,
    -0.15638928156174892,
    -3.203653861973711,
    -0.8953751504823115,
    0.3094597354708488,
    -0.05279709760454154,
    0.32786429512715487,
    1.2465021590139105,
    0.4919825316832529,
    3.2548116564721754,
    3.718798834018854,
    2.786730852034089,
    2.9645234464934638
  ],
  "endGameEPAOverTime": [
    4.583333333333333,
    7.183641975308642,
    14.715748520296703,
    19.490600198821777,
    19.823704016283575,
    15.092858732807175,
    12.945817185819159,
    15.918119744125077,
    13.432158509306806,
    8.34539109237374,
    6.726553052018478,
    9.349368858916552,
    10.545095855370315,
    11.769422935038563,
    12.863725150687708,
    17.114350093338007,
    24.35556481254772,
    25.187787130251024,
    24.91259214789676,
    26.915785839654877,
    22.44219968353743,
    14.719905837007868,
    11.37256342126392,
    7.314949154418599,
    7.553737142425068,
    7.963311174714406
  ],
  "unitlessEPAOverTime": [
    1500,
    1584.9518869487042,
    1749.3583189693823,
    1876.8105411612012,
    1862.1956659565833,
    1746.910597023727,
    1700.7197505237777,
    1481.1607619983247,
    1441.5383768881893,
    1404.0307615837928,
    1389.4017716268331,
    1420.8031243930209,
    1432.686513739013,
    1464.066444536741,
    1427.847376861061,
    1399.478334667022,
    1450.0762926750324,
    1488.759936449432,
    1504.1549727543756,
    1490.413097670991,
    1464.8919189094631,
    1430.4835051143236,
    1448.5016181879405,
    1434.4069211084316,
    1431.0529219440264,
    1432.3712023334624
  ],
  "EPA Rank": 393,
  "Auto EPA Rank": 412,
  "TeleOp EPA Rank": 352,
  "Endgame EPA Rank": 394
}