{
  "teamNumber": 7065,
  "teamName": "JunkYard Bots",
  "wins": 6,
  "loss": 11,
  "ties": 1,
  "elo": 1500,
  "totalEPA": 22.46723965737359,
  "autonEPA": 8.149047596426714,
  "endgameEPA": 4.641057823983406,
  "unitlessEPA": 1446.6919038032283,
  "teleOpEPA": 14.318192060946876,
  "totalEPAOverTime": [
    9.386363636363637,
    17.59090909090909,
    33.19049421733486,
    32.566672522313425,
    30.814727158408296,
    39.779453778466575,
    43.49306900642058,
    41.31989955604096,
    35.90437827581155,
    44.416922757909745,
    50.771689559795476,
    50.69601101489539,
    54.77153624349954,
    54.77153624349954,
    54.77153624349954,
    54.77153624349954,
    42.41188626352235,
    18.840801972906803,
    7.750678528301115,
    9.145961518742682,
    19.84072782353868,
    22.46723965737359
  ],
  "teleOpEPAOverTime": [
    2.750000000000001,
    8.722222222222221,
    14.219931834005926,
    17.001670565191684,
    11.851528939859769,
    19.35407284048563,
    24.470356883018464,
    19.470304604565705,
    11.09245003672979,
    22.54349362871223,
    30.29642530357532,
    31.00715670919829,
    37.68318691962063,
    37.68318691962063,
    37.68318691962063,
    37.68318691962063,
    28.51376687746164,
    10.068631766029199,
    1.4772637698530664,
    3.3152986991550453,
    12.33036126907026,
    14.318192060946876
  ],
  "autonEPAOverTime": [
    2.053030303030303,
    8.868686868686869,
    18.970562383328932,
    15.56500195712174,
    18.963198218548527,
    20.425380937980943,
    19.02271212340212,
    21.849594951475254,
    24.811928239081762,
    21.873429129197515,
    20.475264256220157,
    19.6888543056971,
    17.08834932387891,
    17.08834932387891,
    17.08834932387891,
    17.08834932387891,
    13.898119386060706,
    8.772170206877604,
    6.273414758448048,
    5.830662819587637,
    7.510366554468418,
    8.149047596426714
  ],
  "endGameEPAOverTime": [
    4.583333333333333,
    3.0555555555555554,
    2.091762946658028,
    2.480495989733709,
    1.283445169319576,
    10.479357740725614,
    14.500468910138697,
    11.273424250679902,
    7.327669543647623,
    14.913438096361471,
    16.530133706932514,
    17.68817484096662,
    19.812491834917417,
    19.812491834917417,
    19.812491834917417,
    19.812491834917417,
    16.579854306875625,
    7.859229636718103,
    2.4753371774528903,
    5.392990331986762,
    4.947370153592538,
    4.641057823983406
  ],
  "unitlessEPAOverTime": [
    1500,
    1517.2257168262618,
    1632.3667074268415,
    1627.7622613892847,
    1614.8311018075844,
    1681.0000091939953,
    1708.4103109802704,
    1584.188748783357,
    1554.8681225747152,
    1600.9566008446157,
    1635.3624747022998,
    1634.9527371697136,
    1657.0183788038887,
    1654.4318220967768,
    1654.4318220967768,
    1654.4318220967768,
    1527.6658274640847,
    1431.9688107336156,
    1386.9436555164693,
    1392.6084106051094,
    1436.0284424279982,
    1446.6919038032283
  ],
  "EPA Rank": 344,
  "Auto EPA Rank": 289,
  "TeleOp EPA Rank": 363,
  "Endgame EPA Rank": 454
}