{
  "teamNumber": 7668,
  "teamName": "Trojanbots",
  "wins": 6,
  "loss": 14,
  "ties": 0,
  "elo": 1500,
  "totalEPA": 30.667293780743556,
  "autonEPA": 4.165997357008376,
  "endgameEPA": 23.11326081952473,
  "unitlessEPA": 1485.3500759215394,
  "teleOpEPA": 26.50129642373518,
  "totalEPAOverTime": [
    9.386363636363637,
    9.924242424242424,
    9.750175364758697,
    7.101121571294218,
    6.906302222227365,
    6.74937639696046,
    6.5373379515676655,
    10.223232613450515,
    4.958020010556343,
    -3.7764437024151007,
    -3.899584248344616,
    0.8196996060201185,
    1.8296425383353347,
    2.213902792699695,
    8.248547065618219,
    16.25202582575686,
    14.361473892252995,
    16.427486576669295,
    18.724305998004446,
    15.69195917957641,
    12.156528129106322,
    16.26214582872295,
    22.865989116208183,
    29.62002225895138,
    30.667293780743556
  ],
  "teleOpEPAOverTime": [
    2.750000000000001,
    6.722222222222221,
    5.248799725651576,
    2.529929981938259,
    3.711528551054603,
    5.52934930365409,
    5.950630237058236,
    8.656714703955506,
    3.7891356914308885,
    -3.3969646938386484,
    -3.1102088747698,
    -0.933208434319226,
    -0.10148325283771253,
    5.231652293051831,
    16.38692974936933,
    22.943507421103064,
    17.536356290306323,
    19.819245461202048,
    21.94083390929682,
    17.378534307568007,
    10.252922786076137,
    10.489897506752904,
    15.045592819660047,
    24.753972317238023,
    26.50129642373518
  ],
  "autonEPAOverTime": [
    2.053030303030303,
    3.202020202020202,
    4.5013756391071205,
    4.571191589355959,
    3.1947736711727615,
    1.2200270933063702,
    0.5867077145094302,
    1.5665179094950086,
    1.1688843191254543,
    -0.37947900857645234,
    -0.7893753735748164,
    1.7529080403393444,
    1.9311257911730473,
    -3.0177495003521364,
    -8.138382683751109,
    -6.691481595346202,
    -3.1748823980533265,
    -3.3917588845327526,
    -3.2165279112923737,
    -1.6865751279915981,
    1.9036053430301845,
    5.772248321970046,
    7.820396296548137,
    4.866049941713355,
    4.165997357008376
  ],
  "endGameEPAOverTime": [
    4.583333333333333,
    3.888888888888889,
    2.6905435528120716,
    1.3385196635480232,
    3.4271980624364806,
    4.355891306929027,
    4.22036746434533,
    7.192670022651248,
    10.360579868991579,
    5.532547320927758,
    7.652713687773026,
    8.937099709785695,
    7.965436995344967,
    13.059630734439008,
    21.73997494853707,
    22.996948759062363,
    17.537804528102342,
    19.63713155551138,
    21.840465651687975,
    21.78026081805605,
    19.569089262128166,
    18.128419497521193,
    19.09447778868897,
    22.25110007353095,
    23.11326081952473
  ],
  "unitlessEPAOverTime": [
    1500,
    1529.4325962199714,
    1526.2684990277583,
    1478.1154269026642,
    1474.5741057750508,
    1471.7215927000013,
    1467.8672721197693,
    1415.3983664101895,
    1388.3683757800054,
    1343.5283113557261,
    1342.8961454673363,
    1367.1235049275297,
    1372.3082429535868,
    1376.252220658448,
    1403.4767598211497,
    1439.5834483166204,
    1431.0544608858659,
    1440.3750174412778,
    1450.7368295809601,
    1422.5198124914784,
    1407.6866170967967,
    1424.9120780617843,
    1452.6190525270626,
    1480.9561610375356,
    1485.3500759215394
  ],
  "EPA Rank": 267,
  "Auto EPA Rank": 386,
  "TeleOp EPA Rank": 219,
  "Endgame EPA Rank": 152
}