{
  "teamNumber": 8492,
  "teamName": "Titanium Trojans",
  "wins": 23,
  "loss": 15,
  "ties": 0,
  "elo": 1500,
  "totalEPA": 62.28309912378235,
  "autonEPA": 31.69324141210805,
  "endgameEPA": 20.881488453148656,
  "unitlessEPA": 1611.9924600368902,
  "teleOpEPA": 30.5898577116743,
  "totalEPAOverTime": [
    9.386363636363637,
    11.257575757575758,
    12.015081693997589,
    10.795155337493048,
    17.569163919091906,
    21.512474359258402,
    21.155956175742066,
    29.61481196463354,
    33.39662145361661,
    38.72811622895606,
    37.410951023052384,
    38.67844487378991,
    38.93689922657809,
    37.049688749421136,
    38.26755382680258,
    46.81216561221983,
    51.780183298137864,
    68.35516519345454,
    69.5053960493086,
    69.5053960493086,
    69.5053960493086,
    69.5053960493086,
    69.5053960493086,
    65.88616441644172,
    62.24905618984286,
    48.4629703776913,
    30.05061140695549,
    32.05724473478244,
    30.69492296304576,
    40.7474047560156,
    55.31027835257005,
    49.33355193387166,
    47.26370655654005,
    59.22791809602588,
    66.80152388487456,
    66.80152388487456,
    66.80152388487456,
    66.80152388487456,
    59.63050533841151,
    35.71034995200933,
    31.355563172358327,
    47.43629609548274,
    58.3287765602214,
    61.816142583144085,
    62.28309912378235
  ],
  "teleOpEPAOverTime": [
    2.750000000000001,
    5.222222222222222,
    0.3691796220088399,
    3.20865284660554,
    8.286056034163934,
    9.064179435206148,
    8.01943971367133,
    14.368051613244626,
    15.152270014149792,
    16.836483551744323,
    13.410197177979239,
    15.15223398713609,
    15.936376888746626,
    13.224758518399966,
    12.813602609143818,
    17.680210397049336,
    18.49908797606728,
    32.05089462709506,
    35.36258608611912,
    35.36258608611912,
    35.36258608611912,
    35.36258608611912,
    35.36258608611912,
    30.028941613615544,
    29.435805523389988,
    23.46008770883643,
    12.51379845176147,
    15.449136241894276,
    13.115970260182404,
    20.3826125213691,
    27.932543402283322,
    21.972365777823164,
    23.757478551797323,
    35.24389548589146,
    41.48008625948222,
    41.48008625948222,
    41.48008625948222,
    41.48008625948222,
    37.51148929064014,
    21.86803549336892,
    16.24852873574053,
    23.64779224181461,
    31.87631435388248,
    31.071163761649757,
    30.5898577116743
  ],
  "autonEPAOverTime": [
    2.053030303030303,
    6.0353535353535355,
    11.645902071988749,
    7.586502490887508,
    9.283107884927972,
    12.448294924052254,
    13.136516462070736,
    15.246760351388913,
    18.24435143946682,
    21.89163267721174,
    24.000753845073145,
    23.526210886653818,
    23.000522337831466,
    23.82493023102117,
    25.453951217658766,
    29.131955215170493,
    33.281095322070584,
    36.30427056635948,
    34.14280996318948,
    34.14280996318948,
    34.14280996318948,
    34.14280996318948,
    34.14280996318948,
    35.85722280282617,
    32.81325066645287,
    25.00288266885487,
    17.53681295519402,
    16.60810849288816,
    17.578952702863354,
    20.364792234646497,
    27.37773495028673,
    27.361186156048497,
    23.506228004742727,
    23.984022610134428,
    25.32143762539234,
    25.32143762539234,
    25.32143762539234,
    25.32143762539234,
    22.11901604777137,
    13.842314458640407,
    15.1070344366178,
    23.78850385366813,
    26.452462206338918,
    30.74497882149433,
    31.69324141210805
  ],
  "endGameEPAOverTime": [
    4.583333333333333,
    3.0555555555555554,
    -0.4972862844840721,
    -0.28559498347482215,
    8.297092782475618,
    11.333179293738976,
    12.838579995751129,
    17.550668514977794,
    17.527089479088364,
    17.669079286542445,
    17.68913393377926,
    19.29870190928611,
    20.042791720612076,
    15.938437544954509,
    13.148896772342496,
    16.7861152052148,
    14.722920618013454,
    19.622213779590744,
    21.667132727771886,
    21.667132727771886,
    21.667132727771886,
    21.667132727771886,
    21.667132727771886,
    16.836628021501895,
    16.563594309184833,
    17.759065986715708,
    14.556718974772847,
    11.61933080440442,
    8.869191502152916,
    15.80861449261716,
    21.895907224653868,
    20.154046027645254,
    25.339178222212546,
    30.004756008726464,
    29.776432134573284,
    29.776432134573284,
    29.776432134573284,
    29.776432134573284,
    25.851818183999494,
    12.379945207032687,
    7.237458609560333,
    14.541020169661424,
    24.843409079737373,
    21.732128824634046,
    20.881488453148656
  ],
  "unitlessEPAOverTime": [
    1500,
    1523.8837653456405,
    1537.2453982946142,
    1515.7271402630158,
    1635.213750081633,
    1704.7697286845778,
    1698.4811111586455,
    1603.5192263179824,
    1631.2993520217544,
    1670.4630368872656,
    1660.7875058751315,
    1670.0981648612124,
    1671.9966989968052,
    1583.2173424105374,
    1590.6496989511745,
    1642.7955420909548,
    1673.1142361956615,
    1774.267621236861,
    1781.287221341604,
    1767.1962722257986,
    1767.1962722257986,
    1767.1962722257986,
    1767.1962722257986,
    1663.5016262170304,
    1647.0932695888878,
    1584.8990761751027,
    1501.8340328674067,
    1510.8867069187615,
    1504.7407634713097,
    1527.5712186433354,
    1588.7635206079258,
    1563.6496826453915,
    1554.9523192775152,
    1605.2252026091173,
    1637.0490297761435,
    1635.4817900528062,
    1635.4817900528062,
    1635.4817900528062,
    1601.0446253053487,
    1502.3209121731804,
    1484.347754648024,
    1550.7164566239326,
    1595.6721059216752,
    1610.0652282602368,
    1611.9924600368902
  ],
  "EPA Rank": 96,
  "Auto EPA Rank": 61,
  "TeleOp EPA Rank": 181,
  "Endgame EPA Rank": 183
}