{
  "winProbability": 0.5291600106673391,
  "predictedWinner": "Blue",
  "redTeams": [
    31842,
    32484
  ],
  "blueTeams": [
    31038,
    31160
  ],
  "actualWinner": "Red",
  "pointBreakdown": {
    "redData": {
      "redScore": 36,
      "redPenaltyFreeScore": 16,
      "redAuto": 6,
      "redTeleOp": 0,
      "redEndgame": 10
    },
    "blueData": {
      "blueScore": 13,
      "bluePenaltyFreeScore": 13,
      "blueAuto": 0,
      "blueTeleOp": 3,
      "blueEndgame": 10
    }
  },
  "predictedScores": {
    "redEPA": 26.687771569827376,
    "redAutonEPA": 7.64949091736219,
    "redTeleOpEPA": 11.340675025484185,
    "redEndgameEPA": 7.6976056269810025,
    "blueEPA": 28.930404557809766,
    "blueAutonEPA": 6.173700286562959,
    "blueTeleOpEPA": 13.557057236097222,
    "blueEndgameEPA": 9.199647035149585
  }
}