{
  "predictedWinner": "Red",
  "redTeams": [
    15104,
    10255
  ],
  "blueTeams": [
    16646,
    20511
  ],
  "actualWinner": "Red",
  "pointBreakdown": {
    "redData": {
      "redScore": 185,
      "redPenaltyFreeScore": 165,
      "redAuto": 49,
      "redTeleOp": 106,
      "redEndgame": 10
    },
    "blueData": {
      "blueScore": 149,
      "bluePenaltyFreeScore": 149,
      "blueAuto": 38,
      "blueTeleOp": 101,
      "blueEndgame": 10
    }
  },
  "predictedScores": {
    "redEPA": 191.60635077447398,
    "redAutonEPA": 61.48383694829373,
    "redTeleOpEPA": 119.32724621054192,
    "redEndgameEPA": 10.79526761563832,
    "blueEPA": 132.92756233297956,
    "blueAutonEPA": 50.760794110981934,
    "blueTeleOpEPA": 74.5626118819451,
    "blueEndgameEPA": 7.60415634005253
  }
}