{
  "winProbability": 0.942856612967575,
  "predictedWinner": "Blue",
  "redTeams": [
    5618,
    32341
  ],
  "blueTeams": [
    20511,
    15104
  ],
  "actualWinner": "Blue",
  "pointBreakdown": {
    "redData": {
      "redScore": 34,
      "redPenaltyFreeScore": 29,
      "redAuto": 3,
      "redTeleOp": 16,
      "redEndgame": 10
    },
    "blueData": {
      "blueScore": 151,
      "bluePenaltyFreeScore": 141,
      "blueAuto": 51,
      "blueTeleOp": 75,
      "blueEndgame": 15
    }
  },
  "predictedScores": {
    "redEPA": 41.39166788435875,
    "redAutonEPA": 4.892225671415409,
    "redTeleOpEPA": 24.614127619011683,
    "redEndgameEPA": 11.88531459393166,
    "blueEPA": 107.27452510390899,
    "blueAutonEPA": 34.446152057914986,
    "blueTeleOpEPA": 60.03305064706359,
    "blueEndgameEPA": 12.795322398930413
  }
}