{
  "winProbability": 0.6291933372867811,
  "predictedWinner": "Red",
  "redTeams": [
    12330,
    8027
  ],
  "blueTeams": [
    32341,
    17283
  ],
  "actualWinner": "Blue",
  "pointBreakdown": {
    "redData": {
      "redScore": 69,
      "redPenaltyFreeScore": 54,
      "redAuto": 21,
      "redTeleOp": 28,
      "redEndgame": 5
    },
    "blueData": {
      "blueScore": 79,
      "bluePenaltyFreeScore": 49,
      "blueAuto": 8,
      "blueTeleOp": 31,
      "blueEndgame": 10
    }
  },
  "predictedScores": {
    "redEPA": 60.487987924689264,
    "redAutonEPA": 16.13436482720661,
    "redTeleOpEPA": 32.93441034253727,
    "redEndgameEPA": 11.419212754945384,
    "blueEPA": 48.06140311162625,
    "blueAutonEPA": 8.863475173933766,
    "blueTeleOpEPA": 31.283098959345388,
    "blueEndgameEPA": 7.914828978347095
  }
}