{
  "predictedWinner": "Red",
  "redTeams": [
    27030,
    26268
  ],
  "blueTeams": [
    15722,
    8027
  ],
  "actualWinner": "Red",
  "pointBreakdown": {
    "redData": {
      "redScore": 109,
      "redPenaltyFreeScore": 109,
      "redAuto": 16,
      "redTeleOp": 93,
      "redEndgame": 0
    },
    "blueData": {
      "blueScore": 88,
      "bluePenaltyFreeScore": 53,
      "blueAuto": 27,
      "blueTeleOp": 26,
      "blueEndgame": 0
    }
  },
  "predictedScores": {
    "redEPA": 90.50812535968902,
    "redAutonEPA": 15.257265336327535,
    "redTeleOpEPA": 72.87845742922376,
    "redEndgameEPA": 2.3724025941377316,
    "blueEPA": 46.67632143670609,
    "blueAutonEPA": 13.43228199369176,
    "blueTeleOpEPA": 25.919815375390378,
    "blueEndgameEPA": 7.324224067623952
  }
}