{
  "predictedWinner": "Blue",
  "redTeams": [
    7479,
    24051
  ],
  "blueTeams": [
    22154,
    26269
  ],
  "actualWinner": "Blue",
  "pointBreakdown": {
    "redData": {
      "redScore": 58,
      "redPenaltyFreeScore": 13,
      "redAuto": 14,
      "redTeleOp": -1,
      "redEndgame": 0
    },
    "blueData": {
      "blueScore": 119,
      "bluePenaltyFreeScore": 104,
      "blueAuto": 8,
      "blueTeleOp": 96,
      "blueEndgame": 0
    }
  },
  "predictedScores": {
    "redEPA": 39.850320299909825,
    "redAutonEPA": 9.763801410993773,
    "redTeleOpEPA": 24.437308120236363,
    "redEndgameEPA": 5.649210768679691,
    "blueEPA": 41.9147372713389,
    "blueAutonEPA": 8.622636605017837,
    "blueTeleOpEPA": 23.74586722318118,
    "blueEndgameEPA": 9.546233443139883
  }
}