{
  "winProbability": 0.8036705220079101,
  "predictedWinner": "Red",
  "redTeams": [
    10024,
    11846
  ],
  "blueTeams": [
    32341,
    7792
  ],
  "actualWinner": "Red",
  "pointBreakdown": {
    "redData": {
      "redScore": 82,
      "redPenaltyFreeScore": 82,
      "redAuto": 39,
      "redTeleOp": 33,
      "redEndgame": 10
    },
    "blueData": {
      "blueScore": 42,
      "bluePenaltyFreeScore": 42,
      "blueAuto": 3,
      "blueTeleOp": 29,
      "blueEndgame": 10
    }
  },
  "predictedScores": {
    "redEPA": 70.62862625644154,
    "redAutonEPA": 28.347936032652314,
    "redTeleOpEPA": 33.125467612714395,
    "redEndgameEPA": 9.155222611074828,
    "blueEPA": 37.50576969436332,
    "blueAutonEPA": 4.422038574254761,
    "blueTeleOpEPA": 21.842451719379177,
    "blueEndgameEPA": 11.241279400729383
  }
}