{
  "winProbability": 0.613341305372901,
  "predictedWinner": "Red",
  "redTeams": [
    22368,
    15722
  ],
  "blueTeams": [
    22154,
    5618
  ],
  "actualWinner": "Red",
  "pointBreakdown": {
    "redData": {
      "redScore": 74,
      "redPenaltyFreeScore": 74,
      "redAuto": 6,
      "redTeleOp": 58,
      "redEndgame": 10
    },
    "blueData": {
      "blueScore": 57,
      "bluePenaltyFreeScore": 57,
      "blueAuto": 6,
      "blueTeleOp": 36,
      "blueEndgame": 15
    }
  },
  "predictedScores": {
    "redEPA": 53.948019494442235,
    "redAutonEPA": 12.556641485749768,
    "redTeleOpEPA": 30.871039754779368,
    "redEndgameEPA": 10.520338253913103,
    "blueEPA": 43.10493074566568,
    "blueAutonEPA": 7.470749300540353,
    "blueTeleOpEPA": 26.353181074997664,
    "blueEndgameEPA": 9.281000370127662
  }
}