{
  "winProbability": 0.7741310671003276,
  "predictedWinner": "Red",
  "redTeams": [
    26268,
    20511
  ],
  "blueTeams": [
    32138,
    16646
  ],
  "actualWinner": "Red",
  "pointBreakdown": {
    "redData": {
      "redScore": 125,
      "redPenaltyFreeScore": 125,
      "redAuto": 38,
      "redTeleOp": 72,
      "redEndgame": 15
    },
    "blueData": {
      "blueScore": 87,
      "bluePenaltyFreeScore": 82,
      "blueAuto": 37,
      "blueTeleOp": 30,
      "blueEndgame": 15
    }
  },
  "predictedScores": {
    "redEPA": 89.09088322226742,
    "redAutonEPA": 25.643922096404918,
    "redTeleOpEPA": 53.377542603319554,
    "redEndgameEPA": 10.069418522542946,
    "blueEPA": 60.14209492123545,
    "blueAutonEPA": 16.898644574981194,
    "blueTeleOpEPA": 32.949272506526825,
    "blueEndgameEPA": 10.294177839727421
  }
}