{
  "predictedWinner": "Red",
  "redTeams": [
    15104,
    10255
  ],
  "blueTeams": [
    20511,
    16646
  ],
  "actualWinner": "Red",
  "pointBreakdown": {
    "redData": {
      "redScore": 184,
      "redPenaltyFreeScore": 184,
      "redAuto": 53,
      "redTeleOp": 121,
      "redEndgame": 10
    },
    "blueData": {
      "blueScore": 114,
      "bluePenaltyFreeScore": 114,
      "blueAuto": 35,
      "blueTeleOp": 79,
      "blueEndgame": 0
    }
  },
  "predictedScores": {
    "redEPA": 191.60635077447398,
    "redAutonEPA": 61.48383694829373,
    "redTeleOpEPA": 119.32724621054192,
    "redEndgameEPA": 10.79526761563832,
    "blueEPA": 132.92756233297956,
    "blueAutonEPA": 50.760794110981934,
    "blueTeleOpEPA": 74.5626118819451,
    "blueEndgameEPA": 7.60415634005253
  }
}