{
  "predictedWinner": "Red",
  "redTeams": [
    16646,
    20511
  ],
  "blueTeams": [
    8027,
    10024
  ],
  "actualWinner": "Red",
  "pointBreakdown": {
    "redData": {
      "redScore": 137,
      "redPenaltyFreeScore": 127,
      "redAuto": 42,
      "redTeleOp": 75,
      "redEndgame": 10
    },
    "blueData": {
      "blueScore": 97,
      "bluePenaltyFreeScore": 77,
      "blueAuto": 43,
      "blueTeleOp": 24,
      "blueEndgame": 10
    }
  },
  "predictedScores": {
    "redEPA": 132.92756233297956,
    "redAutonEPA": 50.760794110981934,
    "redTeleOpEPA": 74.5626118819451,
    "redEndgameEPA": 7.60415634005253,
    "blueEPA": 100.6177323185633,
    "blueAutonEPA": 47.17450269100202,
    "blueTeleOpEPA": 48.3346950803047,
    "blueEndgameEPA": 5.108534547256578
  }
}