{
  "predictedWinner": "Red",
  "redTeams": [
    10645,
    26606
  ],
  "blueTeams": [
    11717,
    8579
  ],
  "actualWinner": "Red",
  "pointBreakdown": {
    "redData": {
      "redScore": 290,
      "redPenaltyFreeScore": 290,
      "redAuto": 70,
      "redTeleOp": 220,
      "redEndgame": null
    },
    "blueData": {
      "blueScore": 212,
      "bluePenaltyFreeScore": 192,
      "blueAuto": 52,
      "blueTeleOp": 140,
      "blueEndgame": null
    }
  },
  "predictedScores": {
    "redEPA": 207.2026023811518,
    "redAutonEPA": 52.299544536077306,
    "redTeleOpEPA": 154.9030578450745,
    "redEndgameEPA": 0,
    "blueEPA": 182.7755251805322,
    "blueAutonEPA": 40.321156382378064,
    "blueTeleOpEPA": 142.45436879815415,
    "blueEndgameEPA": 0
  }
}