{
  "predictedWinner": "Blue",
  "redTeams": [
    24253,
    21615
  ],
  "blueTeams": [
    21518,
    23870
  ],
  "actualWinner": "Blue",
  "pointBreakdown": {
    "redData": {
      "redScore": 54,
      "redPenaltyFreeScore": 39,
      "redAuto": 19,
      "redTeleOp": 10,
      "redEndgame": 10
    },
    "blueData": {
      "blueScore": 60,
      "bluePenaltyFreeScore": 60,
      "blueAuto": 9,
      "blueTeleOp": 51,
      "blueEndgame": 0
    }
  },
  "predictedScores": {
    "redEPA": 39.591879660400124,
    "redAutonEPA": 9.161423145135014,
    "redTeleOpEPA": 20.332698138481852,
    "redEndgameEPA": 10.097758376783258,
    "blueEPA": 50.28248321231168,
    "blueAutonEPA": 7.489920515151828,
    "blueTeleOpEPA": 44.15522166793698,
    "blueEndgameEPA": -1.362658970777129
  }
}