{
  "predictedWinner": "Blue",
  "redTeams": [
    32131,
    16671
  ],
  "blueTeams": [
    23870,
    21615
  ],
  "actualWinner": "Blue",
  "pointBreakdown": {
    "redData": {
      "redScore": 44,
      "redPenaltyFreeScore": 29,
      "redAuto": 9,
      "redTeleOp": 20,
      "redEndgame": 0
    },
    "blueData": {
      "blueScore": 55,
      "bluePenaltyFreeScore": 50,
      "blueAuto": 9,
      "blueTeleOp": 41,
      "blueEndgame": 0
    }
  },
  "predictedScores": {
    "redEPA": 11.339066791454032,
    "redAutonEPA": 4.113481331988341,
    "redTeleOpEPA": 10.099654405062466,
    "redEndgameEPA": -2.8740689455967754,
    "blueEPA": 48.15532193828638,
    "blueAutonEPA": 14.20724490814864,
    "blueTeleOpEPA": 26.497133436957753,
    "blueEndgameEPA": 7.450943593179986
  }
}