{
  "winProbability": 0.5108845333853872,
  "predictedWinner": "Blue",
  "redTeams": [
    32131,
    16671
  ],
  "blueTeams": [
    23870,
    21615
  ],
  "actualWinner": "Blue",
  "pointBreakdown": {
    "redData": {
      "redScore": 44,
      "redPenaltyFreeScore": 39,
      "redAuto": 9,
      "redTeleOp": 20,
      "redEndgame": 10
    },
    "blueData": {
      "blueScore": 55,
      "bluePenaltyFreeScore": 40,
      "blueAuto": 9,
      "blueTeleOp": 16,
      "blueEndgame": 15
    }
  },
  "predictedScores": {
    "redEPA": 41.15524446208971,
    "redAutonEPA": 6.471421211347712,
    "redTeleOpEPA": 26.005593260879834,
    "redEndgameEPA": 8.678229989862166,
    "blueEPA": 41.9780842916994,
    "blueAutonEPA": 11.175511300446644,
    "blueTeleOpEPA": 14.332130223666535,
    "blueEndgameEPA": 16.470442767586224
  }
}