{
  "predictedWinner": "Blue",
  "redTeams": [
    23870,
    32131
  ],
  "blueTeams": [
    25828,
    14670
  ],
  "actualWinner": "Blue",
  "pointBreakdown": {
    "redData": {
      "redScore": 53,
      "redPenaltyFreeScore": 28,
      "redAuto": 9,
      "redTeleOp": 19,
      "redEndgame": 0
    },
    "blueData": {
      "blueScore": 66,
      "bluePenaltyFreeScore": 66,
      "blueAuto": 11,
      "blueTeleOp": 55,
      "blueEndgame": 0
    }
  },
  "predictedScores": {
    "redEPA": 7.79980384822934,
    "redAutonEPA": 2.0895636104546895,
    "redTeleOpEPA": 6.032644087472498,
    "redEndgameEPA": -0.3224038496978481,
    "blueEPA": 27.2368505600462,
    "blueAutonEPA": 6.566164467262654,
    "blueTeleOpEPA": 14.032686262492984,
    "blueEndgameEPA": 6.637999830290564
  }
}