{
  "predictedWinner": "Blue",
  "redTeams": [
    22056,
    22302
  ],
  "blueTeams": [
    22055,
    25081
  ],
  "actualWinner": "Red",
  "pointBreakdown": {
    "redData": {
      "redScore": 80,
      "redPenaltyFreeScore": 80,
      "redAuto": 18,
      "redTeleOp": 62,
      "redEndgame": 0
    },
    "blueData": {
      "blueScore": 46,
      "bluePenaltyFreeScore": 31,
      "blueAuto": 0,
      "blueTeleOp": 31,
      "blueEndgame": 0
    }
  },
  "predictedScores": {
    "redEPA": 38.43902451537612,
    "redAutonEPA": 10.030825823817569,
    "redTeleOpEPA": 19.204194212793738,
    "redEndgameEPA": 9.204004478764812,
    "blueEPA": 111.46771389662783,
    "blueAutonEPA": 2.4920201866188396,
    "blueTeleOpEPA": 104.82262163592763,
    "blueEndgameEPA": 4.153072074081355
  }
}