{
  "predictedWinner": "Blue",
  "redTeams": [
    25080,
    18968
  ],
  "blueTeams": [
    22305,
    22055
  ],
  "actualWinner": "Blue",
  "pointBreakdown": {
    "redData": {
      "redScore": 8,
      "redPenaltyFreeScore": 8,
      "redAuto": 3,
      "redTeleOp": 5,
      "redEndgame": 0
    },
    "blueData": {
      "blueScore": 51,
      "bluePenaltyFreeScore": 51,
      "blueAuto": 13,
      "blueTeleOp": 38,
      "blueEndgame": 0
    }
  },
  "predictedScores": {
    "redEPA": 12.516457062445872,
    "redAutonEPA": 6.833527825238082,
    "redTeleOpEPA": 2.0398372670954013,
    "redEndgameEPA": 3.643091970112388,
    "blueEPA": 91.4459535182229,
    "blueAutonEPA": 21.720435620161354,
    "blueTeleOpEPA": 63.50309100745289,
    "blueEndgameEPA": 6.222426890608651
  }
}