{
  "winProbability": 0.6896908525040908,
  "predictedWinner": "Red",
  "redTeams": [
    27584,
    27583
  ],
  "blueTeams": [
    25080,
    25093
  ],
  "actualWinner": "Red",
  "pointBreakdown": {
    "redData": {
      "redScore": 79,
      "redPenaltyFreeScore": 79,
      "redAuto": 15,
      "redTeleOp": 49,
      "redEndgame": 15
    },
    "blueData": {
      "blueScore": 69,
      "bluePenaltyFreeScore": 64,
      "blueAuto": 17,
      "blueTeleOp": 42,
      "blueEndgame": 5
    }
  },
  "predictedScores": {
    "redEPA": 78.72273692978197,
    "redAutonEPA": 13.785433752254235,
    "redTeleOpEPA": 51.21731744381687,
    "redEndgameEPA": 13.719985733710871,
    "blueEPA": 58.407384798941216,
    "blueAutonEPA": 16.360755850953133,
    "blueTeleOpEPA": 32.628191229845726,
    "blueEndgameEPA": 9.418437718142355
  }
}