{
  "winProbability": 0.540566186924323,
  "predictedWinner": "Blue",
  "redTeams": [
    22056,
    22302
  ],
  "blueTeams": [
    22055,
    25081
  ],
  "actualWinner": "Red",
  "pointBreakdown": {
    "redData": {
      "redScore": 80,
      "redPenaltyFreeScore": 65,
      "redAuto": 18,
      "redTeleOp": 32,
      "redEndgame": 15
    },
    "blueData": {
      "blueScore": 46,
      "bluePenaltyFreeScore": 46,
      "blueAuto": 0,
      "blueTeleOp": 31,
      "blueEndgame": 15
    }
  },
  "predictedScores": {
    "redEPA": 54.701301950201625,
    "redAutonEPA": 12.01235196105534,
    "redTeleOpEPA": 30.043013912236805,
    "redEndgameEPA": 12.645936076909475,
    "blueEPA": 58.83781504512905,
    "blueAutonEPA": 8.565051019732492,
    "blueTeleOpEPA": 36.78373976911663,
    "blueEndgameEPA": 13.489024256279926
  }
}