{
  "winProbability": 0.6516094118309087,
  "predictedWinner": "Blue",
  "redTeams": [
    22056,
    25080
  ],
  "blueTeams": [
    22303,
    27587
  ],
  "actualWinner": "Blue",
  "pointBreakdown": {
    "redData": {
      "redScore": 57,
      "redPenaltyFreeScore": 57,
      "redAuto": 18,
      "redTeleOp": 29,
      "redEndgame": 10
    },
    "blueData": {
      "blueScore": 108,
      "bluePenaltyFreeScore": 48,
      "blueAuto": 6,
      "blueTeleOp": 32,
      "blueEndgame": 10
    }
  },
  "predictedScores": {
    "redEPA": 42.11471654239615,
    "redAutonEPA": 9.957473764913715,
    "redTeleOpEPA": 24.32735186750287,
    "redEndgameEPA": 7.829890909979568,
    "blueEPA": 58.040944207266676,
    "blueAutonEPA": 10.774926802612292,
    "blueTeleOpEPA": 33.67519904887836,
    "blueEndgameEPA": 13.59081835577602
  }
}