{
  "predictedWinner": "Blue",
  "redTeams": [
    15555,
    24786
  ],
  "blueTeams": [
    14018,
    10645
  ],
  "actualWinner": "Blue",
  "pointBreakdown": {
    "redData": {
      "redScore": 62,
      "redPenaltyFreeScore": 62,
      "redAuto": 8,
      "redTeleOp": 14,
      "redEndgame": 40
    },
    "blueData": {
      "blueScore": 73,
      "bluePenaltyFreeScore": 73,
      "blueAuto": 55,
      "blueTeleOp": 18,
      "blueEndgame": 0
    }
  },
  "predictedScores": {
    "redEPA": 55.58458881247877,
    "redAutonEPA": 29.102230100049077,
    "redTeleOpEPA": 14.932199895814295,
    "redEndgameEPA": 11.550158816615399,
    "blueEPA": 60.19742397424217,
    "blueAutonEPA": 16.97229426420861,
    "blueTeleOpEPA": 14.949267612814829,
    "blueEndgameEPA": 28.275862097218727
  }
}