{
  "predictedWinner": "Red",
  "redTeams": [
    19770,
    11193
  ],
  "blueTeams": [
    10735,
    8656
  ],
  "actualWinner": "Red",
  "pointBreakdown": {
    "redData": {
      "redScore": 96,
      "redPenaltyFreeScore": 96,
      "redAuto": 20,
      "redTeleOp": 39,
      "redEndgame": 37
    },
    "blueData": {
      "blueScore": 51,
      "bluePenaltyFreeScore": 51,
      "blueAuto": 20,
      "blueTeleOp": 20,
      "blueEndgame": 11
    }
  },
  "predictedScores": {
    "redEPA": 104.77080030768937,
    "redAutonEPA": 17.850977075088323,
    "redTeleOpEPA": 62.36193633068753,
    "redEndgameEPA": 24.55788690191352,
    "blueEPA": 28.000019694609712,
    "blueAutonEPA": 19.536731189393052,
    "blueTeleOpEPA": 8.302127616880211,
    "blueEndgameEPA": 0.1611608883364486
  }
}