{
  "predictedWinner": "Blue",
  "redTeams": [
    5976,
    20332
  ],
  "blueTeams": [
    7252,
    5291
  ],
  "actualWinner": "Blue",
  "pointBreakdown": {
    "redData": {
      "redScore": 50,
      "redPenaltyFreeScore": 35,
      "redAuto": 21,
      "redTeleOp": 14,
      "redEndgame": 0
    },
    "blueData": {
      "blueScore": 130,
      "bluePenaltyFreeScore": 130,
      "blueAuto": 51,
      "blueTeleOp": 79,
      "blueEndgame": 0
    }
  },
  "predictedScores": {
    "redEPA": 79.07559735572215,
    "redAutonEPA": 11.80622005074101,
    "redTeleOpEPA": 59.84981653940898,
    "redEndgameEPA": 7.4195607655721725,
    "blueEPA": 91.99256689053561,
    "blueAutonEPA": 22.20103730986414,
    "blueTeleOpEPA": 61.94493464437763,
    "blueEndgameEPA": 7.846594936293834
  }
}