{
  "winProbability": 0.925585777588158,
  "predictedWinner": "Red",
  "redTeams": [
    23392,
    14757
  ],
  "blueTeams": [
    19949,
    27693
  ],
  "actualWinner": "Red",
  "pointBreakdown": {
    "redData": {
      "redScore": 161,
      "redPenaltyFreeScore": 126,
      "redAuto": 47,
      "redTeleOp": 64,
      "redEndgame": 15
    },
    "blueData": {
      "blueScore": 76,
      "bluePenaltyFreeScore": 46,
      "blueAuto": 16,
      "blueTeleOp": 20,
      "blueEndgame": 10
    }
  },
  "predictedScores": {
    "redEPA": 117.9712729817451,
    "redAutonEPA": 38.64467164875164,
    "redTeleOpEPA": 65.8392661161719,
    "redEndgameEPA": 13.48733521682156,
    "blueEPA": 57.13706482614016,
    "blueAutonEPA": 14.297967626323011,
    "blueTeleOpEPA": 29.214213719694644,
    "blueEndgameEPA": 13.624883480122502
  }
}