{
  "winProbability": 0.7681542324608711,
  "predictedWinner": "Red",
  "redTeams": [
    7252,
    23392
  ],
  "blueTeams": [
    7045,
    14739
  ],
  "actualWinner": "Red",
  "pointBreakdown": {
    "redData": {
      "redScore": 166,
      "redPenaltyFreeScore": 151,
      "redAuto": 43,
      "redTeleOp": 93,
      "redEndgame": 15
    },
    "blueData": {
      "blueScore": 86,
      "bluePenaltyFreeScore": 86,
      "blueAuto": 24,
      "blueTeleOp": 47,
      "blueEndgame": 15
    }
  },
  "predictedScores": {
    "redEPA": 96.02432101540539,
    "redAutonEPA": 30.282293400763283,
    "redTeleOpEPA": 52.11393665435213,
    "redEndgameEPA": 13.628090960289985,
    "blueEPA": 67.11485175480827,
    "blueAutonEPA": 16.177601266910134,
    "blueTeleOpEPA": 39.78618811540993,
    "blueEndgameEPA": 11.151062372488216
  }
}