{
  "winProbability": 0.7010350804075189,
  "predictedWinner": "Red",
  "redTeams": [
    14739,
    27693
  ],
  "blueTeams": [
    11254,
    23373
  ],
  "actualWinner": "Red",
  "pointBreakdown": {
    "redData": {
      "redScore": 142,
      "redPenaltyFreeScore": 127,
      "redAuto": 33,
      "redTeleOp": 79,
      "redEndgame": 15
    },
    "blueData": {
      "blueScore": 89,
      "bluePenaltyFreeScore": 84,
      "blueAuto": 6,
      "blueTeleOp": 63,
      "blueEndgame": 15
    }
  },
  "predictedScores": {
    "redEPA": 92.95561860898432,
    "redAutonEPA": 26.29801759860433,
    "redTeleOpEPA": 53.02136305748378,
    "redEndgameEPA": 13.636237952896211,
    "blueEPA": 72.38863315843643,
    "blueAutonEPA": 18.590928246896556,
    "blueTeleOpEPA": 41.91543857905684,
    "blueEndgameEPA": 11.88226633248304
  }
}