{
  "winProbability": 0.905229021589905,
  "predictedWinner": "Blue",
  "redTeams": [
    16883,
    13417
  ],
  "blueTeams": [
    23392,
    25099
  ],
  "actualWinner": "Blue",
  "pointBreakdown": {
    "redData": {
      "redScore": 64,
      "redPenaltyFreeScore": 64,
      "redAuto": 28,
      "redTeleOp": 31,
      "redEndgame": 5
    },
    "blueData": {
      "blueScore": 140,
      "bluePenaltyFreeScore": 130,
      "blueAuto": 39,
      "blueTeleOp": 81,
      "blueEndgame": 10
    }
  },
  "predictedScores": {
    "redEPA": 51.765055402329345,
    "redAutonEPA": 12.998942454936522,
    "redTeleOpEPA": 26.95329829154028,
    "redEndgameEPA": 11.812814655852547,
    "blueEPA": 106.22680056173917,
    "blueAutonEPA": 32.718118606769856,
    "blueTeleOpEPA": 60.271484493828254,
    "blueEndgameEPA": 13.237197461141061
  }
}