{
  "predictedWinner": "Blue",
  "redTeams": [
    14757,
    32002
  ],
  "blueTeams": [
    23805,
    14706
  ],
  "actualWinner": "Blue",
  "pointBreakdown": {
    "redData": {
      "redScore": 83,
      "redPenaltyFreeScore": 53,
      "redAuto": 16,
      "redTeleOp": 27,
      "redEndgame": 10
    },
    "blueData": {
      "blueScore": 146,
      "bluePenaltyFreeScore": 131,
      "blueAuto": 30,
      "blueTeleOp": 101,
      "blueEndgame": 0
    }
  },
  "predictedScores": {
    "redEPA": 46.53746372392647,
    "redAutonEPA": 13.4003516067683,
    "redTeleOpEPA": 30.37666115752721,
    "redEndgameEPA": 2.7604509596309583,
    "blueEPA": 96.49965161240314,
    "blueAutonEPA": 17.904289904850188,
    "blueTeleOpEPA": 66.37472988090153,
    "blueEndgameEPA": 12.220631826651424
  }
}