{
  "winProbability": 0.5583616773505758,
  "predictedWinner": "Blue",
  "redTeams": [
    5976,
    20332
  ],
  "blueTeams": [
    7252,
    5291
  ],
  "actualWinner": "Blue",
  "pointBreakdown": {
    "redData": {
      "redScore": 50,
      "redPenaltyFreeScore": 50,
      "redAuto": 21,
      "redTeleOp": 24,
      "redEndgame": 5
    },
    "blueData": {
      "blueScore": 130,
      "bluePenaltyFreeScore": 115,
      "blueAuto": 51,
      "blueTeleOp": 54,
      "blueEndgame": 10
    }
  },
  "predictedScores": {
    "redEPA": 59.994680172246944,
    "redAutonEPA": 14.333666686215555,
    "redTeleOpEPA": 29.704518182634825,
    "redEndgameEPA": 15.956495303396569,
    "blueEPA": 65.65426778003058,
    "blueAutonEPA": 16.324998069962312,
    "blueTeleOpEPA": 38.37437215246485,
    "blueEndgameEPA": 10.954897557603417
  }
}