{
  "predictedWinner": "Blue",
  "redTeams": [
    16883,
    13417
  ],
  "blueTeams": [
    23392,
    25099
  ],
  "actualWinner": "Blue",
  "pointBreakdown": {
    "redData": {
      "redScore": 64,
      "redPenaltyFreeScore": 54,
      "redAuto": 28,
      "redTeleOp": 26,
      "redEndgame": 0
    },
    "blueData": {
      "blueScore": 140,
      "bluePenaltyFreeScore": 140,
      "blueAuto": 39,
      "blueTeleOp": 101,
      "blueEndgame": 0
    }
  },
  "predictedScores": {
    "redEPA": 56.49338603552915,
    "redAutonEPA": 17.518178964849714,
    "redTeleOpEPA": 37.99372645736878,
    "redEndgameEPA": 0.9814806133106528,
    "blueEPA": 122.71796734653722,
    "blueAutonEPA": 38.04381830757024,
    "blueTeleOpEPA": 77.67167894789593,
    "blueEndgameEPA": 7.002470091071062
  }
}