{
  "winProbability": 0.5328755283399186,
  "predictedWinner": "Blue",
  "redTeams": [
    14757,
    32002
  ],
  "blueTeams": [
    23805,
    14706
  ],
  "actualWinner": "Blue",
  "pointBreakdown": {
    "redData": {
      "redScore": 83,
      "redPenaltyFreeScore": 68,
      "redAuto": 16,
      "redTeleOp": 37,
      "redEndgame": 15
    },
    "blueData": {
      "blueScore": 146,
      "bluePenaltyFreeScore": 116,
      "blueAuto": 30,
      "blueTeleOp": 76,
      "blueEndgame": 10
    }
  },
  "predictedScores": {
    "redEPA": 48.96398602987527,
    "redAutonEPA": 12.08977500877007,
    "redTeleOpEPA": 25.815221519303687,
    "redEndgameEPA": 11.058989501801516,
    "blueEPA": 52.14212378665718,
    "blueAutonEPA": 9.597815557423754,
    "blueTeleOpEPA": 30.673372907860163,
    "blueEndgameEPA": 11.870935321373262
  }
}