{
  "predictedWinner": "Red",
  "redTeams": [
    23411,
    9087
  ],
  "blueTeams": [
    18975,
    5385
  ],
  "actualWinner": "Blue",
  "pointBreakdown": {
    "redData": {
      "redScore": 79,
      "redPenaltyFreeScore": 74,
      "redAuto": 23,
      "redTeleOp": 51,
      "redEndgame": 0
    },
    "blueData": {
      "blueScore": 117,
      "bluePenaltyFreeScore": 117,
      "blueAuto": 36,
      "blueTeleOp": 71,
      "blueEndgame": 10
    }
  },
  "predictedScores": {
    "redEPA": 89.40969532111559,
    "redAutonEPA": 23.471195610300917,
    "redTeleOpEPA": 63.48894192705959,
    "redEndgameEPA": 2.4495577837550924,
    "blueEPA": 87.24491185935759,
    "blueAutonEPA": 39.3908931432859,
    "blueTeleOpEPA": 44.54876870287804,
    "blueEndgameEPA": 3.305250013193643
  }
}