{
  "predictedWinner": "Blue",
  "redTeams": [
    23599,
    31577
  ],
  "blueTeams": [
    10104,
    5385
  ],
  "actualWinner": "Blue",
  "pointBreakdown": {
    "redData": {
      "redScore": 26,
      "redPenaltyFreeScore": 11,
      "redAuto": 11,
      "redTeleOp": 0,
      "redEndgame": 0
    },
    "blueData": {
      "blueScore": 125,
      "bluePenaltyFreeScore": 120,
      "blueAuto": 31,
      "blueTeleOp": 79,
      "blueEndgame": 10
    }
  },
  "predictedScores": {
    "redEPA": 6.819966011715525,
    "redAutonEPA": 7.230328712963933,
    "redTeleOpEPA": -7.703869216397813,
    "redEndgameEPA": 7.293506515149405,
    "blueEPA": 121.36055486063935,
    "blueAutonEPA": 59.99603939043931,
    "blueTeleOpEPA": 58.303173658161754,
    "blueEndgameEPA": 3.06134181203829
  }
}