{
  "winProbability": 0.7084974075173733,
  "predictedWinner": "Blue",
  "redTeams": [
    23106,
    21789
  ],
  "blueTeams": [
    11999,
    30309
  ],
  "actualWinner": "Red",
  "pointBreakdown": {
    "redData": {
      "redScore": 57,
      "redPenaltyFreeScore": 42,
      "redAuto": 17,
      "redTeleOp": 15,
      "redEndgame": 10
    },
    "blueData": {
      "blueScore": 33,
      "bluePenaltyFreeScore": 33,
      "blueAuto": 14,
      "blueTeleOp": 9,
      "blueEndgame": 10
    }
  },
  "predictedScores": {
    "redEPA": 39.93643440692017,
    "redAutonEPA": 9.651555752799394,
    "redTeleOpEPA": 20.85199773533106,
    "redEndgameEPA": 9.432880918789715,
    "blueEPA": 57.475885812971356,
    "blueAutonEPA": 8.887213325750757,
    "blueTeleOpEPA": 39.33114931116058,
    "blueEndgameEPA": 9.257523176060019
  }
}