{
  "predictedWinner": "Red",
  "redTeams": [
    15815,
    20935
  ],
  "blueTeams": [
    5980,
    15510
  ],
  "actualWinner": "Red",
  "pointBreakdown": {
    "redData": {
      "redScore": 117,
      "redPenaltyFreeScore": 117,
      "redAuto": 28,
      "redTeleOp": 79,
      "redEndgame": 10
    },
    "blueData": {
      "blueScore": 41,
      "bluePenaltyFreeScore": 36,
      "blueAuto": 6,
      "blueTeleOp": 30,
      "blueEndgame": 0
    }
  },
  "predictedScores": {
    "redEPA": 185.22553710904631,
    "redAutonEPA": 22.648392535121072,
    "redTeleOpEPA": 158.98548571171827,
    "redEndgameEPA": 3.5916588622069736,
    "blueEPA": 19.330283000765306,
    "blueAutonEPA": 14.550523766220348,
    "blueTeleOpEPA": -0.31737482218969504,
    "blueEndgameEPA": 5.097134056734653
  }
}