{
  "winProbability": 0.6667596778092573,
  "predictedWinner": "Red",
  "redTeams": [
    9133,
    24049
  ],
  "blueTeams": [
    9476,
    32490
  ],
  "actualWinner": "Red",
  "pointBreakdown": {
    "redData": {
      "redScore": 86,
      "redPenaltyFreeScore": 71,
      "redAuto": 16,
      "redTeleOp": 50,
      "redEndgame": 5
    },
    "blueData": {
      "blueScore": 50,
      "bluePenaltyFreeScore": 50,
      "blueAuto": 6,
      "blueTeleOp": 34,
      "blueEndgame": 10
    }
  },
  "predictedScores": {
    "redEPA": 58.50585397991792,
    "redAutonEPA": 8.225054574616546,
    "redTeleOpEPA": 34.91930301926065,
    "redEndgameEPA": 15.361496386040727,
    "blueEPA": 44.808300576504166,
    "blueAutonEPA": 7.85343546114011,
    "blueTeleOpEPA": 24.045418975074444,
    "blueEndgameEPA": 12.909446140289614
  }
}