{
  "predictedWinner": "Tie",
  "redTeams": [
    32490,
    22368
  ],
  "blueTeams": [
    30793,
    11999
  ],
  "actualWinner": "Red",
  "pointBreakdown": {
    "redData": {
      "redScore": 88,
      "redPenaltyFreeScore": 88,
      "redAuto": 3,
      "redTeleOp": 85,
      "redEndgame": 0
    },
    "blueData": {
      "blueScore": 55,
      "bluePenaltyFreeScore": 0,
      "blueAuto": 16,
      "blueTeleOp": -16,
      "blueEndgame": 0
    }
  },
  "predictedScores": {
    "redEPA": 44.17741935483871,
    "redAutonEPA": 6.854838709677419,
    "redTeleOpEPA": 29.822147081557148,
    "redEndgameEPA": 7.500433563604146,
    "blueEPA": 44.17741935483871,
    "blueAutonEPA": 6.854838709677419,
    "blueTeleOpEPA": 29.822147081557148,
    "blueEndgameEPA": 7.500433563604146
  }
}