{
  "winProbability": 0.6949480678090401,
  "predictedWinner": "Red",
  "redTeams": [
    15815,
    24052
  ],
  "blueTeams": [
    9087,
    23411
  ],
  "actualWinner": "Blue",
  "pointBreakdown": {
    "redData": {
      "redScore": 80,
      "redPenaltyFreeScore": 75,
      "redAuto": 22,
      "redTeleOp": 38,
      "redEndgame": 15
    },
    "blueData": {
      "blueScore": 93,
      "bluePenaltyFreeScore": 88,
      "blueAuto": 29,
      "blueTeleOp": 44,
      "blueEndgame": 15
    }
  },
  "predictedScores": {
    "redEPA": 85.46191399631766,
    "redAutonEPA": 22.299605107541154,
    "redTeleOpEPA": 45.67749291778226,
    "redEndgameEPA": 17.484815970994248,
    "blueEPA": 68.88939112004226,
    "blueAutonEPA": 18.699632208337825,
    "blueTeleOpEPA": 40.51178324900297,
    "blueEndgameEPA": 9.67797566270147
  }
}