{
  "predictedWinner": "Red",
  "redTeams": [
    15471,
    10016
  ],
  "blueTeams": [
    16734,
    14066
  ],
  "actualWinner": "Red",
  "pointBreakdown": {
    "redData": {
      "redScore": 79,
      "redPenaltyFreeScore": 79,
      "redAuto": 22,
      "redTeleOp": 45,
      "redEndgame": 12
    },
    "blueData": {
      "blueScore": 6,
      "bluePenaltyFreeScore": 6,
      "blueAuto": 0,
      "blueTeleOp": 3,
      "blueEndgame": 3
    }
  },
  "predictedScores": {
    "redEPA": 75.94246447423576,
    "redAutonEPA": 19.38703350421298,
    "redTeleOpEPA": 42.03652692882076,
    "redEndgameEPA": 14.51890404120202,
    "blueEPA": 16.285432161987906,
    "blueAutonEPA": 3.324219849947172,
    "blueTeleOpEPA": 4.791688606231533,
    "blueEndgameEPA": 8.169523705809201
  }
}