{
  "predictedWinner": "Red",
  "redTeams": [
    15004,
    14757
  ],
  "blueTeams": [
    15471,
    14638
  ],
  "actualWinner": "Red",
  "pointBreakdown": {
    "redData": {
      "redScore": 58,
      "redPenaltyFreeScore": 58,
      "redAuto": 2,
      "redTeleOp": 37,
      "redEndgame": 19
    },
    "blueData": {
      "blueScore": 38,
      "bluePenaltyFreeScore": 38,
      "blueAuto": 20,
      "blueTeleOp": 15,
      "blueEndgame": 3
    }
  },
  "predictedScores": {
    "redEPA": 56.8824646356619,
    "redAutonEPA": 17.524662922024216,
    "redTeleOpEPA": 22.69785085113327,
    "redEndgameEPA": 16.659950862504413,
    "blueEPA": 6.673624964130179,
    "blueAutonEPA": -3.0330015345012287,
    "blueTeleOpEPA": 10.009656270926092,
    "blueEndgameEPA": -0.3030297722946831
  }
}