{
  "winProbability": 0.5451188285986326,
  "predictedWinner": "Blue",
  "redTeams": [
    25094,
    20804
  ],
  "blueTeams": [
    27583,
    22305
  ],
  "actualWinner": "Red",
  "pointBreakdown": {
    "redData": {
      "redScore": 32,
      "redPenaltyFreeScore": 32,
      "redAuto": 3,
      "redTeleOp": 19,
      "redEndgame": 10
    },
    "blueData": {
      "blueScore": 31,
      "bluePenaltyFreeScore": 31,
      "blueAuto": 13,
      "blueTeleOp": 8,
      "blueEndgame": 10
    }
  },
  "predictedScores": {
    "redEPA": 39.61827956989248,
    "redAutonEPA": 4.56989247311828,
    "redTeleOpEPA": 23.811827956989255,
    "redEndgameEPA": 11.236559139784946,
    "blueEPA": 42.73098688291664,
    "blueAutonEPA": 3.187394123158344,
    "blueTeleOpEPA": 30.35657994068639,
    "blueEndgameEPA": 9.187012819071906
  }
}