{
  "predictedWinner": "Tie",
  "redTeams": [
    25093,
    22307
  ],
  "blueTeams": [
    27584,
    25094
  ],
  "actualWinner": "Red",
  "pointBreakdown": {
    "redData": {
      "redScore": 31,
      "redPenaltyFreeScore": 31,
      "redAuto": 0,
      "redTeleOp": 31,
      "redEndgame": 0
    },
    "blueData": {
      "blueScore": 13,
      "bluePenaltyFreeScore": 13,
      "blueAuto": 0,
      "blueTeleOp": 13,
      "blueEndgame": 0
    }
  },
  "predictedScores": {
    "redEPA": 44.17741935483871,
    "redAutonEPA": 6.854838709677419,
    "redTeleOpEPA": 29.822147081557148,
    "redEndgameEPA": 7.500433563604146,
    "blueEPA": 44.17741935483871,
    "blueAutonEPA": 6.854838709677419,
    "blueTeleOpEPA": 29.822147081557148,
    "blueEndgameEPA": 7.500433563604146
  }
}