{
  "winProbability": 0.5280496678046759,
  "predictedWinner": "Blue",
  "redTeams": [
    27587,
    22307
  ],
  "blueTeams": [
    27583,
    22056
  ],
  "actualWinner": "Blue",
  "pointBreakdown": {
    "redData": {
      "redScore": 32,
      "redPenaltyFreeScore": 32,
      "redAuto": 3,
      "redTeleOp": 24,
      "redEndgame": 5
    },
    "blueData": {
      "blueScore": 71,
      "bluePenaltyFreeScore": 56,
      "blueAuto": 11,
      "blueTeleOp": 35,
      "blueEndgame": 10
    }
  },
  "predictedScores": {
    "redEPA": 38.81469268203219,
    "redAutonEPA": 3.97307698110256,
    "redTeleOpEPA": 25.58144872388914,
    "redEndgameEPA": 9.260166977040491,
    "blueEPA": 40.746578405848624,
    "blueAutonEPA": 4.793217245024835,
    "blueTeleOpEPA": 26.503001302896017,
    "blueEndgameEPA": 9.450359857927772
  }
}