{
  "predictedWinner": "Blue",
  "redTeams": [
    24786,
    12362
  ],
  "blueTeams": [
    23600,
    8492
  ],
  "actualWinner": "Blue",
  "pointBreakdown": {
    "redData": {
      "redScore": 60,
      "redPenaltyFreeScore": 20,
      "redAuto": 11,
      "redTeleOp": -11,
      "redEndgame": 20
    },
    "blueData": {
      "blueScore": 137,
      "bluePenaltyFreeScore": 137,
      "blueAuto": 50,
      "blueTeleOp": 47,
      "blueEndgame": 40
    }
  },
  "predictedScores": {
    "redEPA": 36.345480343655105,
    "redAutonEPA": 10.083710990154845,
    "redTeleOpEPA": 20.77592841593526,
    "redEndgameEPA": 5.485840937564996,
    "blueEPA": 88.79623041194014,
    "blueAutonEPA": 42.22660049247823,
    "blueTeleOpEPA": 0.21912680590637024,
    "blueEndgameEPA": 46.35050311355555
  }
}