{
  "predictedWinner": "Blue",
  "redTeams": [
    8492,
    11193,
    24786
  ],
  "blueTeams": [
    8142,
    11618,
    23391
  ],
  "actualWinner": "Blue",
  "pointBreakdown": {
    "redData": {
      "redScore": 135,
      "redPenaltyFreeScore": 125,
      "redAuto": 30,
      "redTeleOp": 15,
      "redEndgame": 80
    },
    "blueData": {
      "blueScore": 152,
      "bluePenaltyFreeScore": 152,
      "blueAuto": 70,
      "blueTeleOp": 22,
      "blueEndgame": 60
    }
  },
  "predictedScores": {
    "redEPA": 136.96667641308986,
    "redAutonEPA": 57.42426759820597,
    "redTeleOpEPA": 15.445601171665956,
    "redEndgameEPA": 64.09680764321793,
    "blueEPA": 175.52857511591375,
    "blueAutonEPA": 44.36529211224797,
    "blueTeleOpEPA": 30.73356294940848,
    "blueEndgameEPA": 100.4297200542573
  }
}