{
  "winProbability": 0.5469210614913879,
  "predictedWinner": "Blue",
  "redTeams": [
    9297,
    14018
  ],
  "blueTeams": [
    13666,
    21491
  ],
  "actualWinner": "Red",
  "pointBreakdown": {
    "redData": {
      "redScore": 18,
      "redPenaltyFreeScore": 18,
      "redAuto": 6,
      "redTeleOp": 2,
      "redEndgame": 10
    },
    "blueData": {
      "blueScore": 17,
      "bluePenaltyFreeScore": 17,
      "blueAuto": 0,
      "blueTeleOp": 12,
      "blueEndgame": 5
    }
  },
  "predictedScores": {
    "redEPA": 23.2724761051374,
    "redAutonEPA": 3.431526284348865,
    "redTeleOpEPA": 11.27053464755078,
    "redEndgameEPA": 8.570415173237754,
    "blueEPA": 26.258885902031068,
    "blueAutonEPA": 4.121938470728793,
    "blueTeleOpEPA": 12.658527479092001,
    "blueEndgameEPA": 9.478419952210274
  }
}