{
  "predictedWinner": "Blue",
  "redTeams": [
    23578,
    14018
  ],
  "blueTeams": [
    21491,
    27277
  ],
  "actualWinner": "Blue",
  "pointBreakdown": {
    "redData": {
      "redScore": 5,
      "redPenaltyFreeScore": 5,
      "redAuto": 0,
      "redTeleOp": 5,
      "redEndgame": 0
    },
    "blueData": {
      "blueScore": 8,
      "bluePenaltyFreeScore": 8,
      "blueAuto": 0,
      "blueTeleOp": 8,
      "blueEndgame": 0
    }
  },
  "predictedScores": {
    "redEPA": 12.44372331187221,
    "redAutonEPA": 2.4051292369131376,
    "redTeleOpEPA": 7.406947610705816,
    "redEndgameEPA": 2.6316464642532553,
    "blueEPA": 29.0337680870835,
    "blueAutonEPA": 3.5675361741669986,
    "blueTeleOpEPA": 22.124989389212185,
    "blueEndgameEPA": 3.3412425237043166
  }
}