{
  "predictedWinner": "Tie",
  "redTeams": [
    9297,
    21491
  ],
  "blueTeams": [
    12362,
    32118
  ],
  "actualWinner": "Blue",
  "pointBreakdown": {
    "redData": {
      "redScore": 8,
      "redPenaltyFreeScore": -7,
      "redAuto": 3,
      "redTeleOp": -10,
      "redEndgame": 0
    },
    "blueData": {
      "blueScore": 35,
      "bluePenaltyFreeScore": 35,
      "blueAuto": 0,
      "blueTeleOp": 35,
      "blueEndgame": 0
    }
  },
  "predictedScores": {
    "redEPA": 44.17741935483871,
    "redAutonEPA": 6.854838709677419,
    "redTeleOpEPA": 29.822147081557148,
    "redEndgameEPA": 7.500433563604146,
    "blueEPA": 44.17741935483871,
    "blueAutonEPA": 6.854838709677419,
    "blueTeleOpEPA": 29.822147081557148,
    "blueEndgameEPA": 7.500433563604146
  }
}