{
  "predictedWinner": "Red",
  "redTeams": [
    10255,
    9855
  ],
  "blueTeams": [
    5618,
    12678
  ],
  "actualWinner": "Red",
  "pointBreakdown": {
    "redData": {
      "redScore": 292,
      "redPenaltyFreeScore": 292,
      "redAuto": 90,
      "redTeleOp": 103,
      "redEndgame": 99
    },
    "blueData": {
      "blueScore": 172,
      "bluePenaltyFreeScore": 172,
      "blueAuto": 78,
      "blueTeleOp": 40,
      "blueEndgame": 54
    }
  },
  "predictedScores": {
    "redEPA": 175.14640243573564,
    "redAutonEPA": 70.12768243326056,
    "redTeleOpEPA": 52.24417224462433,
    "redEndgameEPA": 52.77454775785075,
    "blueEPA": 71.59529266188429,
    "blueAutonEPA": 6.119359522382983,
    "blueTeleOpEPA": 11.39102704243868,
    "blueEndgameEPA": 54.08490609706263
  }
}