{
  "predictedWinner": "Red",
  "redTeams": [
    11714,
    5385
  ],
  "blueTeams": [
    13754,
    20245
  ],
  "actualWinner": "Red",
  "pointBreakdown": {
    "redData": {
      "redScore": 199,
      "redPenaltyFreeScore": 199,
      "redAuto": 48,
      "redTeleOp": 56,
      "redEndgame": 95
    },
    "blueData": {
      "blueScore": 136,
      "bluePenaltyFreeScore": 136,
      "blueAuto": 51,
      "blueTeleOp": 28,
      "blueEndgame": 57
    }
  },
  "predictedScores": {
    "redEPA": 164.6616898335335,
    "redAutonEPA": 47.54513106448593,
    "redTeleOpEPA": 48.27998554569547,
    "redEndgameEPA": 68.8365732233521,
    "blueEPA": 54.43803859710147,
    "blueAutonEPA": 6.374545632388466,
    "blueTeleOpEPA": -7.455047014764467,
    "blueEndgameEPA": 55.51853997947747
  }
}