{
  "predictedWinner": "Blue",
  "redTeams": [
    13754,
    8529
  ],
  "blueTeams": [
    10255,
    16220
  ],
  "actualWinner": "Blue",
  "pointBreakdown": {
    "redData": {
      "redScore": 40,
      "redPenaltyFreeScore": 10,
      "redAuto": 6,
      "redTeleOp": -45,
      "redEndgame": 49
    },
    "blueData": {
      "blueScore": 176,
      "bluePenaltyFreeScore": 176,
      "blueAuto": 48,
      "blueTeleOp": 48,
      "blueEndgame": 80
    }
  },
  "predictedScores": {
    "redEPA": 92.40533053448034,
    "redAutonEPA": 16.046975072170554,
    "redTeleOpEPA": 29.698388148647986,
    "redEndgameEPA": 46.6599673136618,
    "blueEPA": 161.43333342930063,
    "blueAutonEPA": 50.65257187466048,
    "blueTeleOpEPA": 37.38543620643138,
    "blueEndgameEPA": 73.39532534820877
  }
}