{
  "predictedWinner": "Red",
  "redTeams": [
    13754,
    13917
  ],
  "blueTeams": [
    13702,
    18092
  ],
  "actualWinner": "Red",
  "pointBreakdown": {
    "redData": {
      "redScore": 156,
      "redPenaltyFreeScore": 156,
      "redAuto": 22,
      "redTeleOp": 50,
      "redEndgame": 84
    },
    "blueData": {
      "blueScore": 110,
      "bluePenaltyFreeScore": 80,
      "blueAuto": 36,
      "blueTeleOp": 14,
      "blueEndgame": 30
    }
  },
  "predictedScores": {
    "redEPA": 126.42767409514133,
    "redAutonEPA": 49.38649818133152,
    "redTeleOpEPA": 9.100773805876202,
    "redEndgameEPA": 67.94040210793361,
    "blueEPA": 73.4739910713255,
    "blueAutonEPA": 24.704377503740147,
    "blueTeleOpEPA": 2.6809161000202266,
    "blueEndgameEPA": 46.088697467565126
  }
}