{
  "predictedWinner": "Red",
  "redTeams": [
    16646,
    20245,
    13917
  ],
  "blueTeams": [
    13702,
    8027,
    9855
  ],
  "actualWinner": "Red",
  "pointBreakdown": {
    "redData": {
      "redScore": 214,
      "redPenaltyFreeScore": 214,
      "redAuto": 45,
      "redTeleOp": 89,
      "redEndgame": 80
    },
    "blueData": {
      "blueScore": 212,
      "bluePenaltyFreeScore": 202,
      "blueAuto": 68,
      "blueTeleOp": 50,
      "blueEndgame": 84
    }
  },
  "predictedScores": {
    "redEPA": 321.5150177230345,
    "redAutonEPA": 93.34714308698997,
    "redTeleOpEPA": 108.13160903692186,
    "redEndgameEPA": 120.03626559912264,
    "blueEPA": 277.6305155543113,
    "blueAutonEPA": 96.87530003640012,
    "blueTeleOpEPA": 99.49260784850675,
    "blueEndgameEPA": 81.2626076694044
  }
}