{
  "winProbability": 0.6281053326854514,
  "predictedWinner": "Red",
  "redTeams": [
    25105,
    18965
  ],
  "blueTeams": [
    27583,
    27587
  ],
  "actualWinner": "Red",
  "pointBreakdown": {
    "redData": {
      "redScore": 99,
      "redPenaltyFreeScore": 89,
      "redAuto": 24,
      "redTeleOp": 50,
      "redEndgame": 15
    },
    "blueData": {
      "blueScore": 96,
      "bluePenaltyFreeScore": 96,
      "blueAuto": 14,
      "blueTeleOp": 67,
      "blueEndgame": 15
    }
  },
  "predictedScores": {
    "redEPA": 90.64653990840942,
    "redAutonEPA": 27.280091074661417,
    "redTeleOpEPA": 54.362714612906494,
    "redEndgameEPA": 9.003734220841515,
    "blueEPA": 77.39349710400438,
    "blueAutonEPA": 10.96231544011813,
    "blueTeleOpEPA": 54.60946982707223,
    "blueEndgameEPA": 11.821711836814018
  }
}