{
  "predictedWinner": "Blue",
  "redTeams": [
    18964,
    22308
  ],
  "blueTeams": [
    25091,
    25094
  ],
  "actualWinner": "Blue",
  "pointBreakdown": {
    "redData": {
      "redScore": 103,
      "redPenaltyFreeScore": 88,
      "redAuto": 8,
      "redTeleOp": 80,
      "redEndgame": 0
    },
    "blueData": {
      "blueScore": 110,
      "bluePenaltyFreeScore": 105,
      "blueAuto": 24,
      "blueTeleOp": 81,
      "blueEndgame": 0
    }
  },
  "predictedScores": {
    "redEPA": 44.969774920984655,
    "redAutonEPA": 18.30032111245486,
    "redTeleOpEPA": 23.596660570605707,
    "redEndgameEPA": 3.0727932379240874,
    "blueEPA": 106.86211711183758,
    "blueAutonEPA": 36.28859335943232,
    "blueTeleOpEPA": 65.236605702175,
    "blueEndgameEPA": 5.3369180502302624
  }
}