{
  "winProbability": 0.5342274946045695,
  "predictedWinner": "Blue",
  "redTeams": [
    25081,
    22305
  ],
  "blueTeams": [
    25094,
    20804
  ],
  "actualWinner": "Red",
  "pointBreakdown": {
    "redData": {
      "redScore": 104,
      "redPenaltyFreeScore": 59,
      "redAuto": 19,
      "redTeleOp": 25,
      "redEndgame": 15
    },
    "blueData": {
      "blueScore": 50,
      "bluePenaltyFreeScore": 45,
      "blueAuto": 3,
      "blueTeleOp": 37,
      "blueEndgame": 5
    }
  },
  "predictedScores": {
    "redEPA": 56.41567930554655,
    "redAutonEPA": 14.874220317953188,
    "redTeleOpEPA": 30.137744809906767,
    "redEndgameEPA": 11.403714177686592,
    "blueEPA": 59.88319639609685,
    "blueAutonEPA": 11.15444356109317,
    "blueTeleOpEPA": 38.444767736806504,
    "blueEndgameEPA": 10.28398509819717
  }
}