{
  "winProbability": 0.5467865886020519,
  "predictedWinner": "Red",
  "redTeams": [
    22302,
    25080
  ],
  "blueTeams": [
    22303,
    25105
  ],
  "actualWinner": "Red",
  "pointBreakdown": {
    "redData": {
      "redScore": 57,
      "redPenaltyFreeScore": 57,
      "redAuto": 14,
      "redTeleOp": 28,
      "redEndgame": 15
    },
    "blueData": {
      "blueScore": 51,
      "bluePenaltyFreeScore": 46,
      "blueAuto": 0,
      "blueTeleOp": 36,
      "blueEndgame": 10
    }
  },
  "predictedScores": {
    "redEPA": 48.65145948614344,
    "redAutonEPA": 15.551681598793582,
    "redTeleOpEPA": 21.998623624406598,
    "redEndgameEPA": 11.101154262943261,
    "blueEPA": 43.90513413018012,
    "blueAutonEPA": 9.754824422845278,
    "blueTeleOpEPA": 23.44436887386307,
    "blueEndgameEPA": 10.70594083347177
  }
}