{
  "winProbability": 0.7598733886071559,
  "predictedWinner": "Red",
  "redTeams": [
    22308,
    20804
  ],
  "blueTeams": [
    25080,
    27584
  ],
  "actualWinner": "Blue",
  "pointBreakdown": {
    "redData": {
      "redScore": 62,
      "redPenaltyFreeScore": 62,
      "redAuto": 17,
      "redTeleOp": 35,
      "redEndgame": 10
    },
    "blueData": {
      "blueScore": 72,
      "bluePenaltyFreeScore": 42,
      "blueAuto": 11,
      "blueTeleOp": 21,
      "blueEndgame": 10
    }
  },
  "predictedScores": {
    "redEPA": 67.7822127919872,
    "redAutonEPA": 14.177948577865223,
    "redTeleOpEPA": 45.217486237445414,
    "redEndgameEPA": 8.386777976676568,
    "blueEPA": 38.651523790159736,
    "blueAutonEPA": 8.460630298929022,
    "blueTeleOpEPA": 20.258347872841615,
    "blueEndgameEPA": 9.9325456183891
  }
}