{
  "winProbability": 0.7268844250869484,
  "predictedWinner": "Red",
  "redTeams": [
    25099,
    18964
  ],
  "blueTeams": [
    27583,
    22303
  ],
  "actualWinner": "Red",
  "pointBreakdown": {
    "redData": {
      "redScore": 99,
      "redPenaltyFreeScore": 99,
      "redAuto": 24,
      "redTeleOp": 60,
      "redEndgame": 15
    },
    "blueData": {
      "blueScore": 67,
      "bluePenaltyFreeScore": 67,
      "blueAuto": 17,
      "blueTeleOp": 40,
      "blueEndgame": 10
    }
  },
  "predictedScores": {
    "redEPA": 92.87670115956624,
    "redAutonEPA": 14.925299391374642,
    "redTeleOpEPA": 65.19831555474858,
    "redEndgameEPA": 12.753086213443028,
    "blueEPA": 67.97777113856499,
    "blueAutonEPA": 12.08071830977745,
    "blueTeleOpEPA": 43.83003120865883,
    "blueEndgameEPA": 12.067021620128706
  }
}