{
  "winProbability": 0.6334522619077216,
  "predictedWinner": "Blue",
  "redTeams": [
    10309,
    21859
  ],
  "blueTeams": [
    16714,
    14649
  ],
  "actualWinner": "Red",
  "pointBreakdown": {
    "redData": {
      "redScore": 135,
      "redPenaltyFreeScore": 65,
      "redAuto": 21,
      "redTeleOp": 34,
      "redEndgame": 10
    },
    "blueData": {
      "blueScore": 63,
      "bluePenaltyFreeScore": 63,
      "blueAuto": 12,
      "blueTeleOp": 36,
      "blueEndgame": 15
    }
  },
  "predictedScores": {
    "redEPA": 55.70765303292657,
    "redAutonEPA": 14.275279973613369,
    "redTeleOpEPA": 28.466653924890085,
    "redEndgameEPA": 12.965719134423122,
    "blueEPA": 65.53383355179739,
    "blueAutonEPA": 17.12728481124077,
    "blueTeleOpEPA": 36.891625676877055,
    "blueEndgameEPA": 11.514923063679559
  }
}