{
  "winProbability": 0.7130649241307547,
  "predictedWinner": "Red",
  "redTeams": [
    17349,
    15004
  ],
  "blueTeams": [
    24493,
    15301
  ],
  "actualWinner": "Red",
  "pointBreakdown": {
    "redData": {
      "redScore": 76,
      "redPenaltyFreeScore": 56,
      "redAuto": 6,
      "redTeleOp": 40,
      "redEndgame": 10
    },
    "blueData": {
      "blueScore": 31,
      "bluePenaltyFreeScore": 16,
      "blueAuto": 3,
      "blueTeleOp": 8,
      "blueEndgame": 5
    }
  },
  "predictedScores": {
    "redEPA": 50.27250443182456,
    "redAutonEPA": 11.638610863550685,
    "redTeleOpEPA": 25.86860097112059,
    "redEndgameEPA": 12.765292597153287,
    "blueEPA": 36.45161290322581,
    "blueAutonEPA": 6.903225806451612,
    "blueTeleOpEPA": 18.311827956989248,
    "blueEndgameEPA": 11.236559139784946
  }
}