{
  "winProbability": 0.8717933311783804,
  "predictedWinner": "Red",
  "redTeams": [
    21859,
    15004
  ],
  "blueTeams": [
    32873,
    12085
  ],
  "actualWinner": "Red",
  "pointBreakdown": {
    "redData": {
      "redScore": 66,
      "redPenaltyFreeScore": 61,
      "redAuto": 14,
      "redTeleOp": 37,
      "redEndgame": 10
    },
    "blueData": {
      "blueScore": 14,
      "bluePenaltyFreeScore": 14,
      "blueAuto": 3,
      "blueTeleOp": 1,
      "blueEndgame": 10
    }
  },
  "predictedScores": {
    "redEPA": 59.88930940627707,
    "redAutonEPA": 14.616480052209116,
    "redTeleOpEPA": 32.949807660756505,
    "redEndgameEPA": 12.323021693311443,
    "blueEPA": 30.785817403424932,
    "blueAutonEPA": 6.21978295499801,
    "blueTeleOpEPA": 16.846251493428912,
    "blueEndgameEPA": 7.719782954998009
  }
}