{
  "predictedWinner": "Blue",
  "redTeams": [
    21859,
    26293
  ],
  "blueTeams": [
    12111,
    11254
  ],
  "actualWinner": "Red",
  "pointBreakdown": {
    "redData": {
      "redScore": 62,
      "redPenaltyFreeScore": 62,
      "redAuto": 3,
      "redTeleOp": 59,
      "redEndgame": 0
    },
    "blueData": {
      "blueScore": 48,
      "bluePenaltyFreeScore": 38,
      "blueAuto": 18,
      "blueTeleOp": 20,
      "blueEndgame": 0
    }
  },
  "predictedScores": {
    "redEPA": 44.17741935483871,
    "redAutonEPA": 6.854838709677419,
    "redTeleOpEPA": 29.822147081557148,
    "redEndgameEPA": 7.500433563604146,
    "blueEPA": 79.86985043585999,
    "blueAutonEPA": 16.80863091287225,
    "blueTeleOpEPA": 59.09151131545605,
    "blueEndgameEPA": 3.9697082075316867
  }
}