{
  "winProbability": 0.5320018477598624,
  "predictedWinner": "Blue",
  "redTeams": [
    6079,
    19383
  ],
  "blueTeams": [
    10477,
    12085
  ],
  "actualWinner": "Blue",
  "pointBreakdown": {
    "redData": {
      "redScore": 45,
      "redPenaltyFreeScore": 45,
      "redAuto": 11,
      "redTeleOp": 24,
      "redEndgame": 10
    },
    "blueData": {
      "blueScore": 78,
      "bluePenaltyFreeScore": 58,
      "blueAuto": 13,
      "blueTeleOp": 30,
      "blueEndgame": 15
    }
  },
  "predictedScores": {
    "redEPA": 46.688274465997516,
    "redAutonEPA": 7.601371209770075,
    "redTeleOpEPA": 28.74127236867211,
    "redEndgameEPA": 10.345630887555334,
    "blueEPA": 48.63440860215053,
    "blueAutonEPA": 6.018817204301075,
    "blueTeleOpEPA": 31.791218637992827,
    "blueEndgameEPA": 10.824372759856631
  }
}