{
  "winProbability": 0.7887571506722076,
  "predictedWinner": "Blue",
  "redTeams": [
    14649,
    16714
  ],
  "blueTeams": [
    10645,
    21790
  ],
  "actualWinner": "Blue",
  "pointBreakdown": {
    "redData": {
      "redScore": 72,
      "redPenaltyFreeScore": 72,
      "redAuto": 9,
      "redTeleOp": 53,
      "redEndgame": 10
    },
    "blueData": {
      "blueScore": 110,
      "bluePenaltyFreeScore": 95,
      "blueAuto": 11,
      "blueTeleOp": 74,
      "blueEndgame": 10
    }
  },
  "predictedScores": {
    "redEPA": 65.53383355179739,
    "redAutonEPA": 17.12728481124077,
    "redTeleOpEPA": 36.891625676877055,
    "redEndgameEPA": 11.514923063679559,
    "blueEPA": 89.19778226839816,
    "blueAutonEPA": 25.64549744300337,
    "blueTeleOpEPA": 48.61890242563538,
    "blueEndgameEPA": 14.933382399759406
  }
}