{
  "winProbability": 0.6001583618806129,
  "predictedWinner": "Blue",
  "redTeams": [
    8492,
    32285
  ],
  "blueTeams": [
    28804,
    26538
  ],
  "actualWinner": "Blue",
  "pointBreakdown": {
    "redData": {
      "redScore": 75,
      "redPenaltyFreeScore": 75,
      "redAuto": 16,
      "redTeleOp": 49,
      "redEndgame": 10
    },
    "blueData": {
      "blueScore": 116,
      "bluePenaltyFreeScore": 111,
      "blueAuto": 48,
      "blueTeleOp": 53,
      "blueEndgame": 10
    }
  },
  "predictedScores": {
    "redEPA": 37.256349147086155,
    "redAutonEPA": 6.5616309073410335,
    "redTeleOpEPA": 20.10312334063454,
    "redEndgameEPA": 10.59159489911058,
    "blueEPA": 44.925092094782954,
    "blueAutonEPA": 15.41538480684986,
    "blueTeleOpEPA": 19.12595828355237,
    "blueEndgameEPA": 10.383749004380725
  }
}