{
  "winProbability": 0.5065909233268164,
  "predictedWinner": "Tie",
  "redTeams": [
    12326,
    30444
  ],
  "blueTeams": [
    9895,
    32285
  ],
  "actualWinner": "Red",
  "pointBreakdown": {
    "redData": {
      "redScore": 75,
      "redPenaltyFreeScore": 30,
      "redAuto": 3,
      "redTeleOp": 12,
      "redEndgame": 15
    },
    "blueData": {
      "blueScore": 33,
      "bluePenaltyFreeScore": 13,
      "blueAuto": 3,
      "blueTeleOp": 0,
      "blueEndgame": 10
    }
  },
  "predictedScores": {
    "redEPA": 38.26015531660693,
    "redAutonEPA": 7.594384707287933,
    "redTeleOpEPA": 19.67786738351254,
    "redEndgameEPA": 10.987903225806452,
    "blueEPA": 37.76230834328953,
    "blueAutonEPA": 6.88148397052967,
    "blueTeleOpEPA": 20.799494723217848,
    "blueEndgameEPA": 10.081329649542015
  }
}