{
  "winProbability": 0.5166086622954293,
  "predictedWinner": "Red",
  "redTeams": [
    26266,
    28804
  ],
  "blueTeams": [
    31247,
    9895
  ],
  "actualWinner": "Red",
  "pointBreakdown": {
    "redData": {
      "redScore": 83,
      "redPenaltyFreeScore": 68,
      "redAuto": 45,
      "redTeleOp": 8,
      "redEndgame": 15
    },
    "blueData": {
      "blueScore": 25,
      "bluePenaltyFreeScore": 25,
      "blueAuto": 0,
      "blueTeleOp": 10,
      "blueEndgame": 15
    }
  },
  "predictedScores": {
    "redEPA": 41.87320788530466,
    "redAutonEPA": 7.760304659498208,
    "redTeleOpEPA": 23.658154121863795,
    "redEndgameEPA": 10.454749103942653,
    "blueEPA": 40.61827956989248,
    "blueAutonEPA": 5.56989247311828,
    "blueTeleOpEPA": 22.97849462365592,
    "blueEndgameEPA": 12.06989247311828
  }
}