{
  "winProbability": 0.5217487956097694,
  "predictedWinner": "Red",
  "redTeams": [
    12326,
    26538
  ],
  "blueTeams": [
    26266,
    31247
  ],
  "actualWinner": "Blue",
  "pointBreakdown": {
    "redData": {
      "redScore": 23,
      "redPenaltyFreeScore": 23,
      "redAuto": 3,
      "redTeleOp": 10,
      "redEndgame": 10
    },
    "blueData": {
      "blueScore": 29,
      "bluePenaltyFreeScore": 29,
      "blueAuto": 3,
      "blueTeleOp": 16,
      "blueEndgame": 10
    }
  },
  "predictedScores": {
    "redEPA": 40.43503584229391,
    "redAutonEPA": 7.106182795698925,
    "redTeleOpEPA": 23.52822580645161,
    "redEndgameEPA": 9.800627240143369,
    "blueEPA": 38.79129330943847,
    "blueAutonEPA": 10.538605137395459,
    "blueTeleOpEPA": 16.55204599761052,
    "blueEndgameEPA": 11.700642174432495
  }
}