{
  "predictedWinner": "Tie",
  "redTeams": [
    23607,
    23858
  ],
  "blueTeams": [
    8579,
    13106
  ],
  "actualWinner": "Blue",
  "pointBreakdown": {
    "redData": {
      "redScore": 16,
      "redPenaltyFreeScore": 16,
      "redAuto": 0,
      "redTeleOp": 11,
      "redEndgame": 5
    },
    "blueData": {
      "blueScore": 63,
      "bluePenaltyFreeScore": 63,
      "blueAuto": 18,
      "blueTeleOp": 10,
      "blueEndgame": 35
    }
  },
  "predictedScores": {
    "redEPA": 18.772727272727273,
    "redAutonEPA": 4.106060606060606,
    "redTeleOpEPA": 5.500000000000002,
    "redEndgameEPA": 9.166666666666666,
    "blueEPA": 18.772727272727273,
    "blueAutonEPA": 4.106060606060606,
    "blueTeleOpEPA": 5.500000000000002,
    "blueEndgameEPA": 9.166666666666666
  }
}