{
  "predictedWinner": "Blue",
  "redTeams": [
    13106,
    21427
  ],
  "blueTeams": [
    19561,
    17039
  ],
  "actualWinner": "Blue",
  "pointBreakdown": {
    "redData": {
      "redScore": 39,
      "redPenaltyFreeScore": 29,
      "redAuto": 35,
      "redTeleOp": -6,
      "redEndgame": 0
    },
    "blueData": {
      "blueScore": 99,
      "bluePenaltyFreeScore": 99,
      "blueAuto": 5,
      "blueTeleOp": 39,
      "blueEndgame": 55
    }
  },
  "predictedScores": {
    "redEPA": 12.932108760026646,
    "redAutonEPA": 12.47258477436787,
    "redTeleOpEPA": -13.06255356200523,
    "redEndgameEPA": 13.522077547664004,
    "blueEPA": 94.53235148377172,
    "blueAutonEPA": 46.991092984366105,
    "blueTeleOpEPA": 13.474880703184226,
    "blueEndgameEPA": 34.06637779622139
  }
}