{
  "predictedWinner": "Blue",
  "redTeams": [
    8531,
    25819
  ],
  "blueTeams": [
    23392,
    11717
  ],
  "actualWinner": "Blue",
  "pointBreakdown": {
    "redData": {
      "redScore": 67,
      "redPenaltyFreeScore": 62,
      "redAuto": 27,
      "redTeleOp": 35,
      "redEndgame": 0
    },
    "blueData": {
      "blueScore": 128,
      "bluePenaltyFreeScore": 128,
      "blueAuto": 45,
      "blueTeleOp": 73,
      "blueEndgame": 10
    }
  },
  "predictedScores": {
    "redEPA": 90.7195149656576,
    "redAutonEPA": 35.83882307197542,
    "redTeleOpEPA": 55.46592298933868,
    "redEndgameEPA": -0.5852310956565023,
    "blueEPA": 135.90202921206526,
    "blueAutonEPA": 50.38269524980197,
    "blueTeleOpEPA": 79.45365166661698,
    "blueEndgameEPA": 6.0656822956463134
  }
}