{
  "predictedWinner": "Blue",
  "redTeams": [
    30451,
    17181
  ],
  "blueTeams": [
    15471,
    23834
  ],
  "actualWinner": "Blue",
  "pointBreakdown": {
    "redData": {
      "redScore": 111,
      "redPenaltyFreeScore": 36,
      "redAuto": 37,
      "redTeleOp": -1,
      "redEndgame": 0
    },
    "blueData": {
      "blueScore": 160,
      "bluePenaltyFreeScore": 160,
      "blueAuto": 35,
      "blueTeleOp": 125,
      "blueEndgame": 0
    }
  },
  "predictedScores": {
    "redEPA": 42.05637091173411,
    "redAutonEPA": 23.724112287958206,
    "redTeleOpEPA": 7.273859524836729,
    "redEndgameEPA": 11.058399098939178,
    "blueEPA": 58.16359599442215,
    "blueAutonEPA": 19.6967050489635,
    "blueTeleOpEPA": 34.30542014817418,
    "blueEndgameEPA": 4.161470797284469
  }
}