{
  "winProbability": 0.6993275721694824,
  "predictedWinner": "Red",
  "redTeams": [
    15004,
    23952
  ],
  "blueTeams": [
    16883,
    22134
  ],
  "actualWinner": "Red",
  "pointBreakdown": {
    "redData": {
      "redScore": 89,
      "redPenaltyFreeScore": 89,
      "redAuto": 29,
      "redTeleOp": 45,
      "redEndgame": 15
    },
    "blueData": {
      "blueScore": 83,
      "bluePenaltyFreeScore": 83,
      "blueAuto": 16,
      "blueTeleOp": 57,
      "blueEndgame": 10
    }
  },
  "predictedScores": {
    "redEPA": 95.08952962066309,
    "redAutonEPA": 23.07478585148629,
    "redTeleOpEPA": 59.40730488324743,
    "redEndgameEPA": 12.607438885929362,
    "blueEPA": 70.75427522503004,
    "blueAutonEPA": 21.98697518190808,
    "blueTeleOpEPA": 34.682989501725814,
    "blueEndgameEPA": 14.084310541396153
  }
}