{
  "winProbability": 0.5194246976239075,
  "predictedWinner": "Red",
  "redTeams": [
    8487,
    8531
  ],
  "blueTeams": [
    23373,
    12740
  ],
  "actualWinner": "Blue",
  "pointBreakdown": {
    "redData": {
      "redScore": 111,
      "redPenaltyFreeScore": 111,
      "redAuto": 18,
      "redTeleOp": 83,
      "redEndgame": 10
    },
    "blueData": {
      "blueScore": 122,
      "bluePenaltyFreeScore": 107,
      "blueAuto": 37,
      "blueTeleOp": 55,
      "blueEndgame": 15
    }
  },
  "predictedScores": {
    "redEPA": 75.06628615031201,
    "redAutonEPA": 20.853026052655448,
    "redTeleOpEPA": 43.26140768056236,
    "redEndgameEPA": 10.951852417094203,
    "blueEPA": 72.82511007428022,
    "blueAutonEPA": 15.899535236217876,
    "blueTeleOpEPA": 46.64241259700053,
    "blueEndgameEPA": 10.28316224106182
  }
}