{
  "winProbability": 0.5241842931339296,
  "predictedWinner": "Red",
  "redTeams": [
    16536,
    17155
  ],
  "blueTeams": [
    8487,
    7693
  ],
  "actualWinner": "Blue",
  "pointBreakdown": {
    "redData": {
      "redScore": 76,
      "redPenaltyFreeScore": 76,
      "redAuto": 30,
      "redTeleOp": 36,
      "redEndgame": 10
    },
    "blueData": {
      "blueScore": 99,
      "bluePenaltyFreeScore": 94,
      "blueAuto": 31,
      "blueTeleOp": 53,
      "blueEndgame": 10
    }
  },
  "predictedScores": {
    "redEPA": 65.84886137268225,
    "redAutonEPA": 16.24224822614012,
    "redTeleOpEPA": 38.15925680023868,
    "redEndgameEPA": 11.447356346303453,
    "blueEPA": 63.057760708787974,
    "blueAutonEPA": 9.903897575253389,
    "blueTeleOpEPA": 38.762791795679135,
    "blueEndgameEPA": 14.391071337855449
  }
}