{
  "predictedWinner": "Red",
  "redTeams": [
    30612,
    23392
  ],
  "blueTeams": [
    17181,
    23952
  ],
  "actualWinner": "Red",
  "pointBreakdown": {
    "redData": {
      "redScore": 154,
      "redPenaltyFreeScore": 139,
      "redAuto": 46,
      "redTeleOp": 93,
      "redEndgame": 0
    },
    "blueData": {
      "blueScore": 77,
      "bluePenaltyFreeScore": 77,
      "blueAuto": 12,
      "blueTeleOp": 55,
      "blueEndgame": 10
    }
  },
  "predictedScores": {
    "redEPA": 205.1718460244527,
    "redAutonEPA": 56.558854562162324,
    "redTeleOpEPA": 145.03032177129984,
    "redEndgameEPA": 3.5826696909905538,
    "blueEPA": 46.13905912053281,
    "blueAutonEPA": 23.73546240764765,
    "blueTeleOpEPA": 21.333302842063784,
    "blueEndgameEPA": 1.0702938708213816
  }
}