{
  "winProbability": 0.5463167052706427,
  "predictedWinner": "Blue",
  "redTeams": [
    23833,
    8487
  ],
  "blueTeams": [
    14757,
    22134
  ],
  "actualWinner": "Red",
  "pointBreakdown": {
    "redData": {
      "redScore": 108,
      "redPenaltyFreeScore": 63,
      "redAuto": 11,
      "redTeleOp": 37,
      "redEndgame": 15
    },
    "blueData": {
      "blueScore": 46,
      "bluePenaltyFreeScore": 46,
      "blueAuto": 20,
      "blueTeleOp": 16,
      "blueEndgame": 10
    }
  },
  "predictedScores": {
    "redEPA": 77.76709080540373,
    "redAutonEPA": 16.729702799954918,
    "redTeleOpEPA": 45.35815622620037,
    "redEndgameEPA": 15.679231779248434,
    "blueEPA": 83.12367085193424,
    "blueAutonEPA": 16.67775668075288,
    "blueTeleOpEPA": 53.33454202290391,
    "blueEndgameEPA": 13.111372148277447
  }
}