{
  "winProbability": 0.8073009933727896,
  "predictedWinner": "Red",
  "redTeams": [
    21331,
    14757
  ],
  "blueTeams": [
    23479,
    30451
  ],
  "actualWinner": "Red",
  "pointBreakdown": {
    "redData": {
      "redScore": 165,
      "redPenaltyFreeScore": 165,
      "redAuto": 46,
      "redTeleOp": 89,
      "redEndgame": 30
    },
    "blueData": {
      "blueScore": 94,
      "bluePenaltyFreeScore": 79,
      "blueAuto": 19,
      "blueTeleOp": 50,
      "blueEndgame": 10
    }
  },
  "predictedScores": {
    "redEPA": 117.08978748449985,
    "redAutonEPA": 34.192725360028426,
    "redTeleOpEPA": 69.14703741397751,
    "redEndgameEPA": 13.750024710493921,
    "blueEPA": 75.78902433224994,
    "blueAutonEPA": 17.539942929394975,
    "blueTeleOpEPA": 44.06456445203397,
    "blueEndgameEPA": 14.18451695082099
  }
}