{
  "winProbability": 0.5916540597097737,
  "predictedWinner": "Blue",
  "redTeams": [
    22415,
    30451
  ],
  "blueTeams": [
    8487,
    15004
  ],
  "actualWinner": "Blue",
  "pointBreakdown": {
    "redData": {
      "redScore": 105,
      "redPenaltyFreeScore": 105,
      "redAuto": 31,
      "redTeleOp": 59,
      "redEndgame": 15
    },
    "blueData": {
      "blueScore": 187,
      "bluePenaltyFreeScore": 97,
      "blueAuto": 25,
      "blueTeleOp": 62,
      "blueEndgame": 10
    }
  },
  "predictedScores": {
    "redEPA": 70.14198237586001,
    "redAutonEPA": 17.713960690739857,
    "redTeleOpEPA": 38.26999325913321,
    "redEndgameEPA": 14.15802842598695,
    "blueEPA": 80.83232134417976,
    "blueAutonEPA": 14.566354356033596,
    "blueTeleOpEPA": 51.67089290248569,
    "blueEndgameEPA": 14.595074085660467
  }
}