{
  "predictedWinner": "Blue",
  "redTeams": [
    22415,
    16883
  ],
  "blueTeams": [
    16355,
    17181
  ],
  "actualWinner": "Blue",
  "pointBreakdown": {
    "redData": {
      "redScore": 69,
      "redPenaltyFreeScore": 54,
      "redAuto": 24,
      "redTeleOp": 20,
      "redEndgame": 10
    },
    "blueData": {
      "blueScore": 79,
      "bluePenaltyFreeScore": 79,
      "blueAuto": 22,
      "blueTeleOp": 57,
      "blueEndgame": 0
    }
  },
  "predictedScores": {
    "redEPA": 34.75832093036431,
    "redAutonEPA": 20.205265664189444,
    "redTeleOpEPA": 9.829398682075315,
    "redEndgameEPA": 4.7236565840995555,
    "blueEPA": 99.94223194973304,
    "blueAutonEPA": 25.61128325423649,
    "blueTeleOpEPA": 68.1904242660362,
    "blueEndgameEPA": 6.140524429460342
  }
}