{
  "predictedWinner": "Red",
  "redTeams": [
    15004,
    25819
  ],
  "blueTeams": [
    15471,
    16355
  ],
  "actualWinner": "Red",
  "pointBreakdown": {
    "redData": {
      "redScore": 100,
      "redPenaltyFreeScore": 100,
      "redAuto": 23,
      "redTeleOp": 67,
      "redEndgame": 10
    },
    "blueData": {
      "blueScore": 73,
      "bluePenaltyFreeScore": 73,
      "blueAuto": 17,
      "blueTeleOp": 56,
      "blueEndgame": 0
    }
  },
  "predictedScores": {
    "redEPA": 128.8406121306087,
    "redAutonEPA": 37.18547820920972,
    "redTeleOpEPA": 94.84029578001994,
    "redEndgameEPA": -3.1851618586209707,
    "blueEPA": 86.0495935400813,
    "blueAutonEPA": 24.60816491519619,
    "blueTeleOpEPA": 65.68117509040047,
    "blueEndgameEPA": -4.239746465515353
  }
}