{
  "winProbability": 0.540381002282313,
  "predictedWinner": "Blue",
  "redTeams": [
    15004,
    11717
  ],
  "blueTeams": [
    8531,
    14757
  ],
  "actualWinner": "Red",
  "pointBreakdown": {
    "redData": {
      "redScore": 150,
      "redPenaltyFreeScore": 150,
      "redAuto": 43,
      "redTeleOp": 77,
      "redEndgame": 30
    },
    "blueData": {
      "blueScore": 129,
      "bluePenaltyFreeScore": 124,
      "blueAuto": 40,
      "blueTeleOp": 74,
      "blueEndgame": 10
    }
  },
  "predictedScores": {
    "redEPA": 110.34664436519367,
    "redAutonEPA": 35.950186267334814,
    "redTeleOpEPA": 58.97073561313803,
    "redEndgameEPA": 15.425722484720819,
    "blueEPA": 115.09546926759862,
    "blueAutonEPA": 34.91049612823355,
    "blueTeleOpEPA": 68.11429074499222,
    "blueEndgameEPA": 12.070682394372849
  }
}