{
  "teamNumber": 10016,
  "teamName": "Clarkston RoboWolves",
  "wins": 0,
  "loss": 0,
  "draws": 0,
  "elo": 1500,
  "stateRank": null,
  "totalEPA": 50.02509190096353,
  "autonEPA": 19.001898535155973,
  "teleOpEPA": 31.023193365807558,
  "totalEPAOverTime": [
    14.68
  ],
  "teleOpEPAOverTime": [
    9.93
  ],
  "autonEPAOverTime": [
    4.75
  ]
}