{
  "teamNumber": 10104,
  "teamName": "That OTHER Team",
  "wins": 1,
  "loss": 4,
  "ties": 0,
  "elo": 1500,
  "totalEPA": 23.17509532568412,
  "autonEPA": 7.809070661937852,
  "endgameEPA": 7.111135859787418,
  "unitlessEPA": 1564.3121351684902,
  "teleOpEPA": 15.366024663746266,
  "totalEPAOverTime": [
    14.68780487804878,
    15.821743103640076,
    15.1993317151063,
    13.442617501974073,
    13.982890669573834,
    18.52953911574926,
    22.590263594095443,
    23.17509532568412
  ],
  "teleOpEPAOverTime": [
    5.240243902439024,
    11.176532902747525,
    10.702562833179414,
    10.478362985876448,
    11.33601380895306,
    14.87457845312599,
    15.479570148133696,
    15.366024663746266
  ],
  "autonEPAOverTime": [
    4.758536585365854,
    4.645210200892552,
    4.4967688819268865,
    2.9642545160976255,
    2.6468768606207735,
    3.6549606626232696,
    7.110693445961748,
    7.809070661937852
  ],
  "endGameEPAOverTime": [
    4.689024390243903,
    5.349409585031255,
    5.3067972973862805,
    5.597569437575805,
    5.050370517101619,
    5.7216725829710215,
    6.985315901427966,
    7.111135859787418
  ],
  "unitlessEPAOverTime": [
    1500,
    1486.8330046324068,
    1480.2749217658215,
    1461.765174683962,
    1467.4578022113253,
    1515.3638942664377,
    1558.1500130906759,
    1564.3121351684902
  ],
  "EPA Rank": 119,
  "Auto EPA Rank": 130,
  "TeleOp EPA Rank": 116,
  "Endgame EPA Rank": 134
}