{
  "wins": 0,
  "loss": 0,
  "draws": 0,
  "elo": 51.361840780494546,
  "stateRank": null,
  "totalEPA": -100.99969089677994
}