{
  "teamNumber": 10124,
  "wins": 0,
  "loss": 0,
  "draws": 0,
  "elo": 1500,
  "stateRank": null,
  "totalEPA": 0.2396660556489274,
  "autonEPA": -3.22651974564448,
  "teleOpEPA": 3.4661858012934075,
  "totalEPAOverTime": [
    14.68,
    5.743008575578261,
    5.730259572333645,
    4.9590295442748165,
    1.7448864827700115,
    1.5996160761039102
  ],
  "teleOpEPAOverTime": [
    9.93,
    5.3866072939227525,
    4.941463781048894,
    5.36349234611999,
    3.646020712017693,
    4.001517444810995
  ],
  "autonEPAOverTime": [
    4.75,
    0.35640128165550833,
    0.7887957912847505,
    -0.40446280184517347,
    -1.9011342292476816,
    -2.401901368707085
  ]
}