{
  "wins": 0,
  "loss": 0,
  "draws": 0,
  "elo": 1958.2819980683182,
  "stateRank": null,
  "totalEPA": 53.46084184353377
}