{
  "teamNumber": 10164,
  "wins": 0,
  "loss": 0,
  "draws": 0,
  "elo": 1500,
  "stateRank": null,
  "totalEPA": 27.772305651221995,
  "autonEPA": 11.448254487436829,
  "teleOpEPA": 16.324051163785164,
  "totalEPAOverTime": [
    14.68,
    27.308377469773585,
    27.334663587901666,
    14.826441181844922,
    14.92409665382118,
    24.838840011802205
  ],
  "teleOpEPAOverTime": [
    9.93,
    16.302286267048427,
    16.47071610156155,
    6.5467508598000155,
    6.706363864891314,
    14.037252888696855
  ],
  "autonEPAOverTime": [
    4.75,
    11.006091202725159,
    10.863947486340116,
    8.279690322044907,
    8.217732788929867,
    10.80158712310535
  ]
}