{
    "teamNumber": 10262,
    "teamName": "Pioneer Red Panthers",
    "wins": 9,
    "loss": 1,
    "ties": 0,
    "elo": 1631.9585202393832,
    "totalEPA": 36.46819319540914,
    "autonEPA": 1.7090012411485664,
    "endgameEPA": 9.82787981334207,
    "unitlessEPA": 1800.8646883166307,
    "teleOpEPA": 34.75919195426058,
    "totalEPAOverTime": [
        14.68780487804878,
        18.458536585365852,
        27.707234483638846,
        37.280047672063546,
        36.279900478197256,
        36.040119530300046,
        36.46819319540914,
        36.46819319540914,
        36.46819319540914,
        36.46819319540914,
        36.46819319540914,
        36.46819319540914
    ],
    "teleOpEPAOverTime": [
        5.240243902439024,
        15.286178861788617,
        27.37973202495323,
        36.367150005257244,
        35.030458082487904,
        34.511807903050254,
        34.75919195426058,
        34.75919195426058,
        34.75919195426058,
        34.75919195426058,
        34.75919195426058,
        34.75919195426058
    ],
    "autonEPAOverTime": [
        4.758536585365854,
        3.172357723577236,
        0.32750245868561423,
        0.9128976668063029,
        1.2494423957093534,
        1.528311627249789,
        1.7090012411485664,
        1.7090012411485664,
        1.7090012411485664,
        1.7090012411485664,
        1.7090012411485664,
        1.7090012411485664
    ],
    "endGameEPAOverTime": [
        4.689024390243903,
        5.626016260162602,
        8.118193282222412,
        9.481572564962164,
        10.145505517835446,
        10.275114667664749,
        9.82787981334207,
        9.82787981334207,
        9.82787981334207,
        9.82787981334207,
        9.82787981334207,
        9.82787981334207
    ],
    "unitlessEPAOverTime": [
        1500,
        1559.6904403828503,
        1699.0689111709182,
        1843.3318201790746,
        1828.259537791076,
        1824.6460235202435,
        1831.0971211216356,
        1800.8646883166307,
        1800.8646883166307,
        1800.8646883166307,
        1800.8646883166307,
        1800.8646883166307
    ],
    "EPA Rank": 36,
    "Auto EPA Rank": 311,
    "TeleOp EPA Rank": 3,
    "Endgame EPA Rank": 22
}