{
  "teamNumber": 10262,
  "wins": 0,
  "loss": 0,
  "draws": 0,
  "elo": 1500,
  "stateRank": null,
  "totalEPA": 39.94554214842389,
  "autonEPA": 1.7240487455019338,
  "teleOpEPA": 38.22149340292196,
  "totalEPAOverTime": [
    14.68,
    33.6012423557425,
    32.17225216752642,
    42.58035850647537,
    41.6366687734671,
    39.69912836773029
  ],
  "teleOpEPAOverTime": [
    9.93,
    31.587937472124445,
    32.70190357418336,
    41.00171463402113,
    40.076834725199376,
    38.131186768967275
  ],
  "autonEPAOverTime": [
    4.75,
    2.013304883618054,
    -0.5296514066569371,
    1.578643872454243,
    1.5598340482677269,
    1.5679415987630114
  ]
}