{
  "teamNumber": 10309,
  "wins": 0,
  "loss": 0,
  "draws": 0,
  "elo": 1500,
  "stateRank": null,
  "totalEPA": 74.33212575394732,
  "autonEPA": 38.51135416163841,
  "teleOpEPA": 35.820771592308915,
  "totalEPAOverTime": [
    14.68,
    55.698405175842055,
    47.174481466029654,
    57.81628401635342,
    72.60407472373333,
    73.14737169146284
  ],
  "teleOpEPAOverTime": [
    9.93,
    26.664056354544453,
    21.27452514898953,
    29.677309291914412,
    38.92661041226791,
    35.91991500363906
  ],
  "autonEPAOverTime": [
    4.75,
    29.034348821297602,
    25.899956317040125,
    28.13897472443901,
    33.67746431146542,
    37.227456687823775
  ]
}