{
  "teamNumber": 10477,
  "wins": 0,
  "loss": 0,
  "draws": 0,
  "elo": 1500,
  "stateRank": null,
  "totalEPA": 32.123811660292695,
  "autonEPA": 12.665647434099018,
  "teleOpEPA": 19.458164226193677,
  "totalEPAOverTime": [
    14.68,
    36.1903415483773,
    34.478353130604354,
    28.641360017161013,
    28.597186474543,
    27.468721697222076,
    25.81819254792674,
    32.23563177707025,
    33.02159597296465,
    28.77087381076069,
    31.04002039856322,
    33.67319484762357,
    40.88318910363661,
    41.53876450296326,
    36.32022179345837,
    38.437632353027695,
    33.42477852567457
  ],
  "teleOpEPAOverTime": [
    9.93,
    22.233049764960057,
    23.358819708557803,
    20.95083704766478,
    22.36825766225132,
    18.548433958043304,
    13.680293086226845,
    15.322758129031985,
    16.23952090468667,
    10.612435817341279,
    13.436980971236864,
    17.049722508266107,
    24.86701155159609,
    27.17842296760168,
    23.848215582412113,
    22.978935864868745,
    20.513983564710593
  ],
  "autonEPAOverTime": [
    4.75,
    13.957291783417242,
    11.119533422046551,
    7.690522969496233,
    6.228928812291682,
    8.920287739178773,
    12.137899461699893,
    16.912873648038268,
    16.782075068277976,
    18.158437993419412,
    17.603039427326358,
    16.623472339357463,
    16.01617755204052,
    14.36034153536158,
    12.47200621104626,
    15.458696488158948,
    12.910794960963974
  ]
}