{
  "teamNumber": 10611,
  "teamName": "MooTech ",
  "wins": 2,
  "loss": 9,
  "ties": 0,
  "elo": 1500,
  "totalEPA": 10.935498167294488,
  "autonEPA": 2.4834632063886195,
  "endgameEPA": 5.236608375630793,
  "unitlessEPA": 1441.4687411712296,
  "teleOpEPA": 8.45203496090587,
  "totalEPAOverTime": [
    14.68780487804878,
    11.791869918699188,
    8.153185012199222,
    11.770455442677855,
    12.563086408363116,
    9.742521195602214,
    10.606517173583462,
    10.606517173583462,
    10.057463498311423,
    11.805334917872784,
    1.2202357884621686,
    8.447185316221255,
    10.58874741510327,
    10.935498167294488
  ],
  "teleOpEPAOverTime": [
    5.240243902439024,
    7.786178861788619,
    5.914045463321371,
    10.050528874105067,
    12.500415777534835,
    11.084792879974003,
    11.485360267972721,
    11.485360267972721,
    10.416255507863447,
    9.64480603779257,
    -1.2091273282009465,
    4.822525344707649,
    8.953174853800878,
    8.45203496090587
  ],
  "autonEPAOverTime": [
    4.758536585365854,
    4.005691056910569,
    2.2391395488778505,
    1.7199265685727876,
    0.06267063082828128,
    -1.3422716843717906,
    -0.8788430943892593,
    -0.8788430943892593,
    -0.35879200955202517,
    2.160528880080214,
    2.429363116663115,
    3.624659971513606,
    1.6355725613023924,
    2.4834632063886195
  ],
  "endGameEPAOverTime": [
    4.689024390243903,
    3.9593495934959355,
    2.812899294313915,
    4.902931885140232,
    6.596545442060632,
    5.334082545918492,
    5.100518968443554,
    5.100518968443554,
    4.302261741995644,
    4.148485831200515,
    2.4961151647756354,
    5.020201873903445,
    5.886817881292702,
    5.236608375630793
  ],
  "unitlessEPAOverTime": [
    1500,
    1444.824372402357,
    1387.1812482239968,
    1444.4851297000534,
    1457.0417885910147,
    1412.3591092741262,
    1426.0463146046595,
    1429.8175754498493,
    1429.7976725442143,
    1453.0308409025047,
    1312.3309087390132,
    1408.3934298239053,
    1436.8596386286385,
    1441.4687411712296
  ],
  "EPA Rank": 268,
  "Auto EPA Rank": 279,
  "TeleOp EPA Rank": 245,
  "Endgame EPA Rank": 204
}