{
    "teamNumber": 10636,
    "teamName": " ATA Inventors",
    "wins": 2,
    "loss": 3,
    "ties": 0,
    "elo": 1361.8774818439465,
    "totalEPA": 0.3123378373408964,
    "autonEPA": -1.169082567506766,
    "endgameEPA": 0.9606784875437813,
    "unitlessEPA": 1271.4963000543514,
    "teleOpEPA": 1.4814204048476625,
    "totalEPAOverTime": [
        14.68780487804878,
        11.458536585365854,
        6.092272457475375,
        0.25085376767212475,
        -0.5315081689062988,
        0.2927861226615108,
        0.3123378373408964
    ],
    "teleOpEPAOverTime": [
        5.240243902439024,
        8.286178861788617,
        5.339919368329486,
        3.373740512182621,
        2.3076638568570114,
        1.6163449795473568,
        1.4814204048476625
    ],
    "autonEPAOverTime": [
        4.758536585365854,
        3.172357723577236,
        0.7523530891458894,
        -3.122886744510496,
        -2.83917202576331,
        -1.323558856885846,
        -1.169082567506766
    ],
    "endGameEPAOverTime": [
        4.689024390243903,
        3.9593495934959355,
        2.4131734950179866,
        1.261608098750886,
        0.22471148822087605,
        0.6261210524677974,
        0.9606784875437813
    ],
    "unitlessEPAOverTime": [
        1500,
        1442.92136891692,
        1360.389896218987,
        1270.5506941921924,
        1258.5182110214457,
        1271.1956007656463,
        1271.4963000543514
    ],
    "EPA Rank": 366,
    "Auto EPA Rank": 356,
    "TeleOp EPA Rank": 354,
    "Endgame EPA Rank": 337
}