{
  "wins": 0,
  "loss": 0,
  "draws": 0,
  "elo": 791.7131922054126,
  "stateRank": null,
  "totalEPA": -41.031231431361576
}