{
  "teamNumber": 10653,
  "teamName": "SASA DRAGATRONS",
  "wins": 6,
  "loss": 3,
  "ties": 0,
  "elo": 1500,
  "totalEPA": 30.737776028275928,
  "autonEPA": 13.675104491128634,
  "endgameEPA": 9.37895992455074,
  "unitlessEPA": 1776.7754316387804,
  "teleOpEPA": 17.062671537147295,
  "totalEPAOverTime": [
    14.68780487804878,
    15.62520325203252,
    21.31721764078558,
    26.398085160728133,
    27.283510352397805,
    30.501115682645494,
    30.737776028275928,
    30.737776028275928,
    30.737776028275928,
    30.737776028275928,
    30.737776028275928
  ],
  "teleOpEPAOverTime": [
    5.240243902439024,
    11.61951219512195,
    14.117943287346346,
    12.064535373823066,
    13.165403513786753,
    16.90609280882901,
    17.062671537147295,
    17.062671537147295,
    17.062671537147295,
    17.062671537147295,
    17.062671537147295
  ],
  "autonEPAOverTime": [
    4.758536585365854,
    4.005691056910569,
    7.199274353439232,
    14.333549786905067,
    14.118106838611052,
    13.595022873816488,
    13.675104491128634,
    13.675104491128634,
    13.675104491128634,
    13.675104491128634,
    13.675104491128634
  ],
  "endGameEPAOverTime": [
    4.689024390243903,
    5.626016260162602,
    6.299303480006151,
    6.213209832173984,
    7.540482546419215,
    9.018115523134453,
    9.37895992455074,
    9.37895992455074,
    9.37895992455074,
    9.37895992455074,
    9.37895992455074
  ],
  "unitlessEPAOverTime": [
    1500,
    1468.8559795687013,
    1520.4069719991976,
    1566.4229770849283,
    1574.442026974142,
    1603.5829842337846,
    1605.7263512130212,
    1776.7754316387804,
    1776.7754316387804,
    1776.7754316387804,
    1776.7754316387804
  ],
  "EPA Rank": 65,
  "Auto EPA Rank": 36,
  "TeleOp EPA Rank": 97,
  "Endgame EPA Rank": 30
}