{
  "teamNumber": 10698,
  "wins": 0,
  "loss": 0,
  "draws": 0,
  "elo": 1500,
  "stateRank": null,
  "totalEPA": 20.499028576555947,
  "autonEPA": 3.6990532242737517,
  "teleOpEPA": 16.799975352282196,
  "totalEPAOverTime": [
    14.68,
    14.143655568594085,
    6.098998765208585,
    9.885783098369924,
    12.687793807907001,
    11.92650988255699,
    17.228971589032927,
    18.092099544170726,
    24.323125456927926,
    26.71081233439053,
    22.54000670159464,
    19.624153783458812
  ],
  "teleOpEPAOverTime": [
    9.93,
    11.739831322447884,
    8.714401750034773,
    11.009664763076353,
    11.395249722340145,
    8.781717714292007,
    11.057800327519672,
    10.852719258127024,
    17.39100828249363,
    20.16061667891122,
    17.54693251991769,
    16.152654183798898
  ],
  "autonEPAOverTime": [
    4.75,
    2.4038242461462,
    -2.615402984826187,
    -1.1238816647064294,
    1.2925440855668568,
    3.144792168264982,
    6.171171261513254,
    7.2393802860437,
    6.932117174434294,
    6.550195655479307,
    4.993074181676949,
    3.4714995996599156
  ]
}