{
  "teamNumber": 10698,
  "teamName": "Mad Mechanics ",
  "wins": 0,
  "loss": 0,
  "draws": 0,
  "elo": 1500,
  "stateRank": null,
  "totalEPA": 21.70027466214609,
  "autonEPA": 5.8598581715456834,
  "teleOpEPA": 15.840416490600406,
  "totalEPAOverTime": [
    14.68
  ],
  "teleOpEPAOverTime": [
    9.93
  ],
  "autonEPAOverTime": [
    4.75
  ]
}