{
  "teamNumber": 10818,
  "teamName": "Bronco Robotics",
  "wins": 0,
  "loss": 0,
  "draws": 0,
  "elo": 1500,
  "stateRank": null,
  "totalEPA": 15.009574579635812,
  "autonEPA": 5.032916354518687,
  "teleOpEPA": 9.976658225117125,
  "totalEPAOverTime": [
    14.68
  ],
  "teleOpEPAOverTime": [
    9.93
  ],
  "autonEPAOverTime": [
    4.75
  ]
}