{
  "wins": 0,
  "loss": 0,
  "draws": 0,
  "elo": 1862.7435294922377,
  "stateRank": null,
  "totalEPA": 45.72222588887125
}