{
  "teamNumber": 10891,
  "wins": 0,
  "loss": 0,
  "draws": 0,
  "elo": 1500,
  "stateRank": null,
  "totalEPA": 9.518768533554965,
  "autonEPA": 2.759959907635201,
  "teleOpEPA": 6.758808625919764,
  "totalEPAOverTime": [
    14.68,
    8.690738202095135,
    6.419245055070924,
    9.499393645409624,
    7.765387055421696,
    7.331699128591547
  ],
  "teleOpEPAOverTime": [
    9.93,
    7.691802328416692,
    8.017400622249559,
    11.015359182495748,
    6.940547511249367,
    4.497700214162284
  ],
  "autonEPAOverTime": [
    4.75,
    0.9989358736784426,
    -1.5981555671786354,
    -1.5159655370861251,
    0.8248395441723292,
    2.8339989144292623
  ]
}