{
  "wins": 0,
  "loss": 0,
  "draws": 0,
  "elo": 1376.8391849492384,
  "stateRank": null,
  "totalEPA": 6.3639739808883125
}