{
  "teamNumber": 11266,
  "teamName": "River Rat Robotics",
  "wins": 4,
  "loss": 6,
  "ties": 0,
  "elo": 1500,
  "totalEPA": 19.19561325378425,
  "autonEPA": 2.3824853731478215,
  "endgameEPA": 6.422997270923173,
  "unitlessEPA": 1522.382032868967,
  "teleOpEPA": 16.813127880636426,
  "totalEPAOverTime": [
    14.68780487804878,
    11.62520325203252,
    4.130383434796633,
    7.61498689803265,
    15.303200272305029,
    20.433759143472887,
    21.781245594079834,
    21.036403848725065,
    19.054326911182372,
    17.267715078122954,
    19.50376898545727,
    18.77486506580257,
    19.19561325378425
  ],
  "teleOpEPAOverTime": [
    5.240243902439024,
    6.786178861788618,
    0.6041649513773795,
    6.482822545505574,
    11.777930040840056,
    15.89831749992468,
    16.840147831962675,
    16.04524514452174,
    15.03470524888785,
    17.889249979059315,
    20.547348095420723,
    17.24067989332633,
    16.813127880636426
  ],
  "autonEPAOverTime": [
    4.758536585365854,
    4.839024390243902,
    3.526218483419253,
    1.1321643525270766,
    3.5252702314649724,
    4.535441643548207,
    4.941097762117161,
    4.9911587042033245,
    4.019621662294521,
    -0.6215349009363595,
    -1.0435791099634537,
    1.534185172476238,
    2.3824853731478215
  ],
  "endGameEPAOverTime": [
    4.689024390243903,
    3.126016260162602,
    0.14645218283508554,
    3.019292346742671,
    5.392942089158994,
    6.4698168736754615,
    6.886041951094599,
    5.7901975608715155,
    3.804765604221375,
    3.344844934474352,
    4.554036574586375,
    6.429138997567373,
    6.422997270923173
  ],
  "unitlessEPAOverTime": [
    1500,
    1445.6905368602925,
    1361.284433776879,
    1400.527778686429,
    1487.111865618547,
    1544.8918378547608,
    1560.0671299934556,
    1541.7776568630761,
    1520.8933590436332,
    1502.0685935147976,
    1525.6289381495492,
    1517.9487889830386,
    1522.382032868967
  ],
  "EPA Rank": 157,
  "Auto EPA Rank": 284,
  "TeleOp EPA Rank": 101,
  "Endgame EPA Rank": 163
}