{
  "teamNumber": 11317,
  "teamName": "Alpha Wolfpack ",
  "wins": 0,
  "loss": 0,
  "draws": 0,
  "elo": 1500,
  "stateRank": null,
  "totalEPA": 17.593333681734407,
  "autonEPA": 6.023848097160337,
  "teleOpEPA": 11.569485584574071,
  "totalEPAOverTime": [
    14.68
  ],
  "teleOpEPAOverTime": [
    9.93
  ],
  "autonEPAOverTime": [
    4.75
  ]
}