{
    "teamNumber": 11438,
    "teamName": "SAY Play Warriors 2",
    "wins": 4,
    "loss": 6,
    "ties": 1,
    "elo": 1441.9514880126906,
    "totalEPA": 10.468107476346809,
    "autonEPA": 8.592520449177748,
    "endgameEPA": 0.1881435439840271,
    "unitlessEPA": 1428.2261682933072,
    "teleOpEPA": 1.8755870271690611,
    "totalEPAOverTime": [
        14.68780487804878,
        15.958536585365854,
        18.854358162237315,
        31.118578322403142,
        31.90176037950986,
        26.537409990986614,
        19.278288699734482,
        14.450606436770606,
        9.05033916163209,
        14.666645394094637,
        15.78133619280305,
        12.495119961686667,
        9.980242880671685,
        10.468107476346809
    ],
    "teleOpEPAOverTime": [
        5.240243902439024,
        10.286178861788617,
        11.563937479166743,
        19.43792092961217,
        20.420376193227693,
        17.331307753516086,
        12.613445962833453,
        8.85632692024739,
        5.856160654258545,
        10.83902700374449,
        11.396817184075857,
        7.871500758203039,
        2.0210532102599563,
        1.8755870271690611
    ],
    "autonEPAOverTime": [
        4.758536585365854,
        5.672357723577236,
        7.290420683070572,
        11.680657392790971,
        11.481384186282167,
        9.206102237470526,
        6.66484273690103,
        5.594279516523216,
        3.1941785073735454,
        3.8276183903501453,
        4.3845190087271915,
        4.623619203483628,
        7.959189670411729,
        8.592520449177748
    ],
    "endGameEPAOverTime": [
        4.689024390243903,
        3.9593495934959355,
        4.599834046465751,
        8.175222026215145,
        8.883361826459035,
        7.690060647573699,
        5.69379136748641,
        3.963322074531358,
        2.332509393213405,
        3.6231989286876884,
        1.416336831635207,
        -0.9136567659060006,
        -0.34981416802644527,
        0.1881435439840271
    ],
    "unitlessEPAOverTime": [
        1500,
        1518.7266712394166,
        1569.288350758581,
        1783.424323169116,
        1797.0988535658992,
        1703.436119874259,
        1576.6902708722075,
        1466.6282883385354,
        1414.5550262392735,
        1468.711491386684,
        1479.4601419929245,
        1447.7720809398013,
        1423.5218268847814,
        1428.2261682933072
    ],
    "EPA Rank": 274,
    "Auto EPA Rank": 112,
    "TeleOp EPA Rank": 351,
    "Endgame EPA Rank": 352
}