{
    "teamNumber": 11668,
    "teamName": "STEAM Works",
    "wins": 1,
    "loss": 4,
    "ties": 0,
    "elo": 1483.1318747022046,
    "totalEPA": 15.843332319996529,
    "autonEPA": 1.333497750595631,
    "endgameEPA": 5.092240127538158,
    "unitlessEPA": 1516.7151795123823,
    "teleOpEPA": 14.509834569400898,
    "totalEPAOverTime": [
        14.68780487804878,
        16.62520325203252,
        20.616144921422233,
        23.149778200516387,
        23.89932168767835,
        20.60928477969932,
        16.414112817796504,
        15.843332319996529
    ],
    "teleOpEPAOverTime": [
        5.240243902439024,
        11.786178861788617,
        17.696460056215955,
        23.72609750363886,
        25.365906145049475,
        19.920243400020166,
        15.144907049839105,
        14.509834569400898
    ],
    "autonEPAOverTime": [
        4.758536585365854,
        4.839024390243902,
        2.9196848652062797,
        -0.5763193031224735,
        -1.4665844573711273,
        0.6890413796791535,
        1.2692057679573991,
        1.333497750595631
    ],
    "endGameEPAOverTime": [
        4.689024390243903,
        5.626016260162602,
        8.693406471845263,
        11.660389393660212,
        11.074866510830663,
        8.499604670045104,
        5.568842347581659,
        5.092240127538158
    ],
    "unitlessEPAOverTime": [
        1500,
        1530.3668173780216,
        1600.0495337715388,
        1644.2873262169724,
        1657.3745198086797,
        1599.9297541932592,
        1526.6811321235684,
        1516.7151795123823
    ],
    "EPA Rank": 202,
    "Auto EPA Rank": 317,
    "TeleOp EPA Rank": 128,
    "Endgame EPA Rank": 213
}