{
  "teamNumber": 11668,
  "wins": 0,
  "loss": 0,
  "draws": 0,
  "elo": 1500,
  "stateRank": null,
  "totalEPA": 6.9570273424433475,
  "autonEPA": 1.3067581425309311,
  "teleOpEPA": 5.650269199912416,
  "totalEPAOverTime": [
    14.68,
    12.218295104780712,
    18.842039574424735,
    21.64990894460428,
    17.87421706725545,
    9.369308866979688,
    7.076537309482806
  ],
  "teleOpEPAOverTime": [
    9.93,
    10.139017103864438,
    17.312078545509085,
    21.59653710624037,
    18.72344798527197,
    8.721051915613629,
    5.840717073519608
  ],
  "autonEPAOverTime": [
    4.75,
    2.0792780009162737,
    1.5299610289156493,
    0.05337183836391368,
    -0.8492309180165214,
    0.6482569513660588,
    1.2358202359631978
  ]
}