{
  "teamNumber": 11729,
  "teamName": "Chelsea Crash",
  "wins": 4,
  "loss": 1,
  "ties": 0,
  "elo": 1500,
  "totalEPA": 28.570748034386536,
  "autonEPA": 4.086046257740856,
  "endgameEPA": 10.927744863055814,
  "unitlessEPA": 1690.0938646919403,
  "teleOpEPA": 24.48470177664568,
  "totalEPAOverTime": [
    14.68780487804878,
    18.12520325203252,
    18.804118400372136,
    21.06690674928867,
    22.197050885796184,
    26.301411960216093,
    28.570748034386536
  ],
  "teleOpEPAOverTime": [
    5.240243902439024,
    12.61951219512195,
    12.876030576564759,
    15.736867715106321,
    21.307742497178793,
    24.392512032572828,
    24.48470177664568
  ],
  "autonEPAOverTime": [
    4.758536585365854,
    5.505691056910569,
    5.928087823807378,
    5.330039034182348,
    0.8893083886173889,
    1.9088999276432643,
    4.086046257740856
  ],
  "endGameEPAOverTime": [
    4.689024390243903,
    5.626016260162602,
    6.814552614302834,
    9.987598710494465,
    11.465630604925447,
    11.400137092253601,
    10.927744863055814
  ],
  "unitlessEPAOverTime": [
    1500,
    1543.582989952277,
    1553.1055619511335,
    1584.8437917187694,
    1600.695373371201,
    1658.263795487062,
    1690.0938646919403
  ],
  "EPA Rank": 73,
  "Auto EPA Rank": 237,
  "TeleOp EPA Rank": 35,
  "Endgame EPA Rank": 8
}