{
  "wins": 0,
  "loss": 0,
  "draws": 0,
  "elo": 707.9236888884454,
  "stateRank": null,
  "totalEPA": -47.81818120003591
}