{
  "wins": 0,
  "loss": 0,
  "draws": 0,
  "elo": 1276.5341351356496,
  "stateRank": null,
  "totalEPA": -1.7607350540123754
}