{
  "wins": 0,
  "loss": 0,
  "draws": 0,
  "elo": 857.9586108785238,
  "stateRank": null,
  "totalEPA": -35.66535251883957
}