{
  "wins": 0,
  "loss": 0,
  "draws": 0,
  "elo": 1044.8595192948242,
  "stateRank": null,
  "totalEPA": -20.526378937119244
}