{
  "teamNumber": 12111,
  "teamName": "Royal Oak Robotics Fighting Bulldogs",
  "wins": 1,
  "loss": 4,
  "ties": 0,
  "elo": 1500,
  "totalEPA": 6.1953238085707705,
  "autonEPA": 6.028993572710847,
  "endgameEPA": 0.11271178478785338,
  "unitlessEPA": 1348.2588359831302,
  "teleOpEPA": 0.1663302358599239,
  "totalEPAOverTime": [
    14.68780487804878,
    14.958536585365854,
    13.262756478806978,
    7.8518030264556105,
    9.180394858098039,
    7.886068561491752,
    6.1953238085707705
  ],
  "teleOpEPAOverTime": [
    5.240243902439024,
    10.952845528455285,
    11.126616072059212,
    6.315911213671516,
    4.551125111240034,
    1.8177523207513318,
    0.1663302358599239
  ],
  "autonEPAOverTime": [
    4.758536585365854,
    4.005691056910569,
    2.136140406747765,
    1.5358918127840944,
    4.629269746858005,
    6.06831624074042,
    6.028993572710847
  ],
  "endGameEPAOverTime": [
    4.689024390243903,
    5.626016260162602,
    6.5657765006243265,
    4.605834153229282,
    2.6793289060590535,
    0.8528727625543708,
    0.11271178478785338
  ],
  "unitlessEPAOverTime": [
    1500,
    1501.266452031509,
    1471.657759642582,
    1377.181326240743,
    1400.3788308590551,
    1377.7796099937502,
    1348.2588359831302
  ],
  "EPA Rank": 328,
  "Auto EPA Rank": 171,
  "TeleOp EPA Rank": 365,
  "Endgame EPA Rank": 353
}