{
  "teamNumber": 12181,
  "wins": 0,
  "loss": 0,
  "draws": 0,
  "elo": 1500,
  "stateRank": null,
  "totalEPA": 18.889718733916006,
  "autonEPA": -1.84310076017205,
  "teleOpEPA": 20.732819494088055,
  "totalEPAOverTime": [
    14.68,
    19.954454160877408,
    11.408099883309337,
    7.619774835498491,
    4.741582431443848,
    17.04213294853693
  ],
  "teleOpEPAOverTime": [
    9.93,
    19.635680338431015,
    11.934152082008275,
    9.091579949368734,
    7.825265008245411,
    19.08709145418412
  ],
  "autonEPAOverTime": [
    4.75,
    0.31877382244639274,
    -0.5260521986989373,
    -1.4718051138702433,
    -3.083682576801563,
    -2.044958505647188
  ]
}