{
  "teamNumber": 12327,
  "teamName": "Blue Devils Tech Team",
  "wins": 6,
  "loss": 6,
  "ties": 0,
  "elo": 1500,
  "totalEPA": 33.41379602870787,
  "autonEPA": 13.449391941225459,
  "endgameEPA": 9.518693400214802,
  "unitlessEPA": 1691.072047396571,
  "teleOpEPA": 19.964404087482414,
  "totalEPAOverTime": [
    14.68780487804878,
    15.291869918699186,
    15.76962586926316,
    14.763140795239897,
    14.187600416542006,
    13.311393957407299,
    13.085476475519364,
    13.085476475519364,
    16.62326291659134,
    24.82591638063966,
    28.5971923097253,
    32.47785993573458,
    32.135624227940525,
    33.68884711469864,
    33.41379602870787,
    33.41379602870787
  ],
  "teleOpEPAOverTime": [
    5.240243902439024,
    12.119512195121949,
    15.740945836408644,
    13.50339227308772,
    10.184250054361865,
    9.572737208856136,
    9.756929738769356,
    9.756929738769356,
    10.97589673352731,
    14.505750842507926,
    17.5878952457291,
    22.989557237390045,
    22.908137442910224,
    20.726917355354217,
    19.964404087482414,
    19.964404087482414
  ],
  "autonEPAOverTime": [
    4.758536585365854,
    3.172357723577236,
    0.028680032854516258,
    1.259748522152177,
    4.003350362180141,
    3.738656748551163,
    3.328546736750008,
    3.328546736750008,
    5.6473661830640305,
    10.320165538131736,
    11.0092970639962,
    9.488302698344533,
    9.227486785030301,
    12.961929759344422,
    13.449391941225459,
    13.449391941225459
  ],
  "endGameEPAOverTime": [
    4.689024390243903,
    5.626016260162602,
    6.335016373672585,
    5.624797435880806,
    5.36893155786567,
    6.9203700862220145,
    7.3695830442301595,
    7.3695830442301595,
    7.859815138484483,
    8.550585382426842,
    8.84394554247798,
    9.70479581112529,
    9.089238055728824,
    9.555518599317441,
    9.518693400214802,
    9.518693400214802
  ],
  "unitlessEPAOverTime": [
    1500,
    1500.270485437279,
    1507.8389741338722,
    1491.8944926532276,
    1482.7769278265291,
    1468.896287147926,
    1465.3173596515478,
    1467.943198242747,
    1506.2277132644979,
    1602.7597399751728,
    1647.141586692875,
    1692.810797585553,
    1688.7832342329234,
    1707.0621672451887,
    1703.825258737956,
    1691.072047396571
  ],
  "EPA Rank": 50,
  "Auto EPA Rank": 41,
  "TeleOp EPA Rank": 65,
  "Endgame EPA Rank": 28
}