{
  "wins": 0,
  "loss": 0,
  "draws": 0,
  "elo": 1664.5285137722076,
  "stateRank": null,
  "totalEPA": 29.666809615548814
}