{
  "teamNumber": 12459,
  "teamName": "Gibraltar Jedi",
  "wins": 5,
  "loss": 3,
  "ties": 0,
  "elo": 1500,
  "totalEPA": 10.661652835904583,
  "autonEPA": 3.2021661562762596,
  "endgameEPA": 4.4123895841149725,
  "unitlessEPA": 1442.1909019759173,
  "teleOpEPA": 7.4594866796283235,
  "totalEPAOverTime": [
    14.68780487804878,
    11.62520325203252,
    8.515221304075235,
    8.875230067864129,
    6.721924069174803,
    9.076807298680464,
    10.661652835904583,
    10.661652835904583,
    10.661652835904583,
    10.661652835904583
  ],
  "teleOpEPAOverTime": [
    5.240243902439024,
    7.619512195121951,
    5.190050993403977,
    5.024990876383692,
    2.5704695029994804,
    5.6495873256690725,
    7.4594866796283235,
    7.4594866796283235,
    7.4594866796283235,
    7.4594866796283235
  ],
  "autonEPAOverTime": [
    4.758536585365854,
    4.005691056910569,
    3.325170310671257,
    3.8502391914804375,
    4.151454566175323,
    3.427219973011392,
    3.2021661562762596,
    3.2021661562762596,
    3.2021661562762596,
    3.2021661562762596
  ],
  "endGameEPAOverTime": [
    4.689024390243903,
    3.126016260162602,
    1.3465035184824559,
    1.8377553091319796,
    1.1743010409886259,
    3.4402961768369567,
    4.4123895841149725,
    4.4123895841149725,
    4.4123895841149725,
    4.4123895841149725
  ],
  "unitlessEPAOverTime": [
    1500,
    1445.4846503957733,
    1397.6540956351746,
    1403.190918413844,
    1370.0737421053818,
    1406.291113507704,
    1430.6655447821615,
    1442.1909019759173,
    1442.1909019759173,
    1442.1909019759173
  ],
  "EPA Rank": 272,
  "Auto EPA Rank": 261,
  "TeleOp EPA Rank": 256,
  "Endgame EPA Rank": 247
}