{
  "wins": 0,
  "loss": 0,
  "draws": 0,
  "elo": 1537.901482689151,
  "stateRank": null,
  "totalEPA": 19.410020097821228
}