{
  "wins": 0,
  "loss": 0,
  "draws": 0,
  "elo": 1310.164370460306,
  "stateRank": null,
  "totalEPA": 0.9633140072847794
}