{
  "teamNumber": 12467,
  "wins": 0,
  "loss": 0,
  "draws": 0,
  "elo": 1500,
  "stateRank": null,
  "totalEPA": 7.202888271842199,
  "autonEPA": -0.16863908963529306,
  "teleOpEPA": 7.371527361477492,
  "totalEPAOverTime": [
    14.68,
    4.156146075702178,
    3.951720851347724,
    4.175487864436437,
    6.710391347673228,
    6.673683259013258
  ],
  "teleOpEPAOverTime": [
    9.93,
    4.321052417276428,
    4.1816537451068205,
    4.323560160990217,
    6.064533473016382,
    6.576246963638252
  ],
  "autonEPAOverTime": [
    4.75,
    -0.1649063415742501,
    -0.2299328937590967,
    -0.14807229655378096,
    0.6458578746568466,
    0.0974362953750059
  ]
}