{
  "wins": 0,
  "loss": 0,
  "draws": 0,
  "elo": 1340.2303709695652,
  "stateRank": null,
  "totalEPA": 3.3986600485347847
}