{
  "wins": 0,
  "loss": 0,
  "draws": 0,
  "elo": 988.9661042931115,
  "stateRank": null,
  "totalEPA": -25.05374555225797
}