{
  "wins": 0,
  "loss": 0,
  "draws": 0,
  "elo": 619.5689523206145,
  "stateRank": null,
  "totalEPA": -54.97491486203022
}