{
  "teamNumber": 12811,
  "teamName": "Worldwide Robotics Engineers",
  "wins": 1,
  "loss": 4,
  "ties": 0,
  "elo": 1500,
  "totalEPA": 8.554968749323322,
  "autonEPA": 4.952042916922569,
  "endgameEPA": 3.956220360943512,
  "unitlessEPA": 1411.2768791864837,
  "teleOpEPA": 3.6029258324007536,
  "totalEPAOverTime": [
    14.68780487804878,
    16.62520325203252,
    22.18106080089395,
    20.072935510524857,
    15.275544376760484,
    12.97643068672555,
    8.554968749323322
  ],
  "teleOpEPAOverTime": [
    5.240243902439024,
    10.952845528455285,
    14.270449199089917,
    14.023036589155506,
    9.544735125140168,
    7.0096662177312945,
    3.6029258324007536
  ],
  "autonEPAOverTime": [
    4.758536585365854,
    5.672357723577236,
    7.910611601804033,
    6.04989892136935,
    5.7308092516203155,
    5.966764468994255,
    4.952042916922569
  ],
  "endGameEPAOverTime": [
    4.689024390243903,
    5.626016260162602,
    7.263884727445692,
    6.07797305582182,
    6.518601821412176,
    5.989539579081313,
    3.956220360943512
  ],
  "unitlessEPAOverTime": [
    1500,
    1506.2505478891053,
    1571.6340474673873,
    1546.8248064417494,
    1490.3672355964318,
    1463.3103685582141,
    1411.2768791864837
  ],
  "EPA Rank": 302,
  "Auto EPA Rank": 197,
  "TeleOp EPA Rank": 332,
  "Endgame EPA Rank": 264
}