{
  "teamNumber": 12912,
  "teamName": "Robo Kids",
  "wins": 7,
  "loss": 3,
  "ties": 0,
  "elo": 1500,
  "totalEPA": 43.51753241137158,
  "autonEPA": 18.54649471197436,
  "endgameEPA": 7.670633090600399,
  "unitlessEPA": 1721.4690531060985,
  "teleOpEPA": 24.971037699397222,
  "totalEPAOverTime": [
    14.68780487804878,
    18.40092200082847,
    26.07389242209252,
    36.650238162421495,
    43.31749907044816,
    44.370107302022504,
    43.59587589939482,
    43.51753241137158,
    43.51753241137158,
    43.51753241137158,
    43.51753241137158,
    43.51753241137158
  ],
  "teleOpEPAOverTime": [
    5.240243902439024,
    12.83741509016616,
    17.9317949971502,
    22.747776259276385,
    25.419789352536768,
    27.83675816816446,
    25.236597672668314,
    24.971037699397222,
    24.971037699397222,
    24.971037699397222,
    24.971037699397222,
    24.971037699397222
  ],
  "autonEPAOverTime": [
    4.758536585365854,
    5.5635069106623085,
    8.142097424942321,
    13.902461903145111,
    17.89770971791139,
    16.533349133858042,
    18.359278226726506,
    18.54649471197436,
    18.54649471197436,
    18.54649471197436,
    18.54649471197436,
    18.54649471197436
  ],
  "endGameEPAOverTime": [
    4.689024390243903,
    4.916826565733675,
    5.474915286331594,
    7.111701246465768,
    7.328396636082775,
    7.425479533987861,
    7.523397042003932,
    7.670633090600399,
    7.670633090600399,
    7.670633090600399,
    7.670633090600399,
    7.670633090600399
  ],
  "unitlessEPAOverTime": [
    1500,
    1499.7548206862593,
    1571.5118334223844,
    1670.4209825945536,
    1732.772679476701,
    1742.6165884366403,
    1735.376037571867,
    1734.6433754658988,
    1721.4690531060985,
    1721.4690531060985,
    1721.4690531060985,
    1721.4690531060985
  ],
  "EPA Rank": 16,
  "Auto EPA Rank": 13,
  "TeleOp EPA Rank": 32,
  "Endgame EPA Rank": 92
}