{
  "wins": 0,
  "loss": 0,
  "draws": 0,
  "elo": 1794.7150305658583,
  "stateRank": null,
  "totalEPA": 40.211917475834525
}