{
  "teamNumber": 13118,
  "teamName": "IntelliGIMS Robotics",
  "wins": 0,
  "loss": 0,
  "draws": 0,
  "elo": 1500,
  "stateRank": null,
  "totalEPA": 23.070178799087028,
  "autonEPA": 6.1049876153380325,
  "teleOpEPA": 16.965191183748995,
  "totalEPAOverTime": [
    14.68
  ],
  "teleOpEPAOverTime": [
    9.93
  ],
  "autonEPAOverTime": [
    4.75
  ]
}