{
  "teamNumber": 13419,
  "wins": 0,
  "loss": 0,
  "draws": 0,
  "elo": 1500,
  "stateRank": null,
  "totalEPA": 23.527807501111145,
  "autonEPA": 4.611920924221087,
  "teleOpEPA": 18.91588657689006,
  "totalEPAOverTime": [
    14.68,
    23.59478478630703,
    28.032993953867148,
    29.125762270924646,
    27.18427663678663,
    24.97817355933306
  ],
  "teleOpEPAOverTime": [
    9.93,
    18.796917031766895,
    23.120298125356722,
    23.047335754323022,
    20.051388739379284,
    19.689146236743454
  ],
  "autonEPAOverTime": [
    4.75,
    4.797867754540135,
    4.912695828510426,
    6.078426516601626,
    7.132887897407347,
    5.289027322589607
  ]
}