{
    "teamNumber": 13419,
    "teamName": "SWATT",
    "wins": 6,
    "loss": 3,
    "ties": 0,
    "elo": 1545.654835881677,
    "totalEPA": 24.336071896571774,
    "autonEPA": 4.607019976342119,
    "endgameEPA": 8.085571790222367,
    "unitlessEPA": 1561.9510580524145,
    "teleOpEPA": 19.729051920229654,
    "totalEPAOverTime": [
        14.68780487804878,
        17.791869918699188,
        24.65232018399197,
        25.299102325075328,
        24.7534283224149,
        25.09558880802319,
        24.336071896571774,
        24.336071896571774,
        24.336071896571774,
        24.336071896571774,
        24.336071896571774
    ],
    "teleOpEPAOverTime": [
        5.240243902439024,
        12.619512195121953,
        19.599850197704434,
        19.81126967688021,
        18.046564013999745,
        19.83447775044161,
        19.729051920229654,
        19.729051920229654,
        19.729051920229654,
        19.729051920229654,
        19.729051920229654
    ],
    "autonEPAOverTime": [
        4.758536585365854,
        5.172357723577236,
        5.052469986287539,
        5.487832648195116,
        6.706864308415156,
        5.261111057581579,
        4.607019976342119,
        4.607019976342119,
        4.607019976342119,
        4.607019976342119,
        4.607019976342119
    ],
    "endGameEPAOverTime": [
        4.689024390243903,
        5.626016260162602,
        8.28141418981032,
        9.700909998873565,
        9.146978551301235,
        8.495812271643809,
        8.085571790222367,
        8.085571790222367,
        8.085571790222367,
        8.085571790222367,
        8.085571790222367
    ],
    "unitlessEPAOverTime": [
        1500,
        1498.3757552502111,
        1565.5625380919753,
        1571.8967012414028,
        1566.5527253649773,
        1569.9036223694927,
        1562.4654082842608,
        1561.9510580524145,
        1561.9510580524145,
        1561.9510580524145,
        1561.9510580524145
    ],
    "EPA Rank": 102,
    "Auto EPA Rank": 211,
    "TeleOp EPA Rank": 66,
    "Endgame EPA Rank": 77
}