{
  "wins": 0,
  "loss": 0,
  "draws": 0,
  "elo": 290.7207074169351,
  "stateRank": null,
  "totalEPA": -81.61162269922825
}