{
  "wins": 0,
  "loss": 0,
  "draws": 0,
  "elo": 399.20826581248025,
  "stateRank": null,
  "totalEPA": -72.82413046918909
}