{
  "teamNumber": 13547,
  "teamName": "E=mc2 Eagles",
  "wins": 0,
  "loss": 0,
  "draws": 0,
  "elo": 1500,
  "stateRank": null,
  "totalEPA": 9.312650115473886,
  "autonEPA": 3.0770118338816985,
  "teleOpEPA": 6.235638281592188,
  "totalEPAOverTime": [
    14.68
  ],
  "teleOpEPAOverTime": [
    9.93
  ],
  "autonEPAOverTime": [
    4.75
  ]
}