{
    "teamNumber": 13550,
    "teamName": "Code Red Robotics - M.E.D.I.C.S.",
    "wins": 2,
    "loss": 3,
    "ties": 0,
    "elo": 1540.3928098682686,
    "totalEPA": 23.606274225893827,
    "autonEPA": 7.472077089905632,
    "endgameEPA": 4.215856328488215,
    "unitlessEPA": 1637.26717694043,
    "teleOpEPA": 16.134197135988195,
    "totalEPAOverTime": [
        14.68780487804878,
        16.458536585365852,
        20.1242776926399,
        17.683615956376432,
        22.82341929805923,
        23.874154974356212,
        23.606274225893827
    ],
    "teleOpEPAOverTime": [
        5.240243902439024,
        9.952845528455283,
        8.782472438858607,
        6.35845348223264,
        13.055267167096197,
        15.896262602822137,
        16.134197135988195
    ],
    "autonEPAOverTime": [
        4.758536585365854,
        6.505691056910569,
        11.341805253781294,
        11.325162474143792,
        9.768152130963031,
        7.977892371534075,
        7.472077089905632
    ],
    "endGameEPAOverTime": [
        4.689024390243903,
        3.9593495934959355,
        0.34997657591723474,
        -2.4312888344262666,
        0.07180100995400274,
        3.2812924901212828,
        4.215856328488215
    ],
    "unitlessEPAOverTime": [
        1500,
        1529.550312048873,
        1584.7932657550612,
        1548.0123367796566,
        1625.4695029445195,
        1641.3041570088594,
        1637.26717694043
    ],
    "EPA Rank": 113,
    "Auto EPA Rank": 136,
    "TeleOp EPA Rank": 109,
    "Endgame EPA Rank": 257
}