{
  "teamNumber": 13643,
  "wins": 0,
  "loss": 0,
  "draws": 0,
  "elo": 1500,
  "stateRank": null,
  "totalEPA": 22.43936538046029,
  "autonEPA": 11.15545661089796,
  "teleOpEPA": 11.28390876956233,
  "totalEPAOverTime": [
    14.68,
    21.85457082396232,
    17.491444263176387,
    20.49533491838234,
    29.527254194253736,
    26.3961845543843
  ],
  "teleOpEPAOverTime": [
    9.93,
    10.517710555961207,
    5.561630816339477,
    11.751004701215601,
    19.341435825831535,
    14.679514985694208
  ],
  "autonEPAOverTime": [
    4.75,
    11.336860268001113,
    11.92981344683691,
    8.74433021716674,
    10.1858183684222,
    11.71666956869009
  ]
}