{
  "teamNumber": 13818,
  "teamName": "Gotta Go Fast",
  "wins": 0,
  "loss": 0,
  "draws": 0,
  "elo": 1500,
  "stateRank": null,
  "totalEPA": 12.753770576131688,
  "autonEPA": 2.246784979423868,
  "teleOpEPA": 10.50698559670782,
  "totalEPAOverTime": [
    14.68
  ],
  "teleOpEPAOverTime": [
    9.93
  ],
  "autonEPAOverTime": [
    4.75
  ]
}