{
  "teamNumber": 13885,
  "wins": 0,
  "loss": 0,
  "draws": 0,
  "elo": 1500,
  "stateRank": null,
  "totalEPA": 11.5462749010442,
  "autonEPA": 0.33879953435770993,
  "teleOpEPA": 11.20747536668649,
  "totalEPAOverTime": [
    14.68,
    17.55126260790265,
    19.851284627019393,
    13.57255016668141,
    1.3736239613409127,
    8.141238355160109
  ],
  "teleOpEPAOverTime": [
    9.93,
    13.671423965654792,
    17.693060361486097,
    13.48177675443964,
    3.9169412986784273,
    7.691725474607675
  ],
  "autonEPAOverTime": [
    4.75,
    3.8798386422478575,
    2.158224265533295,
    0.09077341224177049,
    -2.5433173373375144,
    0.44951288055243377
  ]
}