{
  "wins": 0,
  "loss": 0,
  "draws": 0,
  "elo": 417.31538185880356,
  "stateRank": null,
  "totalEPA": -71.35745406943691
}