{
    "teamNumber": 13998,
    "teamName": "GFU-PantherBots",
    "wins": 1,
    "loss": 4,
    "ties": 0,
    "elo": 1380.9865157267568,
    "totalEPA": 2.7140030080086786,
    "autonEPA": -0.9814296548656332,
    "endgameEPA": 1.0069540088950941,
    "unitlessEPA": 1301.015105303465,
    "teleOpEPA": 3.6954326628743117,
    "totalEPAOverTime": [
        14.68780487804878,
        11.62520325203252,
        9.50332322184676,
        14.311769843051074,
        13.47918682015499,
        5.5437250978004915,
        2.7140030080086786
    ],
    "teleOpEPAOverTime": [
        5.240243902439024,
        7.619512195121951,
        5.999664871134309,
        9.545988466749451,
        9.444565443979208,
        5.1364302981134795,
        3.6954326628743117
    ],
    "autonEPAOverTime": [
        4.758536585365854,
        4.005691056910569,
        3.503658350712451,
        4.765781376301623,
        4.034621376175782,
        0.4072947996870122,
        -0.9814296548656332
    ],
    "endGameEPAOverTime": [
        4.689024390243903,
        3.9593495934959355,
        3.501793673629466,
        4.087715655659285,
        3.7811376241438492,
        1.9684635388759602,
        1.0069540088950941
    ],
    "unitlessEPAOverTime": [
        1500,
        1442.184081305456,
        1408.5697955911066,
        1484.7439884144444,
        1471.5544191577435,
        1345.842845545754,
        1301.015105303465
    ],
    "EPA Rank": 355,
    "Auto EPA Rank": 352,
    "TeleOp EPA Rank": 327,
    "Endgame EPA Rank": 332
}