{
  "wins": 0,
  "loss": 0,
  "draws": 0,
  "elo": 384.3434669989021,
  "stateRank": null,
  "totalEPA": -74.02817917308893
}