{
  "teamNumber": 14018,
  "teamName": "Middle Mountie Megabots (Red Team)",
  "wins": 3,
  "loss": 5,
  "ties": 0,
  "elo": 1500,
  "totalEPA": 23.37810700482388,
  "autonEPA": 4.840691117450163,
  "endgameEPA": 8.048838304004931,
  "unitlessEPA": 1648.2739971916608,
  "teleOpEPA": 18.53741588737372,
  "totalEPAOverTime": [
    14.68780487804878,
    15.791869918699186,
    20.48559689369184,
    22.51276579498844,
    23.820694425047687,
    24.52797255170616,
    23.37810700482388,
    23.37810700482388,
    23.37810700482388,
    23.37810700482388
  ],
  "teleOpEPAOverTime": [
    5.240243902439024,
    10.952845528455285,
    15.062879196235947,
    17.231537946726714,
    18.251005820765158,
    18.599731740671913,
    18.53741588737372,
    18.53741588737372,
    18.53741588737372,
    18.53741588737372
  ],
  "autonEPAOverTime": [
    4.758536585365854,
    4.839024390243902,
    5.422717697455895,
    5.281227848261725,
    5.569688604282529,
    5.928240811034248,
    4.840691117450163,
    4.840691117450163,
    4.840691117450163,
    4.840691117450163
  ],
  "endGameEPAOverTime": [
    4.689024390243903,
    5.626016260162602,
    7.3811801195286755,
    7.7267758350780875,
    7.043531478913452,
    7.455618330647541,
    8.048838304004931,
    8.048838304004931,
    8.048838304004931,
    8.048838304004931
  ],
  "unitlessEPAOverTime": [
    1500,
    1470.365433249761,
    1512.875214011519,
    1531.234719372673,
    1543.0802654839126,
    1549.4858869148193,
    1539.0718742200268,
    1648.2739971916608,
    1648.2739971916608,
    1648.2739971916608
  ],
  "EPA Rank": 116,
  "Auto EPA Rank": 202,
  "TeleOp EPA Rank": 80,
  "Endgame EPA Rank": 78
}