{
  "wins": 0,
  "loss": 0,
  "draws": 0,
  "elo": 1045.2865227829857,
  "stateRank": null,
  "totalEPA": -20.491791654578154
}