{
  "wins": 0,
  "loss": 0,
  "draws": 0,
  "elo": 331.4049270111839,
  "stateRank": null,
  "totalEPA": -78.31620091209409
}