{
  "wins": 0,
  "loss": 0,
  "draws": 0,
  "elo": 1327.2101109549194,
  "stateRank": null,
  "totalEPA": 2.3440189873484734
}