{
    "teamNumber": 14158,
    "teamName": "Wilson \"Ultimate Warriors\"",
    "wins": 1,
    "loss": 4,
    "ties": 0,
    "elo": 1426.5467902284577,
    "totalEPA": 8.491134089600807,
    "autonEPA": -3.885617709657008,
    "endgameEPA": 6.291989114191653,
    "unitlessEPA": 1408.9776085224298,
    "teleOpEPA": 12.376751799257816,
    "totalEPAOverTime": [
        14.68780487804878,
        10.517758710684713,
        1.6728121472875364,
        1.738936002066973,
        7.168342810481123,
        9.014576790168533,
        8.491134089600807
    ],
    "teleOpEPAOverTime": [
        5.240243902439024,
        7.787904997627449,
        3.272620045554741,
        4.650130849530169,
        9.13687607555751,
        11.901519271238564,
        12.376751799257816
    ],
    "autonEPAOverTime": [
        4.758536585365854,
        2.729853713057264,
        -1.5998078982672048,
        -2.9111948474631957,
        -1.9685332650763858,
        -2.8869424810700313,
        -3.885617709657008
    ],
    "endGameEPAOverTime": [
        4.689024390243903,
        4.03815696330288,
        2.3110549997438046,
        2.253495165101312,
        4.148749981352826,
        5.943909958150575,
        6.291989114191653
    ],
    "unitlessEPAOverTime": [
        1500,
        1435.916038028025,
        1318.3466731836372,
        1319.2256089184955,
        1391.394717614826,
        1415.9353470906706,
        1408.9776085224298
    ],
    "EPA Rank": 304,
    "Auto EPA Rank": 373,
    "TeleOp EPA Rank": 174,
    "Endgame EPA Rank": 165
}