{
  "teamNumber": 14379,
  "wins": 0,
  "loss": 0,
  "draws": 0,
  "elo": 1500,
  "stateRank": null,
  "totalEPA": 1.7940645536957966,
  "autonEPA": 1.3409782264339718,
  "teleOpEPA": 0.45308632726182485,
  "totalEPAOverTime": [
    14.68,
    0.055396290178806984,
    -0.7391845859272862,
    -2.3509391332797818,
    -1.8554837320688218,
    1.0935770451891234
  ],
  "teleOpEPAOverTime": [
    9.93,
    -0.5255436551858411,
    -0.9409579972725586,
    -2.8851811877174174,
    -3.2159021260234457,
    -0.662112818020312
  ],
  "autonEPAOverTime": [
    4.75,
    0.5809399453646481,
    0.20177341134527244,
    0.5342420544376357,
    1.360418393954624,
    1.7556898632094353
  ]
}