{
  "wins": 0,
  "loss": 0,
  "draws": 0,
  "elo": 1951.4071576067722,
  "stateRank": null,
  "totalEPA": 52.90397976614855
}