{
    "teamNumber": 14465,
    "teamName": "Sir Lancer Bot",
    "wins": 11,
    "loss": 7,
    "ties": 0,
    "elo": 1537.1512949523292,
    "totalEPA": 23.157890237737597,
    "autonEPA": 9.638303053421007,
    "endgameEPA": 6.108598476602446,
    "unitlessEPA": 1550.5901828965748,
    "teleOpEPA": 13.51958718431659,
    "totalEPAOverTime": [
        14.68780487804878,
        12.791869918699186,
        8.342875305296262,
        3.840588632070274,
        8.295105661667254,
        13.790682787154706,
        14.75522410543372,
        14.75522410543372,
        14.75522410543372,
        15.014719274853304,
        14.473202057792427,
        13.976974913499753,
        14.341239880296982,
        10.388222460331646,
        9.563536242053805,
        13.111814250346072,
        21.24495961814044,
        20.831156129051454,
        18.04220063373754,
        17.740651290522315,
        22.55157797924372,
        23.157890237737597
    ],
    "teleOpEPAOverTime": [
        5.240243902439024,
        8.786178861788617,
        5.971447689785539,
        3.956279624717531,
        5.854870717409083,
        8.879441442995013,
        9.606445807003087,
        9.606445807003087,
        9.606445807003087,
        8.183826790388752,
        4.346621659878446,
        3.464572382600748,
        3.6529952542569077,
        2.270321115963103,
        2.042405821739745,
        5.45363617552959,
        12.24008614191535,
        12.471129372307908,
        10.375793659132805,
        7.627222130060364,
        11.959815862758349,
        13.51958718431659
    ],
    "autonEPAOverTime": [
        4.758536585365854,
        4.005691056910569,
        2.371427615510723,
        -0.11569099264725724,
        2.44023494425817,
        4.911241344159692,
        5.148778298430634,
        5.148778298430634,
        5.148778298430634,
        6.830892484464552,
        10.126580397913981,
        10.512402530899005,
        10.688244626040074,
        8.117901344368542,
        7.52113042031406,
        7.658178074816481,
        9.004873476225091,
        8.360026756743546,
        7.666406974604735,
        10.113429160461951,
        10.591762116485372,
        9.638303053421007
    ],
    "endGameEPAOverTime": [
        4.689024390243903,
        3.9593495934959355,
        2.375384756933989,
        1.2851396776348003,
        2.339586180575454,
        3.302589162564216,
        3.4892098689233206,
        3.4892098689233206,
        3.4892098689233206,
        2.959504159062117,
        1.4145199555292103,
        1.04090159079013,
        0.880318097996248,
        0.42438635194016106,
        0.16727585596222005,
        0.7538363824294212,
        2.949040036674849,
        5.078979102912386,
        5.620850238920475,
        5.2545688608412044,
        5.965119295143726,
        6.108598476602446
    ],
    "unitlessEPAOverTime": [
        1500,
        1460.6661189837632,
        1390.1862737761928,
        1318.862189262104,
        1389.4295191875378,
        1476.4890593280832,
        1491.7690784595547,
        1493.623397287457,
        1493.623397287457,
        1487.2977440209957,
        1480.9249581059591,
        1475.085163439834,
        1479.371975708419,
        1432.8513242089557,
        1423.1460949926245,
        1453.7186909300735,
        1532.144329671758,
        1528.1541387335942,
        1501.2610234318274,
        1498.3532677254761,
        1544.7436839101451,
        1550.5901828965748
    ],
    "EPA Rank": 120,
    "Auto EPA Rank": 92,
    "TeleOp EPA Rank": 155,
    "Endgame EPA Rank": 170
}