{
  "teamNumber": 14486,
  "teamName": "ASTEROIDS",
  "wins": 3,
  "loss": 5,
  "ties": 0,
  "elo": 1500,
  "totalEPA": 34.98799944339589,
  "autonEPA": 11.803789118128874,
  "endgameEPA": 11.960691026358969,
  "unitlessEPA": 1688.7796586202653,
  "teleOpEPA": 23.184210325267017,
  "totalEPAOverTime": [
    14.68780487804878,
    16.97825082434638,
    27.240936954074204,
    32.03151796671177,
    31.112788289940372,
    32.08793847521279,
    34.98799944339589,
    34.98799944339589,
    34.98799944339589,
    34.98799944339589
  ],
  "teleOpEPAOverTime": [
    5.240243902439024,
    10.902728428518854,
    16.586058385086435,
    20.93218714430599,
    20.943028445887727,
    21.53160359840994,
    23.184210325267017,
    23.184210325267017,
    23.184210325267017,
    23.184210325267017
  ],
  "autonEPAOverTime": [
    4.758536585365854,
    6.075522395827525,
    10.654878568987769,
    11.09933082240578,
    10.169759844052646,
    10.556334876802847,
    11.803789118128874,
    11.803789118128874,
    11.803789118128874,
    11.803789118128874
  ],
  "endGameEPAOverTime": [
    4.689024390243903,
    5.969500578064766,
    10.440342628113564,
    11.824289157956175,
    11.187895614308756,
    11.561600706452584,
    11.960691026358969,
    11.960691026358969,
    11.960691026358969,
    11.960691026358969
  ],
  "unitlessEPAOverTime": [
    1500,
    1505.9761602931685,
    1621.5537678277008,
    1675.504934719296,
    1665.158269463245,
    1676.1403382877186,
    1708.8006091144725,
    1688.7796586202653,
    1688.7796586202653,
    1688.7796586202653
  ],
  "EPA Rank": 39,
  "Auto EPA Rank": 58,
  "TeleOp EPA Rank": 41,
  "Endgame EPA Rank": 3
}