{
  "teamNumber": 14486,
  "wins": 0,
  "loss": 0,
  "draws": 0,
  "elo": 1500,
  "stateRank": null,
  "totalEPA": 32.4355008511193,
  "autonEPA": 11.839032036233334,
  "teleOpEPA": 20.596468814885966,
  "totalEPAOverTime": [
    14.68,
    24.795711815662433,
    26.139442803939918,
    28.50480757817807,
    29.227956587237067,
    29.764746988221354
  ],
  "teleOpEPAOverTime": [
    9.93,
    15.811272957391392,
    15.532298538553365,
    18.661394381312167,
    19.171021560189214,
    19.13985264858067
  ],
  "autonEPAOverTime": [
    4.75,
    8.98443885827104,
    10.607144265386554,
    9.843413196865903,
    10.056935027047853,
    10.624894339640681
  ]
}