{
  "wins": 0,
  "loss": 0,
  "draws": 0,
  "elo": 1735.946566388594,
  "stateRank": null,
  "totalEPA": 35.451671877476116
}