{
  "wins": 0,
  "loss": 0,
  "draws": 0,
  "elo": 929.9521016415935,
  "stateRank": null,
  "totalEPA": -29.833879767030925
}