{
  "teamNumber": 14638,
  "wins": 0,
  "loss": 0,
  "draws": 0,
  "elo": 1500,
  "stateRank": null,
  "totalEPA": 34.904829298369194,
  "autonEPA": 13.449044417396712,
  "teleOpEPA": 21.45578488097248,
  "totalEPAOverTime": [
    14.68,
    31.822359456459402,
    24.778697782191706,
    21.871194493193812,
    26.033677259666785,
    28.075583661925887,
    32.99255714980022,
    32.32883239496793,
    31.067603905310616,
    28.30491100707955,
    25.813423881277107,
    32.68871721848345
  ],
  "teleOpEPAOverTime": [
    9.93,
    17.190625632144272,
    10.186734459281825,
    8.208480669194287,
    11.818985349122695,
    14.49178012585539,
    17.10230826539005,
    15.986396894259325,
    12.144429539985925,
    11.612164023762254,
    15.997882109365724,
    20.85915146978497
  ],
  "autonEPAOverTime": [
    4.75,
    14.63173382431513,
    14.591963322909882,
    13.662713823999525,
    14.21469191054409,
    13.583803536070496,
    15.89024888441017,
    16.342435500708607,
    18.92317436532469,
    16.692746983317296,
    9.815541771911382,
    11.82956574869848
  ]
}