{
  "teamNumber": 14638,
  "teamName": "Infinity & Beyond",
  "wins": 0,
  "loss": 0,
  "draws": 0,
  "elo": 1500,
  "stateRank": null,
  "totalEPA": 34.718976893761685,
  "autonEPA": 13.757928871262818,
  "teleOpEPA": 20.961048022498865,
  "totalEPAOverTime": [
    14.68
  ],
  "teleOpEPAOverTime": [
    9.93
  ],
  "autonEPAOverTime": [
    4.75
  ]
}