{
  "teamNumber": 14695,
  "teamName": "CougarBOTs",
  "wins": 0,
  "loss": 0,
  "draws": 0,
  "elo": 1500,
  "stateRank": null,
  "totalEPA": 16.14522205075446,
  "autonEPA": 6.309874399862825,
  "teleOpEPA": 9.835347650891634,
  "totalEPAOverTime": [
    14.68
  ],
  "teleOpEPAOverTime": [
    9.93
  ],
  "autonEPAOverTime": [
    4.75
  ]
}