{
  "teamNumber": 14739,
  "teamName": "Metal Benders",
  "wins": 0,
  "loss": 0,
  "draws": 0,
  "elo": 1500,
  "stateRank": null,
  "totalEPA": 21.641409740595915,
  "autonEPA": 11.437976628189652,
  "teleOpEPA": 10.203433112406262,
  "totalEPAOverTime": [
    14.68
  ],
  "teleOpEPAOverTime": [
    9.93
  ],
  "autonEPAOverTime": [
    4.75
  ]
}