{
  "teamNumber": 14744,
  "wins": 0,
  "loss": 0,
  "draws": 0,
  "elo": 1500,
  "stateRank": null,
  "totalEPA": 13.788474441387946,
  "autonEPA": 1.7325740000748588,
  "teleOpEPA": 12.055900441313087,
  "totalEPAOverTime": [
    14.68,
    15.235839548682891,
    27.79296265517864,
    29.91621283250524,
    29.955620949344816,
    24.327855116079014,
    15.05502394146702
  ],
  "teleOpEPAOverTime": [
    9.93,
    13.905678688231133,
    24.57673888699687,
    24.197368288866787,
    23.505353514172405,
    19.863413923290494,
    12.947359638644311
  ],
  "autonEPAOverTime": [
    4.75,
    1.3301608604517596,
    3.2162237681817705,
    5.718844543638455,
    6.450267435172411,
    4.464441192788522,
    2.107664302822709
  ]
}