{
    "teamNumber": 14744,
    "teamName": "UYA YO",
    "wins": 1,
    "loss": 4,
    "ties": 0,
    "elo": 1425.1961577957409,
    "totalEPA": 8.3184889106399,
    "autonEPA": 1.7324294783379048,
    "endgameEPA": 4.027051396642699,
    "unitlessEPA": 1405.5996300757788,
    "teleOpEPA": 6.586059432301995,
    "totalEPAOverTime": [
        14.68780487804878,
        10.791869918699188,
        6.477861892242774,
        14.992176923401821,
        18.77352131895674,
        15.734330791108132,
        9.273318900593765,
        8.3184889106399
    ],
    "teleOpEPAOverTime": [
        5.240243902439024,
        7.619512195121952,
        3.6168590764348747,
        8.792152495396454,
        12.081997241685666,
        11.244687453282959,
        7.164819073227633,
        6.586059432301995
    ],
    "autonEPAOverTime": [
        4.758536585365854,
        3.172357723577236,
        2.861002815807899,
        6.200024428005368,
        6.691524077271073,
        4.489643337825173,
        2.1084998273661313,
        1.7324294783379048
    ],
    "endGameEPAOverTime": [
        4.689024390243903,
        3.9593495934959355,
        4.197651199101951,
        7.525852718942067,
        7.5084073199230605,
        6.405619503518354,
        4.437279677307575,
        4.027051396642699
    ],
    "unitlessEPAOverTime": [
        1500,
        1429.822313171978,
        1387.573727548162,
        1470.957385023075,
        1507.9894098800073,
        1478.2255567634952,
        1414.9506132773306,
        1405.5996300757788
    ],
    "EPA Rank": 310,
    "Auto EPA Rank": 310,
    "TeleOp EPA Rank": 275,
    "Endgame EPA Rank": 262
}