{
    "teamNumber": 14758,
    "teamName": "I Like Pi",
    "wins": 2,
    "loss": 3,
    "ties": 0,
    "elo": 1476.368417352363,
    "totalEPA": 14.949760763215094,
    "autonEPA": 4.383567485744059,
    "endgameEPA": 4.7763731259809,
    "unitlessEPA": 1494.8273793877731,
    "teleOpEPA": 10.566193277471035,
    "totalEPAOverTime": [
        14.68780487804878,
        17.62520325203252,
        20.764555128578916,
        18.190233858763655,
        17.92395805936178,
        16.73574068661451,
        14.949760763215094
    ],
    "teleOpEPAOverTime": [
        5.240243902439024,
        11.11951219512195,
        11.526673089653064,
        10.992650488213183,
        13.015860871645636,
        12.281699665715971,
        10.566193277471035
    ],
    "autonEPAOverTime": [
        4.758536585365854,
        6.505691056910569,
        9.237882038925852,
        7.197583370550473,
        4.908097187716144,
        4.454041020898538,
        4.383567485744059
    ],
    "endGameEPAOverTime": [
        4.689024390243903,
        5.626016260162602,
        7.156297712244622,
        7.197089962187475,
        7.074453942406171,
        5.832241526163269,
        4.7763731259809
    ],
    "unitlessEPAOverTime": [
        1500,
        1530.3900672834409,
        1572.119161235913,
        1537.900603279885,
        1534.3611950556835,
        1518.567096039973,
        1494.8273793877731
    ],
    "EPA Rank": 218,
    "Auto EPA Rank": 226,
    "TeleOp EPA Rank": 208,
    "Endgame EPA Rank": 234
}