{
  "teamNumber": 14758,
  "wins": 0,
  "loss": 0,
  "draws": 0,
  "elo": 1500,
  "stateRank": null,
  "totalEPA": 25.33511538460729,
  "autonEPA": 4.282670558455517,
  "teleOpEPA": 21.05244482615177,
  "totalEPAOverTime": [
    14.68,
    25.75609664414767,
    28.11708849777001,
    23.488197328121586,
    25.787224972695817,
    26.79470125740234
  ],
  "teleOpEPAOverTime": [
    9.93,
    19.40060302241764,
    21.213715670996198,
    19.316520586434702,
    23.530235136968614,
    22.578810638146916
  ],
  "autonEPAOverTime": [
    4.75,
    6.355493621730029,
    6.90337282677381,
    4.171676741686883,
    2.256989835727202,
    4.2158906192554255
  ]
}