{
  "wins": 0,
  "loss": 0,
  "draws": 0,
  "elo": 409.9638780098984,
  "stateRank": null,
  "totalEPA": -71.95292588119821
}