{
  "wins": 0,
  "loss": 0,
  "draws": 0,
  "elo": 617.4444036965787,
  "stateRank": null,
  "totalEPA": -55.147003300577126
}