{
  "teamNumber": 14935,
  "teamName": "Berserkerbots",
  "wins": 3,
  "loss": 7,
  "ties": 0,
  "elo": 1500,
  "totalEPA": 3.62589056026812,
  "autonEPA": 1.4169619018474897,
  "endgameEPA": 1.5578017238609576,
  "unitlessEPA": 1359.6433773316896,
  "teleOpEPA": 2.2089286584206302,
  "totalEPAOverTime": [
    14.68780487804878,
    13.807662499871975,
    13.414487433384583,
    4.50569104719202,
    -0.013672864060346623,
    5.509700832055712,
    9.401962621447257,
    7.220334704864585,
    5.459662260952387,
    13.915338625989941,
    15.290384715688866,
    6.020548817163997,
    3.62589056026812
  ],
  "teleOpEPAOverTime": [
    5.240243902439024,
    9.80472184393526,
    10.821013602126603,
    3.548062963532402,
    0.7975557478072686,
    5.461950050873645,
    9.22996472900567,
    7.036759225390905,
    3.6154362804637232,
    8.833509674664622,
    10.364653586795697,
    3.6497164875050614,
    2.2089286584206302
  ],
  "autonEPAOverTime": [
    4.758536585365854,
    4.002940655936715,
    2.5934738312579797,
    0.9576280836596174,
    -0.8112286118676152,
    0.04775078118206699,
    0.17199789244158648,
    0.18357547947367972,
    1.8442259804886632,
    5.081828951325319,
    4.925731128893168,
    2.3708323296589353,
    1.4169619018474897
  ],
  "endGameEPAOverTime": [
    4.689024390243903,
    4.850263356094154,
    5.075400055455575,
    0.14219643802988546,
    -0.8736961141510422,
    1.8560985521070714,
    3.590992475556357,
    3.0443229979229804,
    2.867906389359741,
    5.057633801600463,
    5.312231658952718,
    2.497985869942144,
    1.5578017238609576
  ],
  "unitlessEPAOverTime": [
    1500,
    1479.6463077500089,
    1474.4201209654707,
    1356.0020474197158,
    1295.9294691697337,
    1369.3476105452705,
    1421.0845818324192,
    1394.8450228274094,
    1377.6021433413414,
    1460.4115319017537,
    1473.8778379681933,
    1383.0951010618717,
    1359.6433773316896
  ],
  "EPA Rank": 351,
  "Auto EPA Rank": 315,
  "TeleOp EPA Rank": 348,
  "Endgame EPA Rank": 321
}