{
  "teamNumber": 14937,
  "teamName": "Riverside FTC Team 2",
  "wins": 0,
  "loss": 0,
  "draws": 0,
  "elo": 1500,
  "stateRank": null,
  "totalEPA": 5.687348251028807,
  "autonEPA": 0.9429976851851853,
  "teleOpEPA": 4.744350565843622,
  "totalEPAOverTime": [
    14.68
  ],
  "teleOpEPAOverTime": [
    9.93
  ],
  "autonEPAOverTime": [
    4.75
  ]
}