{
  "teamNumber": 15045,
  "teamName": "The Tech Cubs",
  "wins": 0,
  "loss": 0,
  "draws": 0,
  "elo": 1500,
  "stateRank": null,
  "totalEPA": 11.631471488793906,
  "autonEPA": 3.5043265382173665,
  "teleOpEPA": 8.12714495057654,
  "totalEPAOverTime": [
    14.68
  ],
  "teleOpEPAOverTime": [
    9.93
  ],
  "autonEPAOverTime": [
    4.75
  ]
}