{
  "teamNumber": 15182,
  "wins": 0,
  "loss": 0,
  "draws": 0,
  "elo": 1500,
  "stateRank": null,
  "totalEPA": 43.269848715780164,
  "autonEPA": 8.080596351888017,
  "teleOpEPA": 35.189252363892145,
  "totalEPAOverTime": [
    14.68,
    36.67614663898065,
    19.758944763000645,
    16.82715571711432,
    26.443009757063923,
    33.658395281547676,
    43.77076448720183,
    51.69051685278096,
    46.81789845930785,
    50.29947602872857,
    45.476670384469465,
    44.230155446906444
  ],
  "teleOpEPAOverTime": [
    9.93,
    31.030561822688746,
    21.82314821691406,
    19.91636512085631,
    22.231280409118206,
    24.89376691933476,
    34.03976572713472,
    42.87081924289927,
    36.516109993812606,
    36.08328463031565,
    33.65171261624097,
    34.782809197183695
  ],
  "autonEPAOverTime": [
    4.75,
    5.645584816291903,
    -2.064203453913415,
    -3.08920940374199,
    4.2117293479457185,
    8.764628362212918,
    9.730998760067111,
    8.81969760988169,
    10.301788465495246,
    14.216191398412917,
    11.824957768228494,
    9.447346249722747
  ]
}