{
  "teamNumber": 15206,
  "teamName": "Thunder Cats",
  "wins": 0,
  "loss": 0,
  "draws": 0,
  "elo": 1500,
  "stateRank": null,
  "totalEPA": 12.723158361167444,
  "autonEPA": 2.764053223647622,
  "teleOpEPA": 9.959105137519822,
  "totalEPAOverTime": [
    14.68
  ],
  "teleOpEPAOverTime": [
    9.93
  ],
  "autonEPAOverTime": [
    4.75
  ]
}