{
  "teamNumber": 15229,
  "wins": 0,
  "loss": 0,
  "draws": 0,
  "elo": 1500,
  "stateRank": null,
  "totalEPA": 19.954977884002375,
  "autonEPA": 5.918314225135068,
  "teleOpEPA": 14.036663658867306,
  "totalEPAOverTime": [
    14.68,
    18.747245011250293,
    18.830588549808418,
    21.155845929490678,
    24.073830950200065,
    25.939590309433974,
    28.90941038269315,
    28.458889102243752,
    29.850499619096944,
    27.306129838692033,
    25.049110240036608,
    21.788326241850253
  ],
  "teleOpEPAOverTime": [
    9.93,
    12.62819472766856,
    10.783156798554815,
    7.351372337356391,
    6.5374900907356945,
    8.60924545276228,
    13.850407470253982,
    20.60464304448486,
    23.937802568246497,
    22.913827016812228,
    17.093214307116124,
    14.522092164866981
  ],
  "autonEPAOverTime": [
    4.75,
    6.119050283581733,
    8.047431751253603,
    13.804473592134286,
    17.53634085946437,
    17.330344856671694,
    15.059002912439167,
    7.854246057758891,
    5.912697050850449,
    4.392302821879806,
    7.955895932920484,
    7.266234076983272
  ]
}