{
  "teamNumber": 15256,
  "wins": 0,
  "loss": 0,
  "draws": 0,
  "elo": 1500,
  "stateRank": null,
  "totalEPA": 32.31995225511056,
  "autonEPA": 9.142185798306807,
  "teleOpEPA": 23.177766456803752,
  "totalEPAOverTime": [
    14.68,
    53.8938390258868,
    75.62103154530837,
    76.45437210884883,
    70.48447832225737,
    64.27434198513882,
    56.94583984868199,
    45.41804495157449,
    25.53029013909839,
    12.333003974533188,
    19.799753349802792,
    30.905011534571695
  ],
  "teleOpEPAOverTime": [
    9.93,
    42.76572915104282,
    63.2318485241042,
    62.4936159980824,
    57.093381404525964,
    53.99922119150095,
    47.84515636277929,
    35.07526332336766,
    19.801316064119398,
    10.909903011103115,
    14.126011942767391,
    22.2910836033434
  ],
  "autonEPAOverTime": [
    4.75,
    11.128109874843975,
    12.389183021204166,
    13.96075611076643,
    13.391096917731408,
    10.275120793637871,
    9.1006834859027,
    10.342781628206831,
    5.728974074978993,
    1.4231009634300738,
    5.6737414070354,
    8.613927931228297
  ]
}