{
  "wins": 0,
  "loss": 0,
  "draws": 0,
  "elo": 1978.3144611421944,
  "stateRank": null,
  "totalEPA": 55.08347135251775
}