{
  "wins": 0,
  "loss": 0,
  "draws": 0,
  "elo": 88.1759662318049,
  "stateRank": null,
  "totalEPA": -98.01774673522378
}