{
  "wins": 0,
  "loss": 0,
  "draws": 0,
  "elo": 155.30274815689626,
  "stateRank": null,
  "totalEPA": -92.5804773992914
}