{
  "teamNumber": 15428,
  "wins": 0,
  "loss": 0,
  "draws": 0,
  "elo": 1500,
  "stateRank": null,
  "totalEPA": 13.514061269802616,
  "autonEPA": 4.584935674224048,
  "teleOpEPA": 8.929125595578569,
  "totalEPAOverTime": [
    14.68,
    11.765883427682315,
    7.45916715305907,
    9.34288620768326,
    13.922713870441973,
    14.579888904804918
  ],
  "teleOpEPAOverTime": [
    9.93,
    7.320393959182059,
    4.358507059164983,
    4.472581556012854,
    5.627867709603695,
    8.679992175127358
  ],
  "autonEPAOverTime": [
    4.75,
    4.445489468500256,
    3.1006600938940876,
    4.8703046516704065,
    8.294846160838278,
    5.899896729677559
  ]
}