{
  "wins": 0,
  "loss": 0,
  "draws": 0,
  "elo": 512.9676081051389,
  "stateRank": null,
  "totalEPA": -63.60962374348374
}