{
  "teamNumber": 15447,
  "wins": 0,
  "loss": 0,
  "draws": 0,
  "elo": 1500,
  "stateRank": null,
  "totalEPA": 22.839619886911354,
  "autonEPA": 10.307438012049234,
  "teleOpEPA": 12.53218187486212,
  "totalEPAOverTime": [
    14.68,
    26.13338110567615,
    23.601475220327284,
    23.111927154767024,
    20.832670000200988,
    19.93883971558881
  ],
  "teleOpEPAOverTime": [
    9.93,
    16.786228155945214,
    13.54808233412909,
    12.073330807350853,
    10.840412956012823,
    10.267385917622498
  ],
  "autonEPAOverTime": [
    4.75,
    9.347152949730937,
    10.053392886198194,
    11.03859634741617,
    9.992257044188165,
    9.671453797966311
  ]
}