{
  "teamNumber": 15510,
  "teamName": "Pioneer Robotics",
  "wins": 0,
  "loss": 0,
  "draws": 0,
  "elo": 1500,
  "stateRank": null,
  "totalEPA": 26.561622532195173,
  "autonEPA": 12.664199928269268,
  "teleOpEPA": 13.897422603925905,
  "totalEPAOverTime": [
    14.68
  ],
  "teleOpEPAOverTime": [
    9.93
  ],
  "autonEPAOverTime": [
    4.75
  ]
}