{
  "teamNumber": 15547,
  "teamName": "Robo Raiders",
  "wins": 2,
  "loss": 8,
  "ties": 0,
  "elo": 1500,
  "totalEPA": 9.193797671636776,
  "autonEPA": 6.524843017991242,
  "endgameEPA": 4.937771491573132,
  "unitlessEPA": 1416.9971755022914,
  "teleOpEPA": 2.6689546536455344,
  "totalEPAOverTime": [
    14.68780487804878,
    12.428058808713997,
    9.480221006269394,
    7.828611757445274,
    5.772181232185529,
    5.593272939696003,
    5.939210855150781,
    6.648885973149282,
    8.527186657836893,
    14.203516485711546,
    12.89379888259791,
    11.110678160378901,
    9.193797671636776
  ],
  "teleOpEPAOverTime": [
    5.240243902439024,
    8.743869463804256,
    7.097895897664011,
    5.695177954264578,
    4.330438964193167,
    5.554268501482183,
    6.306300578744596,
    6.238562552284714,
    4.833190921807164,
    7.540235965913837,
    5.216296989380546,
    3.452864915432534,
    2.6689546536455344
  ],
  "autonEPAOverTime": [
    4.758536585365854,
    3.684189344909742,
    2.382325108605383,
    2.1334338031806968,
    1.4417422679923626,
    0.03900443821381905,
    -0.3670897235938143,
    0.4103234208645682,
    3.693995736029729,
    6.663280519797709,
    7.6775018932173635,
    7.657813244946367,
    6.524843017991242
  ],
  "endGameEPAOverTime": [
    4.689024390243903,
    3.749939267992339,
    3.4313019691362343,
    3.928656958230692,
    2.731349445481949,
    3.5855189981157594,
    4.5659947833112255,
    4.669141301398665,
    5.143590906478213,
    7.29266503319729,
    7.64360032871062,
    5.847860307824608,
    4.937771491573132
  ],
  "unitlessEPAOverTime": [
    1500,
    1463.6739346276681,
    1422.3270921196151,
    1399.1613577500568,
    1370.3175356828606,
    1367.808139478356,
    1372.6603197767467,
    1390.1825282861803,
    1409.9733800692154,
    1469.7824421703522,
    1455.9825073824006,
    1437.194526196862,
    1416.9971755022914
  ],
  "EPA Rank": 291,
  "Auto EPA Rank": 155,
  "TeleOp EPA Rank": 344,
  "Endgame EPA Rank": 223
}