{
  "teamNumber": 15599,
  "teamName": "Tiger Robotics",
  "wins": 0,
  "loss": 0,
  "draws": 0,
  "elo": 1500,
  "stateRank": null,
  "totalEPA": 7.957987825788751,
  "autonEPA": 2.0781571502057616,
  "teleOpEPA": 5.87983067558299,
  "totalEPAOverTime": [
    14.68
  ],
  "teleOpEPAOverTime": [
    9.93
  ],
  "autonEPAOverTime": [
    4.75
  ]
}