{
  "teamNumber": 15601,
  "teamName": "The Bubble Guppies",
  "wins": 3,
  "loss": 3,
  "ties": 0,
  "elo": 1500,
  "totalEPA": 8.402932111787289,
  "autonEPA": 1.810658519393232,
  "endgameEPA": -0.2557780338733773,
  "unitlessEPA": 1409.4876527099593,
  "teleOpEPA": 6.592273592394056,
  "totalEPAOverTime": [
    14.68780487804878,
    12.62520325203252,
    8.794968048445915,
    7.707411091688597,
    8.696463893706852,
    8.862289896060222,
    8.402932111787289,
    8.402932111787289
  ],
  "teleOpEPAOverTime": [
    5.240243902439024,
    8.61951219512195,
    5.97276255478604,
    4.639957965208689,
    5.639505103779987,
    6.897257167631469,
    6.592273592394056,
    6.592273592394056
  ],
  "autonEPAOverTime": [
    4.758536585365854,
    4.005691056910569,
    2.822205493659875,
    3.067453126479908,
    3.0569587899268655,
    1.9650327284287532,
    1.810658519393232,
    1.810658519393232
  ],
  "endGameEPAOverTime": [
    4.689024390243903,
    3.126016260162602,
    0.6689417511459068,
    0.27194272525102303,
    0.8921289798295153,
    0.3727994536173238,
    -0.2557780338733773,
    -0.2557780338733773
  ],
  "unitlessEPAOverTime": [
    1500,
    1458.1372190273682,
    1412.0342164857996,
    1398.9437302685214,
    1410.8485615442864,
    1412.8445425223726,
    1407.3154373969242,
    1409.4876527099593
  ],
  "EPA Rank": 306,
  "Auto EPA Rank": 305,
  "TeleOp EPA Rank": 274,
  "Endgame EPA Rank": 359
}