{
  "teamNumber": 15602,
  "teamName": "Alcona Robotics",
  "wins": 0,
  "loss": 0,
  "draws": 0,
  "elo": 1500,
  "stateRank": null,
  "totalEPA": 7.757996399176954,
  "autonEPA": 2.998724708504801,
  "teleOpEPA": 4.759271690672152,
  "totalEPAOverTime": [
    14.68
  ],
  "teleOpEPAOverTime": [
    9.93
  ],
  "autonEPAOverTime": [
    4.75
  ]
}