{
  "teamNumber": 15612,
  "teamName": "The Jalapeno Poppers",
  "wins": 3,
  "loss": 2,
  "ties": 0,
  "elo": 1500,
  "totalEPA": 11.982705732322572,
  "autonEPA": 2.598754005231702,
  "endgameEPA": 5.400430503799796,
  "unitlessEPA": 1450.4037344736255,
  "teleOpEPA": 9.383951727090869,
  "totalEPAOverTime": [
    14.68780487804878,
    11.62520325203252,
    6.979109928959372,
    9.397510071131746,
    10.026087680896588,
    12.497360696747638,
    11.982705732322572
  ],
  "teleOpEPAOverTime": [
    5.240243902439024,
    8.452845528455285,
    6.453378054356675,
    8.478698151233191,
    7.873378274324322,
    9.1977786706574,
    9.383951727090869
  ],
  "autonEPAOverTime": [
    4.758536585365854,
    3.172357723577236,
    0.5257318746026968,
    0.9188119198985554,
    2.152709406572266,
    3.299582026090238,
    2.598754005231702
  ],
  "endGameEPAOverTime": [
    4.689024390243903,
    3.9593495934959355,
    3.0882794116007006,
    3.789765035337228,
    3.3644402130823914,
    4.849821725033991,
    5.400430503799796
  ],
  "unitlessEPAOverTime": [
    1500,
    1446.1006207269825,
    1390.1774617310457,
    1419.2867727719708,
    1426.852708961327,
    1456.5984295437092,
    1450.4037344736255
  ],
  "EPA Rank": 252,
  "Auto EPA Rank": 276,
  "TeleOp EPA Rank": 232,
  "Endgame EPA Rank": 193
}