{
  "wins": 0,
  "loss": 0,
  "draws": 0,
  "elo": 1400.0978624982397,
  "stateRank": null,
  "totalEPA": 8.247926862357415
}