{
  "teamNumber": 15770,
  "wins": 0,
  "loss": 0,
  "draws": 0,
  "elo": 1500,
  "stateRank": null,
  "totalEPA": -0.7287840175299571,
  "autonEPA": -1.8247437807101874,
  "teleOpEPA": 1.0959597631802303,
  "totalEPAOverTime": [
    14.68,
    -2.260052276729723,
    -0.35257890410571835,
    4.474839780481116,
    3.965676057972587,
    1.7678056948302925,
    0.7268036313090461,
    5.20641284338356,
    6.984661121118304,
    -1.173456246741468,
    -0.771384228387515
  ],
  "teleOpEPAOverTime": [
    9.93,
    -2.368851156524461,
    -0.3485398170307062,
    5.00610773419613,
    4.9478427188020495,
    2.140316954063616,
    1.1076923909664305,
    5.053404876814651,
    8.30492530892569,
    1.8068272162136885,
    1.4526572450701773
  ],
  "autonEPAOverTime": [
    4.75,
    0.10879887979473812,
    -0.00403908707501216,
    -0.5312679537150138,
    -0.9821666608294626,
    -0.3725112592333233,
    -0.3808887596573842,
    0.15300796656890892,
    -1.3202641878073853,
    -2.9802834629551564,
    -2.2240414734576923
  ]
}