{
  "teamNumber": 15816,
  "teamName": "KPS MS Team A",
  "wins": 0,
  "loss": 0,
  "draws": 0,
  "elo": 1500,
  "stateRank": null,
  "totalEPA": 12.550616855281207,
  "autonEPA": 4.5096325588705986,
  "teleOpEPA": 8.04098429641061,
  "totalEPAOverTime": [
    14.68
  ],
  "teleOpEPAOverTime": [
    9.93
  ],
  "autonEPAOverTime": [
    4.75
  ]
}