{
    "teamNumber": 15814,
    "teamName": "Harbor Springs Middle School Rambotics",
    "wins": 6,
    "loss": 3,
    "ties": 0,
    "elo": 1571.4850394565638,
    "totalEPA": 27.944941420167325,
    "autonEPA": 9.16058034046819,
    "endgameEPA": 8.811387799004562,
    "unitlessEPA": 1639.4656437106637,
    "teleOpEPA": 18.784361079699135,
    "totalEPAOverTime": [
        14.68780487804878,
        14.958536585365854,
        17.72188625994024,
        22.03714213675045,
        21.980534100169873,
        26.092624582213933,
        27.944941420167325,
        27.944941420167325,
        27.944941420167325,
        27.944941420167325,
        27.944941420167325
    ],
    "teleOpEPAOverTime": [
        5.240243902439024,
        10.952845528455285,
        14.045662766966856,
        15.42628315120768,
        15.075859799825679,
        17.73437485051518,
        18.784361079699135,
        18.784361079699135,
        18.784361079699135,
        18.784361079699135,
        18.784361079699135
    ],
    "autonEPAOverTime": [
        4.758536585365854,
        4.005691056910569,
        3.6762234929733846,
        6.61085898554277,
        6.904674300344193,
        8.358249731698752,
        9.16058034046819,
        9.16058034046819,
        9.16058034046819,
        9.16058034046819,
        9.16058034046819
    ],
    "endGameEPAOverTime": [
        4.689024390243903,
        5.626016260162602,
        7.855134550391318,
        7.346296999217432,
        6.350959230914237,
        8.103939076152868,
        8.811387799004562,
        8.811387799004562,
        8.811387799004562,
        8.811387799004562,
        8.811387799004562
    ],
    "unitlessEPAOverTime": [
        1500,
        1486.222615061602,
        1519.4839450579561,
        1571.4249466105002,
        1570.7435784136062,
        1620.239159720811,
        1642.534753424297,
        1639.4656437106637,
        1639.4656437106637,
        1639.4656437106637,
        1639.4656437106637
    ],
    "EPA Rank": 79,
    "Auto EPA Rank": 98,
    "TeleOp EPA Rank": 77,
    "Endgame EPA Rank": 47
}