{
  "teamNumber": 15835,
  "teamName": "Bates Academy “The Unknowns”",
  "wins": 0,
  "loss": 0,
  "draws": 0,
  "elo": 1500,
  "stateRank": null,
  "totalEPA": 21.698723851081354,
  "autonEPA": 9.27685801185679,
  "teleOpEPA": 12.421865839224564,
  "totalEPAOverTime": [
    14.68
  ],
  "teleOpEPAOverTime": [
    9.93
  ],
  "autonEPAOverTime": [
    4.75
  ]
}