{
  "wins": 0,
  "loss": 0,
  "draws": 0,
  "elo": 1221.6672252741341,
  "stateRank": null,
  "totalEPA": -6.204954752795135
}