{
  "wins": 0,
  "loss": 0,
  "draws": 0,
  "elo": 1427.180062070442,
  "stateRank": null,
  "totalEPA": 10.441585027705809
}