{
  "wins": 0,
  "loss": 0,
  "draws": 0,
  "elo": 348.08210026967987,
  "stateRank": null,
  "totalEPA": -76.96534987815593
}