{
    "teamNumber": 16132,
    "teamName": "Robo Raiders",
    "wins": 1,
    "loss": 4,
    "ties": 0,
    "elo": 1436.087662085588,
    "totalEPA": 9.713813918698788,
    "autonEPA": 0.08528541575103071,
    "endgameEPA": 6.4912800437302645,
    "unitlessEPA": 1425.2297916062678,
    "teleOpEPA": 9.628528502947757,
    "totalEPAOverTime": [
        14.68780487804878,
        16.483465562667465,
        22.172700869040582,
        19.012912317161984,
        14.693699492567664,
        10.469106500122574,
        9.713813918698788
    ],
    "teleOpEPAOverTime": [
        5.240243902439024,
        10.618878699032301,
        15.364017999452617,
        15.71987284937093,
        13.559706243008693,
        11.633607213615065,
        9.628528502947757
    ],
    "autonEPAOverTime": [
        4.758536585365854,
        5.8645868636351635,
        6.808682869587965,
        3.293039467791055,
        1.1339932495589713,
        -1.1645007134924898,
        0.08528541575103071
    ],
    "endGameEPAOverTime": [
        4.689024390243903,
        4.9019327377592194,
        5.841756179903397,
        7.372418894672623,
        9.52585006967489,
        8.180001879534988,
        6.4912800437302645
    ],
    "unitlessEPAOverTime": [
        1500,
        1515.213788490187,
        1590.8366061778102,
        1548.8358625414064,
        1491.423745376478,
        1435.2693400007315,
        1425.2297916062678
    ],
    "EPA Rank": 284,
    "Auto EPA Rank": 339,
    "TeleOp EPA Rank": 226,
    "Endgame EPA Rank": 161
}