{
  "wins": 0,
  "loss": 0,
  "draws": 0,
  "elo": 818.7676563770827,
  "stateRank": null,
  "totalEPA": -38.8398198334563
}