{
  "teamNumber": 16273,
  "teamName": "The BC PegaCyborgs",
  "wins": 0,
  "loss": 0,
  "draws": 0,
  "elo": 1500,
  "stateRank": null,
  "totalEPA": 13.236659001775362,
  "autonEPA": 5.614879022061304,
  "teleOpEPA": 7.6217799797140575,
  "totalEPAOverTime": [
    14.68
  ],
  "teleOpEPAOverTime": [
    9.93
  ],
  "autonEPAOverTime": [
    4.75
  ]
}