{
  "teamNumber": 16478,
  "teamName": "Roborockers",
  "wins": 0,
  "loss": 0,
  "draws": 0,
  "elo": 1500,
  "stateRank": null,
  "totalEPA": 17.0563683127572,
  "autonEPA": 4.207240226337448,
  "teleOpEPA": 12.849128086419753,
  "totalEPAOverTime": [
    14.68
  ],
  "teleOpEPAOverTime": [
    9.93
  ],
  "autonEPAOverTime": [
    4.75
  ]
}