{
  "teamNumber": 16486,
  "teamName": "Deviators",
  "wins": 3,
  "loss": 2,
  "ties": 0,
  "elo": 1500,
  "totalEPA": 20.600446128382316,
  "autonEPA": 8.924496116453957,
  "endgameEPA": 5.681280888103039,
  "unitlessEPA": 1554.1320138780052,
  "teleOpEPA": 11.675950011928359,
  "totalEPAOverTime": [
    14.68780487804878,
    14.458536585365854,
    16.91386694192201,
    18.48552348200838,
    16.32044432665606,
    19.03370360944835,
    20.600446128382316
  ],
  "teleOpEPAOverTime": [
    5.240243902439024,
    10.119512195121953,
    12.748614394894492,
    13.295785785516264,
    9.387832981164905,
    10.761322463483898,
    11.675950011928359
  ],
  "autonEPAOverTime": [
    4.758536585365854,
    4.339024390243902,
    4.165252547027517,
    5.189737696492115,
    6.9326113454911535,
    8.27238114596445,
    8.924496116453957
  ],
  "endGameEPAOverTime": [
    4.689024390243903,
    5.626016260162602,
    8.581393167540423,
    8.933251682898316,
    5.857306923859654,
    5.42523239652043,
    5.681280888103039
  ],
  "unitlessEPAOverTime": [
    1500,
    1480.2043159114091,
    1509.758141108019,
    1528.6755395472128,
    1502.6153514656983,
    1535.2737635374622,
    1554.1320138780052
  ],
  "EPA Rank": 150,
  "Auto EPA Rank": 104,
  "TeleOp EPA Rank": 183,
  "Endgame EPA Rank": 181
}