{
  "wins": 0,
  "loss": 0,
  "draws": 0,
  "elo": 1529.9538143810128,
  "stateRank": null,
  "totalEPA": 18.766258964862033
}