{
  "teamNumber": 16627,
  "wins": 0,
  "loss": 0,
  "draws": 0,
  "elo": 1500,
  "stateRank": null,
  "totalEPA": 16.421029563106536,
  "autonEPA": 2.378161218783368,
  "teleOpEPA": 14.042868344323168,
  "totalEPAOverTime": [
    14.68,
    23.97793929846699,
    26.90192240768945,
    26.002936801009945,
    24.934379505929492,
    18.296192344602233,
    16.627953385401042
  ],
  "teleOpEPAOverTime": [
    9.93,
    19.92518775395913,
    24.620993918010903,
    22.736949437393676,
    22.803991322578117,
    18.061343309836005,
    14.504636511676019
  ],
  "autonEPAOverTime": [
    4.75,
    4.052751544507859,
    2.280928489678547,
    3.265987363616267,
    2.1303881833513745,
    0.23484903476622843,
    2.123316873725023
  ]
}