{
  "teamNumber": 16692,
  "wins": 0,
  "loss": 0,
  "draws": 0,
  "elo": 1500,
  "stateRank": null,
  "totalEPA": 14.397561172412562,
  "autonEPA": 4.497373862343278,
  "teleOpEPA": 9.900187310069285,
  "totalEPAOverTime": [
    14.68,
    9.58418112593362,
    3.8984763900716053,
    2.8632457436897005,
    3.2712144383301416,
    3.3342100846971983,
    5.109990236449495,
    0.47127191886830166,
    -4.366201420289784,
    2.9355958087839666,
    10.983125164605719
  ],
  "teleOpEPAOverTime": [
    9.93,
    6.512390988467107,
    2.3220309770889864,
    1.8509609614149956,
    1.12512411000957,
    2.649970819299187,
    4.503542435026964,
    0.36340048739879927,
    -2.6862369059585873,
    3.4984161417938515,
    7.5517742090278395
  ],
  "autonEPAOverTime": [
    4.75,
    3.0717901374665133,
    1.576445412982619,
    1.012284782274705,
    2.1460903283205717,
    0.6842392653980114,
    0.6064478014225314,
    0.1078714314695024,
    -1.6799645143311963,
    -0.562820333009885,
    3.431350955577879
  ]
}