{
  "teamNumber": 16883,
  "teamName": "DinoByte!",
  "wins": 0,
  "loss": 0,
  "draws": 0,
  "elo": 1500,
  "stateRank": null,
  "totalEPA": 20.449192538816156,
  "autonEPA": 8.649896809439397,
  "teleOpEPA": 11.799295729376759,
  "totalEPAOverTime": [
    14.68
  ],
  "teleOpEPAOverTime": [
    9.93
  ],
  "autonEPAOverTime": [
    4.75
  ]
}