{
  "teamNumber": 16883,
  "teamName": "DinoByte!",
  "wins": 7,
  "loss": 7,
  "ties": 0,
  "elo": 1500,
  "totalEPA": 15.004257005366306,
  "autonEPA": 7.284930405301142,
  "endgameEPA": 2.9960152028867064,
  "unitlessEPA": 1467.989478197219,
  "teleOpEPA": 7.7193266000651635,
  "totalEPAOverTime": [
    14.68780487804878,
    18.291869918699188,
    24.49716620573392,
    24.502046408804294,
    26.898354256824174,
    25.990642777638026,
    23.797613330766975,
    23.797613330766975,
    23.797613330766975,
    23.797613330766975,
    22.38582698487426,
    20.53527606836853,
    14.493925546950456,
    17.868066917069964,
    15.658094885280955,
    14.803681854216654,
    15.004257005366306
  ],
  "teleOpEPAOverTime": [
    5.240243902439024,
    10.119512195121953,
    10.436275050926499,
    11.269948614376315,
    14.647172846733774,
    13.013004408682537,
    11.293001513444073,
    11.293001513444073,
    11.293001513444073,
    11.293001513444073,
    11.465850124800461,
    13.041566793015505,
    9.327408135950218,
    9.979560002683968,
    7.573681986450403,
    7.336435388981259,
    7.7193266000651635
  ],
  "autonEPAOverTime": [
    4.758536585365854,
    8.172357723577235,
    14.06089115480742,
    13.232097794427979,
    12.2511814100904,
    12.977638368955489,
    12.504611817322902,
    12.504611817322902,
    12.504611817322902,
    12.504611817322902,
    10.919976860073799,
    7.493709275353022,
    5.166517411000237,
    7.888506914385995,
    8.084412898830552,
    7.467246465235395,
    7.284930405301142
  ],
  "endGameEPAOverTime": [
    4.689024390243903,
    5.626016260162602,
    7.393783359986549,
    6.950189417080187,
    7.97247591226969,
    7.464061890635282,
    7.206588957097015,
    7.206588957097015,
    7.206588957097015,
    7.206588957097015,
    8.454219239114645,
    10.351175677500041,
    7.103054244978063,
    4.694345218675373,
    2.3469803831867844,
    2.4800005332023662,
    2.9960152028867064
  ],
  "unitlessEPAOverTime": [
    1500,
    1539.2515766211322,
    1621.734013107182,
    1621.798882054799,
    1653.6512386116158,
    1641.5856979885093,
    1612.4353716065893,
    1592.615031192278,
    1592.615031192278,
    1592.615031192278,
    1537.0213370408624,
    1519.7151311787168,
    1463.2168987461491,
    1494.771602071757,
    1474.104118356182,
    1466.1137152416222,
    1467.989478197219
  ],
  "EPA Rank": 216,
  "Auto EPA Rank": 142,
  "TeleOp EPA Rank": 251,
  "Endgame EPA Rank": 287
}