{
  "teamNumber": 16935,
  "wins": 0,
  "loss": 0,
  "draws": 0,
  "elo": 1500,
  "stateRank": null,
  "totalEPA": 11.117721500278728,
  "autonEPA": 2.136009899954029,
  "teleOpEPA": 8.981711600324699,
  "totalEPAOverTime": [
    14.68,
    10.934322280428344,
    4.084665486826339,
    7.994223527327179,
    12.499467362746651,
    14.137403553499821
  ],
  "teleOpEPAOverTime": [
    9.93,
    9.14793647693213,
    5.984500736248611,
    8.059939478176384,
    12.148801465903917,
    11.86725424438925
  ],
  "autonEPAOverTime": [
    4.75,
    1.7863858034962123,
    -1.899835249422272,
    -0.06571595084920434,
    0.3506658968427342,
    2.2701493091105713
  ]
}