{
  "teamNumber": 16996,
  "wins": 0,
  "loss": 0,
  "draws": 0,
  "elo": 1500,
  "stateRank": null,
  "totalEPA": 11.725207211943472,
  "autonEPA": 2.054260725682425,
  "teleOpEPA": 9.670946486261046,
  "totalEPAOverTime": [
    14.68,
    12.708040755617086,
    11.049596379306944,
    15.901993052291814,
    19.41437281065251,
    18.26302215794759,
    18.380459279218922,
    17.783099633145497,
    20.12081767866399,
    21.743369467066763,
    16.15313555001584,
    12.943369537357803
  ],
  "teleOpEPAOverTime": [
    9.93,
    9.645537444810593,
    8.213951758155053,
    12.031954143557,
    14.986588753837022,
    11.777135988032505,
    12.154284267095576,
    12.904651959484069,
    16.582774069171553,
    17.15328282217923,
    12.191121290328436,
    9.924903213972655
  ],
  "autonEPAOverTime": [
    4.75,
    3.062503310806493,
    2.8356446211518915,
    3.870038908734815,
    4.4277840568154865,
    6.485886169915083,
    6.2261750121233455,
    4.878447673661428,
    3.538043609492438,
    4.590086644887537,
    3.9620142596874044,
    3.0184663233851485
  ]
}