{
  "wins": 0,
  "loss": 0,
  "draws": 0,
  "elo": 672.4734164733421,
  "stateRank": null,
  "totalEPA": -50.689653265659274
}