{
    "teamNumber": 17104,
    "teamName": "Bionic Bulldogs",
    "wins": 2,
    "loss": 3,
    "ties": 0,
    "elo": 1486.4845988781283,
    "totalEPA": 16.288098077546458,
    "autonEPA": 5.9874696426578655,
    "endgameEPA": 3.939784763826406,
    "unitlessEPA": 1526.9817927995089,
    "teleOpEPA": 10.300628434888592,
    "totalEPAOverTime": [
        14.68780487804878,
        14.458536585365854,
        12.560263583971256,
        13.889829001200384,
        16.38836496634619,
        15.311671257293884,
        16.288098077546458
    ],
    "teleOpEPAOverTime": [
        5.240243902439024,
        7.952845528455285,
        6.053315185711596,
        8.258446454691626,
        10.090683830388166,
        9.705102207401621,
        10.300628434888592
    ],
    "autonEPAOverTime": [
        4.758536585365854,
        6.505691056910569,
        6.50694839825966,
        5.6313825465087595,
        6.297681135958027,
        5.606569049892263,
        5.9874696426578655
    ],
    "endGameEPAOverTime": [
        4.689024390243903,
        3.126016260162602,
        1.736405493077014,
        3.053748957199465,
        3.2187059931794555,
        3.1265318005698353,
        3.939784763826406
    ],
    "unitlessEPAOverTime": [
        1500,
        1499.4101837148953,
        1470.8030877774165,
        1490.8397239292685,
        1528.4928212475452,
        1512.2669779639336,
        1526.9817927995089
    ],
    "EPA Rank": 196,
    "Auto EPA Rank": 174,
    "TeleOp EPA Rank": 214,
    "Endgame EPA Rank": 265
}