{
    "teamNumber": 17155,
    "teamName": "Technobots",
    "wins": 4,
    "loss": 1,
    "ties": 0,
    "elo": 1494.4338462763133,
    "totalEPA": 17.34728906137631,
    "autonEPA": 6.1106431915162425,
    "endgameEPA": 4.756068697644408,
    "unitlessEPA": 1514.7483354575406,
    "teleOpEPA": 11.236645869860066,
    "totalEPAOverTime": [
        14.68780487804878,
        18.225591319120756,
        24.311043724133945,
        20.243071102363192,
        21.224539480496745,
        20.303986696856096,
        17.34728906137631
    ],
    "teleOpEPAOverTime": [
        5.240243902439024,
        11.14823528744088,
        14.327943639746602,
        12.845598249421883,
        12.58801320005636,
        12.312926532430978,
        11.236645869860066
    ],
    "autonEPAOverTime": [
        4.758536585365854,
        7.0773560316798765,
        9.983100084387344,
        7.397472852941309,
        8.636526280440386,
        7.991060164425117,
        6.1106431915162425
    ],
    "endGameEPAOverTime": [
        4.689024390243903,
        5.179256484498226,
        6.735777630178046,
        6.124118888454956,
        6.316096866287962,
        5.590067961410001,
        4.756068697644408
    ],
    "unitlessEPAOverTime": [
        1500,
        1525.0845391477535,
        1596.7005176456857,
        1548.8270284748703,
        1560.3773313261274,
        1549.5439069606505,
        1514.7483354575406
    ],
    "EPA Rank": 185,
    "Auto EPA Rank": 166,
    "TeleOp EPA Rank": 187,
    "Endgame EPA Rank": 236
}