{
  "wins": 0,
  "loss": 0,
  "draws": 0,
  "elo": 1995.4803116284809,
  "stateRank": null,
  "totalEPA": 56.47390524190695
}