{
  "wins": 0,
  "loss": 0,
  "draws": 0,
  "elo": 195.96524265712924,
  "stateRank": null,
  "totalEPA": -89.28681534477252
}