{
    "teamNumber": 17351,
    "teamName": "HPJH FIRST Robotics Team 2",
    "wins": 1,
    "loss": 4,
    "ties": 0,
    "elo": 1384.0307910046624,
    "totalEPA": 3.0976123485458507,
    "autonEPA": 1.7663843734231672,
    "endgameEPA": -0.34802387139050306,
    "unitlessEPA": 1347.052579554847,
    "teleOpEPA": 1.3312279751226834,
    "totalEPAOverTime": [
        14.68780487804878,
        12.958536585365854,
        9.432895165601074,
        6.202245296774765,
        4.127199198496962,
        2.5701914722524584,
        3.0976123485458507
    ],
    "teleOpEPAOverTime": [
        5.240243902439024,
        8.952845528455285,
        8.014286260383862,
        4.501521946718757,
        0.3937995209695666,
        -0.18219047305315073,
        1.3312279751226834
    ],
    "autonEPAOverTime": [
        4.758536585365854,
        4.005691056910569,
        1.4186089052172128,
        1.7007233500560084,
        3.7333996775273954,
        2.752381945305609,
        1.7663843734231672
    ],
    "endGameEPAOverTime": [
        4.689024390243903,
        3.9593495934959355,
        3.863254825874207,
        2.9101851666964342,
        0.623710702459091,
        -0.6335581214240387,
        -0.34802387139050306
    ],
    "unitlessEPAOverTime": [
        1500,
        1463.0997837909813,
        1421.60865982766,
        1383.5891115440165,
        1359.1691593586934,
        1340.8456848784754,
        1347.052579554847
    ],
    "EPA Rank": 353,
    "Auto EPA Rank": 308,
    "TeleOp EPA Rank": 356,
    "Endgame EPA Rank": 362
}