{
  "teamNumber": 17352,
  "teamName": "The Robotic Rangers",
  "wins": 0,
  "loss": 0,
  "draws": 0,
  "elo": 1500,
  "stateRank": null,
  "totalEPA": 10.26423010973937,
  "autonEPA": 1.9145769032921809,
  "teleOpEPA": 8.349653206447188,
  "totalEPAOverTime": [
    14.68
  ],
  "teleOpEPAOverTime": [
    9.93
  ],
  "autonEPAOverTime": [
    4.75
  ]
}