{
  "teamNumber": 17533,
  "teamName": "Anderson Vikings",
  "wins": 0,
  "loss": 0,
  "draws": 0,
  "elo": 1500,
  "stateRank": null,
  "totalEPA": 9.247932326330673,
  "autonEPA": 2.994203701242273,
  "teleOpEPA": 6.2537286250884,
  "totalEPAOverTime": [
    14.68
  ],
  "teleOpEPAOverTime": [
    9.93
  ],
  "autonEPAOverTime": [
    4.75
  ]
}