{
    "teamNumber": 17538,
    "teamName": "Western Michigan Christian Middle School",
    "wins": 2,
    "loss": 3,
    "ties": 0,
    "elo": 1548.556381535149,
    "totalEPA": 24.739462282128073,
    "autonEPA": 7.083309146278088,
    "endgameEPA": 4.77792020456794,
    "unitlessEPA": 1580.7952013898123,
    "teleOpEPA": 17.656153135849983,
    "totalEPAOverTime": [
        14.68780487804878,
        13.942963132694011,
        11.995214746876334,
        18.08243251911553,
        21.982114596645044,
        22.9163200151181,
        24.739462282128073
    ],
    "teleOpEPAOverTime": [
        5.240243902439024,
        9.134365605241992,
        7.391512486538654,
        10.600696338005815,
        13.976323417177268,
        16.041768678106646,
        17.656153135849983
    ],
    "autonEPAOverTime": [
        4.758536585365854,
        4.808597527452018,
        4.60370226033768,
        7.481736181109716,
        8.005791179467776,
        6.874551337011455,
        7.083309146278088
    ],
    "endGameEPAOverTime": [
        4.689024390243903,
        3.593180000020819,
        1.501186314616503,
        2.5551266887930555,
        4.157158591607354,
        4.561664823617603,
        4.77792020456794
    ],
    "unitlessEPAOverTime": [
        1500,
        1467.0371028148484,
        1446.5145102775546,
        1510.6529230905594,
        1551.7422069451204,
        1561.5855302866032,
        1580.7952013898123
    ],
    "EPA Rank": 97,
    "Auto EPA Rank": 147,
    "TeleOp EPA Rank": 91,
    "Endgame EPA Rank": 233
}