{
  "wins": 0,
  "loss": 0,
  "draws": 0,
  "elo": 1819.0800734650302,
  "stateRank": null,
  "totalEPA": 42.18548595066744
}