{
  "wins": 0,
  "loss": 0,
  "draws": 0,
  "elo": 279.36710525705746,
  "stateRank": null,
  "totalEPA": -82.53126447417833
}