{
  "wins": 0,
  "loss": 0,
  "draws": 0,
  "elo": 145.7808065829509,
  "stateRank": null,
  "totalEPA": -93.35175466678096
}