{
  "wins": 0,
  "loss": 0,
  "draws": 0,
  "elo": 1763.4120051875414,
  "stateRank": null,
  "totalEPA": 37.676372420190845
}