{
  "teamNumber": 5289,
  "wins": 0,
  "loss": 0,
  "draws": 0,
  "elo": 1500,
  "stateRank": null,
  "totalEPA": 35.243687365732306,
  "autonEPA": 10.830275133648087,
  "teleOpEPA": 24.41341223208422,
  "totalEPAOverTime": [
    14.68,
    33.12828758022237,
    35.20690565126285,
    34.680996634270954,
    29.129514087769746,
    32.10918111062599
  ],
  "teleOpEPAOverTime": [
    9.93,
    21.134205973284292,
    20.05231383175898,
    19.86332618170833,
    15.611895350471498,
    20.534754197314616
  ],
  "autonEPAOverTime": [
    4.75,
    11.994081606938078,
    15.154591819503873,
    14.817670452562625,
    13.517618737298248,
    11.574426913311374
  ]
}