{
  "teamNumber": 5290,
  "wins": 0,
  "loss": 0,
  "draws": 0,
  "elo": 1500,
  "stateRank": null,
  "totalEPA": 37.32841358874802,
  "autonEPA": 12.895296673359232,
  "teleOpEPA": 24.433116915388787,
  "totalEPAOverTime": [
    14.68,
    29.705255092551276,
    25.774125037759447,
    22.728613594806973,
    23.322073399037496,
    19.366572677382973,
    20.088431862938723,
    23.587355976119746,
    35.25422619315987,
    38.97970409667294,
    36.35719802273428
  ],
  "teleOpEPAOverTime": [
    9.93,
    17.760425915299578,
    13.037367223201104,
    10.541327067884927,
    9.36601433090302,
    6.518395452280187,
    7.383688852704427,
    10.886536800161412,
    22.693910518482507,
    24.82400856420184,
    22.134713188064445
  ],
  "autonEPAOverTime": [
    4.75,
    11.9448291772517,
    12.736757814558343,
    12.187286526922046,
    13.956059068134476,
    12.848177225102786,
    12.704743010234296,
    12.700819175958333,
    12.560315674677366,
    14.155695532471098,
    14.222484834669837
  ]
}