{
    "teamNumber": 5291,
    "teamName": "TOWR The Oxford Wildcats Robotics",
    "wins": 9,
    "loss": 7,
    "ties": 0,
    "elo": 1546.8177088984994,
    "totalEPA": 24.49768321298309,
    "autonEPA": -0.7982995314428274,
    "endgameEPA": 8.891457943728854,
    "unitlessEPA": 1563.5094306308304,
    "teleOpEPA": 25.295982744425917,
    "totalEPAOverTime": [
        14.68780487804878,
        17.958536585365852,
        26.796595365816483,
        32.02379628277815,
        31.916382015917847,
        31.333119646355968,
        30.94359246491089,
        30.94359246491089,
        30.94359246491089,
        30.94359246491089,
        30.94359246491089,
        30.94359246491089,
        31.709970107977192,
        32.88684631247936,
        35.019831236406354,
        31.92891222923735,
        27.60584969695726,
        24.818963427515616,
        24.49768321298309
    ],
    "teleOpEPAOverTime": [
        5.240243902439024,
        12.286178861788617,
        18.966713010980133,
        23.673383017904868,
        24.126833268505326,
        21.45645362928444,
        20.634024176932265,
        20.634024176932265,
        20.634024176932265,
        20.634024176932265,
        20.634024176932265,
        20.634024176932265,
        21.492172798879224,
        27.270633994904028,
        30.69244907860006,
        27.196036435863213,
        24.2664596596556,
        24.878129859070576,
        25.295982744425917
    ],
    "autonEPAOverTime": [
        4.758536585365854,
        5.672357723577236,
        7.829882354836351,
        8.35041326487328,
        7.789548747412521,
        9.876666017071528,
        10.309568287978623,
        10.309568287978623,
        10.309568287978623,
        10.309568287978623,
        10.309568287978623,
        10.309568287978623,
        10.21779730909797,
        5.616212317575337,
        4.327382157806295,
        4.732875793374138,
        3.339390037301661,
        -0.059166431554959154,
        -0.7982995314428274
    ],
    "endGameEPAOverTime": [
        4.689024390243903,
        5.626016260162602,
        7.436020064361594,
        7.597097424054588,
        8.292174946048748,
        6.529216794496224,
        6.3395269736393765,
        6.3395269736393765,
        6.3395269736393765,
        6.3395269736393765,
        6.3395269736393765,
        6.3395269736393765,
        6.877004060478001,
        7.949698392627095,
        8.750457761593228,
        9.305474847058731,
        9.170556625522117,
        8.779839019730039,
        8.891457943728854
    ],
    "unitlessEPAOverTime": [
        1500,
        1489.98833110354,
        1570.0321732609916,
        1617.3734792554774,
        1616.4006580924136,
        1611.11821290786,
        1607.590373480429,
        1780.3690317390174,
        1780.3690317390174,
        1780.3690317390174,
        1780.3690317390174,
        1780.3690317390174,
        1633.055489498531,
        1644.4037765245382,
        1664.9715516620336,
        1635.1666869419307,
        1593.4806079303794,
        1566.6074455931048,
        1563.5094306308304
    ],
    "EPA Rank": 100,
    "Auto EPA Rank": 351,
    "TeleOp EPA Rank": 29,
    "Endgame EPA Rank": 44
}