{
    "teamNumber": 5386,
    "teamName": "Fabricators",
    "wins": 6,
    "loss": 2,
    "ties": 0,
    "elo": 1663.854669954531,
    "totalEPA": 40.97176367771672,
    "autonEPA": 11.865089424418173,
    "endgameEPA": 11.99371704896213,
    "unitlessEPA": 1864.032485168095,
    "teleOpEPA": 29.10667425329855,
    "totalEPAOverTime": [
        14.68780487804878,
        17.62520325203252,
        25.775148986111343,
        36.91656945946858,
        37.54394032991701,
        39.75123340224823,
        40.97176367771672,
        40.97176367771672,
        40.97176367771672,
        40.97176367771672
    ],
    "teleOpEPAOverTime": [
        5.240243902439024,
        11.952845528455285,
        17.503664586186467,
        26.175718711369896,
        27.956434732419748,
        27.99427073181417,
        29.10667425329855,
        29.10667425329855,
        29.10667425329855,
        29.10667425329855
    ],
    "autonEPAOverTime": [
        4.758536585365854,
        5.672357723577236,
        8.271484399924875,
        10.740850748098689,
        9.587505597497259,
        11.756962670434062,
        11.865089424418173,
        11.865089424418173,
        11.865089424418173,
        11.865089424418173
    ],
    "endGameEPAOverTime": [
        4.689024390243903,
        5.626016260162602,
        7.981410884367362,
        11.602889574436999,
        12.89970808674679,
        11.973418732956848,
        11.99371704896213,
        11.99371704896213,
        11.99371704896213,
        11.99371704896213
    ],
    "unitlessEPAOverTime": [
        1500,
        1547.1320535770265,
        1669.9522587470706,
        1837.8541801919662,
        1847.3086994661235,
        1880.5727477015048,
        1898.9662172705673,
        1864.032485168095,
        1864.032485168095,
        1864.032485168095
    ],
    "EPA Rank": 23,
    "Auto EPA Rank": 57,
    "TeleOp EPA Rank": 15,
    "Endgame EPA Rank": 2
}