{
  "wins": 0,
  "loss": 0,
  "draws": 0,
  "elo": 1259.9212030569502,
  "stateRank": null,
  "totalEPA": -3.1063825523870356
}