{
  "teamNumber": 5976,
  "wins": 0,
  "loss": 0,
  "draws": 0,
  "elo": 1500,
  "stateRank": null,
  "totalEPA": 19.23232524959204,
  "autonEPA": 3.477840474326317,
  "teleOpEPA": 15.754484775265723,
  "totalEPAOverTime": [
    14.68,
    14.74541440503966,
    16.998700182334368,
    16.16169406739174,
    9.70794032318285,
    8.53004257102159,
    10.500588279436759,
    17.230226448398877,
    17.34703873825253,
    16.21535682615456,
    19.12928374561351
  ],
  "teleOpEPAOverTime": [
    9.93,
    11.701217882722666,
    12.820276086369864,
    15.79172923871211,
    14.02307049463318,
    11.562715605693658,
    11.983958391242457,
    14.295460892986005,
    14.163337512095035,
    15.047153937281369,
    16.3250043563385
  ],
  "autonEPAOverTime": [
    4.75,
    3.0441965223169944,
    4.178424095964504,
    0.36996482867962976,
    -4.315130171450329,
    -3.0326730346720674,
    -1.483370111805698,
    2.9347655554128718,
    3.1837012261574933,
    1.168202888873193,
    2.804279389275011
  ]
}