{
  "teamNumber": 5980,
  "teamName": "Titanium Tech Vikes",
  "wins": 0,
  "loss": 0,
  "draws": 0,
  "elo": 1500,
  "stateRank": null,
  "totalEPA": 21.487824074074073,
  "autonEPA": 10.012088477366255,
  "teleOpEPA": 11.475735596707818,
  "totalEPAOverTime": [
    14.68
  ],
  "teleOpEPAOverTime": [
    9.93
  ],
  "autonEPAOverTime": [
    4.75
  ]
}