{
  "wins": 0,
  "loss": 0,
  "draws": 0,
  "elo": 362.43153250836133,
  "stateRank": null,
  "totalEPA": -75.80304586682273
}