{
  "teamNumber": 6255,
  "teamName": "RoboJackets",
  "wins": 10,
  "loss": 5,
  "ties": 0,
  "elo": 1500,
  "totalEPA": 21.749565237344875,
  "autonEPA": -0.7954946056304282,
  "endgameEPA": 4.363603161393599,
  "unitlessEPA": 1531.071067482355,
  "teleOpEPA": 22.545059842975302,
  "totalEPAOverTime": [
    14.68780487804878,
    15.291869918699186,
    16.675743026977596,
    15.890157931224097,
    11.847103662202231,
    12.118839110032324,
    13.375112120984666,
    13.375112120984666,
    13.375112120984666,
    18.87625674465945,
    31.845417138296717,
    44.0649555041881,
    40.84877563918189,
    34.723109073390404,
    25.913262963725913,
    21.749565237344875,
    21.749565237344875,
    21.749565237344875
  ],
  "teleOpEPAOverTime": [
    5.240243902439024,
    12.119512195121949,
    14.602331961591222,
    13.318074046233821,
    10.578918744921886,
    9.730152699228894,
    9.851805932119564,
    9.851805932119564,
    9.851805932119564,
    10.298331113511642,
    11.925553175903602,
    20.828991629511542,
    26.730636214286527,
    30.26423018603839,
    24.382916555682634,
    22.545059842975302,
    22.545059842975302,
    22.545059842975302
  ],
  "autonEPAOverTime": [
    4.758536585365854,
    3.172357723577236,
    2.073411065386374,
    2.5720838849902763,
    1.2681849172803457,
    2.3886864108034302,
    3.523306188865101,
    3.523306188865101,
    3.523306188865101,
    8.577925631147808,
    19.919863962393116,
    23.235963874676557,
    14.11813942489536,
    4.458878887352013,
    1.530346408043278,
    -0.7954946056304282,
    -0.7954946056304282,
    -0.7954946056304282
  ],
  "endGameEPAOverTime": [
    4.689024390243903,
    5.626016260162602,
    7.078417924096937,
    6.5521809420999535,
    5.770994081881446,
    4.269087646669392,
    3.2014647905730524,
    3.2014647905730524,
    3.2014647905730524,
    3.4057128269637547,
    4.233833964512089,
    6.97256061888422,
    8.339545399899448,
    8.7286776381507,
    5.656208133524688,
    4.363603161393599,
    4.363603161393599,
    4.363603161393599
  ],
  "unitlessEPAOverTime": [
    1500,
    1500.270485437279,
    1522.1934525194483,
    1509.7484125143917,
    1445.6993713696747,
    1450.004135471384,
    1469.9056941479512,
    1472.3977043565683,
    1472.3977043565683,
    1509.3035924856738,
    1634.3615672074743,
    1752.1911470485438,
    1721.1784270226553,
    1662.1103430999087,
    1577.1594689765618,
    1537.0101000728941,
    1531.071067482355,
    1531.071067482355
  ],
  "EPA Rank": 140,
  "Auto EPA Rank": 350,
  "TeleOp EPA Rank": 47,
  "Endgame EPA Rank": 248
}