{
  "wins": 0,
  "loss": 0,
  "draws": 0,
  "elo": 552.9449716521766,
  "stateRank": null,
  "totalEPA": -60.37145729617369
}