{
  "teamNumber": 7045,
  "wins": 0,
  "loss": 0,
  "draws": 0,
  "elo": 1500,
  "stateRank": null,
  "totalEPA": 30.275570282312945,
  "autonEPA": 4.419219965839625,
  "teleOpEPA": 25.856350316473318,
  "totalEPAOverTime": [
    14.68,
    26.42279167973771,
    30.677572756766047,
    32.75536744192212,
    26.70838686875997,
    28.269159259252675
  ],
  "teleOpEPAOverTime": [
    9.93,
    21.832416173802294,
    23.37415301193191,
    24.084649908381472,
    20.17582150698738,
    23.642391158076716
  ],
  "autonEPAOverTime": [
    4.75,
    4.590375505935417,
    7.303419744834139,
    8.670717533540646,
    6.53256536177259,
    4.6267681011759585
  ]
}