{
  "teamNumber": 7047,
  "teamName": "Mechanical Monkeys ",
  "wins": 2,
  "loss": 4,
  "ties": 0,
  "elo": 1500,
  "totalEPA": 21.872108535852483,
  "autonEPA": 7.387320157398469,
  "endgameEPA": 8.681011797225988,
  "unitlessEPA": 1621.9789337966467,
  "teleOpEPA": 14.484788378454013,
  "totalEPAOverTime": [
    14.68780487804878,
    15.62520325203252,
    18.435879021240044,
    19.102670628524738,
    20.145236893564718,
    22.53477670920056,
    21.872108535852483,
    21.872108535852483
  ],
  "teleOpEPAOverTime": [
    5.240243902439024,
    10.786178861788617,
    11.957597524420605,
    10.955612487751468,
    10.938159610668091,
    13.776885364665814,
    14.484788378454013,
    14.484788378454013
  ],
  "autonEPAOverTime": [
    4.758536585365854,
    4.839024390243902,
    6.47828149681944,
    8.14705814077327,
    9.207077282896627,
    8.757891344534746,
    7.387320157398469,
    7.387320157398469
  ],
  "endGameEPAOverTime": [
    4.689024390243903,
    5.626016260162602,
    7.198053692007479,
    7.180039921675557,
    8.17156594126599,
    9.510987902154353,
    8.681011797225988,
    8.681011797225988
  ],
  "unitlessEPAOverTime": [
    1500,
    1468.8559795687013,
    1494.3114888852785,
    1500.350435161973,
    1509.7926680810542,
    1531.434066105559,
    1525.4324646240698,
    1621.9789337966467
  ],
  "EPA Rank": 135,
  "Auto EPA Rank": 138,
  "TeleOp EPA Rank": 130,
  "Endgame EPA Rank": 51
}