{
    "teamNumber": 7138,
    "teamName": "Mechanical Mayhem",
    "wins": 4,
    "loss": 7,
    "ties": 0,
    "elo": 1591.7092678030212,
    "totalEPA": 30.789604672959577,
    "autonEPA": 11.360109286108145,
    "endgameEPA": 4.360048053856556,
    "unitlessEPA": 1705.3747664584348,
    "teleOpEPA": 19.429495386851432,
    "totalEPAOverTime": [
        14.68780487804878,
        16.291869918699188,
        22.726864771714535,
        21.901239744789407,
        21.5826114040986,
        27.301355769476505,
        28.53823101423911,
        28.53823101423911,
        30.333891698857794,
        31.475157216228755,
        28.76824666283441,
        29.624204643823045,
        28.90358913233379,
        30.789604672959577
    ],
    "teleOpEPAOverTime": [
        5.240243902439024,
        9.786178861788619,
        14.215368796431235,
        17.142336560917986,
        19.71433653839893,
        24.41792031150475,
        24.933069269220823,
        24.933069269220823,
        25.622679675570197,
        24.85313373451343,
        19.22595955583933,
        17.424891103056222,
        17.1733036292598,
        19.429495386851432
    ],
    "autonEPAOverTime": [
        4.758536585365854,
        6.505691056910569,
        8.5114959752833,
        4.75890318387142,
        1.8682748656996724,
        2.8834354579717516,
        3.605161745018287,
        3.605161745018287,
        4.7112120232875965,
        6.622023481715323,
        9.542287106995081,
        12.199313540766823,
        11.730285503073992,
        11.360109286108145
    ],
    "endGameEPAOverTime": [
        4.689024390243903,
        3.126016260162602,
        2.568718125895827,
        6.134627702610056,
        7.468639283425253,
        9.015298872792563,
        9.033525524664197,
        9.033525524664197,
        9.246433872179514,
        9.293249147999232,
        7.874664027626423,
        5.24692033893579,
        3.152096297001754,
        4.360048053856556
    ],
    "unitlessEPAOverTime": [
        1500,
        1527.038634687708,
        1624.0144200368918,
        1611.5721979032583,
        1606.7704483636267,
        1692.952292904477,
        1711.5920822096093,
        1689.6377757884898,
        1699.3173092954696,
        1714.4873118539215,
        1678.5063421361226,
        1689.883961597926,
        1680.3053499720052,
        1705.3747664584348
    ],
    "EPA Rank": 63,
    "Auto EPA Rank": 65,
    "TeleOp EPA Rank": 69,
    "Endgame EPA Rank": 249
}