{
    "teamNumber": 7238,
    "teamName": "Blue and White Lightning Strikes",
    "wins": 0,
    "loss": 5,
    "ties": 0,
    "elo": 1353.848877201836,
    "totalEPA": -0.6938412691698084,
    "autonEPA": -1.0359638853229711,
    "endgameEPA": -1.4695549681272637,
    "unitlessEPA": 1321.058928625243,
    "teleOpEPA": 0.34212261615316275,
    "totalEPAOverTime": [
        14.68780487804878,
        12.458536585365854,
        10.375823695822692,
        2.682736505881024,
        -0.24154002394317065,
        -0.09817628761070796,
        -0.6938412691698084
    ],
    "teleOpEPAOverTime": [
        5.240243902439024,
        8.452845528455285,
        7.0841654863736565,
        3.1507587694139803,
        1.6643247012005071,
        0.4223844488860503,
        0.34212261615316275
    ],
    "autonEPAOverTime": [
        4.758536585365854,
        4.005691056910569,
        3.291658209449036,
        -0.4680222635329565,
        -1.9058647251436778,
        -0.5205607364967583,
        -1.0359638853229711
    ],
    "endGameEPAOverTime": [
        4.689024390243903,
        3.9593495934959355,
        2.86143824744146,
        -0.6788239192249355,
        -1.4534319401672622,
        -1.0111138627846823,
        -1.4695549681272637
    ],
    "unitlessEPAOverTime": [
        1500,
        1440.1763596285625,
        1421.3138078022912,
        1351.6396551368566,
        1325.1552953025748,
        1326.4537008198001,
        1321.058928625243
    ],
    "EPA Rank": 368,
    "Auto EPA Rank": 353,
    "TeleOp EPA Rank": 363,
    "Endgame EPA Rank": 371
}