{
  "wins": 0,
  "loss": 0,
  "draws": 0,
  "elo": 758.6090995277277,
  "stateRank": null,
  "totalEPA": -43.712662938254056
}