{
  "teamNumber": 7445,
  "wins": 0,
  "loss": 0,
  "draws": 0,
  "elo": 1500,
  "stateRank": null,
  "totalEPA": 14.223466523627483,
  "autonEPA": 1.245071004072967,
  "teleOpEPA": 12.978395519554516,
  "totalEPAOverTime": [
    14.68,
    16.593594771137052,
    14.43390357880346,
    12.172781132150332,
    13.620564480446316,
    13.542134628369835
  ],
  "teleOpEPAOverTime": [
    9.93,
    12.959907342113958,
    9.738763220154715,
    7.794286037362594,
    9.802188167199173,
    11.770105633703887
  ],
  "autonEPAOverTime": [
    4.75,
    3.6336874290230945,
    4.695140358648745,
    4.378495094787738,
    3.818376313247142,
    1.772028994665949
  ]
}