{
  "teamNumber": 7837,
  "wins": 0,
  "loss": 0,
  "draws": 0,
  "elo": 1500,
  "stateRank": null,
  "totalEPA": 15.794155213877666,
  "autonEPA": 8.339227084055215,
  "teleOpEPA": 7.45492812982245,
  "totalEPAOverTime": [
    14.68,
    15.040473011719287,
    12.082633176600945,
    7.827490463904563,
    14.226162117948666,
    16.022444676097887
  ],
  "teleOpEPAOverTime": [
    9.93,
    6.657189964328822,
    6.1696493730476725,
    3.2382192388580178,
    5.974456038907279,
    7.845942085805065
  ],
  "autonEPAOverTime": [
    4.75,
    8.383283047390465,
    5.9129838035532725,
    4.589271225046545,
    8.251706079041387,
    8.176502590292822
  ]
}