{
  "wins": 0,
  "loss": 0,
  "draws": 0,
  "elo": 1471.8640183735374,
  "stateRank": null,
  "totalEPA": 14.06098548825653
}