{
  "wins": 0,
  "loss": 0,
  "draws": 0,
  "elo": 530.5848135374913,
  "stateRank": null,
  "totalEPA": -62.1826301034632
}