{
  "teamNumber": 8027,
  "wins": 0,
  "loss": 0,
  "draws": 0,
  "elo": 1500,
  "stateRank": null,
  "totalEPA": 34.52535532902739,
  "autonEPA": 15.597913544704726,
  "teleOpEPA": 18.927441784322667,
  "totalEPAOverTime": [
    14.68,
    25.015128746508374,
    17.82195062028005,
    18.01626453042058,
    18.503091339595006,
    18.777515931669107,
    16.89538866936793,
    19.521688142687328,
    26.630660805944615,
    31.429343220981366,
    33.6726107759344
  ],
  "teleOpEPAOverTime": [
    9.93,
    12.680290292828419,
    7.245168216633248,
    7.620021612850421,
    7.226407228928631,
    9.0189251759141,
    6.910878199410158,
    8.486667318193307,
    14.034369171599042,
    17.65503819861527,
    18.816836460885746
  ],
  "autonEPAOverTime": [
    4.75,
    12.334838453679955,
    10.576782403646801,
    10.396242917570161,
    11.276684110666375,
    9.758590755755007,
    9.98451046995777,
    11.03502082449402,
    12.596291634345572,
    13.774305022366097,
    14.855774315048654
  ]
}