{
  "wins": 0,
  "loss": 0,
  "draws": 0,
  "elo": 1710.4594671799957,
  "stateRank": null,
  "totalEPA": 33.38721684157965
}