{
  "teamNumber": 8487,
  "teamName": "Robo Toasters",
  "wins": 0,
  "loss": 0,
  "draws": 0,
  "elo": 1500,
  "stateRank": null,
  "totalEPA": 17.768170296067673,
  "autonEPA": 5.248605038294467,
  "teleOpEPA": 12.519565257773206,
  "totalEPAOverTime": [
    14.68
  ],
  "teleOpEPAOverTime": [
    9.93
  ],
  "autonEPAOverTime": [
    4.75
  ]
}