{
  "wins": 0,
  "loss": 0,
  "draws": 0,
  "elo": 549.4866997095036,
  "stateRank": null,
  "totalEPA": -60.651577323530205
}