{
  "teamNumber": 8492,
  "wins": 0,
  "loss": 0,
  "draws": 0,
  "elo": 1500,
  "stateRank": null,
  "totalEPA": 22.68865757953082,
  "autonEPA": 12.210315046888516,
  "teleOpEPA": 10.478342532642303,
  "totalEPAOverTime": [
    14.68,
    19.907601952015256,
    16.874033011377723,
    13.590113906975336,
    19.775765998484896,
    22.283263065820936
  ],
  "teleOpEPAOverTime": [
    9.93,
    10.283551019336512,
    8.689642811009318,
    5.819538900108688,
    11.61455403914695,
    11.496652268647894
  ],
  "autonEPAOverTime": [
    4.75,
    9.624050932678744,
    8.184390200368405,
    7.770575006866649,
    8.161211959337946,
    10.786610797173042
  ]
}