{
  "teamNumber": 8513,
  "teamName": "Joe Bots - Maize",
  "wins": 5,
  "loss": 3,
  "ties": 0,
  "elo": 1500,
  "totalEPA": 50.05950149223289,
  "autonEPA": 16.714660022102542,
  "endgameEPA": 7.945187835770728,
  "unitlessEPA": 1814.3839284042126,
  "teleOpEPA": 33.34484147013035,
  "totalEPAOverTime": [
    14.68780487804878,
    20.483750506539234,
    33.42164153708657,
    37.98808441385319,
    42.93792573692568,
    48.493969734123006,
    50.05950149223289,
    50.05950149223289,
    50.05950149223289,
    50.05950149223289
  ],
  "teleOpEPAOverTime": [
    5.240243902439024,
    14.412448095877416,
    26.01899543130769,
    31.20494185024284,
    32.22923170402335,
    33.93185181654818,
    33.34484147013035,
    33.34484147013035,
    33.34484147013035,
    33.34484147013035
  ],
  "autonEPAOverTime": [
    4.758536585365854,
    6.071302410661818,
    7.402646105778882,
    6.783142563610346,
    10.708694032902327,
    14.562117917574824,
    16.714660022102542,
    16.714660022102542,
    16.714660022102542,
    16.714660022102542
  ],
  "endGameEPAOverTime": [
    4.689024390243903,
    6.5442568195386706,
    10.59267771925101,
    11.256342860582711,
    8.835879526570716,
    7.9544032074747735,
    7.945187835770728,
    7.945187835770728,
    7.945187835770728,
    7.945187835770728
  ],
  "unitlessEPAOverTime": [
    1500,
    1529.6324567833794,
    1660.815495798237,
    1707.1166937792382,
    1757.305339352836,
    1813.6405438101706,
    1829.5141675111456,
    1814.3839284042126,
    1814.3839284042126,
    1814.3839284042126
  ],
  "EPA Rank": 9,
  "Auto EPA Rank": 20,
  "TeleOp EPA Rank": 6,
  "Endgame EPA Rank": 81
}