{
  "teamNumber": 8533,
  "teamName": "CSPA Miners",
  "wins": 0,
  "loss": 0,
  "draws": 0,
  "elo": 1500,
  "stateRank": null,
  "totalEPA": 20.91297758191015,
  "autonEPA": 6.332015094844467,
  "teleOpEPA": 14.580962487065685,
  "totalEPAOverTime": [
    14.68
  ],
  "teleOpEPAOverTime": [
    9.93
  ],
  "autonEPAOverTime": [
    4.75
  ]
}