{
  "teamNumber": 8579,
  "teamName": "Classical Engineers",
  "wins": 0,
  "loss": 0,
  "draws": 0,
  "elo": 1500,
  "stateRank": null,
  "totalEPA": 21.29056483873414,
  "autonEPA": 4.92982961517361,
  "teleOpEPA": 16.360735223560532,
  "totalEPAOverTime": [
    14.68
  ],
  "teleOpEPAOverTime": [
    9.93
  ],
  "autonEPAOverTime": [
    4.75
  ]
}