{
  "teamNumber": 8580,
  "wins": 0,
  "loss": 0,
  "draws": 0,
  "elo": 1500,
  "stateRank": null,
  "totalEPA": 34.27483791553878,
  "autonEPA": 13.830858850053406,
  "teleOpEPA": 20.443979065485376,
  "totalEPAOverTime": [
    14.68,
    23.937561684201082,
    14.19382368139294,
    13.183249139072672,
    7.97968926994721,
    11.416122329180272,
    15.847455671304552,
    22.54958808836626,
    26.551107168973072,
    25.744580176339007,
    27.8200454911197,
    29.625323642262988,
    28.747293779684096,
    25.621770106447876,
    32.939535331581745,
    41.71813013317208,
    34.66030130299172
  ],
  "teleOpEPAOverTime": [
    9.93,
    14.331750532258978,
    7.892763263954089,
    10.197923914173307,
    8.691677221894114,
    11.65542143480106,
    14.528644776651479,
    18.168697222808422,
    18.759303598362155,
    18.213572978093584,
    21.89302867620336,
    21.44164749064507,
    15.529845463460598,
    11.51886038565056,
    14.864641707764068,
    24.00607814904423,
    20.981144947782717
  ],
  "autonEPAOverTime": [
    4.75,
    9.605811151942104,
    6.301060417438851,
    2.9853252248993645,
    -0.7119879519469033,
    -0.2392991056207867,
    1.3188108946530734,
    4.380890865557839,
    7.791803570610917,
    7.5310071982454225,
    5.927016814916339,
    8.183676151617917,
    13.217448316223498,
    14.102909720797316,
    18.074893623817676,
    17.71205198412785,
    13.679156355209004
  ]
}