{
  "teamNumber": 8603,
  "wins": 0,
  "loss": 0,
  "draws": 0,
  "elo": 1500,
  "stateRank": null,
  "totalEPA": 11.539915073316887,
  "autonEPA": 2.4342237919508114,
  "teleOpEPA": 9.105691281366076,
  "totalEPAOverTime": [
    14.68,
    9.725012917838587,
    9.945630530789582,
    16.722048801406117,
    15.750342657037345,
    15.98247382156484,
    12.966776740211365,
    9.621235971685284,
    13.576081197706642,
    16.566690417691767,
    13.83104530588382
  ],
  "teleOpEPAOverTime": [
    9.93,
    6.705884180696682,
    5.84034935311364,
    9.057032805272666,
    7.979629421790805,
    8.671850569075502,
    7.387833315969836,
    5.8920201391280145,
    8.289948172731728,
    9.571021260094199,
    9.75039923897572
  ],
  "autonEPAOverTime": [
    4.75,
    3.0191287371419055,
    4.105281177675942,
    7.6650159961334525,
    7.77071323524654,
    7.3106232524893375,
    5.57894342424153,
    3.7292158325572693,
    5.286133024974914,
    6.995669157597568,
    4.080646066908098
  ]
}