{
  "teamNumber": 8603,
  "teamName": "The Fighting Gnomes",
  "wins": 4,
  "loss": 6,
  "ties": 0,
  "elo": 1500,
  "totalEPA": 11.984962189297484,
  "autonEPA": 2.413692221964965,
  "endgameEPA": 4.312422942089652,
  "unitlessEPA": 1457.4589908734113,
  "teleOpEPA": 9.571269967332519,
  "totalEPAOverTime": [
    14.68780487804878,
    10.958536585365854,
    5.538535675297066,
    11.089514690837289,
    11.509294108552456,
    13.463654436750552,
    12.870671537959922,
    10.610925468625139,
    6.1555231374265365,
    9.355838317024114,
    14.187218060163342,
    13.62799657629815,
    11.984962189297484
  ],
  "teleOpEPAOverTime": [
    5.240243902439024,
    7.786178861788618,
    2.689950123044113,
    4.092756572457892,
    3.883121050837641,
    6.152272713695876,
    6.183124680589103,
    4.997725851710431,
    2.5165586181432826,
    4.715692904886161,
    7.671376558347527,
    9.628736012279397,
    9.571269967332519
  ],
  "autonEPAOverTime": [
    4.758536585365854,
    3.172357723577236,
    2.8485855522529526,
    6.996758118379397,
    7.626173057714816,
    7.3113817230546765,
    6.687546857370819,
    5.613199616914708,
    3.638964519283254,
    4.640145412137953,
    6.515841501815816,
    3.999260564018754,
    2.413692221964965
  ],
  "endGameEPAOverTime": [
    4.689024390243903,
    3.9593495934959355,
    3.2937943835832115,
    5.042693299494529,
    5.335507677272025,
    6.6497970862514295,
    5.945486343265482,
    5.006401221013918,
    1.9860518388991462,
    1.6149169010350342,
    2.1653157237110543,
    3.8799740806696086,
    4.312422942089652
  ],
  "unitlessEPAOverTime": [
    1500,
    1446.664959130435,
    1364.9851976305608,
    1448.63880758436,
    1454.9649103453087,
    1484.4172458966711,
    1475.4809555619695,
    1438.1865329916352,
    1375.6943502991846,
    1420.5824807103008,
    1488.3481824631297,
    1480.5044528653482,
    1457.4589908734113
  ],
  "EPA Rank": 251,
  "Auto EPA Rank": 281,
  "TeleOp EPA Rank": 227,
  "Endgame EPA Rank": 252
}