{
  "teamNumber": 8621,
  "wins": 0,
  "loss": 0,
  "draws": 0,
  "elo": 1500,
  "stateRank": null,
  "totalEPA": 18.535713397468285,
  "autonEPA": 4.270628885744721,
  "teleOpEPA": 14.265084511723565,
  "totalEPAOverTime": [
    14.68,
    13.455876424318575,
    5.605646037828462,
    9.088060415851078,
    12.761118455766406,
    17.17909127714562
  ],
  "teleOpEPAOverTime": [
    9.93,
    9.758867900802006,
    4.768559251806729,
    7.429059529056266,
    8.387082055481049,
    12.763031334756525
  ],
  "autonEPAOverTime": [
    4.75,
    3.69700852351657,
    0.8370867860217336,
    1.659000886794812,
    4.374036400285357,
    4.416059942389095
  ]
}