{
  "teamNumber": 8932,
  "wins": 0,
  "loss": 0,
  "draws": 0,
  "elo": 1500,
  "stateRank": null,
  "totalEPA": 16.49707864245113,
  "autonEPA": 1.8279994425482577,
  "teleOpEPA": 14.669079199902871,
  "totalEPAOverTime": [
    14.68,
    19.905262763292257,
    19.054342841521972,
    19.697386869585777,
    15.609430646539636,
    15.23390744641996
  ],
  "teleOpEPAOverTime": [
    9.93,
    15.316378971873501,
    11.695110971866384,
    10.197818910969852,
    11.040047631098076,
    13.280781006183199
  ],
  "autonEPAOverTime": [
    4.75,
    4.588883791418755,
    7.359231869655588,
    9.499567958615925,
    4.56938301544156,
    1.9531264402367614
  ]
}