{
  "wins": 0,
  "loss": 0,
  "draws": 0,
  "elo": 685.3483972296552,
  "stateRank": null,
  "totalEPA": -49.646779824397925
}