{
  "teamNumber": 9087,
  "wins": 0,
  "loss": 0,
  "draws": 0,
  "elo": 1500,
  "stateRank": null,
  "totalEPA": 27.505565476612542,
  "autonEPA": 7.731099123179988,
  "teleOpEPA": 19.774466353432555,
  "totalEPAOverTime": [
    14.68,
    21.72878489134911,
    20.70966532961729,
    19.217040605664025,
    13.89316178265335,
    11.812659237610637,
    12.016424183143913,
    14.078828665952058,
    19.67521347213549,
    21.82135113886227,
    26.08295999980566
  ],
  "teleOpEPAOverTime": [
    9.93,
    15.791815024880412,
    15.372254574086181,
    16.05771770453423,
    11.952939896551344,
    9.25988624179168,
    9.03148187166547,
    12.213070276269512,
    16.78026161849782,
    17.61443748756389,
    19.22653114963617
  ],
  "autonEPAOverTime": [
    4.75,
    5.936969866468699,
    5.33741075553111,
    3.1593229011297943,
    1.9402218861020049,
    2.552772995818958,
    2.9849423114784424,
    1.8657583896825454,
    2.894951853637668,
    4.206913651298378,
    6.85642885016949
  ]
}