{
    "teamNumber": 9133,
    "teamName": "Robo Dawgs",
    "wins": 7,
    "loss": 2,
    "ties": 0,
    "elo": 1695.1524964174469,
    "totalEPA": 45.068214769707694,
    "autonEPA": 12.281611744644803,
    "endgameEPA": 8.325628922349836,
    "unitlessEPA": 1794.9905805937597,
    "teleOpEPA": 32.78660302506289,
    "totalEPAOverTime": [
        14.68780487804878,
        17.958536585365852,
        25.63270379709574,
        25.787497385932056,
        29.376713846655047,
        38.087564911067794,
        45.068214769707694,
        45.068214769707694,
        45.068214769707694,
        45.068214769707694,
        45.068214769707694
    ],
    "teleOpEPAOverTime": [
        5.240243902439024,
        12.286178861788617,
        18.35096687378282,
        18.376756005313652,
        22.82592542961094,
        28.713955169671046,
        32.78660302506289,
        32.78660302506289,
        32.78660302506289,
        32.78660302506289,
        32.78660302506289
    ],
    "autonEPAOverTime": [
        4.758536585365854,
        5.672357723577236,
        7.281736923312919,
        7.410741380618405,
        6.550788417044108,
        9.373609741396747,
        12.281611744644803,
        12.281611744644803,
        12.281611744644803,
        12.281611744644803,
        12.281611744644803
    ],
    "endGameEPAOverTime": [
        4.689024390243903,
        5.626016260162602,
        7.121734066092076,
        5.449878282576183,
        7.007331860649792,
        7.74750042101453,
        8.325628922349836,
        8.325628922349836,
        8.325628922349836,
        8.325628922349836,
        8.325628922349836
    ],
    "unitlessEPAOverTime": [
        1500,
        1517.0160655895613,
        1603.441965684317,
        1605.1852395634198,
        1645.6067282662927,
        1743.7076847691064,
        1822.3232440387992,
        1794.9905805937597,
        1794.9905805937597,
        1794.9905805937597,
        1794.9905805937597
    ],
    "EPA Rank": 13,
    "Auto EPA Rank": 54,
    "TeleOp EPA Rank": 8,
    "Endgame EPA Rank": 66
}