{
  "wins": 0,
  "loss": 0,
  "draws": 0,
  "elo": 307.3601381044129,
  "stateRank": null,
  "totalEPA": -80.26382881354255
}