{
  "teamNumber": 9412,
  "teamName": "Johnny 5's",
  "wins": 0,
  "loss": 0,
  "draws": 0,
  "elo": 1500,
  "stateRank": null,
  "totalEPA": 11.053024691358024,
  "autonEPA": 1.7668467078189305,
  "teleOpEPA": 9.286177983539094,
  "totalEPAOverTime": [
    14.68
  ],
  "teleOpEPAOverTime": [
    9.93
  ],
  "autonEPAOverTime": [
    4.75
  ]
}