{
  "wins": 0,
  "loss": 0,
  "draws": 0,
  "elo": 1350.3489426835943,
  "stateRank": null,
  "totalEPA": 4.218264357371137
}