{
  "teamNumber": 9499,
  "teamName": "Destrobots",
  "wins": 0,
  "loss": 0,
  "draws": 0,
  "elo": 1500,
  "stateRank": null,
  "totalEPA": 21.890544261968873,
  "autonEPA": 8.820144356408449,
  "teleOpEPA": 13.070399905560425,
  "totalEPAOverTime": [
    14.68
  ],
  "teleOpEPAOverTime": [
    9.93
  ],
  "autonEPAOverTime": [
    4.75
  ]
}