{
  "wins": 0,
  "loss": 0,
  "draws": 0,
  "elo": 1269.2997101692383,
  "stateRank": null,
  "totalEPA": -2.3467234762916966
}