{
  "teamNumber": 9933,
  "teamName": "Grand Blanc Blazin' Turtles",
  "wins": 0,
  "loss": 0,
  "draws": 0,
  "elo": 1500,
  "stateRank": null,
  "totalEPA": 22.366951021013797,
  "autonEPA": 7.568078719470094,
  "teleOpEPA": 14.798872301543703,
  "totalEPAOverTime": [
    14.68
  ],
  "teleOpEPAOverTime": [
    9.93
  ],
  "autonEPAOverTime": [
    4.75
  ]
}