{
  "predictedWinner": "Blue",
  "redTeams": [
    25083
  ],
  "blueTeams": [
    18966,
    22303
  ],
  "actualWinner": "Blue",
  "pointBreakdown": {
    "redData": {
      "redScore": 3,
      "redPenaltyFreeScore": 3,
      "redAuto": 0,
      "redTeleOp": 3,
      "redEndgame": 0
    },
    "blueData": {
      "blueScore": 27,
      "bluePenaltyFreeScore": 27,
      "blueAuto": 23,
      "blueTeleOp": 4,
      "blueEndgame": 0
    }
  },
  "predictedScores": {
    "redEPA": 10.083955091777787,
    "redAutonEPA": -2.116934556454394,
    "redTeleOpEPA": 7.583626877167967,
    "redEndgameEPA": 4.617262771064214,
    "blueEPA": 33.18465589309676,
    "blueAutonEPA": 12.218969608828198,
    "blueTeleOpEPA": 5.065749440339808,
    "blueEndgameEPA": 15.899936843928757
  }
}