{
  "predictedWinner": "Blue",
  "redTeams": [
    13882,
    7140
  ],
  "blueTeams": [
    17975,
    9819
  ],
  "actualWinner": "Blue",
  "pointBreakdown": {
    "redData": {
      "redScore": 22,
      "redPenaltyFreeScore": 12,
      "redAuto": 0,
      "redTeleOp": 3,
      "redEndgame": 9
    },
    "blueData": {
      "blueScore": 87,
      "bluePenaltyFreeScore": 87,
      "blueAuto": 14,
      "blueTeleOp": 55,
      "blueEndgame": 18
    }
  },
  "predictedScores": {
    "redEPA": 30.679399441976138,
    "redAutonEPA": 4.383884716374126,
    "redTeleOpEPA": 20.199708867612408,
    "redEndgameEPA": 6.095805857989604,
    "blueEPA": 63.59613182389335,
    "blueAutonEPA": 19.952413374648554,
    "blueTeleOpEPA": 30.347849736777064,
    "blueEndgameEPA": 13.295868712467735
  }
}