{
  "predictedWinner": "Blue",
  "redTeams": [
    10723,
    14951
  ],
  "blueTeams": [
    9020,
    7043
  ],
  "actualWinner": "Red",
  "pointBreakdown": {
    "redData": {
      "redScore": 45,
      "redPenaltyFreeScore": 45,
      "redAuto": 25,
      "redTeleOp": 0,
      "redEndgame": 20
    },
    "blueData": {
      "blueScore": 4,
      "bluePenaltyFreeScore": 4,
      "blueAuto": 0,
      "blueTeleOp": 4,
      "blueEndgame": 0
    }
  },
  "predictedScores": {
    "redEPA": 15.158994156301763,
    "redAutonEPA": -8.088931686016926,
    "redTeleOpEPA": 8.195251490876997,
    "redEndgameEPA": 15.05267435144169,
    "blueEPA": 40.88813862613752,
    "blueAutonEPA": -1.4534412550135754,
    "blueTeleOpEPA": 33.72604397993281,
    "blueEndgameEPA": 8.615535901218282
  }
}