{
  "predictedWinner": "Blue",
  "redTeams": [
    21522,
    14944
  ],
  "blueTeams": [
    14670,
    14033
  ],
  "actualWinner": "Red",
  "pointBreakdown": {
    "redData": {
      "redScore": 37,
      "redPenaltyFreeScore": 27,
      "redAuto": 4,
      "redTeleOp": 10,
      "redEndgame": 13
    },
    "blueData": {
      "blueScore": 14,
      "bluePenaltyFreeScore": 14,
      "blueAuto": 2,
      "blueTeleOp": 10,
      "blueEndgame": 2
    }
  },
  "predictedScores": {
    "redEPA": 24.39742434120243,
    "redAutonEPA": 2.0213309698567867,
    "redTeleOpEPA": 14.745883759791734,
    "redEndgameEPA": 7.630209611553909,
    "blueEPA": 65.1962976144955,
    "blueAutonEPA": 18.752010169308143,
    "blueTeleOpEPA": 18.84950610765039,
    "blueEndgameEPA": 27.594781337536972
  }
}