{
  "predictedWinner": "Red",
  "redTeams": [
    14752,
    18995,
    5663
  ],
  "blueTeams": [
    8531,
    13643,
    10024
  ],
  "actualWinner": "Blue",
  "pointBreakdown": {
    "redData": {
      "redScore": 138,
      "redPenaltyFreeScore": 138,
      "redAuto": 42,
      "redTeleOp": 30,
      "redEndgame": 66
    },
    "blueData": {
      "blueScore": 190,
      "bluePenaltyFreeScore": 190,
      "blueAuto": 49,
      "blueTeleOp": 48,
      "blueEndgame": 93
    }
  },
  "predictedScores": {
    "redEPA": 208.0373874299563,
    "redAutonEPA": 85.13911502380662,
    "redTeleOpEPA": 13.795181242481874,
    "redEndgameEPA": 109.10309116366781,
    "blueEPA": 190.6530794411324,
    "blueAutonEPA": 61.60611925964722,
    "blueTeleOpEPA": 34.37450628795784,
    "blueEndgameEPA": 94.67245389352735
  }
}