{
  "predictedWinner": "Blue",
  "redTeams": [
    18968,
    8531
  ],
  "blueTeams": [
    9028,
    14752
  ],
  "actualWinner": "Blue",
  "pointBreakdown": {
    "redData": {
      "redScore": 87,
      "redPenaltyFreeScore": 87,
      "redAuto": 9,
      "redTeleOp": 14,
      "redEndgame": 64
    },
    "blueData": {
      "blueScore": 120,
      "bluePenaltyFreeScore": 120,
      "blueAuto": 49,
      "blueTeleOp": 20,
      "blueEndgame": 51
    }
  },
  "predictedScores": {
    "redEPA": 83.77568785833489,
    "redAutonEPA": 15.38977975419223,
    "redTeleOpEPA": 13.99539620803619,
    "redEndgameEPA": 54.39051189610647,
    "blueEPA": 88.44770852342683,
    "blueAutonEPA": 24.75196425656783,
    "blueTeleOpEPA": 25.490742290245244,
    "blueEndgameEPA": 38.20500197661375
  }
}