{
  "predictedWinner": "Blue",
  "redTeams": [
    20803,
    19920
  ],
  "blueTeams": [
    12181,
    7047
  ],
  "actualWinner": "Blue",
  "pointBreakdown": {
    "redData": {
      "redScore": 93,
      "redPenaltyFreeScore": 63,
      "redAuto": 49,
      "redTeleOp": -44,
      "redEndgame": 58
    },
    "blueData": {
      "blueScore": 107,
      "bluePenaltyFreeScore": 107,
      "blueAuto": 13,
      "blueTeleOp": 32,
      "blueEndgame": 62
    }
  },
  "predictedScores": {
    "redEPA": 21.22669915940447,
    "redAutonEPA": 46.1337063681319,
    "redTeleOpEPA": -32.541101699194456,
    "redEndgameEPA": 7.6340944904670245,
    "blueEPA": 39.97452697304973,
    "blueAutonEPA": -11.364479826212701,
    "blueTeleOpEPA": -8.293240824105254,
    "blueEndgameEPA": 59.63224762336768
  }
}