{
  "predictedWinner": "Red",
  "redTeams": [
    13106,
    14638
  ],
  "blueTeams": [
    18966,
    15206
  ],
  "actualWinner": "Blue",
  "pointBreakdown": {
    "redData": {
      "redScore": 64,
      "redPenaltyFreeScore": 64,
      "redAuto": 18,
      "redTeleOp": 4,
      "redEndgame": 42
    },
    "blueData": {
      "blueScore": 78,
      "bluePenaltyFreeScore": 78,
      "blueAuto": 26,
      "blueTeleOp": 16,
      "blueEndgame": 36
    }
  },
  "predictedScores": {
    "redEPA": 103.28062751165947,
    "redAutonEPA": 17.486417180897362,
    "redTeleOpEPA": 32.308540746900015,
    "redEndgameEPA": 53.4856695838621,
    "blueEPA": 52.4558081196308,
    "blueAutonEPA": 7.068226553702404,
    "blueTeleOpEPA": 21.7310781536872,
    "blueEndgameEPA": 23.6565034122412
  }
}