{
  "predictedWinner": "Blue",
  "redTeams": [
    14757,
    18967
  ],
  "blueTeams": [
    17349,
    16316
  ],
  "actualWinner": "Red",
  "pointBreakdown": {
    "redData": {
      "redScore": 89,
      "redPenaltyFreeScore": 89,
      "redAuto": 16,
      "redTeleOp": 28,
      "redEndgame": 45
    },
    "blueData": {
      "blueScore": 39,
      "bluePenaltyFreeScore": 39,
      "blueAuto": 5,
      "blueTeleOp": 10,
      "blueEndgame": 24
    }
  },
  "predictedScores": {
    "redEPA": 10.738586199134122,
    "redAutonEPA": 21.514967918070123,
    "redTeleOpEPA": -33.793678987910226,
    "redEndgameEPA": 23.01729726897422,
    "blueEPA": 21.851434010926937,
    "blueAutonEPA": 3.4078689626256002,
    "blueTeleOpEPA": -8.364371284796633,
    "blueEndgameEPA": 26.80793633309797
  }
}