{
  "predictedWinner": "Red",
  "redTeams": [
    14752,
    5663,
    18995
  ],
  "blueTeams": [
    16607,
    20225,
    15358
  ],
  "actualWinner": "Red",
  "pointBreakdown": {
    "redData": {
      "redScore": 170,
      "redPenaltyFreeScore": 170,
      "redAuto": 42,
      "redTeleOp": 68,
      "redEndgame": 60
    },
    "blueData": {
      "blueScore": 134,
      "bluePenaltyFreeScore": 134,
      "blueAuto": 56,
      "blueTeleOp": 28,
      "blueEndgame": 50
    }
  },
  "predictedScores": {
    "redEPA": 207.99760760673598,
    "redAutonEPA": 85.12593865152584,
    "redTeleOpEPA": 13.789996925663914,
    "redEndgameEPA": 109.08167202954623,
    "blueEPA": 152.4254146741069,
    "blueAutonEPA": 70.76069632895896,
    "blueTeleOpEPA": 16.88550407146238,
    "blueEndgameEPA": 64.77921427368555
  }
}