{
  "predictedWinner": "Red",
  "redTeams": [
    10024,
    13643,
    8531
  ],
  "blueTeams": [
    7047,
    10035,
    9028
  ],
  "actualWinner": "Blue",
  "pointBreakdown": {
    "redData": {
      "redScore": 107,
      "redPenaltyFreeScore": 77,
      "redAuto": 29,
      "redTeleOp": -18,
      "redEndgame": 66
    },
    "blueData": {
      "blueScore": 158,
      "bluePenaltyFreeScore": 158,
      "blueAuto": 13,
      "blueTeleOp": 46,
      "blueEndgame": 99
    }
  },
  "predictedScores": {
    "redEPA": 190.7232500399047,
    "redAutonEPA": 61.62936206401882,
    "redTeleOpEPA": 34.38365113134711,
    "redEndgameEPA": 94.71023684453877,
    "blueEPA": 169.7145299983632,
    "blueAutonEPA": 37.62693812461133,
    "blueTeleOpEPA": 41.00013215169486,
    "blueEndgameEPA": 91.08745972205702
  }
}