{
  "predictedWinner": "Blue",
  "redTeams": [
    14649,
    14773
  ],
  "blueTeams": [
    22918
  ],
  "actualWinner": "Blue",
  "pointBreakdown": {
    "redData": {
      "redScore": 12,
      "redPenaltyFreeScore": 12,
      "redAuto": 5,
      "redTeleOp": 7,
      "redEndgame": 0
    },
    "blueData": {
      "blueScore": 33,
      "bluePenaltyFreeScore": 33,
      "blueAuto": 25,
      "blueTeleOp": 3,
      "blueEndgame": 5
    }
  },
  "predictedScores": {
    "redEPA": 19.915153280994325,
    "redAutonEPA": 4.391481102287811,
    "redTeleOpEPA": 7.0109800582442485,
    "redEndgameEPA": 8.512692120462265,
    "blueEPA": 52.18571467179086,
    "blueAutonEPA": 26.21811040597651,
    "blueTeleOpEPA": -0.21585072221132862,
    "blueEndgameEPA": 26.18345498802568
  }
}