{
  "predictedWinner": "Blue",
  "redTeams": [
    6155,
    22024
  ],
  "blueTeams": [
    15353,
    13999
  ],
  "actualWinner": "Blue",
  "pointBreakdown": {
    "redData": {
      "redScore": 40,
      "redPenaltyFreeScore": 40,
      "redAuto": 10,
      "redTeleOp": 5,
      "redEndgame": 25
    },
    "blueData": {
      "blueScore": 65,
      "bluePenaltyFreeScore": 65,
      "blueAuto": 33,
      "blueTeleOp": 7,
      "blueEndgame": 25
    }
  },
  "predictedScores": {
    "redEPA": 3.511306611224036,
    "redAutonEPA": 12.143287726969312,
    "redTeleOpEPA": -10.833335111158116,
    "redEndgameEPA": 2.20135399541284,
    "blueEPA": 44.91788202248428,
    "blueAutonEPA": 19.06337084492315,
    "blueTeleOpEPA": 13.833312572174881,
    "blueEndgameEPA": 12.021198605386248
  }
}