{
  "predictedWinner": "Blue",
  "redTeams": [
    17768,
    6482
  ],
  "blueTeams": [
    15104,
    22373
  ],
  "actualWinner": "Blue",
  "pointBreakdown": {
    "redData": {
      "redScore": 49,
      "redPenaltyFreeScore": 49,
      "redAuto": 23,
      "redTeleOp": 14,
      "redEndgame": 12
    },
    "blueData": {
      "blueScore": 125,
      "bluePenaltyFreeScore": 125,
      "blueAuto": 24,
      "blueTeleOp": 67,
      "blueEndgame": 34
    }
  },
  "predictedScores": {
    "redEPA": 89.67551300907898,
    "redAutonEPA": -7.27603046141886,
    "redTeleOpEPA": 62.81924161921402,
    "redEndgameEPA": 34.13230185128382,
    "blueEPA": 163.05975363703485,
    "blueAutonEPA": 33.70885732553296,
    "blueTeleOpEPA": 77.3562283739461,
    "blueEndgameEPA": 51.99466793755579
  }
}