{
  "winProbability": 0.5020832010325563,
  "predictedWinner": "Blue",
  "redTeams": [
    25089,
    25088
  ],
  "blueTeams": [
    25086,
    25087
  ],
  "actualWinner": "Red",
  "pointBreakdown": {
    "redData": {
      "redScore": 35,
      "redPenaltyFreeScore": 35,
      "redAuto": 5,
      "redTeleOp": 15,
      "redEndgame": 15
    },
    "blueData": {
      "blueScore": 23,
      "bluePenaltyFreeScore": 23,
      "blueAuto": 12,
      "blueTeleOp": 11,
      "blueEndgame": 0
    }
  },
  "predictedScores": {
    "redEPA": 33.45559862530137,
    "redAutonEPA": 8.554474537632501,
    "redTeleOpEPA": 17.454263855000498,
    "redEndgameEPA": 7.446860232668369,
    "blueEPA": 33.665327571736235,
    "blueAutonEPA": 7.749004583536024,
    "blueTeleOpEPA": 14.466707655017014,
    "blueEndgameEPA": 11.449615333183196
  }
}