{
  "predictedWinner": "Blue",
  "redTeams": [
    25085,
    25089
  ],
  "blueTeams": [
    25087,
    25084
  ],
  "actualWinner": "Blue",
  "pointBreakdown": {
    "redData": {
      "redScore": 39,
      "redPenaltyFreeScore": 39,
      "redAuto": 6,
      "redTeleOp": 33,
      "redEndgame": 0
    },
    "blueData": {
      "blueScore": 42,
      "bluePenaltyFreeScore": 42,
      "blueAuto": 10,
      "blueTeleOp": 32,
      "blueEndgame": 0
    }
  },
  "predictedScores": {
    "redEPA": 25.94112106538724,
    "redAutonEPA": 9.279682651166475,
    "redTeleOpEPA": 17.452750429937574,
    "redEndgameEPA": -0.7913120157168074,
    "blueEPA": 27.40087015065309,
    "blueAutonEPA": 6.8245957208484835,
    "blueTeleOpEPA": 19.39086816319688,
    "blueEndgameEPA": 1.1854062666077247
  }
}