{
  "predictedWinner": "Blue",
  "redTeams": [
    15411,
    13667
  ],
  "blueTeams": [
    15191,
    11193
  ],
  "actualWinner": "Blue",
  "pointBreakdown": {
    "redData": {
      "redScore": 63,
      "redPenaltyFreeScore": 63,
      "redAuto": 20,
      "redTeleOp": 6,
      "redEndgame": 37
    },
    "blueData": {
      "blueScore": 96,
      "bluePenaltyFreeScore": 96,
      "blueAuto": 12,
      "blueTeleOp": 20,
      "blueEndgame": 64
    }
  },
  "predictedScores": {
    "redEPA": 56.40391626319805,
    "redAutonEPA": 14.611204245405654,
    "redTeleOpEPA": 4.803060668312199,
    "redEndgameEPA": 36.9896513494802,
    "blueEPA": 104.52515652052583,
    "blueAutonEPA": 30.82984527914345,
    "blueTeleOpEPA": 12.682508306775588,
    "blueEndgameEPA": 61.01280293460678
  }
}