{
  "predictedWinner": "Blue",
  "redTeams": [
    23596,
    7693
  ],
  "blueTeams": [
    24253,
    13684
  ],
  "actualWinner": "Blue",
  "pointBreakdown": {
    "redData": {
      "redScore": 73,
      "redPenaltyFreeScore": 8,
      "redAuto": 16,
      "redTeleOp": -8,
      "redEndgame": 0
    },
    "blueData": {
      "blueScore": 197,
      "bluePenaltyFreeScore": 192,
      "blueAuto": 34,
      "blueTeleOp": 158,
      "blueEndgame": 0
    }
  },
  "predictedScores": {
    "redEPA": 121.92640976354488,
    "redAutonEPA": 23.737631911727476,
    "redTeleOpEPA": 102.25546686499409,
    "redEndgameEPA": -4.066689013176686,
    "blueEPA": 165.9139004358989,
    "blueAutonEPA": 39.07542135006479,
    "blueTeleOpEPA": 122.62515204504525,
    "blueEndgameEPA": 4.2133270407888705
  }
}