{
  "winProbability": 0.5304433940547552,
  "predictedWinner": "Red",
  "redTeams": [
    13019,
    23606
  ],
  "blueTeams": [
    12111,
    22602
  ],
  "actualWinner": "Red",
  "pointBreakdown": {
    "redData": {
      "redScore": 66,
      "redPenaltyFreeScore": 66,
      "redAuto": 18,
      "redTeleOp": 38,
      "redEndgame": 10
    },
    "blueData": {
      "blueScore": 36,
      "bluePenaltyFreeScore": 36,
      "blueAuto": 3,
      "blueTeleOp": 23,
      "blueEndgame": 10
    }
  },
  "predictedScores": {
    "redEPA": 44.5152158492121,
    "redAutonEPA": 13.425369492913283,
    "redTeleOpEPA": 22.875035971906946,
    "redEndgameEPA": 8.214810384391868,
    "blueEPA": 41.7508261165205,
    "blueAutonEPA": 13.83589726910666,
    "blueTeleOpEPA": 17.188268033460396,
    "blueEndgameEPA": 10.726660813953442
  }
}