{
  "predictedWinner": "Blue",
  "redTeams": [
    12862,
    14066
  ],
  "blueTeams": [
    21427,
    7693
  ],
  "actualWinner": "Blue",
  "pointBreakdown": {
    "redData": {
      "redScore": 51,
      "redPenaltyFreeScore": 51,
      "redAuto": 24,
      "redTeleOp": 27,
      "redEndgame": 0
    },
    "blueData": {
      "blueScore": 83,
      "bluePenaltyFreeScore": 83,
      "blueAuto": 21,
      "blueTeleOp": 62,
      "blueEndgame": 0
    }
  },
  "predictedScores": {
    "redEPA": 3.8425603834832884,
    "redAutonEPA": 10.284470393678735,
    "redTeleOpEPA": -11.342884390130754,
    "redEndgameEPA": 4.900974379935308,
    "blueEPA": 27.338360204204818,
    "blueAutonEPA": 9.662079910774118,
    "blueTeleOpEPA": 14.287393649902267,
    "blueEndgameEPA": 3.388886643528434
  }
}