{
  "predictedWinner": "Red",
  "redTeams": [
    30453,
    25901
  ],
  "blueTeams": [
    13002,
    13019
  ],
  "actualWinner": "Red",
  "pointBreakdown": {
    "redData": {
      "redScore": 74,
      "redPenaltyFreeScore": 59,
      "redAuto": 13,
      "redTeleOp": 36,
      "redEndgame": 10
    },
    "blueData": {
      "blueScore": 48,
      "bluePenaltyFreeScore": 43,
      "blueAuto": 5,
      "blueTeleOp": 28,
      "blueEndgame": 10
    }
  },
  "predictedScores": {
    "redEPA": 54.64092175288394,
    "redAutonEPA": 8.642188911211019,
    "redTeleOpEPA": 40.723665690132236,
    "redEndgameEPA": 5.275067151540684,
    "blueEPA": 44.17741935483871,
    "blueAutonEPA": 6.854838709677419,
    "blueTeleOpEPA": 29.822147081557148,
    "blueEndgameEPA": 7.500433563604146
  }
}