{
  "predictedWinner": "Blue",
  "redTeams": [
    14007,
    7253
  ],
  "blueTeams": [
    14790,
    23439
  ],
  "actualWinner": "Red",
  "pointBreakdown": {
    "redData": {
      "redScore": 187,
      "redPenaltyFreeScore": 187,
      "redAuto": 45,
      "redTeleOp": 142,
      "redEndgame": null
    },
    "blueData": {
      "blueScore": 146,
      "bluePenaltyFreeScore": 146,
      "blueAuto": 40,
      "blueTeleOp": 106,
      "blueEndgame": null
    }
  },
  "predictedScores": {
    "redEPA": 108.92163408695399,
    "redAutonEPA": 14.126510860959247,
    "redTeleOpEPA": 94.79512322599474,
    "redEndgameEPA": 0,
    "blueEPA": 145.80528128781054,
    "blueAutonEPA": 13.653650757335402,
    "blueTeleOpEPA": 132.15163053047513,
    "blueEndgameEPA": 0
  }
}