{
  "predictedWinner": "Blue",
  "redTeams": [
    10844,
    22885
  ],
  "blueTeams": [
    7065,
    9931
  ],
  "actualWinner": "Blue",
  "pointBreakdown": {
    "redData": {
      "redScore": 31,
      "redPenaltyFreeScore": 31,
      "redAuto": 0,
      "redTeleOp": 20,
      "redEndgame": 11
    },
    "blueData": {
      "blueScore": 49,
      "bluePenaltyFreeScore": 49,
      "blueAuto": 25,
      "blueTeleOp": 16,
      "blueEndgame": 8
    }
  },
  "predictedScores": {
    "redEPA": 29.85658910387006,
    "redAutonEPA": 5.451782211507447,
    "redTeleOpEPA": 14.781081721599733,
    "redEndgameEPA": 9.623725170762881,
    "blueEPA": 76.81461540726714,
    "blueAutonEPA": 36.74124661930246,
    "blueTeleOpEPA": 14.675585350650543,
    "blueEndgameEPA": 25.39778343731414
  }
}