{
  "predictedWinner": "Blue",
  "redTeams": [
    10844,
    10601
  ],
  "blueTeams": [
    10615,
    5386
  ],
  "actualWinner": "Blue",
  "pointBreakdown": {
    "redData": {
      "redScore": 79,
      "redPenaltyFreeScore": 79,
      "redAuto": 20,
      "redTeleOp": 41,
      "redEndgame": 18
    },
    "blueData": {
      "blueScore": 171,
      "bluePenaltyFreeScore": 161,
      "blueAuto": 53,
      "blueTeleOp": 81,
      "blueEndgame": 27
    }
  },
  "predictedScores": {
    "redEPA": 82.96109120954928,
    "redAutonEPA": 28.53648299984469,
    "redTeleOpEPA": 27.296523279170458,
    "redEndgameEPA": 27.12808493053413,
    "blueEPA": 140.16042395576295,
    "blueAutonEPA": 39.85641470387813,
    "blueTeleOpEPA": 72.87379606166213,
    "blueEndgameEPA": 27.430213190222688
  }
}