{
  "predictedWinner": "Blue",
  "redTeams": [
    30529,
    15104
  ],
  "blueTeams": [
    29694,
    8513
  ],
  "actualWinner": "Red",
  "pointBreakdown": {
    "redData": {
      "redScore": 180,
      "redPenaltyFreeScore": 180,
      "redAuto": 60,
      "redTeleOp": 110,
      "redEndgame": 10
    },
    "blueData": {
      "blueScore": 91,
      "bluePenaltyFreeScore": 91,
      "blueAuto": 41,
      "blueTeleOp": 50,
      "blueEndgame": 0
    }
  },
  "predictedScores": {
    "redEPA": 167.11091285484824,
    "redAutonEPA": 69.49230342114242,
    "redTeleOpEPA": 91.81155108228349,
    "redEndgameEPA": 5.807058351422328,
    "blueEPA": 177.05153771423525,
    "blueAutonEPA": 33.089330044690335,
    "blueTeleOpEPA": 137.83243038520422,
    "blueEndgameEPA": 6.129777284340704
  }
}