{
  "predictedWinner": "Blue",
  "redTeams": [
    30376,
    14403
  ],
  "blueTeams": [
    7911,
    9087
  ],
  "actualWinner": "Blue",
  "pointBreakdown": {
    "redData": {
      "redScore": 0,
      "redPenaltyFreeScore": 0,
      "redAuto": 0,
      "redTeleOp": 0,
      "redEndgame": 0
    },
    "blueData": {
      "blueScore": 74,
      "bluePenaltyFreeScore": 74,
      "blueAuto": 27,
      "blueTeleOp": 47,
      "blueEndgame": 0
    }
  },
  "predictedScores": {
    "redEPA": 44.17741935483871,
    "redAutonEPA": 6.854838709677419,
    "redTeleOpEPA": 29.822147081557148,
    "redEndgameEPA": 7.500433563604146,
    "blueEPA": 52.68641217341513,
    "blueAutonEPA": 17.390832637859532,
    "blueTeleOpEPA": 28.13086689147341,
    "blueEndgameEPA": 7.164712644082188
  }
}