{
  "winProbability": 0.5915818246465399,
  "predictedWinner": "Blue",
  "redTeams": [
    30376,
    14403
  ],
  "blueTeams": [
    7911,
    9087
  ],
  "actualWinner": "Blue",
  "pointBreakdown": {
    "redData": {
      "redScore": 0,
      "redPenaltyFreeScore": 0,
      "redAuto": 0,
      "redTeleOp": 0,
      "redEndgame": 0
    },
    "blueData": {
      "blueScore": 74,
      "bluePenaltyFreeScore": 74,
      "blueAuto": 27,
      "blueTeleOp": 42,
      "blueEndgame": 5
    }
  },
  "predictedScores": {
    "redEPA": 44.17741935483871,
    "redAutonEPA": 6.854838709677419,
    "redTeleOpEPA": 25.467741935483875,
    "redEndgameEPA": 11.85483870967742,
    "blueEPA": 54.5067223957048,
    "blueAutonEPA": 14.448120729077624,
    "blueTeleOpEPA": 28.345088919043206,
    "blueEndgameEPA": 11.71351274758397
  }
}