{
  "winProbability": 0.6277489384824989,
  "predictedWinner": "Red",
  "redTeams": [
    32022,
    27609
  ],
  "blueTeams": [
    14788,
    32190
  ],
  "actualWinner": "Red",
  "pointBreakdown": {
    "redData": {
      "redScore": 92,
      "redPenaltyFreeScore": 52,
      "redAuto": 16,
      "redTeleOp": 21,
      "redEndgame": 15
    },
    "blueData": {
      "blueScore": 57,
      "bluePenaltyFreeScore": 42,
      "blueAuto": 6,
      "blueTeleOp": 31,
      "blueEndgame": 5
    }
  },
  "predictedScores": {
    "redEPA": 61.77489094142169,
    "redAutonEPA": 13.160325146579556,
    "redTeleOpEPA": 37.38893734279007,
    "redEndgameEPA": 11.225628452052062,
    "blueEPA": 47.206254870274776,
    "blueAutonEPA": 7.2646429933316465,
    "blueTeleOpEPA": 30.77335491155226,
    "blueEndgameEPA": 9.168256965390865
  }
}