{
  "winProbability": 0.6197944696680596,
  "predictedWinner": "Red",
  "redTeams": [
    19429,
    13335
  ],
  "blueTeams": [
    32190,
    20863
  ],
  "actualWinner": "Red",
  "pointBreakdown": {
    "redData": {
      "redScore": 86,
      "redPenaltyFreeScore": 56,
      "redAuto": 25,
      "redTeleOp": 21,
      "redEndgame": 10
    },
    "blueData": {
      "blueScore": 47,
      "bluePenaltyFreeScore": 32,
      "blueAuto": 3,
      "blueTeleOp": 24,
      "blueEndgame": 5
    }
  },
  "predictedScores": {
    "redEPA": 54.20063696544004,
    "redAutonEPA": 19.349958215343776,
    "redTeleOpEPA": 23.145488727515687,
    "redEndgameEPA": 11.705190022580577,
    "blueEPA": 40.576973681798464,
    "blueAutonEPA": 5.520972952991176,
    "blueTeleOpEPA": 24.005977722857395,
    "blueEndgameEPA": 11.050023005949896
  }
}