{
  "predictedWinner": "Blue",
  "redTeams": [
    21622,
    29694
  ],
  "blueTeams": [
    13702,
    11855
  ],
  "actualWinner": "Blue",
  "pointBreakdown": {
    "redData": {
      "redScore": 91,
      "redPenaltyFreeScore": 91,
      "redAuto": 17,
      "redTeleOp": 64,
      "redEndgame": 10
    },
    "blueData": {
      "blueScore": 108,
      "bluePenaltyFreeScore": 93,
      "blueAuto": 46,
      "blueTeleOp": 47,
      "blueEndgame": 0
    }
  },
  "predictedScores": {
    "redEPA": 93.54709727953178,
    "redAutonEPA": 21.774281654491645,
    "redTeleOpEPA": 56.6477055159599,
    "redEndgameEPA": 15.125110109080236,
    "blueEPA": 115.61236062693666,
    "blueAutonEPA": 38.63267814159171,
    "blueTeleOpEPA": 76.66853821738896,
    "blueEndgameEPA": 0.3111442679559937
  }
}