{
  "winProbability": 0.9164716682305175,
  "predictedWinner": "Blue",
  "redTeams": [
    7911,
    11940
  ],
  "blueTeams": [
    11855,
    15104
  ],
  "actualWinner": "Blue",
  "pointBreakdown": {
    "redData": {
      "redScore": 70,
      "redPenaltyFreeScore": 50,
      "redAuto": 9,
      "redTeleOp": 31,
      "redEndgame": 10
    },
    "blueData": {
      "blueScore": 187,
      "bluePenaltyFreeScore": 182,
      "blueAuto": 44,
      "blueTeleOp": 123,
      "blueEndgame": 15
    }
  },
  "predictedScores": {
    "redEPA": 46.9720153747913,
    "redAutonEPA": 12.37834944226788,
    "redTeleOpEPA": 25.005881888857594,
    "redEndgameEPA": 9.58778404366583,
    "blueEPA": 113.75119228584565,
    "blueAutonEPA": 33.575708390620136,
    "blueTeleOpEPA": 68.73235324314383,
    "blueEndgameEPA": 11.443130652081672
  }
}