{
  "predictedWinner": "Red",
  "redTeams": [
    7911,
    29694
  ],
  "blueTeams": [
    17401,
    13885
  ],
  "actualWinner": "Red",
  "pointBreakdown": {
    "redData": {
      "redScore": 127,
      "redPenaltyFreeScore": 107,
      "redAuto": 35,
      "redTeleOp": 62,
      "redEndgame": 10
    },
    "blueData": {
      "blueScore": 67,
      "bluePenaltyFreeScore": 57,
      "blueAuto": 9,
      "blueTeleOp": 48,
      "blueEndgame": 0
    }
  },
  "predictedScores": {
    "redEPA": 86.07190994404432,
    "redAutonEPA": 21.972350139361176,
    "redTeleOpEPA": 63.21398576298368,
    "redEndgameEPA": 0.8855740416994579,
    "blueEPA": 39.57300873110506,
    "blueAutonEPA": 12.525482176220567,
    "blueTeleOpEPA": 21.180935959702808,
    "blueEndgameEPA": 5.866590595181686
  }
}