{
  "winProbability": 0.8665916890907815,
  "predictedWinner": "Red",
  "redTeams": [
    30529,
    15104
  ],
  "blueTeams": [
    29694,
    8513
  ],
  "actualWinner": "Red",
  "pointBreakdown": {
    "redData": {
      "redScore": 188,
      "redPenaltyFreeScore": 178,
      "redAuto": 47,
      "redTeleOp": 121,
      "redEndgame": 10
    },
    "blueData": {
      "blueScore": 109,
      "bluePenaltyFreeScore": 94,
      "blueAuto": 32,
      "blueTeleOp": 47,
      "blueEndgame": 15
    }
  },
  "predictedScores": {
    "redEPA": 172.4361235511163,
    "redAutonEPA": 58.29135054972795,
    "redTeleOpEPA": 99.53245205474141,
    "redEndgameEPA": 14.612320946646943,
    "blueEPA": 119.69639866369715,
    "blueAutonEPA": 30.873197496537934,
    "blueTeleOpEPA": 67.0685891212563,
    "blueEndgameEPA": 21.75461204590293
  }
}