{
  "predictedWinner": "Blue",
  "redTeams": [
    15354,
    16316
  ],
  "blueTeams": [
    11717,
    9819
  ],
  "actualWinner": "Blue",
  "pointBreakdown": {
    "redData": {
      "redScore": 26,
      "redPenaltyFreeScore": -4,
      "redAuto": 10,
      "redTeleOp": -50,
      "redEndgame": 36
    },
    "blueData": {
      "blueScore": 76,
      "bluePenaltyFreeScore": 46,
      "blueAuto": 36,
      "blueTeleOp": -44,
      "blueEndgame": 54
    }
  },
  "predictedScores": {
    "redEPA": 13.19800612660935,
    "redAutonEPA": 21.542545182378724,
    "redTeleOpEPA": -22.103606152417854,
    "redEndgameEPA": 13.759067096648481,
    "blueEPA": 24.403970984563685,
    "blueAutonEPA": 7.632464615718367,
    "blueTeleOpEPA": -48.47153687125912,
    "blueEndgameEPA": 65.24304324010444
  }
}