{
  "predictedWinner": "Red",
  "redTeams": [
    7643,
    19561,
    5289
  ],
  "blueTeams": [
    5386,
    5960,
    17207
  ],
  "actualWinner": "Red",
  "pointBreakdown": {
    "redData": {
      "redScore": 200,
      "redPenaltyFreeScore": 170,
      "redAuto": 82,
      "redTeleOp": 22,
      "redEndgame": 66
    },
    "blueData": {
      "blueScore": 152,
      "bluePenaltyFreeScore": 122,
      "blueAuto": 52,
      "blueTeleOp": -14,
      "blueEndgame": 84
    }
  },
  "predictedScores": {
    "redEPA": 318.81767951596714,
    "redAutonEPA": 104.04277846550758,
    "redTeleOpEPA": 68.36879668872223,
    "redEndgameEPA": 146.40610436173733,
    "blueEPA": 267.3540848037298,
    "blueAutonEPA": 70.46471846860415,
    "blueTeleOpEPA": 59.86617878117187,
    "blueEndgameEPA": 137.0231875539538
  }
}