{
  "predictedWinner": "Red",
  "redTeams": [
    14757,
    5960
  ],
  "blueTeams": [
    10805,
    9412
  ],
  "actualWinner": "Red",
  "pointBreakdown": {
    "redData": {
      "redScore": 209,
      "redPenaltyFreeScore": 209,
      "redAuto": 52,
      "redTeleOp": 52,
      "redEndgame": 105
    },
    "blueData": {
      "blueScore": 70,
      "bluePenaltyFreeScore": 70,
      "blueAuto": 0,
      "blueTeleOp": 22,
      "blueEndgame": 48
    }
  },
  "predictedScores": {
    "redEPA": 116.60811874751899,
    "redAutonEPA": 41.722482149929206,
    "redTeleOpEPA": 24.6596469340534,
    "redEndgameEPA": 50.22598966353638,
    "blueEPA": 51.08366503219615,
    "blueAutonEPA": 10.082271942580569,
    "blueTeleOpEPA": 17.123769286976238,
    "blueEndgameEPA": 23.877623802639345
  }
}