{
  "predictedWinner": "Blue",
  "redTeams": [
    7305,
    8533
  ],
  "blueTeams": [
    5386,
    7238
  ],
  "actualWinner": "Blue",
  "pointBreakdown": {
    "redData": {
      "redScore": 98,
      "redPenaltyFreeScore": 98,
      "redAuto": 19,
      "redTeleOp": 6,
      "redEndgame": 73
    },
    "blueData": {
      "blueScore": 184,
      "bluePenaltyFreeScore": 184,
      "blueAuto": 56,
      "blueTeleOp": 26,
      "blueEndgame": 102
    }
  },
  "predictedScores": {
    "redEPA": 83.11720506875562,
    "redAutonEPA": 32.903941852007435,
    "redTeleOpEPA": -4.599494904233495,
    "redEndgameEPA": 54.812758120981684,
    "blueEPA": 137.19913846810076,
    "blueAutonEPA": 62.825610615527054,
    "blueTeleOpEPA": 22.52030948632438,
    "blueEndgameEPA": 51.85321836624932
  }
}