{
  "predictedWinner": "Blue",
  "redTeams": [
    14109,
    16125
  ],
  "blueTeams": [
    10538,
    9933
  ],
  "actualWinner": "Blue",
  "pointBreakdown": {
    "redData": {
      "redScore": 98,
      "redPenaltyFreeScore": 98,
      "redAuto": 42,
      "redTeleOp": 24,
      "redEndgame": 32
    },
    "blueData": {
      "blueScore": 165,
      "bluePenaltyFreeScore": 165,
      "blueAuto": 75,
      "blueTeleOp": 24,
      "blueEndgame": 66
    }
  },
  "predictedScores": {
    "redEPA": 43.43546452700687,
    "redAutonEPA": 26.52523810197932,
    "redTeleOpEPA": -15.929000982553212,
    "redEndgameEPA": 32.839227407580765,
    "blueEPA": 95.02138130599333,
    "blueAutonEPA": 35.87828865732119,
    "blueTeleOpEPA": 9.91027648684706,
    "blueEndgameEPA": 49.23281616182508
  }
}