{
  "predictedWinner": "Red",
  "redTeams": [
    7643,
    17104
  ],
  "blueTeams": [
    15229,
    10438
  ],
  "actualWinner": "Red",
  "pointBreakdown": {
    "redData": {
      "redScore": 184,
      "redPenaltyFreeScore": 184,
      "redAuto": 56,
      "redTeleOp": 26,
      "redEndgame": 102
    },
    "blueData": {
      "blueScore": 43,
      "bluePenaltyFreeScore": 43,
      "blueAuto": 13,
      "blueTeleOp": 18,
      "blueEndgame": 12
    }
  },
  "predictedScores": {
    "redEPA": 122.52302637881517,
    "redAutonEPA": 40.78690552069496,
    "redTeleOpEPA": 28.153844355463704,
    "redEndgameEPA": 53.58227650265651,
    "blueEPA": 48.380261225736646,
    "blueAutonEPA": 18.52795208410375,
    "blueTeleOpEPA": 21.178427715031187,
    "blueEndgameEPA": 8.67388142660171
  }
}