{
  "predictedWinner": "Blue",
  "redTeams": [
    9020,
    13748
  ],
  "blueTeams": [
    7305,
    7643
  ],
  "actualWinner": "Blue",
  "pointBreakdown": {
    "redData": {
      "redScore": 103,
      "redPenaltyFreeScore": 103,
      "redAuto": 30,
      "redTeleOp": 16,
      "redEndgame": 57
    },
    "blueData": {
      "blueScore": 194,
      "bluePenaltyFreeScore": 194,
      "blueAuto": 56,
      "blueTeleOp": 46,
      "blueEndgame": 92
    }
  },
  "predictedScores": {
    "redEPA": 101.05611637491415,
    "redAutonEPA": -1.135092406688032,
    "redTeleOpEPA": 37.80647113020656,
    "redEndgameEPA": 64.38473765139562,
    "blueEPA": 167.72482978876707,
    "blueAutonEPA": 60.62824137384341,
    "blueTeleOpEPA": 27.937404220506963,
    "blueEndgameEPA": 79.1591841944167
  }
}