{
  "predictedWinner": "Red",
  "redTeams": [
    7255,
    5960
  ],
  "blueTeams": [
    5289,
    17064
  ],
  "actualWinner": "Red",
  "pointBreakdown": {
    "redData": {
      "redScore": 150,
      "redPenaltyFreeScore": 150,
      "redAuto": 49,
      "redTeleOp": 24,
      "redEndgame": 77
    },
    "blueData": {
      "blueScore": 117,
      "bluePenaltyFreeScore": 117,
      "blueAuto": 52,
      "blueTeleOp": 29,
      "blueEndgame": 36
    }
  },
  "predictedScores": {
    "redEPA": 208.08357845876884,
    "redAutonEPA": 70.19617263956451,
    "redTeleOpEPA": 54.80646714551999,
    "redEndgameEPA": 83.08093867368434,
    "blueEPA": 142.74576227871114,
    "blueAutonEPA": 43.038069571232356,
    "blueTeleOpEPA": 46.44806190919499,
    "blueEndgameEPA": 53.259630798283794
  }
}