{
  "predictedWinner": "Blue",
  "redTeams": [
    17064,
    15229
  ],
  "blueTeams": [
    10309,
    14109
  ],
  "actualWinner": "Blue",
  "pointBreakdown": {
    "redData": {
      "redScore": 70,
      "redPenaltyFreeScore": 70,
      "redAuto": 20,
      "redTeleOp": 22,
      "redEndgame": 28
    },
    "blueData": {
      "blueScore": 90,
      "bluePenaltyFreeScore": 90,
      "blueAuto": 42,
      "blueTeleOp": 18,
      "blueEndgame": 30
    }
  },
  "predictedScores": {
    "redEPA": 79.3289120127323,
    "redAutonEPA": 32.25687833113236,
    "redTeleOpEPA": 20.298451519605383,
    "redEndgameEPA": 26.773582161994558,
    "blueEPA": 104.06924710886099,
    "blueAutonEPA": 20.5398350696596,
    "blueTeleOpEPA": 38.248510070737915,
    "blueEndgameEPA": 45.280901968463475
  }
}