{
  "predictedWinner": "Red",
  "redTeams": [
    10180,
    15358
  ],
  "blueTeams": [
    10309,
    9412
  ],
  "actualWinner": "Red",
  "pointBreakdown": {
    "redData": {
      "redScore": 149,
      "redPenaltyFreeScore": 149,
      "redAuto": 45,
      "redTeleOp": 38,
      "redEndgame": 66
    },
    "blueData": {
      "blueScore": 42,
      "bluePenaltyFreeScore": 42,
      "blueAuto": 6,
      "blueTeleOp": 20,
      "blueEndgame": 16
    }
  },
  "predictedScores": {
    "redEPA": 91.94365091603242,
    "redAutonEPA": 42.48738735557079,
    "redTeleOpEPA": 9.139120710531778,
    "redEndgameEPA": 40.31714284992986,
    "blueEPA": 35.47477273035439,
    "blueAutonEPA": 18.959018212810825,
    "blueTeleOpEPA": 6.231500507530004,
    "blueEndgameEPA": 10.284254010013559
  }
}