{
  "predictedWinner": "Red",
  "redTeams": [
    5289,
    7643
  ],
  "blueTeams": [
    19250,
    14757
  ],
  "actualWinner": "Red",
  "pointBreakdown": {
    "redData": {
      "redScore": 197,
      "redPenaltyFreeScore": 197,
      "redAuto": 47,
      "redTeleOp": 61,
      "redEndgame": 89
    },
    "blueData": {
      "blueScore": 40,
      "bluePenaltyFreeScore": 40,
      "blueAuto": 10,
      "blueTeleOp": 12,
      "blueEndgame": 18
    }
  },
  "predictedScores": {
    "redEPA": 131.7247887910654,
    "redAutonEPA": 44.485363334437324,
    "redTeleOpEPA": 23.89161237058807,
    "redEndgameEPA": 63.34781308604001,
    "blueEPA": 63.80880219058014,
    "blueAutonEPA": 20.33120761394954,
    "blueTeleOpEPA": -1.3397871845577498,
    "blueEndgameEPA": 44.817381761188344
  }
}