{
  "predictedWinner": "Blue",
  "redTeams": [
    19561,
    10805
  ],
  "blueTeams": [
    13748,
    9933
  ],
  "actualWinner": "Red",
  "pointBreakdown": {
    "redData": {
      "redScore": 161,
      "redPenaltyFreeScore": 161,
      "redAuto": 46,
      "redTeleOp": 28,
      "redEndgame": 87
    },
    "blueData": {
      "blueScore": 115,
      "bluePenaltyFreeScore": 115,
      "blueAuto": 25,
      "blueTeleOp": 24,
      "blueEndgame": 66
    }
  },
  "predictedScores": {
    "redEPA": 125.44320099362085,
    "redAutonEPA": 21.775725122116363,
    "redTeleOpEPA": 17.718897001526386,
    "redEndgameEPA": 85.94857886997809,
    "blueEPA": 127.75995018746605,
    "blueAutonEPA": 34.16104089804592,
    "blueTeleOpEPA": 24.338726971222087,
    "blueEndgameEPA": 69.26018231819805
  }
}