{
  "predictedWinner": "Red",
  "redTeams": [
    7643,
    5289,
    19561
  ],
  "blueTeams": [
    15358,
    17104,
    7238
  ],
  "actualWinner": "Red",
  "pointBreakdown": {
    "redData": {
      "redScore": 156,
      "redPenaltyFreeScore": 146,
      "redAuto": 56,
      "redTeleOp": 24,
      "redEndgame": 66
    },
    "blueData": {
      "blueScore": 107,
      "bluePenaltyFreeScore": 107,
      "blueAuto": 42,
      "blueTeleOp": 11,
      "blueEndgame": 54
    }
  },
  "predictedScores": {
    "redEPA": 318.79144916217473,
    "redAutonEPA": 104.03404931795049,
    "redTeleOpEPA": 68.3651656780539,
    "redEndgameEPA": 146.39223416617034,
    "blueEPA": 200.48873463614945,
    "blueAutonEPA": 66.14065098053513,
    "blueTeleOpEPA": 31.11295635849413,
    "blueEndgameEPA": 103.23512729712019
  }
}