{
  "predictedWinner": "Red",
  "redTeams": [
    15399,
    23373
  ],
  "blueTeams": [
    19940,
    9933
  ],
  "actualWinner": "Blue",
  "pointBreakdown": {
    "redData": {
      "redScore": 39,
      "redPenaltyFreeScore": 39,
      "redAuto": 8,
      "redTeleOp": 16,
      "redEndgame": 15
    },
    "blueData": {
      "blueScore": 47,
      "bluePenaltyFreeScore": 47,
      "blueAuto": 15,
      "blueTeleOp": 7,
      "blueEndgame": 25
    }
  },
  "predictedScores": {
    "redEPA": 23.237262266309358,
    "redAutonEPA": 2.5011813768069455,
    "redTeleOpEPA": 9.084154857873125,
    "redEndgameEPA": 11.651926031629285,
    "blueEPA": 18.772727272727273,
    "blueAutonEPA": 4.106060606060606,
    "blueTeleOpEPA": 5.500000000000002,
    "blueEndgameEPA": 9.166666666666666
  }
}