{
  "predictedWinner": "Blue",
  "redTeams": [
    22882,
    10615
  ],
  "blueTeams": [
    5386,
    10180
  ],
  "actualWinner": "Blue",
  "pointBreakdown": {
    "redData": {
      "redScore": 66,
      "redPenaltyFreeScore": 66,
      "redAuto": 28,
      "redTeleOp": 8,
      "redEndgame": 30
    },
    "blueData": {
      "blueScore": 191,
      "bluePenaltyFreeScore": 191,
      "blueAuto": 100,
      "blueTeleOp": 41,
      "blueEndgame": 50
    }
  },
  "predictedScores": {
    "redEPA": 36.415365765745754,
    "redAutonEPA": 14.895116178153605,
    "redTeleOpEPA": 9.787561692779864,
    "redEndgameEPA": 11.732687894812283,
    "blueEPA": 134.59804374570865,
    "blueAutonEPA": 43.449271351556305,
    "blueTeleOpEPA": 33.67723438966828,
    "blueEndgameEPA": 57.47153800448407
  }
}