{
  "predictedWinner": "Red",
  "redTeams": [
    16734,
    12294
  ],
  "blueTeams": [
    14939,
    14066
  ],
  "actualWinner": "Red",
  "pointBreakdown": {
    "redData": {
      "redScore": 134,
      "redPenaltyFreeScore": 134,
      "redAuto": 40,
      "redTeleOp": 61,
      "redEndgame": 33
    },
    "blueData": {
      "blueScore": 81,
      "bluePenaltyFreeScore": 81,
      "blueAuto": 20,
      "blueTeleOp": 43,
      "blueEndgame": 18
    }
  },
  "predictedScores": {
    "redEPA": 139.80115997209742,
    "redAutonEPA": 43.982333452861894,
    "redTeleOpEPA": 61.708461540179,
    "redEndgameEPA": 34.11036497905653,
    "blueEPA": 53.34035589616257,
    "blueAutonEPA": 14.61237974261057,
    "blueTeleOpEPA": 24.527209694712646,
    "blueEndgameEPA": 14.200766458839352
  }
}