{
  "predictedWinner": "Blue",
  "redTeams": [
    17155,
    14938
  ],
  "blueTeams": [
    18954,
    12303
  ],
  "actualWinner": "Red",
  "pointBreakdown": {
    "redData": {
      "redScore": 85,
      "redPenaltyFreeScore": 85,
      "redAuto": 24,
      "redTeleOp": 33,
      "redEndgame": 28
    },
    "blueData": {
      "blueScore": 82,
      "bluePenaltyFreeScore": 82,
      "blueAuto": 20,
      "blueTeleOp": 43,
      "blueEndgame": 19
    }
  },
  "predictedScores": {
    "redEPA": 75.35638284841983,
    "redAutonEPA": 26.564198253284715,
    "redTeleOpEPA": 28.237542404651425,
    "redEndgameEPA": 20.554642190483687,
    "blueEPA": 113.04075061018831,
    "blueAutonEPA": 18.065326460458564,
    "blueTeleOpEPA": 51.09595439056986,
    "blueEndgameEPA": 43.87946975915989
  }
}