{
  "predictedWinner": "Red",
  "redTeams": [
    14947,
    22415
  ],
  "blueTeams": [
    22134,
    14670
  ],
  "actualWinner": "Red",
  "pointBreakdown": {
    "redData": {
      "redScore": 45,
      "redPenaltyFreeScore": 45,
      "redAuto": 28,
      "redTeleOp": 11,
      "redEndgame": 6
    },
    "blueData": {
      "blueScore": 34,
      "bluePenaltyFreeScore": 34,
      "blueAuto": 22,
      "blueTeleOp": 7,
      "blueEndgame": 5
    }
  },
  "predictedScores": {
    "redEPA": 92.92516220263825,
    "redAutonEPA": 20.31661190239665,
    "redTeleOpEPA": 50.130285453468844,
    "redEndgameEPA": 22.47826484677276,
    "blueEPA": 25.528689622030182,
    "blueAutonEPA": 14.257090312231798,
    "blueTeleOpEPA": 10.30152614040661,
    "blueEndgameEPA": 0.9700731693917747
  }
}