{
  "teams": [
    25069,
    25078,
    25082,
    25083,
    25092,
    25098,
    28033,
    28034,
    28039
  ],
  "name": "Avondale Play Meet 6",
  "completed": true,
  "ongoing": false,
  "breakdown": null,
  "preEloTeamList": [
    {
      "teamNumber": 25069,
      "teamName": "Avondale RoboJackets [P-E]",
      "wins": 0,
      "loss": 0,
      "ties": 0,
      "elo": 1500,
      "totalEPA": 22.088709677419356,
      "autonEPA": 3.4274193548387095,
      "endgameEPA": 5.92741935483871,
      "unitlessEPA": 1500,
      "teleOpEPA": 12.733870967741938,
      "totalEPAOverTime": [
        22.088709677419356
      ],
      "teleOpEPAOverTime": [
        12.733870967741938
      ],
      "autonEPAOverTime": [
        3.4274193548387095
      ],
      "endGameEPAOverTime": [
        5.92741935483871
      ],
      "unitlessEPAOverTime": [
        1500
      ]
    },
    {
      "teamNumber": 25078,
      "teamName": "Avondale RoboJackets [P-E]",
      "wins": 0,
      "loss": 0,
      "ties": 0,
      "elo": 1500,
      "totalEPA": 22.088709677419356,
      "autonEPA": 3.4274193548387095,
      "endgameEPA": 5.92741935483871,
      "unitlessEPA": 1500,
      "teleOpEPA": 12.733870967741938,
      "totalEPAOverTime": [
        22.088709677419356
      ],
      "teleOpEPAOverTime": [
        12.733870967741938
      ],
      "autonEPAOverTime": [
        3.4274193548387095
      ],
      "endGameEPAOverTime": [
        5.92741935483871
      ],
      "unitlessEPAOverTime": [
        1500
      ]
    },
    {
      "teamNumber": 25082,
      "teamName": "Avondale RoboJackets [P-E]",
      "wins": 0,
      "loss": 0,
      "ties": 0,
      "elo": 1500,
      "totalEPA": 22.088709677419356,
      "autonEPA": 3.4274193548387095,
      "endgameEPA": 5.92741935483871,
      "unitlessEPA": 1500,
      "teleOpEPA": 12.733870967741938,
      "totalEPAOverTime": [
        22.088709677419356
      ],
      "teleOpEPAOverTime": [
        12.733870967741938
      ],
      "autonEPAOverTime": [
        3.4274193548387095
      ],
      "endGameEPAOverTime": [
        5.92741935483871
      ],
      "unitlessEPAOverTime": [
        1500
      ]
    },
    {
      "teamNumber": 25083,
      "teamName": "Avondale RoboJackets [P-E]",
      "wins": 0,
      "loss": 0,
      "ties": 0,
      "elo": 1500,
      "totalEPA": 22.088709677419356,
      "autonEPA": 3.4274193548387095,
      "endgameEPA": 5.92741935483871,
      "unitlessEPA": 1500,
      "teleOpEPA": 12.733870967741938,
      "totalEPAOverTime": [
        22.088709677419356
      ],
      "teleOpEPAOverTime": [
        12.733870967741938
      ],
      "autonEPAOverTime": [
        3.4274193548387095
      ],
      "endGameEPAOverTime": [
        5.92741935483871
      ],
      "unitlessEPAOverTime": [
        1500
      ]
    },
    {
      "teamNumber": 25092,
      "teamName": "Avondale RoboJackets [P-E]",
      "wins": 0,
      "loss": 0,
      "ties": 0,
      "elo": 1500,
      "totalEPA": 22.088709677419356,
      "autonEPA": 3.4274193548387095,
      "endgameEPA": 5.92741935483871,
      "unitlessEPA": 1500,
      "teleOpEPA": 12.733870967741938,
      "totalEPAOverTime": [
        22.088709677419356
      ],
      "teleOpEPAOverTime": [
        12.733870967741938
      ],
      "autonEPAOverTime": [
        3.4274193548387095
      ],
      "endGameEPAOverTime": [
        5.92741935483871
      ],
      "unitlessEPAOverTime": [
        1500
      ]
    },
    {
      "teamNumber": 25098,
      "teamName": "Avondale RoboJackets [P-E]",
      "wins": 0,
      "loss": 0,
      "ties": 0,
      "elo": 1500,
      "totalEPA": 22.088709677419356,
      "autonEPA": 3.4274193548387095,
      "endgameEPA": 5.92741935483871,
      "unitlessEPA": 1500,
      "teleOpEPA": 12.733870967741938,
      "totalEPAOverTime": [
        22.088709677419356
      ],
      "teleOpEPAOverTime": [
        12.733870967741938
      ],
      "autonEPAOverTime": [
        3.4274193548387095
      ],
      "endGameEPAOverTime": [
        5.92741935483871
      ],
      "unitlessEPAOverTime": [
        1500
      ]
    },
    {
      "teamNumber": 28033,
      "teamName": "Avondale RoboJackets [P-E]",
      "wins": 0,
      "loss": 0,
      "ties": 0,
      "elo": 1500,
      "totalEPA": 22.088709677419356,
      "autonEPA": 3.4274193548387095,
      "endgameEPA": 5.92741935483871,
      "unitlessEPA": 1500,
      "teleOpEPA": 12.733870967741938,
      "totalEPAOverTime": [
        22.088709677419356
      ],
      "teleOpEPAOverTime": [
        12.733870967741938
      ],
      "autonEPAOverTime": [
        3.4274193548387095
      ],
      "endGameEPAOverTime": [
        5.92741935483871
      ],
      "unitlessEPAOverTime": [
        1500
      ]
    },
    {
      "teamNumber": 28034,
      "teamName": "Avondale RoboJackets [P-E]",
      "wins": 0,
      "loss": 0,
      "ties": 0,
      "elo": 1500,
      "totalEPA": 22.088709677419356,
      "autonEPA": 3.4274193548387095,
      "endgameEPA": 5.92741935483871,
      "unitlessEPA": 1500,
      "teleOpEPA": 12.733870967741938,
      "totalEPAOverTime": [
        22.088709677419356
      ],
      "teleOpEPAOverTime": [
        12.733870967741938
      ],
      "autonEPAOverTime": [
        3.4274193548387095
      ],
      "endGameEPAOverTime": [
        5.92741935483871
      ],
      "unitlessEPAOverTime": [
        1500
      ]
    },
    {
      "teamNumber": 28039,
      "teamName": "Avondale RoboJackets [P-E]",
      "wins": 0,
      "loss": 0,
      "ties": 0,
      "elo": 1500,
      "totalEPA": 22.088709677419356,
      "autonEPA": 3.4274193548387095,
      "endgameEPA": 5.92741935483871,
      "unitlessEPA": 1500,
      "teleOpEPA": 12.733870967741938,
      "totalEPAOverTime": [
        22.088709677419356
      ],
      "teleOpEPAOverTime": [
        12.733870967741938
      ],
      "autonEPAOverTime": [
        3.4274193548387095
      ],
      "endGameEPAOverTime": [
        5.92741935483871
      ],
      "unitlessEPAOverTime": [
        1500
      ]
    }
  ],
  "afterEloTeamList": [
    {
      "teamNumber": 25069,
      "teamName": "Avondale RoboJackets [P-E]",
      "wins": 2,
      "loss": 3,
      "ties": 0,
      "elo": 1500,
      "totalEPA": 15.358132204411701,
      "autonEPA": 4.948828280565511,
      "endgameEPA": 2.6045210103323155,
      "unitlessEPA": 1405.2030055297,
      "teleOpEPA": 10.40930392384619,
      "totalEPAOverTime": [
        22.088709677419356,
        17.725806451612904,
        14.428315412186382,
        14.484617682198328,
        16.38689765033851,
        15.358132204411701
      ],
      "teleOpEPAOverTime": [
        12.733870967741938,
        14.274193548387098,
        10.627240143369178,
        10.395011947431303,
        11.142423337315812,
        10.40930392384619
      ],
      "autonEPAOverTime": [
        3.4274193548387095,
        3.4516129032258065,
        3.8010752688172045,
        4.089605734767025,
        5.2444743130227,
        4.948828280565511
      ],
      "endGameEPAOverTime": [
        5.92741935483871,
        3.951612903225807,
        2.2177419354838714,
        1.9877538829151737,
        3.4103693747510953,
        2.6045210103323155
      ],
      "unitlessEPAOverTime": [
        1500,
        1421.5918196104647,
        1398.766902862719,
        1399.156621776392,
        1412.3240212884934,
        1405.2030055297
      ],
      "EPA Rank": 387,
      "Auto EPA Rank": 266,
      "TeleOp EPA Rank": 401,
      "Endgame EPA Rank": 431
    },
    {
      "teamNumber": 25078,
      "teamName": "Avondale RoboJackets [P-E]",
      "wins": 3,
      "loss": 2,
      "ties": 0,
      "elo": 1500,
      "totalEPA": 14.511600520211072,
      "autonEPA": 4.692423648446833,
      "endgameEPA": 2.680445910678201,
      "unitlessEPA": 1399.3433943934804,
      "teleOpEPA": 9.819176871764238,