{
  "winProbability": 0.7504254610480663,
  "predictedWinner": "Blue",
  "redTeams": [
    18954,
    23834
  ],
  "blueTeams": [
    17155,
    23392
  ],
  "actualWinner": "Blue",
  "pointBreakdown": {
    "redData": {
      "redScore": 61,
      "redPenaltyFreeScore": 61,
      "redAuto": 11,
      "redTeleOp": 35,
      "redEndgame": 15
    },
    "blueData": {
      "blueScore": 132,
      "bluePenaltyFreeScore": 132,
      "blueAuto": 43,
      "blueTeleOp": 84,
      "blueEndgame": 5
    }
  },
  "predictedScores": {
    "redEPA": 44.8467848318607,
    "redAutonEPA": 10.081665762274081,
    "redTeleOpEPA": 25.324472048104084,
    "redEndgameEPA": 9.440647021482535,
    "blueEPA": 65.60663082437276,
    "blueAutonEPA": 16.491039426523297,
    "blueTeleOpEPA": 37.04121863799283,
    "blueEndgameEPA": 12.074372759856631
  }
}