{
  "predictedWinner": "Blue",
  "redTeams": [
    21860,
    10805
  ],
  "blueTeams": [
    15104,
    22291
  ],
  "actualWinner": "Blue",
  "pointBreakdown": {
    "redData": {
      "redScore": 34,
      "redPenaltyFreeScore": 34,
      "redAuto": 4,
      "redTeleOp": 24,
      "redEndgame": 6
    },
    "blueData": {
      "blueScore": 137,
      "bluePenaltyFreeScore": 127,
      "blueAuto": 59,
      "blueTeleOp": 47,
      "blueEndgame": 21
    }
  },
  "predictedScores": {
    "redEPA": 17.024521108729594,
    "redAutonEPA": 15.750524033348539,
    "redTeleOpEPA": 7.802554857701789,
    "redEndgameEPA": -6.528557782320734,
    "blueEPA": 132.29029483354734,
    "blueAutonEPA": 47.16118296060236,
    "blueTeleOpEPA": 52.70542174359264,
    "blueEndgameEPA": 32.42369012935234
  }
}