{
  "predictedWinner": "Blue",
  "redTeams": [
    16714,
    15638
  ],
  "blueTeams": [
    11254,
    23777
  ],
  "actualWinner": "Blue",
  "pointBreakdown": {
    "redData": {
      "redScore": 113,
      "redPenaltyFreeScore": 83,
      "redAuto": 55,
      "redTeleOp": -22,
      "redEndgame": 50
    },
    "blueData": {
      "blueScore": 160,
      "bluePenaltyFreeScore": 160,
      "blueAuto": 75,
      "blueTeleOp": 45,
      "blueEndgame": 40
    }
  },
  "predictedScores": {
    "redEPA": 65.93559813219612,
    "redAutonEPA": 26.867621779206964,
    "redTeleOpEPA": 12.475045824316116,
    "redEndgameEPA": 26.59293052867304,
    "blueEPA": 116.19229777499177,
    "blueAutonEPA": 53.16369640061764,
    "blueTeleOpEPA": 21.761156862961904,
    "blueEndgameEPA": 41.26744451141223
  }
}