{
  "predictedWinner": "Blue",
  "redTeams": [
    21615,
    14670
  ],
  "blueTeams": [
    21518,
    21522
  ],
  "actualWinner": "Blue",
  "pointBreakdown": {
    "redData": {
      "redScore": 22,
      "redPenaltyFreeScore": 22,
      "redAuto": 6,
      "redTeleOp": 16,
      "redEndgame": 0
    },
    "blueData": {
      "blueScore": 29,
      "bluePenaltyFreeScore": 29,
      "blueAuto": 6,
      "blueTeleOp": 23,
      "blueEndgame": 0
    }
  },
  "predictedScores": {
    "redEPA": 28.080480838806785,
    "redAutonEPA": 13.067999974263099,
    "redTeleOpEPA": 1.684628606243864,
    "redEndgameEPA": 13.327852258299822,
    "blueEPA": 45.730672171724756,
    "blueAutonEPA": 7.194013713209693,
    "blueTeleOpEPA": 37.38851556443828,
    "blueEndgameEPA": 1.1481428940767846
  }
}