{
  "winProbability": 0.5479488351209922,
  "predictedWinner": "Red",
  "redTeams": [
    10137,
    21615
  ],
  "blueTeams": [
    14670,
    24053
  ],
  "actualWinner": "Red",
  "pointBreakdown": {
    "redData": {
      "redScore": 59,
      "redPenaltyFreeScore": 59,
      "redAuto": 19,
      "redTeleOp": 30,
      "redEndgame": 10
    },
    "blueData": {
      "blueScore": 37,
      "bluePenaltyFreeScore": 32,
      "blueAuto": 6,
      "blueTeleOp": 16,
      "blueEndgame": 10
    }
  },
  "predictedScores": {
    "redEPA": 45.11827956989248,
    "redAutonEPA": 6.569892473118279,
    "redTeleOpEPA": 23.145161290322587,
    "redEndgameEPA": 15.403225806451612,
    "blueEPA": 40.95161290322581,
    "blueAutonEPA": 5.403225806451613,
    "blueTeleOpEPA": 23.478494623655912,
    "blueEndgameEPA": 12.06989247311828
  }
}