{
  "predictedWinner": "Blue",
  "redTeams": [
    7911,
    20881
  ],
  "blueTeams": [
    19436,
    11531
  ],
  "actualWinner": "Blue",
  "pointBreakdown": {
    "redData": {
      "redScore": 109,
      "redPenaltyFreeScore": -1,
      "redAuto": 55,
      "redTeleOp": -76,
      "redEndgame": 20
    },
    "blueData": {
      "blueScore": 226,
      "bluePenaltyFreeScore": 226,
      "blueAuto": 21,
      "blueTeleOp": 135,
      "blueEndgame": 70
    }
  },
  "predictedScores": {
    "redEPA": 31.770597345237217,
    "redAutonEPA": -4.509295869703064,
    "redTeleOpEPA": 3.105514776566636,
    "redEndgameEPA": 33.174378438373644,
    "blueEPA": 121.21249557747862,
    "blueAutonEPA": 56.5586326106028,
    "blueTeleOpEPA": 19.185515511885924,
    "blueEndgameEPA": 45.468347454989896
  }
}