{
  "predictedWinner": "Blue",
  "redTeams": [
    15487,
    17286
  ],
  "blueTeams": [
    14846,
    13991
  ],
  "actualWinner": "Blue",
  "pointBreakdown": {
    "redData": {
      "redScore": 24,
      "redPenaltyFreeScore": 24,
      "redAuto": 0,
      "redTeleOp": 11,
      "redEndgame": 13
    },
    "blueData": {
      "blueScore": 45,
      "bluePenaltyFreeScore": 45,
      "blueAuto": 2,
      "blueTeleOp": 21,
      "blueEndgame": 22
    }
  },
  "predictedScores": {
    "redEPA": 22.79974314647636,
    "redAutonEPA": 5.392470331972284,
    "redTeleOpEPA": 9.190891050861298,
    "redEndgameEPA": 8.216381763642778,
    "blueEPA": 49.84842733441533,
    "blueAutonEPA": 1.1937418847292678,
    "blueTeleOpEPA": 25.76608519059398,
    "blueEndgameEPA": 22.888600259092076
  }
}