{
  "predictedWinner": "Blue",
  "redTeams": [
    14846,
    14849
  ],
  "blueTeams": [
    15783,
    10062
  ],
  "actualWinner": "Blue",
  "pointBreakdown": {
    "redData": {
      "redScore": 21,
      "redPenaltyFreeScore": 21,
      "redAuto": 4,
      "redTeleOp": 7,
      "redEndgame": 10
    },
    "blueData": {
      "blueScore": 45,
      "bluePenaltyFreeScore": 45,
      "blueAuto": 20,
      "blueTeleOp": 12,
      "blueEndgame": 13
    }
  },
  "predictedScores": {
    "redEPA": 49.95320276126466,
    "redAutonEPA": 10.87230897276527,
    "redTeleOpEPA": 22.752610316134277,
    "redEndgameEPA": 16.32828347236512,
    "blueEPA": 54.069743712529714,
    "blueAutonEPA": 27.06337058392601,
    "blueTeleOpEPA": 16.10390750443623,
    "blueEndgameEPA": 10.902465624167478
  }
}