{
  "predictedWinner": "Blue",
  "redTeams": [
    15783,
    20246
  ],
  "blueTeams": [
    14849,
    13991
  ],
  "actualWinner": "Blue",
  "pointBreakdown": {
    "redData": {
      "redScore": 10,
      "redPenaltyFreeScore": 0,
      "redAuto": 4,
      "redTeleOp": -8,
      "redEndgame": 4
    },
    "blueData": {
      "blueScore": 19,
      "bluePenaltyFreeScore": 19,
      "blueAuto": 2,
      "blueTeleOp": 13,
      "blueEndgame": 4
    }
  },
  "predictedScores": {
    "redEPA": 33.81915688546254,
    "redAutonEPA": 0.16154324025053246,
    "redTeleOpEPA": 20.715156768522803,
    "redEndgameEPA": 12.942456876689205,
    "blueEPA": 36.225815071008306,
    "blueAutonEPA": 8.427801938818348,
    "blueTeleOpEPA": 18.652443853579392,
    "blueEndgameEPA": 9.145569278610568
  }
}