{
  "predictedWinner": "Red",
  "redTeams": [
    7031,
    13684
  ],
  "blueTeams": [
    13462,
    15206
  ],
  "actualWinner": "Red",
  "pointBreakdown": {
    "redData": {
      "redScore": 85,
      "redPenaltyFreeScore": 75,
      "redAuto": 29,
      "redTeleOp": 4,
      "redEndgame": 42
    },
    "blueData": {
      "blueScore": 60,
      "bluePenaltyFreeScore": 30,
      "blueAuto": 3,
      "blueTeleOp": -32,
      "blueEndgame": 59
    }
  },
  "predictedScores": {
    "redEPA": 53.435069010363385,
    "redAutonEPA": 36.788581985228134,
    "redTeleOpEPA": 6.527180709915914,
    "redEndgameEPA": 10.119306315219337,
    "blueEPA": 34.047247914961034,
    "blueAutonEPA": 8.630177203275498,
    "blueTeleOpEPA": -7.654650067414114,
    "blueEndgameEPA": 33.07172077909965
  }
}