{
  "predictedWinner": "Red",
  "redTeams": [
    13684,
    10164
  ],
  "blueTeams": [
    7305,
    13748
  ],
  "actualWinner": "Red",
  "pointBreakdown": {
    "redData": {
      "redScore": 84,
      "redPenaltyFreeScore": 84,
      "redAuto": 23,
      "redTeleOp": 16,
      "redEndgame": 45
    },
    "blueData": {
      "blueScore": 60,
      "bluePenaltyFreeScore": 30,
      "blueAuto": 23,
      "blueTeleOp": -44,
      "blueEndgame": 51
    }
  },
  "predictedScores": {
    "redEPA": 48.75139358858078,
    "redAutonEPA": 27.59979635031179,
    "redTeleOpEPA": -3.3919999893439616,
    "redEndgameEPA": 24.543597227612953,
    "blueEPA": 15.459751348542822,
    "blueAutonEPA": -11.723299279159479,
    "blueTeleOpEPA": -5.922929076134537,
    "blueEndgameEPA": 33.10597970383684
  }
}