{
  "predictedWinner": "Red",
  "redTeams": [
    11129,
    13684,
    16668
  ],
  "blueTeams": [
    15353,
    13748,
    7305
  ],
  "actualWinner": "Red",
  "pointBreakdown": {
    "redData": {
      "redScore": 180,
      "redPenaltyFreeScore": 170,
      "redAuto": 42,
      "redTeleOp": 36,
      "redEndgame": 92
    },
    "blueData": {
      "blueScore": 105,
      "bluePenaltyFreeScore": 105,
      "blueAuto": 23,
      "blueTeleOp": 16,
      "blueEndgame": 66
    }
  },
  "predictedScores": {
    "redEPA": 239.3052783783949,
    "redAutonEPA": 68.74807189238308,
    "redTeleOpEPA": 48.75141969765377,
    "redEndgameEPA": 121.80578678835803,
    "blueEPA": 58.057048281683414,
    "blueAutonEPA": 19.59667599541542,
    "blueTeleOpEPA": -22.898950000921012,
    "blueEndgameEPA": 61.35932228718901
  }
}