{
  "predictedWinner": "Red",
  "redTeams": [
    14353,
    5383,
    19920
  ],
  "blueTeams": [
    10016,
    7215,
    7031
  ],
  "actualWinner": "Blue",
  "pointBreakdown": {
    "redData": {
      "redScore": 160,
      "redPenaltyFreeScore": 150,
      "redAuto": 72,
      "redTeleOp": 36,
      "redEndgame": 42
    },
    "blueData": {
      "blueScore": 172,
      "bluePenaltyFreeScore": 162,
      "blueAuto": 68,
      "blueTeleOp": 32,
      "blueEndgame": 62
    }
  },
  "predictedScores": {
    "redEPA": 250.26318560948653,
    "redAutonEPA": 71.46112361417038,
    "redTeleOpEPA": 101.37969104191633,
    "redEndgameEPA": 77.4223709533998,
    "blueEPA": 150.08710529936258,
    "blueAutonEPA": 55.876731070736184,
    "blueTeleOpEPA": 48.65016908098005,
    "blueEndgameEPA": 45.56020514764634
  }
}