{
  "predictedWinner": "Red",
  "redTeams": [
    5383,
    14353,
    19920
  ],
  "blueTeams": [
    7031,
    7215,
    10016
  ],
  "actualWinner": "Red",
  "pointBreakdown": {
    "redData": {
      "redScore": 162,
      "redPenaltyFreeScore": 122,
      "redAuto": 52,
      "redTeleOp": 8,
      "redEndgame": 62
    },
    "blueData": {
      "blueScore": 110,
      "bluePenaltyFreeScore": 100,
      "blueAuto": 0,
      "blueTeleOp": 40,
      "blueEndgame": 60
    }
  },
  "predictedScores": {
    "redEPA": 250.25866822403708,
    "redAutonEPA": 71.4596273075407,
    "redTeleOpEPA": 101.37910234007825,
    "redEndgameEPA": 77.41993857641813,
    "blueEPA": 150.0167428855209,
    "blueAutonEPA": 55.85342472517634,
    "blueTeleOpEPA": 48.64099951092165,
    "blueEndgameEPA": 45.52231864942291
  }
}