{
  "predictedWinner": "Red",
  "redTeams": [
    23870,
    14937
  ],
  "blueTeams": [
    17462,
    15719
  ],
  "actualWinner": "Red",
  "pointBreakdown": {
    "redData": {
      "redScore": 51,
      "redPenaltyFreeScore": 41,
      "redAuto": 0,
      "redTeleOp": 16,
      "redEndgame": 25
    },
    "blueData": {
      "blueScore": 21,
      "bluePenaltyFreeScore": 11,
      "blueAuto": 0,
      "blueTeleOp": 6,
      "blueEndgame": 5
    }
  },
  "predictedScores": {
    "redEPA": 31.534130109047517,
    "redAutonEPA": 0.02254043881012291,
    "redTeleOpEPA": 20.986894711514804,
    "redEndgameEPA": 10.524694958722591,
    "blueEPA": 7.058085679033855,
    "blueAutonEPA": 0.9267994732045748,
    "blueTeleOpEPA": 0.7015726797654525,
    "blueEndgameEPA": 5.429713526063828
  }
}