{
  "predictedWinner": "Blue",
  "redTeams": [
    13882,
    14939
  ],
  "blueTeams": [
    21518,
    23857
  ],
  "actualWinner": "Red",
  "pointBreakdown": {
    "redData": {
      "redScore": 35,
      "redPenaltyFreeScore": 35,
      "redAuto": 0,
      "redTeleOp": 5,
      "redEndgame": 30
    },
    "blueData": {
      "blueScore": 5,
      "bluePenaltyFreeScore": 5,
      "blueAuto": 0,
      "blueTeleOp": 0,
      "blueEndgame": 5
    }
  },
  "predictedScores": {
    "redEPA": 7.16763665117891,
    "redAutonEPA": 0.27692195408927706,
    "redTeleOpEPA": 4.738833897605897,
    "redEndgameEPA": 2.151880799483737,
    "blueEPA": 11.674360814845066,
    "blueAutonEPA": 7.717071080606372,
    "blueTeleOpEPA": 0.02069047063688334,
    "blueEndgameEPA": 3.936599263601811
  }
}