{
  "predictedWinner": "Red",
  "redTeams": [
    18474,
    10280,
    14010
  ],
  "blueTeams": [
    14775,
    21791,
    14001
  ],
  "actualWinner": "Red",
  "pointBreakdown": {
    "redData": {
      "redScore": 159,
      "redPenaltyFreeScore": 159,
      "redAuto": 58,
      "redTeleOp": 51,
      "redEndgame": 50
    },
    "blueData": {
      "blueScore": 35,
      "bluePenaltyFreeScore": 35,
      "blueAuto": 11,
      "blueTeleOp": 4,
      "blueEndgame": 20
    }
  },
  "predictedScores": {
    "redEPA": 189.00011553230587,
    "redAutonEPA": 66.75080522732985,
    "redTeleOpEPA": 35.20569619556801,
    "redEndgameEPA": 87.04361410940801,
    "blueEPA": 79.86588977432334,
    "blueAutonEPA": 29.55841436031124,
    "blueTeleOpEPA": 7.534836115489121,
    "blueEndgameEPA": 42.772639298522975
  }
}