{
  "predictedWinner": "Blue",
  "redTeams": [
    22757,
    24023
  ],
  "blueTeams": [
    20852,
    14010
  ],
  "actualWinner": "Blue",
  "pointBreakdown": {
    "redData": {
      "redScore": 21,
      "redPenaltyFreeScore": 21,
      "redAuto": 0,
      "redTeleOp": 11,
      "redEndgame": 10
    },
    "blueData": {
      "blueScore": 98,
      "bluePenaltyFreeScore": 98,
      "blueAuto": 30,
      "blueTeleOp": 18,
      "blueEndgame": 50
    }
  },
  "predictedScores": {
    "redEPA": 5.200189525834167,
    "redAutonEPA": -0.2842112727558238,
    "redTeleOpEPA": 1.5933405845717115,
    "redEndgameEPA": 3.89106021401828,
    "blueEPA": 105.63988128149106,
    "blueAutonEPA": 29.30332420753483,
    "blueTeleOpEPA": 33.55079869561639,
    "blueEndgameEPA": 42.785758378339835
  }
}