{
  "teamNumber": 10016,
  "teamName": "Clarkston RoboWolves",
  "wins": 38,
  "loss": 5,
  "ties": 0,
  "elo": 1500,
  "totalEPA": 110.5063702355248,
  "autonEPA": 39.3946504340258,
  "endgameEPA": 5.903387010515179,
  "unitlessEPA": 1904.821782023434,
  "teleOpEPA": 71.11171980149899,
  "totalEPAOverTime": [
    22.088709677419356,
    22.559139784946236,
    26.42831541218638,
    26.708183990442055,
    28.822640797159167,
    31.128478444842692,
    37.70469369394942,
    41.5254173076795,
    44.445274362686206,
    42.79339970741565,
    41.61910691216372,
    50.737139480525805,
    52.14301485474782,
    57.56029704797316,
    56.77079208996001,
    63.561532583523714,
    74.28649220669988,
    77.1537460872883,
    86.43613917588942,
    89.78072384436855,
    89.93106691999773,
    89.93106691999773,
    89.93106691999773,
    89.93106691999773,
    97.81588516249573,
    104.57375595492572,
    105.48796676213361,
    106.83719732373584,
    108.41847317140476,
    108.41847317140476,
    108.41847317140476,
    108.41847317140476,
    108.41847317140476,
    108.41847317140476,
    110.37566379749853,
    114.20136225668652,
    120.63161327823849,
    110.98102569156698,
    110.21117683958583,
    110.01054828674225,
    110.5063702355248,
    110.5063702355248,
    110.5063702355248,
    110.5063702355248
  ],
  "teleOpEPAOverTime": [
    12.733870967741938,
    19.60752688172043,
    22.293906810035843,
    24.00477897252091,
    27.4289667131289,
    30.107053962564713,
    36.90535718780958,
    37.85936218013955,
    38.83321713464098,
    36.06982643758111,
    35.488810419948166,
    41.19484046936328,
    39.617609599334585,
    42.39282585242303,
    42.761804496288434,
    46.32749526635541,
    51.99603100153274,
    52.598794124542195,
    58.526759273309466,
    60.089814362984654,
    61.39956923219681,
    61.39956923219681,
    61.39956923219681,
    61.39956923219681,
    63.8330932585769,
    67.16938291150831,
    67.72087200217972,
    67.56912833594062,
    68.25264372326411,
    68.25264372326411,
    68.25264372326411,
    68.25264372326411,
    68.25264372326411,
    68.25264372326411,
    71.86595940412957,
    75.61421744760523,
    80.78327472783228,
    71.19416156687961,
    70.73179648459008,
    69.89641986034204,
    71.11171980149899,
    71.11171980149899,
    71.11171980149899,
    71.11171980149899
  ],
  "autonEPAOverTime": [
    3.4274193548387095,
    2.9516129032258065,
    4.134408602150538,
    2.7034050179211473,
    1.3936740840302673,
    1.0214244822779772,
    0.7993365061398467,
    3.666055127539951,
    5.612057228045225,
    6.723573269834539,
    6.130296492215556,
    9.542299011162529,
    12.525405255413236,
    15.167471195550124,
    14.00898759367158,
    17.234037317168305,
    22.290461205167134,
    24.5549519627461,
    27.90937990257996,
    29.690909481383898,
    28.531497687800925,
    28.531497687800925,
    28.531497687800925,
    28.531497687800925,
    33.98279190391883,
    37.40437304341741,
    37.76709475995389,
    39.26806898779522,
    40.16582944814064,
    40.16582944814064,
    40.16582944814064,
    40.16582944814064,
    40.16582944814064,
    40.16582944814064,
    38.509704393368956,
    38.587144809081295,
    39.84833855040621,
    39.78686412468736,
    39.479380354995754,
    40.11412842640021,
    39.3946504340258,
    39.3946504340258,
    39.3946504340258,
    39.3946504340258
  ],
  "endGameEPAOverTime": [
    5.92741935483871,
    3.951612903225807,
    4.162186379928316,
    4.1987753882915175,
    7.354836635470596,
    7.192592177751227,
    8.094616312975695,
    7.495571893230189,
    7.838738001683011,
    7.4681826483170575,
    6.565863102809015,
    7.231860208844229,
    7.590686974293821,
    7.4043003966963985,
    7.407980078017027,
    8.255406415153569,
    8.391602120154856,
    8.425041172939626,
    11.219273692489404,
    9.98912627767139,
    7.750191253372028,
    7.750191253372028,
    7.750191253372028,
    7.750191253372028,
    6.487781428045831,
    6.993252978562279,
    6.914297858535162,
    6.7132550804786035,
    7.062280252308574,
    7.062280252308574,
    7.062280252308574,
    7.062280252308574,
    7.062280252308574,
    7.062280252308574,
    7.180585537379913,
    6.107378149910753,
    5.71244100359064,
    5.442818043672457,
    4.822996631231602,
    5.296304170535202,
    5.903387010515179,
    5.903387010515179,
    5.903387010515179,
    5.903387010515179
  ],
  "unitlessEPAOverTime": [
    1500,
    1512.2657410042077,
    1549.7540695502705,
    1552.465707951356,
    1572.9526175939693,
    1595.2938105606734,
    1583.4622731342254,
    1612.1946502979756,
    1634.1523846567784,
    1621.7300556895864,
    1612.8992092570927,
    1654.1318881029372,
    1663.9940747475193,
    1701.996197179975,
    1696.4578362444922,
    1744.0947402193613,
    1784.313075787909,
    1802.940798247679,
    1863.2458320598444,
    1884.9746351384351,
    1885.9513707897593,
    1882.7616893743377,
    1882.7616893743377,
    1882.7616893743377,
    1898.0558193868887,
    1938.7761316943652,
    1944.2848119766334,
    1952.4147528309004,
    1961.9429087159576,
    1951.1857538976833,
    1951.1857538976833,
    1951.1857538976833,
    1951.1857538976833,
    1951.1857538976833,
    1916.4211598538343,
    1937.378953287241,
    1972.6049059001512,
    1919.7374299842918,
    1915.5200737585242,
    1914.4209981747597,
    1917.1371908107417,
    1904.821782023434,
    1904.821782023434,
    1904.821782023434
  ],
  "EPA Rank": 3,
  "Auto EPA Rank": 2,
  "TeleOp EPA Rank": 9,
  "Endgame EPA Rank": 263
}