{
  "teamNumber": 10164,
  "teamName": "Techno Toasters Blue",
  "wins": 2,
  "loss": 8,
  "ties": 0,
  "elo": 1500,
  "totalEPA": 41.28549485450944,
  "autonEPA": 14.606601488600447,
  "endgameEPA": 5.899520886239519,
  "unitlessEPA": 1575.9181575544148,
  "teleOpEPA": 26.67889336590899,
  "totalEPAOverTime": [
    22.088709677419356,
    23.89247311827957,
    37.868474538380184,
    30.832473665077636,
    31.576867241806035,
    29.704870499888365,
    29.895354422048754,
    29.477946688122227,
    29.613940041774494,
    33.73405304614859,
    41.28549485450944
  ],
  "teleOpEPAOverTime": [
    12.733870967741938,
    19.7741935483871,
    28.59047468358103,
    23.130094359757408,
    25.209069075186132,
    23.13478454806001,
    22.37990885084497,
    21.467973292300396,
    19.831734015985095,
    22.008002720643315,
    26.67889336590899
  ],
  "autonEPAOverTime": [
    3.4274193548387095,
    4.118279569892473,
    9.277999854799155,
    7.7023793053202265,
    6.367798166619902,
    6.570085951828353,
    7.5154455712037835,
    8.00997339582183,
    9.7822060257894,
    11.726050325505273,
    14.606601488600447
  ],
  "endGameEPAOverTime": [
    5.92741935483871,
    4.78494623655914,
    4.816922127896632,
    4.976201235051636,
    4.804316441396076,
    4.641767802998026,
    4.764594416992644,
    3.841157836086489,
    3.0396745408247625,
    2.8150133618242905,
    5.899520886239519
  ],
  "unitlessEPAOverTime": [
    1500,
    1504.1752124804275,
    1624.7970070539425,
    1564.0718377835703,
    1570.4964285084136,
    1554.3399042166284,
    1500.0034559611047,
    1497.2214548302436,
    1498.1278435549834,
    1525.5881853402693,
    1575.9181575544148
  ],
  "EPA Rank": 175,
  "Auto EPA Rank": 114,
  "TeleOp EPA Rank": 215,
  "Endgame EPA Rank": 265
}