{
  "teamNumber": 10309,
  "teamName": "Jefferson  TechnoHuskies",
  "wins": 17,
  "loss": 14,
  "ties": 0,
  "elo": 1500,
  "totalEPA": 63.117567474732105,
  "autonEPA": 19.44685095824711,
  "endgameEPA": 5.077685149930019,
  "unitlessEPA": 1657.5336831344064,
  "teleOpEPA": 43.670716516484994,
  "totalEPAOverTime": [
    22.088709677419356,
    20.39247311827957,
    20.292712066905615,
    19.82994822779769,
    20.76980452674897,
    27.72534558032879,
    27.72534558032879,
    27.72534558032879,
    27.72534558032879,
    28.08966970403743,
    27.925979233651262,
    27.362300496382026,
    28.80679561476678,
    27.501266020840013,
    36.37254450386531,
    44.3882740422351,
    55.521254986630126,
    55.29606028964933,
    55.59454023242932,
    55.59454023242932,
    55.59454023242932,
    55.59454023242932,
    55.59454023242932,
    60.10290285730423,
    58.74773357109564,
    59.883383272093305,
    53.51935209189387,
    59.82585167155313,
    60.36739051907658,
    63.117567474732105,
    63.117567474732105,
    63.117567474732105
  ],
  "teleOpEPAOverTime": [
    12.733870967741938,
    16.2741935483871,
    13.174880525686977,
    13.768045599362804,
    13.828832304526749,
    18.748030799128994,
    18.748030799128994,
    18.748030799128994,
    18.748030799128994,
    18.846477278844052,
    20.548587696527747,
    18.97298676024863,
    20.257332654647655,
    20.691721274189128,
    25.483737983633354,
    29.84438359480076,
    36.772771793139015,
    34.68754377250747,
    35.629425766466596,
    35.629425766466596,
    35.629425766466596,
    35.629425766466596,
    35.629425766466596,
    40.27785136857645,
    41.2719543190877,
    43.641037899296364,
    37.05871120232817,
    41.69064204792543,
    41.93181233005015,
    43.670716516484994,
    43.670716516484994,
    43.670716516484994
  ],
  "autonEPAOverTime": [
    3.4274193548387095,
    4.118279569892473,
    7.117831541218638,
    6.061902628434886,
    6.940972222222222,
    8.977314781199794,
    8.977314781199794,
    8.977314781199794,
    8.977314781199794,
    9.243192425193378,
    7.377391537123514,
    8.389313736133394,
    8.549462960119127,
    6.809544746650886,
    10.888806520231958,
    14.543890447434345,
    18.748483193491115,
    20.60851651714187,
    19.965114465962717,
    19.965114465962717,
    19.965114465962717,
    19.965114465962717,
    19.965114465962717,
    19.82505148872778,
    17.475779252007943,
    16.242345372796937,
    16.460640889565703,
    18.135209623627702,
    18.435578189026426,
    19.44685095824711,
    19.44685095824711,
    19.44685095824711
  ],
  "endGameEPAOverTime": [
    5.92741935483871,
    6.451612903225807,
    6.858572281959379,
    7.336593986459579,
    7.688400205761317,
    7.719924462440183,
    7.719924462440183,
    7.719924462440183,
    7.719924462440183,
    7.945367159560368,
    7.629203815762672,
    7.839898042406767,
    7.806894326458048,
    7.280984883011084,
    7.476017942357819,
    6.956195947737369,
    7.276499247714574,
    6.620694447600062,
    6.8770695678430505,
    6.8770695678430505,
    6.8770695678430505,
    6.8770695678430505,
    6.8770695678430505,
    6.812632419931377,
    6.248385510118257,
    6.079486881656365,
    5.8834394007604205,
    6.150357680618752,
    5.792565723179143,
    5.077685149930019,
    5.077685149930019,
    5.077685149930019
  ],
  "unitlessEPAOverTime": [
    1500,
    1519.5496913712243,
    1518.4082287975348,
    1513.113300611398,
    1523.8671045772144,
    1603.4521699216164,
    1561.6742530882393,
    1561.6742530882393,
    1561.6742530882393,
    1522.6708343242587,
    1521.415291076765,
    1517.0917465804696,
    1528.1713536440143,
    1518.1576438526565,
    1535.9302633269087,
    1587.6772201534397,
    1659.548143632398,
    1658.094359518744,
    1660.0212494716407,
    1653.4111284832923,
    1653.4111284832923,
    1653.4111284832923,
    1653.4111284832923,
    1648.4359950521198,
    1640.7904567989233,
    1647.197518499311,
    1611.293189550949,
    1646.8729390853782,
    1649.9281706468284,
    1665.444005702647,
    1657.5336831344064,
    1657.5336831344064
  ],
  "EPA Rank": 61,
  "Auto EPA Rank": 68,
  "TeleOp EPA Rank": 65,
  "Endgame EPA Rank": 367
}