{
  "teamNumber": 10615,
  "teamName": "Jefferson CyDogs",
  "wins": 12,
  "loss": 11,
  "ties": 0,
  "elo": 1500,
  "totalEPA": 74.961424068027,
  "autonEPA": 25.23473581528161,
  "endgameEPA": 9.515000164816831,
  "unitlessEPA": 1722.416240551086,
  "teleOpEPA": 49.72668825274539,
  "totalEPAOverTime": [
    22.088709677419356,
    33.725806451612904,
    38.511648745519715,
    42.447580645161295,
    45.90652789335452,
    50.39281489802085,
    50.39281489802085,
    50.39281489802085,
    50.39281489802085,
    50.39281489802085,
    50.145894135447485,
    55.18176575697821,
    58.52363638597058,
    57.10103147955344,
    47.81673981658223,
    47.81673981658223,
    47.81673981658223,
    58.236918354584546,
    61.95677953797523,
    65.78541890296157,
    70.36931465191995,
    67.02052462267238,
    74.24471702155451,
    74.961424068027
  ],
  "teleOpEPAOverTime": [
    12.733870967741938,
    28.274193548387096,
    31.516129032258064,
    32.97834528076464,
    36.25285278240662,
    39.620579177874404,
    39.620579177874404,
    39.620579177874404,
    39.620579177874404,
    39.620579177874404,
    38.906934261131894,
    39.45372044009438,
    40.26040932619704,
    39.95897567275813,
    33.85691834229532,
    33.85691834229532,
    33.85691834229532,
    40.31648530746274,
    41.823463222337615,
    42.546287897143,
    46.19120671472727,
    42.108378495668745,
    49.517096049662285,
    49.72668825274539
  ],
  "autonEPAOverTime": [
    3.4274193548387095,
    5.451612903225806,
    6.995519713261649,
    9.469235364396654,
    9.653675110947905,
    10.772235720146446,
    10.772235720146446,
    10.772235720146446,
    10.772235720146446,
    10.772235720146446,
    11.238959874315587,
    15.728045316883827,
    18.26322705977354,
    17.14205580679531,
    13.959821474286905,
    13.959821474286905,
    13.959821474286905,
    17.920433047121808,
    20.133316315637614,
    23.239131005818564,
    24.178107937192678,
    24.91214612700364,
    24.72762097189222,
    25.23473581528161
  ],
  "endGameEPAOverTime": [
    5.92741935483871,
    6.451612903225807,
    6.939964157706093,
    7.265531660692951,
    7.596388620525203,
    7.8555074693645786,
    7.8555074693645786,
    7.8555074693645786,
    7.8555074693645786,
    7.8555074693645786,
    8.05835299866403,
    8.589179865797277,
    8.284483581884631,
    7.486566963677245,
    7.738385010921374,
    7.738385010921374,
    7.738385010921374,
    7.670986654851195,
    7.888133283031376,
    7.404111855485957,
    7.0824172197824815,
    6.553131409852511,
    9.391339466511027,
    9.515000164816831
  ],
  "unitlessEPAOverTime": [
    1500,
    1565.901288844153,
    1602.6097909427092,
    1632.7992864431603,
    1659.330200861455,
    1693.7410455596164,
    1689.2840348989153,
    1689.2840348989153,
    1689.2840348989153,
    1689.2840348989153,
    1624.8465528961237,
    1657.356510989882,
    1678.930546681896,
    1669.746669616035,
    1609.8102860904999,
    1604.309035189737,
    1604.309035189737,
    1630.7966997646554,
    1651.1746995244685,
    1672.1486037143518,
    1697.2599242357637,
    1678.9147121304377,
    1718.4900037102907,
    1722.416240551086
  ],
  "EPA Rank": 30,
  "Auto EPA Rank": 23,
  "TeleOp EPA Rank": 37,
  "Endgame EPA Rank": 16
}