{
  "teamNumber": 10723,
  "teamName": "SnowBots Blue",
  "wins": 10,
  "loss": 13,
  "ties": 0,
  "elo": 1500,
  "totalEPA": 20.813814939730936,
  "autonEPA": 17.73037504838257,
  "endgameEPA": 0.8621862641648681,
  "unitlessEPA": 1445.0107985800935,
  "teleOpEPA": 3.083439891348366,
  "totalEPAOverTime": [
    22.088709677419356,
    21.89247311827957,
    23.989315727047064,
    16.27930635980054,
    6.9993351042095835,
    14.589345917826245,
    18.299034799562847,
    18.299034799562847,
    18.299034799562847,
    18.299034799562847,
    18.299034799562847,
    15.526285823652811,
    16.208570195039577,
    26.23475759859594,
    24.681053418441312,
    19.999387662086868,
    22.093639840070928,
    22.093639840070928,
    22.093639840070928,
    29.193689743936474,
    48.36366582516243,
    47.80196420906975,
    31.140377539982495,
    18.246511049629646,
    18.47147685352949,
    21.684571165079447,
    20.813814939730936
  ],
  "teleOpEPAOverTime": [
    14.911073540778574,
    17.7741935483871,
    15.948285703553834,
    5.314743099365613,
    -2.9275973581128714,
    2.879432392014694,
    6.420123658230564,
    6.420123658230564,
    6.420123658230564,
    6.420123658230564,
    6.420123658230564,
    3.417509384169115,
    2.691108241744674,
    13.98803025121501,
    12.094441353396572,
    6.460126860245644,
    8.259958343037278,
    8.259958343037278,
    8.259958343037278,
    14.157880449488225,
    32.34841596831947,
    31.014879239698153,
    13.90130645910141,
    1.0563056689185153,
    0.6619066987880409,
    3.6810630782667992,
    3.083439891348366
  ],
  "autonEPAOverTime": [
    3.4274193548387095,
    4.118279569892473,
    8.04103002349323,
    10.964563260434927,
    9.926932462322455,
    11.709913525811551,
    11.878911141332283,
    11.878911141332283,
    11.878911141332283,
    11.878911141332283,
    11.878911141332283,
    12.108776439483696,
    13.517461953294903,
    12.246727347380931,
    12.58661206504474,
    13.539260801841223,
    13.83368149703365,
    13.83368149703365,
    13.83368149703365,
    15.03580929444825,
    16.015249856842953,
    16.787084969371598,
    17.239071080881086,
    17.19020538071113,
    17.80957015474145,
    18.003508086812648,
    17.73037504838257
  ],
  "endGameEPAOverTime": [
    3.750216781802073,
    2.500144521201382,
    2.1761144468900806,
    6.405401930820085,
    7.320310599299495,
    5.244683160183751,
    4.6627916806629,
    4.6627916806629,
    4.6627916806629,
    4.6627916806629,
    4.6627916806629,
    5.5639157051029855,
    6.01138058766307,
    5.177877300628652,
    3.4800852449588016,
    2.0867693261941658,
    1.7554342284227105,
    1.7554342284227105,
    1.7554342284227105,
    1.511266996659813,
    1.398275225034327,
    0.8067980900586839,
    -1.7081099529165884,
    -1.1884035547913023,
    -1.2670556499820314,
    0.07723722776531505,
    0.8621862641648681
  ],
  "unitlessEPAOverTime": [
    1500,
    1457.3271545654459,
    1467.2273326029388,
    1430.8247599504566,
    1387.0096604150797,
    1422.8456635786501,
    1440.360845805173,
    1442.555597631009,
    1442.555597631009,
    1442.555597631009,
    1442.555597631009,
    1425.8154308350026,
    1428.734677619494,
    1471.6330885548796,
    1464.9853532084749,
    1444.9542074304718,
    1453.9147511463832,
    1451.3645040424667,
    1451.3645040424667,
    1479.29262360498,
    1557.716440320957,
    1555.4185352843065,
    1487.2564669751268,
    1434.5080327509438,
    1435.4283613365221,
    1448.5730370686383,
    1445.0107985800935
  ],
  "EPA Rank": 378,
  "Auto EPA Rank": 79,
  "TeleOp EPA Rank": 485,
  "Endgame EPA Rank": 340
}