{
  "teamNumber": 10735,
  "teamName": "JaXon Falcon Works - Gold",
  "wins": 12,
  "loss": 13,
  "ties": 0,
  "elo": 1500,
  "totalEPA": 55.03856945193435,
  "autonEPA": 9.714389456226758,
  "endgameEPA": 1.1683847112992964,
  "unitlessEPA": 1591.2557138568925,
  "teleOpEPA": 45.324179995707595,
  "totalEPAOverTime": [
    22.088709677419356,
    16.452956989247312,
    0.5848670758828032,
    -4.5032990538070745,
    1.0970103165133338,
    10.976538341585247,
    14.305361215587375,
    14.797422203217511,
    36.035447262557355,
    56.276727785557604,
    52.97524854805523,
    36.53668243377669,
    26.784582139820532,
    18.017711822212622,
    0.735137290826442,
    -8.338336289287547,
    4.153068494272159,
    6.215037606728256,
    19.69833455273453,
    23.696434589410295,
    20.22317158802151,
    24.103088329120077,
    24.314361534917804,
    11.03058223001959,
    1.3513259865391127,
    -1.4611195095132068,
    7.838232731873688,
    19.179692294592954,
    44.714752792656014,
    57.94595209045092,
    58.81235410751571,
    55.03856945193435
  ],
  "teleOpEPAOverTime": [
    14.911073540778574,
    14.422043010752688,
    0.2746409860188145,
    -6.14697130848107,
    -1.12606075439143,
    7.822286618657703,
    10.57256520146776,
    10.92768555733666,
    31.15255912955707,
    53.40166920115803,
    48.58623883784749,
    32.637302801995666,
    23.170819949564017,
    14.412122523193416,
    -1.9920336651132478,
    -10.297766792702664,
    -0.4328178750879932,
    0.10799546870862908,
    11.439996294430472,
    14.970845635730095,
    12.28531172951879,
    15.727069637440978,
    16.306805465353552,
    5.172968347082111,
    -5.140074054447448,
    -8.503189874574678,
    0.2576675000595525,
    12.201120033898697,
    36.479299175887746,
    46.282615434832266,
    49.61038996734229,
    45.324179995707595
  ],
  "autonEPAOverTime": [
    3.4274193548387095,
    2.0309139784946235,
    0.3102260898639887,
    1.6436722546739955,
    2.223071070904764,
    3.1542517229275435,
    3.7327960141196153,
    3.86973664588085,
    4.882888133000288,
    2.875058584399576,
    4.389009710207736,
    3.899379631781025,
    3.613762190256515,
    3.6055892990192056,
    2.7271709559396897,
    1.959430503415116,
    4.585886369360153,
    6.107042138019627,
    8.258338258304057,
    8.7255889536802,
    7.937859858502721,
    8.376018691679098,
    8.007556069564252,
    5.857613882937479,
    6.49140004098656,
    7.0420703650614715,
    7.580565231814136,
    6.978572260694256,
    8.235453616768268,
    11.66333665561866,
    9.201964140173418,
    9.714389456226758
  ],
  "endGameEPAOverTime": [
    3.750216781802073,
    2.4307121201903863,
    0.41590515234108666,
    0.23794063960312287,
    2.021185301338509,
    4.22750621575115,
    4.596562237309213,
    3.2275985940187897,
    4.069155910677568,
    3.995776552904021,
    3.150111412168383,
    1.7945778605763316,
    0.56306098285557,
    0.6711863614499941,
    1.5673149384632286,
    1.9050966397912723,
    1.1439853455548232,
    1.6131036993938097,
    1.063853284405749,
    0.8229243043724452,
    1.5314012095357346,
    3.3675351150928234,
    2.771923386786668,
    1.1860657638159113,
    0.3445530210563268,
    0.23078524767577646,
    -0.5226197614702498,
    0.49826428658763156,
    2.457961917914955,
    2.55153773575804,
    1.682554078592511,
    1.1683847112992964
  ],
  "unitlessEPAOverTime": [
    1500,
    1452.5248553732804,
    1373.1490056212463,
    1347.6968237626409,
    1375.7108643668014,
    1425.13054477072,
    1441.7820854249853,
    1432.8978060117383,
    1532.3872269243536,
    1627.2074031006448,
    1611.7416403201414,
    1534.735260547363,
    1489.0515960721314,
    1438.7093550779355,
    1360.3250086315206,
    1319.1726736432101,
    1375.8268832564127,
    1385.178852257272,
    1446.3317445613836,
    1464.4649490693744,
    1447.738781588856,
    1464.921115771776,
    1465.856745855654,
    1407.0291084449882,
    1364.1642155837803,
    1351.7092116213146,
    1390.8329997940932,
    1438.9912601996296,
    1547.4185826387184,
    1603.6010817021795,
    1607.2800097733814,
    1591.2557138568925
  ],
  "EPA Rank": 122,
  "Auto EPA Rank": 217,
  "TeleOp EPA Rank": 96,
  "Endgame EPA Rank": 314
}