{
  "teamNumber": 11181,
  "teamName": "Robo-Raptors",
  "wins": 5,
  "loss": 5,
  "ties": 0,
  "elo": 1500,
  "totalEPA": 35.07871557800043,
  "autonEPA": 9.777398230418289,
  "endgameEPA": 5.98236977394073,
  "unitlessEPA": 1527.5777223327095,
  "teleOpEPA": 25.30131734758214,
  "totalEPAOverTime": [
    22.088709677419356,
    19.444079171411946,
    24.764546418180018,
    25.558909056273382,
    24.468595044698475,
    25.295498151135913,
    28.898130179710034,
    30.206418348563375,
    30.973484253614146,
    31.897968065449586,
    35.07871557800043
  ],
  "teleOpEPAOverTime": [
    12.733870967741938,
    16.674582369599936,
    19.87587278296673,
    19.6004548541173,
    19.831005848546553,
    20.114551761953347,
    20.48524474786435,
    21.91927282190312,
    22.20513911856652,
    22.280300428206836,
    25.30131734758214
  ],
  "autonEPAOverTime": [
    3.4274193548387095,
    2.7694968018120103,
    4.888673635213289,
    5.958454202156084,
    4.637589196151922,
    5.180946389182565,
    8.412885431845686,
    8.287145526660254,
    8.768345135047626,
    9.617667637242748,
    9.777398230418289
  ],
  "endGameEPAOverTime": [
    5.92741935483871,
    5.259722436926574,
    4.374104426144191,
    2.9869859088541073,
    2.596746188014414,
    1.9606878206015717,
    2.3126699580281915,
    3.6755936463651775,
    4.665465221044021,
    5.120428114025737,
    5.98236977394073
  ],
  "unitlessEPAOverTime": [
    1500,
    1440.061638778166,
    1478.6481856536532,
    1484.4092795105028,
    1476.5018062068766,
    1482.498898942936,
    1487.6778624089097,
    1496.1237475983048,
    1501.0756769369584,
    1507.043845357422,
    1527.5777223327095
  ],
  "EPA Rank": 231,
  "Auto EPA Rank": 217,
  "TeleOp EPA Rank": 239,
  "Endgame EPA Rank": 251
}