{
  "teamNumber": 11231,
  "teamName": "Cyborg Cats",
  "wins": 11,
  "loss": 6,
  "ties": 0,
  "elo": 1500,
  "totalEPA": 51.54528743882196,
  "autonEPA": 13.648590674555667,
  "endgameEPA": -0.2543408003546087,
  "unitlessEPA": 1584.6747368123958,
  "teleOpEPA": 37.896696764266295,
  "totalEPAOverTime": [
    22.088709677419356,
    15.034790129371338,
    8.859533714157342,
    23.920473747361783,
    34.183968699685416,
    30.131899552895604,
    30.942587836052102,
    30.942587836052102,
    30.942587836052102,
    39.45701384716788,
    52.596765648676815,
    66.99199268489693,
    68.64130897409578,
    57.679328401607066,
    51.54528743882196,
    51.54528743882196,
    51.54528743882196,
    51.54528743882196,
    51.54528743882196,
    51.54528743882196
  ],
  "teleOpEPAOverTime": [
    14.911073540778574,
    12.065756946017007,
    6.987993141820388,
    18.132697189484055,
    22.797548977047107,
    19.728291616497394,
    20.914118505209856,
    20.914118505209856,
    20.914118505209856,
    27.49397903756249,
    37.30562661849457,
    54.01252717532796,
    55.66542653394994,
    42.38744011867131,
    37.896696764266295,
    37.896696764266295,
    37.896696764266295,
    37.896696764266295,
    37.896696764266295,
    37.896696764266295
  ],
  "autonEPAOverTime": [
    3.4274193548387095,
    2.96903318335433,
    1.871540572336954,
    5.787776557877725,
    11.38641972263831,
    10.403607936398208,
    10.028469330842247,
    10.028469330842247,
    10.028469330842247,
    11.96303480960539,
    15.291139030182244,
    12.979465509568968,
    12.97588244014584,
    15.291888282935757,
    13.648590674555667,
    13.648590674555667,
    13.648590674555667,
    13.648590674555667,
    13.648590674555667,
    13.648590674555667
  ],
  "endGameEPAOverTime": [
    3.750216781802073,
    4.622419685994563,
    4.651564236840269,
    4.677741920972759,
    4.879301589265809,
    2.7550021774703977,
    2.507584024734652,
    2.507584024734652,
    2.507584024734652,
    2.8568202802127676,
    2.408125740581964,
    1.9005787131567728,
    0.6999675466430708,
    -0.05920767723616327,
    -0.2543408003546087,
    -0.2543408003546087,
    -0.2543408003546087,
    -0.2543408003546087,
    -0.2543408003546087,
    -0.2543408003546087
  ],
  "unitlessEPAOverTime": [
    1500,
    1436.6670658724881,
    1407.6840627593224,
    1478.3712120077544,
    1526.5419900538752,
    1507.5239728575636,
    1511.328864420713,
    1508.529752713985,
    1508.529752713985,
    1534.6726451722946,
    1592.6838932651056,
    1656.2379922743885,
    1663.5196287833248,
    1615.1231153494723,
    1588.0416774746163,
    1584.6747368123958,
    1584.6747368123958,
    1584.6747368123958,
    1584.6747368123958,
    1584.6747368123958
  ],
  "EPA Rank": 132,
  "Auto EPA Rank": 138,
  "TeleOp EPA Rank": 154,
  "Endgame EPA Rank": 452
}