{
  "teamNumber": 11266,
  "teamName": "River Rat Robotics",
  "wins": 4,
  "loss": 6,
  "ties": 0,
  "elo": 1500,
  "totalEPA": 25.25399034840112,
  "autonEPA": 9.657009331368338,
  "endgameEPA": 5.691033658709155,
  "unitlessEPA": 1484.4551339506027,
  "teleOpEPA": 15.596981017032784,
  "totalEPAOverTime": [
    22.088709677419356,
    16.225806451612904,
    16.43675328554361,
    22.465215551573078,
    21.779698838997298,
    20.540347067809044,
    35.60217094360431,
    30.662307383328677,
    28.414063545639237,
    27.672569768130668,
    25.25399034840112
  ],
  "teleOpEPAOverTime": [
    12.733870967741938,
    13.940860215053764,
    13.764635603345281,
    16.897052966945438,
    16.873111088986235,
    14.614000711683405,
    24.23478553930606,
    21.504819061049076,
    19.39857656575129,
    17.993168831625656,
    15.596981017032784
  ],
  "autonEPAOverTime": [
    3.4274193548387095,
    2.28494623655914,
    2.6721176821983277,
    5.568162584627638,
    4.906587750011062,
    5.92634635612564,
    11.367385404298247,
    9.157488322279603,
    9.015486979887944,
    9.679400936505012,
    9.657009331368338
  ],
  "endGameEPAOverTime": [
    5.92741935483871,
    3.951612903225807,
    4.824895459976106,
    4.751032954998009,
    4.611513161533696,
    4.626438520048822,
    5.367462207567566,
    5.187023346951909,
    6.137767112172148,
    5.902534326649098,
    5.691033658709155
  ],
  "unitlessEPAOverTime": [
    1500,
    1450.457122728245,
    1452.4972828829866,
    1510.8012084757138,
    1504.171273072815,
    1492.184953799033,
    1560.946652734199,
    1524.4322468603414,
    1507.8137133743253,
    1502.332751316463,
    1484.4551339506027
  ],
  "EPA Rank": 356,
  "Auto EPA Rank": 221,
  "TeleOp EPA Rank": 443,
  "Endgame EPA Rank": 290
}