{
  "teamNumber": 11846,
  "teamName": "Wayland Wildcat Cat-a-Tech-Nics",
  "wins": 6,
  "loss": 6,
  "ties": 0,
  "elo": 1500,
  "totalEPA": 21.597093827662658,
  "autonEPA": 5.312470336572031,
  "endgameEPA": 5.94338705145559,
  "unitlessEPA": 1455.6763201780927,
  "teleOpEPA": 16.284623491090628,
  "totalEPAOverTime": [
    22.088709677419356,
    21.559139784946236,
    17.1505376344086,
    14.382765830346475,
    18.931103146156907,
    16.530972056285673,
    18.426201013545416,
    18.892268584440632,
    20.973360387399207,
    20.74222585327298,
    21.597093827662658,
    21.597093827662658,
    21.597093827662658
  ],
  "teleOpEPAOverTime": [
    12.733870967741938,
    16.607526881720432,
    12.988351254480285,
    11.325567502986857,
    12.235563520509755,
    9.945108190627902,
    10.064993153329697,
    12.359873117738564,
    14.133243958101694,
    14.732020930660484,
    16.284623491090628,
    16.284623491090628,
    16.284623491090628
  ],
  "autonEPAOverTime": [
    3.4274193548387095,
    4.951612903225806,
    4.162186379928315,
    3.0571983273596173,
    6.695539625647152,
    6.585863865657772,
    8.36120786021572,
    6.532395466702068,
    6.840116429297512,
    6.0102049226124965,
    5.312470336572031,
    5.312470336572031,
    5.312470336572031
  ],
  "endGameEPAOverTime": [
    5.92741935483871,
    4.78494623655914,
    4.717741935483871,
    4.441457586618877,
    4.4887495021903625,
    3.8708432895260856,
    4.011639521013614,
    4.086183687593561,
    5.215696599815101,
    5.39094732662648,
    5.94338705145559,
    5.94338705145559,
    5.94338705145559
  ],
  "unitlessEPAOverTime": [
    1500,
    1502.038148884801,
    1459.400607102164,
    1432.6322615107813,
    1476.6212438962173,
    1453.4085142976276,
    1433.9855879900647,
    1437.4306589400328,
    1452.813640641201,
    1451.1051440223025,
    1457.4241436878897,
    1455.6763201780927,
    1455.6763201780927
  ],
  "EPA Rank": 424,
  "Auto EPA Rank": 378,
  "TeleOp EPA Rank": 427,
  "Endgame EPA Rank": 259
}