{
  "teamNumber": 12113,
  "teamName": "The Steel Vipadillos",
  "wins": 3,
  "loss": 2,
  "ties": 0,
  "elo": 1500,
  "totalEPA": 28.023064949119295,
  "autonEPA": 2.5051207012117516,
  "endgameEPA": -0.732573834953111,
  "unitlessEPA": 1498.1098033769379,
  "teleOpEPA": 25.517944247907543,
  "totalEPAOverTime": [
    22.088709677419356,
    35.21806685001816,
    50.91345245713308,
    38.918625594149454,
    42.09651377254588,
    32.93275278108217,
    28.023064949119295
  ],
  "teleOpEPAOverTime": [
    14.911073540778574,
    32.4772108615524,
    48.99016655642666,
    38.12086804159023,
    40.718757322534685,
    30.0199455350775,
    25.517944247907543
  ],
  "autonEPAOverTime": [
    3.4274193548387095,
    2.7408559884657606,
    1.9232859007064222,
    0.7977575525592231,
    1.3777564500111967,
    2.9128072460046726,
    2.5051207012117516
  ],
  "endGameEPAOverTime": [
    3.750216781802073,
    3.04826753587428,
    1.5490421212349934,
    1.0204147917138304,
    -1.04396863883943,
    -0.9727117856902336,
    -0.732573834953111
  ],
  "unitlessEPAOverTime": [
    1500,
    1531.7641359792676,
    1605.178672183584,
    1549.073350973901,
    1563.9377953759802,
    1521.074671148529,
    1498.1098033769379
  ],
  "EPA Rank": 312,
  "Auto EPA Rank": 462,
  "TeleOp EPA Rank": 264,
  "Endgame EPA Rank": 479
}