{
  "teamNumber": 12181,
  "teamName": "STEAM Starrz",
  "wins": 3,
  "loss": 7,
  "ties": 0,
  "elo": 1500,
  "totalEPA": 20.03343017996826,
  "autonEPA": 3.706742919768629,
  "endgameEPA": 5.521175355580496,
  "unitlessEPA": 1456.6739210323626,
  "teleOpEPA": 16.32668726019963,
  "totalEPAOverTime": [
    22.088709677419356,
    19.059139784946236,
    22.761648745519715,
    21.88739545997611,
    19.444720313951947,
    21.98895035455109,
    20.142673682556016,
    22.447437986967376,
    23.361387433260518,
    20.28738095350694,
    20.03343017996826
  ],
  "teleOpEPAOverTime": [
    12.733870967741938,
    15.440860215053764,
    16.682795698924732,
    15.69593787335723,
    13.714937607858758,
    15.587642152307629,
    15.379486739826248,
    18.009557604271997,
    18.641278638058818,
    16.158170867375386,
    16.32668726019963
  ],
  "autonEPAOverTime": [
    3.4274193548387095,
    3.618279569892473,
    6.078853046594982,
    6.191457586618877,
    5.729782706093189,
    6.401308202243461,
    4.763186942729766,
    4.43788038269538,
    4.720108795201701,
    4.129210086131555,
    3.706742919768629
  ],
  "endGameEPAOverTime": [
    5.92741935483871,
    5.618279569892473,
    4.439964157706093,
    4.997013142174432,
    4.8873187143236425,
    4.795834093875835,
    3.841958519090078,
    4.2386569687104725,
    5.01760265339517,
    4.842356182384153,
    5.521175355580496
  ],
  "unitlessEPAOverTime": [
    1500,
    1504.293736494128,
    1546.6577187200428,
    1536.654542213488,
    1508.7055358581267,
    1537.8165298803763,
    1457.510932184338,
    1475.1697711978277,
    1482.172346735668,
    1458.619662650578,
    1456.6739210323626
  ],
  "EPA Rank": 449,
  "Auto EPA Rank": 459,
  "TeleOp EPA Rank": 423,
  "Endgame EPA Rank": 313
}