{
  "teamNumber": 12379,
  "teamName": "Rockwood Rancor",
  "wins": 4,
  "loss": 16,
  "ties": 0,
  "elo": 1500,
  "totalEPA": 35.45327215581362,
  "autonEPA": 2.217556802029382,
  "endgameEPA": 0.6020788743129077,
  "unitlessEPA": 1514.1893268200956,
  "teleOpEPA": 33.23571535378424,
  "totalEPAOverTime": [
    22.088709677419356,
    6.18267214544767,
    -5.625765266255638,
    -20.87909377318884,
    -19.473433600474003,
    -13.653973786668733,
    -11.515260563870976,
    -7.84323710850078,
    -1.5827440388784764,
    -0.8924118794036449,
    -6.063897513036863,
    -8.050794999266156,
    -7.065476745798227,
    -7.0412114140497675,
    -3.2788172971224636,
    0.33538490620990336,
    -3.211506400295109,
    1.0103969589015112,
    2.798392484714968,
    -4.411430746636537,
    4.3075733967140035,
    15.017813329523875,
    15.025715843533947,
    30.239410266676998,
    35.45327215581362
  ],
  "teleOpEPAOverTime": [
    14.911073540778574,
    3.6508758268384276,
    -8.286971770666895,
    -22.142742172127093,
    -20.45090882136678,
    -14.915703437697617,
    -12.726115745880096,
    -10.005174561209508,
    -5.09510026604833,
    -6.564451534034738,
    -11.831747718107671,
    -12.385594509811815,
    -11.364417417553959,
    -11.18500276079616,
    -7.626328575596142,
    -4.875833051415674,
    -9.65460061580035,
    -7.404044246928034,
    -6.074896006292493,
    -11.28918533499705,
    -4.699089759250596,
    3.605367647054422,
    8.646498184812614,
    27.74867020000046,
    33.23571535378424
  ],
  "autonEPAOverTime": [
    3.4274193548387095,
    2.5317963186092425,
    2.661206504411257,
    1.2636483989382543,
    0.9774752208927768,
    1.2617296510288847,
    1.21085518200912,
    2.1619374527087274,
    3.512356227169854,
    5.672039654631093,
    5.7678502050708085,
    4.334799510545659,
    4.298940671755733,
    4.143791346746393,
    4.347511278473679,
    5.211217957625577,
    6.443094215505241,
    8.414441205829545,
    8.873288491007461,
    6.877754588360513,
    9.006663155964599,
    11.412445682469453,
    6.379217658721332,
    2.490740066676537,
    2.217556802029382
  ],
  "endGameEPAOverTime": [
    3.750216781802073,
    3.9594486229224537,
    3.0246203147547255,
    1.2214606172096785,
    -0.6098659232678891,
    -0.7709820345414189,
    -0.6210831711450793,
    -1.2304589943311846,
    -2.2458784570977888,
    -1.3430787407167586,
    1.8105321208249865,
    1.693595857464047,
    1.7049913244654658,
    1.1638282132722875,
    2.3467421180255035,
    2.916293840922015,
    1.165373886804852,
    1.1453980643402448,
    2.0792648406544907,
    1.680684684237222,
    3.1255489965910064,
    5.216392751285592,
    2.596513821619367,
    0.8524585137416278,
    0.6020788743129077
  ],
  "unitlessEPAOverTime": [
    1500,
    1399.7120967614626,
    1342.2089889515346,
    1267.9304232943105,
    1274.7755142777823,
    1303.1143209633417,
    1313.5291330792252,
    1321.0456959099317,
    1351.0666335658325,
    1354.3769828451916,
    1329.578161718942,
    1320.050393714184,
    1324.7752895857432,
    1326.9458691915054,
    1343.6223371928636,
    1359.6419580834934,
    1343.9206865901356,
    1362.6338873039324,
    1370.5590140307281,
    1339.5760245777458,
    1377.766553915457,
    1424.6789908913984,
    1424.713605073039,
    1491.3518396293475,
    1514.1893268200956
  ],
  "EPA Rank": 252,
  "Auto EPA Rank": 477,
  "TeleOp EPA Rank": 192,
  "Endgame EPA Rank": 369
}