{
  "teamNumber": 12549,
  "teamName": "Robo Rebels 12549",
  "wins": 8,
  "loss": 9,
  "ties": 0,
  "elo": 1500,
  "totalEPA": 76.47161416872832,
  "autonEPA": 20.72664801905932,
  "endgameEPA": -1.8850630584765373,
  "unitlessEPA": 1672.7052425926909,
  "teleOpEPA": 55.744966149669004,
  "totalEPAOverTime": [
    22.088709677419356,
    21.372388669037843,
    21.793781053616552,
    28.90406520197919,
    3.145552399386184,
    7.783085888302953,
    14.683784369119886,
    17.60641949210981,
    13.30308558169879,
    28.839974753498083,
    16.810174349152703,
    20.824567070705,
    24.98894237120051,
    44.439457927885556,
    83.58001704567793,
    97.83888268456661,
    93.84038098130902,
    83.95466197833225,
    78.25590365398838,
    75.66746385486573,
    76.47161416872832
  ],
  "teleOpEPAOverTime": [
    14.911073540778574,
    19.346393244642158,
    21.4178870275206,
    27.357965430937774,
    0.08671258763453693,
    5.194157249784022,
    13.545536871274066,
    14.759735643064039,
    8.963677976195505,
    21.80333897938091,
    8.652340691740786,
    9.912581902704398,
    13.828874207684835,
    34.12784962706383,
    71.25621918138,
    76.49674429576528,
    67.00114386175882,
    58.32622674344406,
    56.22732022259507,
    55.44434931171351,
    55.744966149669004
  ],
  "autonEPAOverTime": [
    3.4274193548387095,
    2.025995424395684,
    0.37589402609595346,
    1.5460997710414173,
    3.058839811751647,
    2.5889286385189307,
    1.1382474978458192,
    2.846683849045773,
    4.3394076055032835,
    7.036635774117171,
    8.157833657411917,
    10.911985168000603,
    11.160068163515673,
    10.311608300821725,
    12.323797864297934,
    21.34213838880133,
    26.839237119550205,
    25.628435234888194,
    22.02858343139332,
    20.223114543152224,
    20.72664801905932
  ],
  "endGameEPAOverTime": [
    3.750216781802073,
    2.6771725909599313,
    2.542357742038998,
    6.300716676163082,
    7.351954888274824,
    3.2529484449429926,
    2.0681135641520045,
    0.6348376274411476,
    -0.4043302499873944,
    4.75398417793321,
    3.63313986299733,
    1.1762400333084653,
    0.7875663425666672,
    -0.29684942778330714,
    -2.391078569982461,
    -1.3680520020777265,
    -0.34649079944977457,
    -1.5701330336805888,
    -2.032431411086605,
    -2.106786916992051,
    -1.8850630584765373
  ],
  "unitlessEPAOverTime": [
    1500,
    1477.5451605093767,
    1479.673956918003,
    1515.5937976965172,
    1385.4665539388213,
    1408.8945156139223,
    1443.7555683537853,
    1436.6819217562186,
    1417.229542451003,
    1487.4610112807293,
    1433.0826513153947,
    1451.2289284868712,
    1470.0531725731898,
    1541.66261951349,
    1701.785512802896,
    1760.1181189941517,
    1743.7603643790117,
    1703.3181743673945,
    1680.0047191787528,
    1669.41548695819,
    1672.7052425926909
  ],
  "EPA Rank": 40,
  "Auto EPA Rank": 60,
  "TeleOp EPA Rank": 55,
  "Endgame EPA Rank": 547
}