{
  "teamNumber": 12876,
  "teamName": "intergalacTECH",
  "wins": 2,
  "loss": 7,
  "ties": 0,
  "elo": 1500,
  "totalEPA": 111.95030397550612,
  "autonEPA": 9.580925454844753,
  "endgameEPA": 4.722016241639192,
  "unitlessEPA": 1838.3787500935337,
  "teleOpEPA": 102.36937852066137,
  "totalEPAOverTime": [
    22.088709677419356,
    20.572905084096167,
    27.169379431580687,
    33.53410748791695,
    6.078237310844312,
    1.432746255262515,
    18.385432614915494,
    55.18256719646676,
    77.559895398751,
    104.79685676323597,
    111.14353907202458,
    111.95030397550612
  ],
  "teleOpEPAOverTime": [
    14.911073540778574,
    15.724150598676959,
    18.230853350366644,
    22.854970601328183,
    -8.099575683817893,
    -13.826678606288485,
    3.626919563162737,
    41.987095052167646,
    64.21422656782153,
    94.81815310170603,
    102.4207540701026,
    102.36937852066137
  ],
  "autonEPAOverTime": [
    3.4274193548387095,
    4.848754485419208,
    8.938526081214043,
    10.679136886588767,
    14.177812994662204,
    15.259424861551,
    14.758513051752757,
    13.195472144299117,
    13.345668830929474,
    9.978703661529936,
    8.722785001921974,
    9.580925454844753
  ],
  "endGameEPAOverTime": [
    3.750216781802073,
    3.976925919200487,
    4.074184460817179,
    3.797981178148741,
    0.6836637744420049,
    0.9450353405764007,
    1.1475914456564726,
    1.3839213421620218,
    1.8496203977410937,
    3.7724161612615656,
    4.488173811247002,
    4.722016241639192
  ],
  "unitlessEPAOverTime": [
    1500,
    1451.361544965561,
    1481.8316312839613,
    1511.2312473597312,
    1384.4085402326714,
    1362.9503330149155,
    1438.0486805279686,
    1595.4902420096696,
    1691.2346942345584,
    1807.77175006801,
    1834.9268963664108,
    1838.3787500935337
  ],
  "EPA Rank": 8,
  "Auto EPA Rank": 225,
  "TeleOp EPA Rank": 1,
  "Endgame EPA Rank": 62
}