{
  "teamNumber": 13106,
  "teamName": "Walnut Creek RoboHawks",
  "wins": 4,
  "loss": 6,
  "ties": 0,
  "elo": 1500,
  "totalEPA": 37.9935944475786,
  "autonEPA": 6.485702158688333,
  "endgameEPA": 7.8845348386587455,
  "unitlessEPA": 1553.9778102383402,
  "teleOpEPA": 31.507892288890268,
  "totalEPAOverTime": [
    22.088709677419356,
    28.141507920704456,
    28.144282287564348,
    29.243293782050337,
    30.646737292370474,
    35.320423720893984,
    36.404121258753435,
    33.19329225946907,
    33.09895024011909,
    27.721707035387226,
    37.9935944475786
  ],
  "teleOpEPAOverTime": [
    12.733870967741938,
    21.042391256250276,
    20.964985545083117,
    21.139429411822547,
    23.66854714036759,
    28.214256899557355,
    29.075280525976062,
    25.867433842872238,
    26.220173363683855,
    22.22941915327361,
    31.507892288890268
  ],
  "autonEPAOverTime": [
    3.4274193548387095,
    7.099116664454179,
    7.17929674248123,
    8.103864370227788,
    6.978190152002884,
    7.106166821336627,
    7.328840732777374,
    7.325858416596829,
    6.878776876435231,
    5.492287882113613,
    6.485702158688333
  ],
  "endGameEPAOverTime": [
    5.92741935483871,
    6.581541218637994,
    6.229465352449224,
    5.955856730386301,
    8.396403633867521,
    11.255859965483861,
    9.982140639698434,
    7.782881240396495,
    7.713332933305323,
    7.2370314696950535,
    7.8845348386587455
  ],
  "unitlessEPAOverTime": [
    1500,
    1544.4110073692837,
    1544.4354109094543,
    1554.1023989136309,
    1566.447193892458,
    1607.5572922549413,
    1543.3840529852384,
    1521.9840424416316,
    1521.3552577230296,
    1485.516207651398,
    1553.9778102383402
  ],
  "EPA Rank": 198,
  "Auto EPA Rank": 327,
  "TeleOp EPA Rank": 153,
  "Endgame EPA Rank": 54
}