{
  "teamNumber": 13462,
  "teamName": "Digital Owls",
  "wins": 4,
  "loss": 5,
  "ties": 1,
  "elo": 1500,
  "totalEPA": 26.836079971148884,
  "autonEPA": 15.024505957007843,
  "endgameEPA": 3.1697529858091507,
  "unitlessEPA": 1476.0414170730837,
  "teleOpEPA": 11.81157401414104,
  "totalEPAOverTime": [
    22.088709677419356,
    27.615047542071956,
    38.325317647346125,
    32.204685465016155,
    36.261257714557196,
    39.330649207290485,
    33.34637575703074,
    33.27386151795572,
    33.11981865171741,
    31.284604738387767,
    26.836079971148884
  ],
  "teleOpEPAOverTime": [
    12.733870967741938,
    19.24105238901152,
    24.171594419145002,
    20.204913397364795,
    21.82655819073679,
    23.599680349045293,
    19.80985680300457,
    16.897998948740366,
    16.899417121264406,
    13.5734541360152,
    11.81157401414104
  ],
  "autonEPAOverTime": [
    3.4274193548387095,
    8.373995153060436,
    14.153723228201123,
    11.99977206765136,
    14.434699523820406,
    15.73096885824519,
    13.53651895402617,
    16.375862569215357,
    16.220401530453003,
    17.711150602372566,
    15.024505957007843
  ],
  "endGameEPAOverTime": [
    5.92741935483871,
    5.434076942527457,
    5.252765202524688,
    4.998118559949647,
    4.863235229352964,
    5.19121495132364,
    4.511857637365749,
    3.605311471998339,
    3.651927018314937,
    2.8932360676197355,
    3.1697529858091507
  ],
  "unitlessEPAOverTime": [
    1500,
    1496.8300429877884,
    1573.9260284068607,
    1529.8677399747094,
    1559.0682579754666,
    1581.1627298648975,
    1518.3369332990585,
    1517.865829177789,
    1516.865057052718,
    1504.9422009487455,
    1476.0414170730837
  ],
  "EPA Rank": 331,
  "Auto EPA Rank": 108,
  "TeleOp EPA Rank": 514,
  "Endgame EPA Rank": 550
}