{
  "teamNumber": 13570,
  "teamName": "ElectroStangs Black",
  "wins": 2,
  "loss": 3,
  "ties": 0,
  "elo": 1500,
  "totalEPA": 23.35705215280201,
  "autonEPA": 2.915760170397085,
  "endgameEPA": 7.548131321167634,
  "unitlessEPA": 1455.400208742276,
  "teleOpEPA": 20.441291982404923,
  "totalEPAOverTime": [
    22.088709677419356,
    21.225806451612904,
    17.511648745519715,
    20.156001095181203,
    20.23510097238816,
    23.35705215280201
  ],
  "teleOpEPAOverTime": [
    12.733870967741938,
    18.940860215053764,
    15.571684587813621,
    16.681576065312626,
    17.563574439134477,
    20.441291982404923
  ],
  "autonEPAOverTime": [
    3.4274193548387095,
    2.28494623655914,
    1.9399641577060933,
    3.474425029868578,
    2.671526533253684,
    2.915760170397085
  ],
  "endGameEPAOverTime": [
    5.92741935483871,
    4.78494623655914,
    4.85663082437276,
    4.897264536041418,
    4.181300195805124,
    7.548131321167634
  ],
  "unitlessEPAOverTime": [
    1500,
    1441.261029795208,
    1416.6204449884997,
    1434.1636926065958,
    1434.688459562323,
    1455.400208742276
  ],
  "EPA Rank": 396,
  "Auto EPA Rank": 501,
  "TeleOp EPA Rank": 337,
  "Endgame EPA Rank": 80
}