{
  "teamNumber": 13667,
  "teamName": "Tractor Technicians in Training (Teal)",
  "wins": 9,
  "loss": 11,
  "ties": 0,
  "elo": 1500,
  "totalEPA": 7.470336658348692,
  "autonEPA": 2.6291957393562906,
  "endgameEPA": 0.7852866028439145,
  "unitlessEPA": 1390.3930068528543,
  "teleOpEPA": 4.8411409189924015,
  "totalEPAOverTime": [
    22.088709677419356,
    15.725806451612904,
    11.365591397849462,
    8.925855402893934,
    16.790640096702074,
    17.63658670553325,
    15.031720392194186,
    16.822489625770153,
    35.20371874069818,
    48.101067928626,
    24.71308292695894,
    26.318947970393513,
    30.562956142205174,
    32.19287003045062,
    25.117295503958704,
    11.896440212054229,
    10.672954070430162,
    7.642167630701225,
    8.920884496198555,
    5.068022894049442,
    13.586952153942331,
    25.002418404375614,
    6.804685100595481,
    2.949609434035917,
    7.470336658348692
  ],
  "teleOpEPAOverTime": [
    14.911073540778574,
    13.440860215053764,
    10.47700119474313,
    9.305283143059427,
    17.640699681600047,
    17.953071880400035,
    15.299350691045419,
    16.748569445778838,
    35.407102471723725,
    48.581827415544886,
    23.37297587982783,
    24.73325634654498,
    29.960439299567568,
    30.562575608982968,
    21.74372652272672,
    7.656071776077201,
    5.46789787490827,
    3.757360894983278,
    6.179752537564161,
    2.216293204014255,
    11.93569764920318,
    24.91848697175303,
    7.623737934075095,
    1.7185803288489123,
    4.8411409189924015
  ],
  "autonEPAOverTime": [
    3.4274193548387095,
    2.28494623655914,
    0.8885902031063324,
    -0.3794277401654938,
    -0.8500595848979752,
    -0.31648517486678573,
    -0.267630298851232,
    0.07392017999131428,
    -0.20338373102554747,
    -0.4807594869188838,
    1.3401070471311085,
    1.5856916238485341,
    0.6025168426376055,
    1.630294421467653,
    3.373568981231984,
    4.240368435977028,
    5.205056195521892,
    3.884806735717947,
    2.7411319586343947,
    2.8517296900351865,
    1.6512545047391511,
    0.08393143262258573,
    -0.8190528334796137,
    1.2310291051870048,
    2.6291957393562906
  ],
  "endGameEPAOverTime": [
    3.750216781802073,
    2.500144521201382,
    2.6389450915783152,
    1.8698525473378276,
    0.727483006865174,
    2.3205272910796966,
    3.1365532070370814,
    2.142158934662343,
    1.7732231409321226,
    0.020194876594102018,
    -2.191761252590718,
    -1.914191348257381,
    -1.25865683501956,
    -0.7456067234840414,
    1.192736292947141,
    2.4174058144480663,
    3.4539206717643336,
    4.658670436667263,
    5.610395490419727,
    6.391835705440529,
    6.616915457707628,
    6.263647159896585,
    4.0614162742941335,
    1.0450691702703123,
    0.7852866028439145
  ],
  "unitlessEPAOverTime": [
    1500,
    1462.9271512648224,
    1441.1238430832,
    1428.923913693502,
    1468.2518648029768,
    1472.482031065447,
    1459.4563655188276,
    1450.9260841283642,
    1538.1969935008995,
    1599.4313856673884,
    1488.3892618396048,
    1496.0136324295065,
    1516.1634521299572,
    1502.722018808755,
    1470.7460036217842,
    1410.9981671717765,
    1405.4689749769743,
    1391.7722111506046,
    1397.5510026477314,
    1379.8359233523872,
    1417.2727681425163,
    1467.4385841960002,
    1387.4677690334447,
    1370.5264534079397,
    1390.3930068528543
  ],
  "EPA Rank": 488,
  "Auto EPA Rank": 459,
  "TeleOp EPA Rank": 475,
  "Endgame EPA Rank": 346
}