{
  "teamNumber": 14009,
  "teamName": "AWESOMYSTICS",
  "wins": 3,
  "loss": 2,
  "ties": 0,
  "elo": 1500,
  "totalEPA": 9.909161862941465,
  "autonEPA": 1.3419405983682529,
  "endgameEPA": 6.761566161908427,
  "unitlessEPA": 1364.0991570313363,
  "teleOpEPA": 8.567221264573213,
  "totalEPAOverTime": [
    22.088709677419356,
    18.225806451612904,
    15.06720430107527,
    12.253242661568386,
    9.863742794412197,
    9.909161862941465
  ],
  "teleOpEPAOverTime": [
    12.733870967741938,
    14.940860215053764,
    12.21057347670251,
    9.734374645001903,
    7.850831896859818,
    8.567221264573213
  ],
  "autonEPAOverTime": [
    3.4274193548387095,
    3.2849462365591395,
    2.8566308243727594,
    2.518868016566482,
    2.0129108975523793,
    1.3419405983682529
  ],
  "endGameEPAOverTime": [
    5.92741935483871,
    4.78494623655914,
    4.995519713261649,
    5.2339552723966944,
    5.142349242862641,
    6.761566161908427
  ],
  "unitlessEPAOverTime": [
    1500,
    1415.2501452472832,
    1395.8233656538528,
    1378.5162753810994,
    1363.8198099684253,
    1364.0991570313363
  ],
  "EPA Rank": 560,
  "Auto EPA Rank": 552,
  "TeleOp EPA Rank": 553,
  "Endgame EPA Rank": 157
}