{
  "teamNumber": 14001,
  "teamName": "Tech Tigers",
  "wins": 1,
  "loss": 4,
  "ties": 0,
  "elo": 1500,
  "totalEPA": -7.603092583877806,
  "autonEPA": 2.1197622179962763,
  "endgameEPA": 0.2585743417402969,
  "unitlessEPA": 1323.131088508219,
  "teleOpEPA": -9.722854801874082,
  "totalEPAOverTime": [
    22.088709677419356,
    15.559139784946238,
    6.988200067849611,
    -11.024877190841783,
    -17.877154472218496,
    -15.545076997410405,
    -7.603092583877806
  ],
  "teleOpEPAOverTime": [
    14.911073540778574,
    13.274193548387098,
    4.634227915689486,
    -12.620191069010243,
    -18.69897543844125,
    -17.784649101978058,
    -9.722854801874082
  ],
  "autonEPAOverTime": [
    3.4274193548387095,
    2.28494623655914,
    2.353972152160125,
    1.5953138781684604,
    0.8218209662227538,
    2.239572104567652,
    2.1197622179962763
  ],
  "endGameEPAOverTime": [
    3.750216781802073,
    2.500144521201382,
    2.9350738239011673,
    3.714573481944631,
    1.123246587961226,
    0.7311966830057666,
    0.2585743417402969
  ],
  "unitlessEPAOverTime": [
    1500,
    1424.773801846509,
    1387.161988147705,
    1308.1152875105936,
    1278.0454719446766,
    1288.2793163548404,
    1323.131088508219
  ],
  "EPA Rank": 548,
  "Auto EPA Rank": 480,
  "TeleOp EPA Rank": 543,
  "Endgame EPA Rank": 408
}