{
  "teamNumber": 14403,
  "teamName": "Clare Shockwave",
  "wins": 3,
  "loss": 2,
  "ties": 0,
  "elo": 1500,
  "totalEPA": 33.91296318325071,
  "autonEPA": 3.2799535781037124,
  "endgameEPA": 0.19126615612208878,
  "unitlessEPA": 1507.8103848045087,
  "teleOpEPA": 30.633009605147,
  "totalEPAOverTime": [
    22.088709677419356,
    14.725806451612904,
    11.484351878283913,
    39.25827075450621,
    45.843426560973576,
    38.315369336115886,
    33.91296318325071
  ],
  "teleOpEPAOverTime": [
    14.911073540778574,
    12.440860215053764,
    9.658022326302849,
    33.820528210567545,
    41.42588023501543,
    34.84932314733987,
    30.633009605147
  ],
  "autonEPAOverTime": [
    3.4274193548387095,
    2.28494623655914,
    1.8263295519810638,
    5.437742543938665,
    4.4175463259581464,
    3.4660461887760206,
    3.2799535781037124
  ],
  "endGameEPAOverTime": [
    3.750216781802073,
    2.500144521201382,
    1.0044746583246646,
    1.386237430876812,
    0.2445118780137578,
    0.43561927042614834,
    0.19126615612208878
  ],
  "unitlessEPAOverTime": [
    1500,
    1422.9149872776263,
    1408.5728636155861,
    1531.4612058986486,
    1560.5978532813576,
    1527.2892490077709,
    1507.8103848045087
  ],
  "EPA Rank": 264,
  "Auto EPA Rank": 436,
  "TeleOp EPA Rank": 214,
  "Endgame EPA Rank": 417
}