{
  "teamNumber": 15339,
  "teamName": "Team R.O.B.O.T.I.C.S.",
  "wins": 1,
  "loss": 9,
  "ties": 0,
  "elo": 1500,
  "totalEPA": -16.02321254667216,
  "autonEPA": 3.771341585609772,
  "endgameEPA": 1.358816558609396,
  "unitlessEPA": 1274.8710452048615,
  "teleOpEPA": -19.79455413228193,
  "totalEPAOverTime": [
    22.088709677419356,
    21.559139784946236,
    21.13297833578649,
    24.156448432552466,
    23.14198189043612,
    21.45051359361282,
    18.80256337515663,
    16.4873511997273,
    -8.501770812486694,
    -27.10820680888791,
    -30.520937936740452,
    -23.394079354509287,
    -16.02321254667216
  ],
  "teleOpEPAOverTime": [
    14.911073540778574,
    18.440860215053764,
    18.276137128936977,
    21.63668798207985,
    21.442096416987372,
    19.1246776504507,
    15.69740129055855,
    12.970952688368685,
    -12.432278640906128,
    -30.80174467537716,
    -34.790860450231335,
    -27.45769155550744,
    -19.79455413228193
  ],
  "autonEPAOverTime": [
    3.4274193548387095,
    3.118279569892473,
    2.8568412068495124,
    2.519760450472618,
    1.6998854734487479,
    2.3258359431621205,
    3.10516208459808,
    3.516398511358615,
    3.9305078284194352,
    3.69353786648925,
    4.269922513490881,
    4.063612200998153,
    3.771341585609772
  ],
  "endGameEPAOverTime": [
    3.750216781802073,
    2.500144521201382,
    -0.4535894654175459,
    0.14043811795707284,
    0.7936150069274671,
    1.6858922680857724,
    2.6303991742954294,
    1.5669631816125125,
    -1.0202888200731761,
    -1.5194660420339752,
    -0.7077875681174963,
    0.5845196503643045,
    1.358816558609396
  ],
  "unitlessEPAOverTime": [
    1500,
    1492.2487036221576,
    1489.9897602478015,
    1506.0161928500925,
    1500.638835329045,
    1491.672911476533,
    1477.6369877358939,
    1432.4855923951259,
    1311.3357660998627,
    1221.1298561908966,
    1204.5845856876076,
    1239.136326995133,
    1274.8710452048615
  ],
  "EPA Rank": 558,
  "Auto EPA Rank": 417,
  "TeleOp EPA Rank": 562,
  "Endgame EPA Rank": 295
}