{
  "teamNumber": 15411,
  "teamName": "Tractor Technicians in Training (Purple)",
  "wins": 6,
  "loss": 13,
  "ties": 1,
  "elo": 1500,
  "totalEPA": 23.958770060468513,
  "autonEPA": 3.1776104053444523,
  "endgameEPA": 4.922805377460454,
  "unitlessEPA": 1451.9753115078381,
  "teleOpEPA": 20.78115965512406,
  "totalEPAOverTime": [
    22.088709677419356,
    16.39247311827957,
    11.645609318996417,
    9.681976387229525,
    8.7638926916014,
    8.926304122970045,
    7.907051468247416,
    8.341558597700715,
    11.461747544991077,
    14.09949507811746,
    14.274939805135029,
    14.406346412308448,
    15.430816026866873,
    22.43871517910636,
    19.715951267771242,
    22.542290819165295,
    20.710444678789123,
    20.210945853206855,
    19.923768172893315,
    24.71166645198633,
    26.018672723860497,
    23.958770060468513
  ],
  "teleOpEPAOverTime": [
    12.733870967741938,
    14.107526881720432,
    10.312724014336919,
    8.26484717244126,
    6.736225192486396,
    6.591328478767499,
    5.162872398946365,
    6.274217342613694,
    9.328678104258035,
    11.831791975812674,
    12.046604476343354,
    11.61904412071723,
    12.800075271730083,
    16.466213999874615,
    15.308755469952356,
    18.274206498608404,
    17.118148069850083,
    16.339424942612993,
    16.399052751690732,
    22.282685845245393,
    23.163715130921066,
    20.78115965512406
  ],
  "autonEPAOverTime": [
    3.4274193548387095,
    2.28494623655914,
    1.3328853046594984,
    1.417129214788265,
    2.027667499115005,
    2.3349756442025456,
    2.744179069301051,
    2.0673412550870207,
    2.1330694407330415,
    2.2677031023047864,
    2.2283353287916734,
    2.7873022915912182,
    2.6307407551367907,
    5.972501179231745,
    4.407195797818886,
    4.268084320556892,
    3.5922966089390393,
    3.8715209105938606,
    3.524715421202581,
    2.4289806067409354,
    2.854957592939431,
    3.1776104053444523
  ],
  "endGameEPAOverTime": [
    5.92741935483871,
    5.618279569892473,
    5.360663082437275,
    4.45339464688703,
    4.418228198703481,
    4.577252450329659,
    4.5988396611750675,
    5.467563292287323,
    6.301603764676751,
    9.265854348660502,
    9.584744273335055,
    8.533718119227533,
    7.687478093718576,
    7.948183692604434,
    7.289791249748981,
    7.691834778456726,
    6.470178967519154,
    6.890228996880349,
    6.274815422207292,
    6.419241437190226,
    5.98239915488458,
    4.922805377460454
  ],
  "unitlessEPAOverTime": [
    1500,
    1455.724094669368,
    1403.747331331902,
    1382.2461279075453,
    1372.1933812964344,
    1373.9717387316787,
    1360.2384449521705,
    1363.499763912322,
    1386.9192447062424,
    1406.7176218990435,
    1408.0344730526733,
    1409.020783357876,
    1407.6486389395827,
    1456.363212527574,
    1437.4362445390184,
    1457.0832062132654,
    1444.3493466544107,
    1428.876211037269,
    1427.10623845488,
    1456.6156650649507,
    1464.671184086144,
    1451.9753115078381
  ],
  "EPA Rank": 386,
  "Auto EPA Rank": 487,
  "TeleOp EPA Rank": 327,
  "Endgame EPA Rank": 388
}