{
  "teamNumber": 15411,
  "teamName": "Tractor Technicians in Training (Purple)",
  "wins": 6,
  "loss": 13,
  "ties": 1,
  "elo": 1500,
  "totalEPA": 22.550901302479737,
  "autonEPA": 5.927223599267121,
  "endgameEPA": -0.5007576135914853,
  "unitlessEPA": 1456.6652742594908,
  "teleOpEPA": 16.623677703212614,
  "totalEPAOverTime": [
    22.088709677419356,
    13.892473118279572,
    5.008811230585426,
    -8.854029365750112,
    -5.328901511187983,
    5.975232531677504,
    7.763836528635127,
    4.560587916935023,
    1.3212401514101817,
    2.853122965887069,
    14.818582809993021,
    24.179048844489852,
    24.379189035618296,
    24.16897637993667,
    19.351819810532206,
    25.66564419320124,
    25.85917673850677,
    25.0267947784805,
    23.84630183689368,
    21.414321987999912,
    19.214817659756783,
    13.556257681897236,
    17.60554107184644,
    22.59486953953468,
    24.437748972084655,
    22.550901302479737
  ],
  "teleOpEPAOverTime": [
    14.911073540778574,
    11.607526881720432,
    4.310633213859022,
    -8.688706794312939,
    -6.765291383074263,
    3.5444554215952064,
    5.2362674230735635,
    1.7181378963907465,
    -0.7257294065562094,
    1.3531990680337183,
    13.562065349775235,
    23.151169037598354,
    22.676923143075754,
    22.164641623558285,
    17.43956640117772,
    21.05049791850911,
    20.68371988807673,
    21.91389388377213,
    21.121706729992276,
    18.961329646005943,
    16.208432512878836,
    9.596888862075941,
    14.680938107118157,
    17.054788270130544,
    18.491800187579855,
    16.623677703212614
  ],
  "autonEPAOverTime": [
    3.4274193548387095,
    2.28494623655914,
    0.6981780167264041,
    -0.16532257143717277,
    1.4363898718862806,
    2.4307771100822975,
    2.5275691055615637,
    2.8424500205442764,
    2.046969557966391,
    1.4999238978533507,
    1.2565174602177858,
    1.0278798068914978,
    1.7022658925425418,
    2.004334756378383,
    1.9122534093544856,
    4.61514627469213,
    5.175456850430038,
    3.1129008947083707,
    2.724595106901406,
    2.452992341993968,
    3.006385146877945,
    3.9593688198212944,
    2.924602964728281,
    5.540081269404137,
    5.945948784504802,
    5.927223599267121
  ],
  "endGameEPAOverTime": [
    3.750216781802073,
    2.500144521201382,
    0.763933048144867,
    -0.6760897953852355,
    -1.1854723411509456,
    -1.2584863613393842,
    -1.2681407669676577,
    -0.8287040305205913,
    -1.363301353505217,
    -2.8201070490580724,
    -2.691428727301224,
    -1.539161805560864,
    -0.2992166303014121,
    0.08594841514344165,
    1.2357259872634994,
    0.8244406927068834,
    0.15600287863266993,
    -1.699544970437452,
    -1.82907113264951,
    -1.5568531811710535,
    -0.049543650014640006,
    2.249273390843157,
    1.9174332947260118,
    -0.5482265327393774,
    -0.9777225542270521,
    -0.5007576135914853
  ],
  "unitlessEPAOverTime": [
    1500,
    1445.8466405210736,
    1368.7738422294474,
    1248.502727621813,
    1279.0860018978424,
    1377.1583119386084,
    1392.6758672917751,
    1391.6144353269794,
    1375.5803272139651,
    1383.1628334595741,
    1442.3894095018786,
    1488.721799615295,
    1489.712452578359,
    1488.6719429783109,
    1452.9762994811267,
    1483.3086148146588,
    1484.2383667107713,
    1480.2395110950267,
    1474.5682915641974,
    1462.8847895865485,
    1442.0046940704406,
    1417.1378798072794,
    1434.9326506236628,
    1456.8584947941501,
    1464.9571171888808,
    1456.6652742594908
  ],
  "EPA Rank": 361,
  "Auto EPA Rank": 329,
  "TeleOp EPA Rank": 355,
  "Endgame EPA Rank": 469
}