{
  "teamNumber": 15465,
  "teamName": "Team KRASH",
  "wins": 15,
  "loss": 10,
  "ties": 0,
  "elo": 1500,
  "totalEPA": 49.0922162163795,
  "autonEPA": 17.747828978754846,
  "endgameEPA": 9.545589651335984,
  "unitlessEPA": 1576.136192389386,
  "teleOpEPA": 31.34438723762465,
  "totalEPAOverTime": [
    22.088709677419356,
    30.059139784946236,
    37.067204301075265,
    43.31332138590203,
    42.28218339307049,
    46.28529870222479,
    46.28529870222479,
    46.28529870222479,
    46.28529870222479,
    46.7670632949288,
    51.90948093966681,
    54.23281888352888,
    47.054254252102716,
    53.64819416237814,
    53.64819416237814,
    53.64819416237814,
    53.64819416237814,
    52.377173873919084,
    46.74313972575225,
    52.984081018861666,
    49.75009405346866,
    45.42632560807021,
    50.041992010341126,
    49.0922162163795,
    49.0922162163795,
    49.0922162163795
  ],
  "teleOpEPAOverTime": [
    12.733870967741938,
    21.440860215053764,
    24.349462365591393,
    30.28390083632019,
    28.491736360015928,
    31.813376878572825,
    31.813376878572825,
    31.813376878572825,
    31.813376878572825,
    31.532108657548118,
    32.24260109409217,
    33.4786870165653,
    28.70498244320037,
    33.32816736600083,
    33.32816736600083,
    33.32816736600083,
    33.32816736600083,
    33.049233442582675,
    29.513541174387605,
    34.71530115360892,
    32.112531315873895,
    29.88297195733466,
    33.27610060783791,
    31.34438723762465,
    31.34438723762465,
    31.34438723762465
  ],
  "autonEPAOverTime": [
    3.4274193548387095,
    8.618279569892472,
    12.71774193548387,
    13.02942054958184,
    13.79044703305456,
    14.47192182365197,
    14.47192182365197,
    14.47192182365197,
    14.47192182365197,
    15.234954637380685,
    19.666879845574634,
    20.754131866963572,
    18.349271808902344,
    20.32002679637731,
    20.32002679637731,
    20.32002679637731,
    20.32002679637731,
    19.32794043133641,
    17.229598551364646,
    18.268779865252743,
    17.637562737594767,
    15.543353650735549,
    16.765891402503215,
    17.747828978754846,
    17.747828978754846,
    17.747828978754846
  ],
  "endGameEPAOverTime": [
    5.92741935483871,
    6.451612903225807,
    7.078853046594983,
    6.941457586618878,
    10.140755675029869,
    9.533890718549518,
    9.533890718549518,
    9.533890718549518,
    9.533890718549518,
    9.339659294187438,
    8.166131901200107,
    8.152256341655225,
    7.642687244675536,
    7.746871959615018,
    7.746871959615018,
    7.746871959615018,
    7.746871959615018,
    7.750582335477288,
    6.766685399545361,
    9.606305428035006,
    9.351821882422827,
    8.365166248595548,
    10.915664595239164,
    9.545589651335984,
    9.545589651335984,
    9.545589651335984
  ],
  "unitlessEPAOverTime": [
    1500,
    1533.0278150416718,
    1586.6685202731012,
    1634.4771733779749,
    1626.584699072251,
    1657.225103111279,
    1651.5463932712294,
    1651.5463932712294,
    1651.5463932712294,
    1603.0339140350538,
    1636.2316987872036,
    1651.2304169573931,
    1604.8879259488428,
    1647.4562688826236,
    1641.1236357213957,
    1641.1236357213957,
    1641.1236357213957,
    1598.6960740335833,
    1567.831925922155,
    1602.0208092976545,
    1584.3045068995239,
    1560.6182057183855,
    1585.903571004818,
    1580.7005459597854,
    1576.136192389386,
    1576.136192389386
  ],
  "EPA Rank": 115,
  "Auto EPA Rank": 85,
  "TeleOp EPA Rank": 154,
  "Endgame EPA Rank": 14
}