{
  "teamNumber": 16668,
  "teamName": "4-Gear Clovers",
  "wins": 4,
  "loss": 6,
  "ties": 0,
  "elo": 1500,
  "totalEPA": 74.47466141850144,
  "autonEPA": 7.717174790028747,
  "endgameEPA": -1.1527476426243441,
  "unitlessEPA": 1689.2735441522864,
  "teleOpEPA": 66.75748662847269,
  "totalEPAOverTime": [
    22.088709677419356,
    27.559139784946236,
    28.273047971640832,
    24.017996842449655,
    5.960158448753975,
    13.307366652647532,
    17.566142037749962,
    23.562228436720442,
    23.891807865693,
    46.24449680295185,
    65.14621629601018,
    63.5485167400858,
    74.47466141850144
  ],
  "teleOpEPAOverTime": [
    14.911073540778574,
    23.774193548387096,
    22.706185376934084,
    16.634638985937634,
    -3.616554062703753,
    -0.6683518417276382,
    2.971572223791009,
    8.352892082613018,
    9.743070584526004,
    35.21969815696459,
    57.22643588577108,
    56.894115667976756,
    66.75748662847269
  ],
  "autonEPAOverTime": [
    3.4274193548387095,
    3.7849462365591395,
    5.566862594706747,
    7.3833578565120215,
    9.576712511457728,
    13.97571849437517,
    14.594569813958953,
    15.209336354107425,
    14.148737281166996,
    11.024798645987262,
    7.9197804102391025,
    6.654401072109044,
    7.717174790028747
  ],
  "endGameEPAOverTime": [
    3.750216781802073,
    4.166811187868048,
    3.689020170133052,
    3.727887831341893,
    3.835199067262328,
    4.188975261550735,
    4.612879025646345,
    4.972468145176261,
    4.269330487892137,
    3.01685785260807,
    2.280230003580229,
    -0.003361780946319337,
    -1.1527476426243441
  ],
  "unitlessEPAOverTime": [
    1500,
    1521.1597834920863,
    1524.959772754652,
    1502.3109939565568,
    1406.1927629569902,
    1445.3004700893289,
    1467.9690723503534,
    1464.4980822310397,
    1465.9531564447107,
    1564.638991844725,
    1648.0889957303848,
    1641.035244128634,
    1689.2735441522864
  ],
  "EPA Rank": 49,
  "Auto EPA Rank": 272,
  "TeleOp EPA Rank": 28,
  "Endgame EPA Rank": 503
}