{
  "teamNumber": 16671,
  "teamName": "Broncobots",
  "wins": 5,
  "loss": 12,
  "ties": 3,
  "elo": 1500,
  "totalEPA": 37.65661779575424,
  "autonEPA": 15.537563606155926,
  "endgameEPA": 0.8991292259061785,
  "unitlessEPA": 1523.8403070145991,
  "teleOpEPA": 22.11905418959831,
  "totalEPAOverTime": [
    22.088709677419356,
    25.040920909288857,
    20.915437134052848,
    8.426124976127692,
    -0.518647443362803,
    0.7384315431656696,
    16.993499539615545,
    21.94110314642623,
    22.223491783223114,
    15.863856895737754,
    15.395670226902817,
    18.637061057876,
    15.445583398008402,
    10.507405460455654,
    13.463590491834053,
    13.593205793060262,
    7.431230065627898,
    -5.5425146378443335,
    3.1648035046133653,
    6.098458318120435,
    17.40059698553047,
    23.86805463887305,
    24.508201830792466,
    28.961622621426542,
    22.857761970549923,
    34.457264948124696,
    37.65661779575424
  ],
  "teleOpEPAOverTime": [
    14.911073540778574,
    20.86236057296609,
    18.058945039218447,
    7.460597109969293,
    -1.453381325222507,
    -1.539499452428494,
    15.105545464924466,
    20.164339409475826,
    19.72323262116164,
    10.464003504242045,
    7.155795439835398,
    10.92234009835422,
    7.047442923773076,
    1.3153958321953567,
    4.038565957721266,
    1.6383255870500033,
    -5.478424453489235,
    -15.522202662790566,
    -6.563109734617216,
    -3.3019833677528263,
    8.304798806442538,
    15.93657491941261,
    15.347311873061773,
    13.631800684866407,
    6.532543322894668,
    18.788570416995874,
    22.11905418959831
  ],
  "autonEPAOverTime": [
    3.4274193548387095,
    4.17856033632277,
    2.8564920948344024,
    0.9655278661583988,
    0.934733881859704,
    2.2779309955941636,
    1.8879540746910783,
    1.7767637369504041,
    2.5002591620614765,
    5.399853391495709,
    8.23987478706742,
    7.71472095952178,
    8.398140474235326,
    9.192009628260298,
    9.425024534112787,
    11.954880206010259,
    12.909654519117133,
    9.979688024946231,
    9.727913239230581,
    9.400441685873261,
    9.095798179087932,
    7.931479719460441,
    9.160889957730692,
    15.329821936560135,
    16.325218647655255,
    15.668694531128821,
    15.537563606155926
  ],
  "endGameEPAOverTime": [
    3.750216781802073,
    3.9456737993866455,
    3.063893019816025,
    0.6106684126929478,
    -1.3292814734560712,
    -2.524733184503115,
    -3.1955295786484754,
    -3.35248053084245,
    -3.1186931000356073,
    -3.508863823270265,
    -1.0209921764583778,
    1.3433409211804495,
    2.313878395340195,
    1.6382188963704096,
    0.7695892946093463,
    -0.1295597840490168,
    -2.3890795058316474,
    -4.08608678130487,
    -4.706964157373814,
    -4.5661601660860205,
    -4.430169602038696,
    -4.040484677447351,
    -1.2119576870769562,
    3.1167173921924207,
    2.3796723927281076,
    1.1531274075015252,
    0.8991292259061785
  ],
  "unitlessEPAOverTime": [
    1500,
    1513.5105819675296,
    1491.5063651604473,
    1424.8917455262713,
    1377.182744029297,
    1383.8876640023777,
    1470.5878087356539,
    1496.9769907979528,
    1478.9113087536548,
    1447.6097898286216,
    1445.3054195095294,
    1461.2592373362088,
    1445.5510873973265,
    1421.2458445803748,
    1417.8315292873503,
    1418.40603726185,
    1391.0936431186244,
    1333.588705655576,
    1372.183097382653,
    1385.1862541769858,
    1435.1159361690925,
    1463.444358450983,
    1466.2482979504377,
    1485.7549405166753,
    1459.019126950354,
    1509.826667752566,
    1523.8403070145991
  ],
  "EPA Rank": 239,
  "Auto EPA Rank": 112,
  "TeleOp EPA Rank": 301,
  "Endgame EPA Rank": 332
}