{
  "teamNumber": 16808,
  "teamName": "Cyber Waffles (Black)",
  "wins": 6,
  "loss": 3,
  "ties": 0,
  "elo": 1500,
  "totalEPA": 47.91132978608373,
  "autonEPA": 7.510087384605137,
  "endgameEPA": -0.036520411504732495,
  "unitlessEPA": 1574.2905268970687,
  "teleOpEPA": 40.4012424014786,
  "totalEPAOverTime": [
    22.088709677419356,
    21.234572837897648,
    30.56297913062879,
    43.890248302311974,
    36.59329685441336,
    41.30941375526579,
    47.91132978608373,
    47.91132978608373,
    47.91132978608373,
    47.91132978608373,
    47.91132978608373
  ],
  "teleOpEPAOverTime": [
    14.911073540778574,
    17.34083881696099,
    24.802570484368587,
    33.970277586455104,
    28.017497216857908,
    35.04090050423083,
    40.4012424014786,
    40.4012424014786,
    40.4012424014786,
    40.4012424014786,
    40.4012424014786
  ],
  "autonEPAOverTime": [
    3.4274193548387095,
    3.893734020936657,
    5.760408646260204,
    9.919970715856868,
    8.575799637555452,
    6.268513251034959,
    7.510087384605137,
    7.510087384605137,
    7.510087384605137,
    7.510087384605137,
    7.510087384605137
  ],
  "endGameEPAOverTime": [
    3.750216781802073,
    4.125386759524183,
    3.2285651795461248,
    0.9254860618934297,
    -0.11754576349232904,
    0.39383978913861634,
    -0.036520411504732495,
    -0.036520411504732495,
    -0.036520411504732495,
    -0.036520411504732495,
    -0.036520411504732495
  ],
  "unitlessEPAOverTime": [
    1500,
    1454.417885748592,
    1497.5071679893415,
    1559.0677866862966,
    1525.362093498324,
    1547.1465318947892,
    1577.641754149775,
    1574.2905268970687,
    1574.2905268970687,
    1574.2905268970687,
    1574.2905268970687
  ],
  "EPA Rank": 153,
  "Auto EPA Rank": 278,
  "TeleOp EPA Rank": 134,
  "Endgame EPA Rank": 435
}