{
  "teamNumber": 17155,
  "teamName": "Baker Dynamics",
  "wins": 11,
  "loss": 14,
  "ties": 0,
  "elo": 1500,
  "totalEPA": 34.244523152296445,
  "autonEPA": 16.24218484083096,
  "endgameEPA": -0.15504210421555253,
  "unitlessEPA": 1508.0541916017175,
  "teleOpEPA": 18.002338311465486,
  "totalEPAOverTime": [
    22.088709677419356,
    19.89247311827957,
    19.59175268951481,
    30.714452223820086,
    33.71956272804957,
    24.89575862126855,
    23.079919012395997,
    24.927743997094176,
    22.054344028445655,
    15.0828831974665,
    8.6540699416341,
    10.33720379791389,
    12.664960030337028,
    12.82438328581764,
    14.793350217094934,
    18.20397558341795,
    13.996068914693,
    9.298578412961177,
    7.900459602372996,
    8.235975082640861,
    13.312607220720006,
    23.60938468578197,
    35.11679670067901,
    49.29044351688575,
    49.20681701344027,
    41.0378356906178,
    18.688853666121886,
    23.591449467603997,
    54.655201804211075,
    34.96454813301419,
    34.244523152296445
  ],
  "teleOpEPAOverTime": [
    14.911073540778574,
    16.607526881720432,
    15.202542400403694,
    21.431654065117108,
    24.76859131170258,
    18.62259331089475,
    16.922995506477797,
    18.926903510250597,
    17.1635167224321,
    13.656839240525416,
    8.985059221761395,
    10.265516983818806,
    12.407187265048288,
    13.317084026240986,
    13.330832953704633,
    13.49060414770699,
    7.398407185218308,
    4.585359506820698,
    3.9543308956455174,
    3.1978490395899692,
    4.289342560908432,
    11.626025667175636,
    21.697524079055597,
    36.1933681720494,
    35.82513837521978,
    26.42751838822129,
    0.28360740019004993,
    4.929771854635426,
    35.3484917473743,
    18.156082486699976,
    18.002338311465486
  ],
  "autonEPAOverTime": [
    3.4274193548387095,
    3.2849462365591395,
    4.389210289111115,
    9.282798158702978,
    8.950971416346988,
    6.273165310373799,
    6.156923505918202,
    6.000840486843577,
    4.8908273060135565,
    1.4260439569410845,
    -0.33098928012729456,
    0.07168681409508515,
    0.2577727652887408,
    -0.49270074042334533,
    1.4625172633903025,
    4.713371435710962,
    6.597661729474692,
    4.7132189061404794,
    3.946128706727478,
    5.038126043050892,
    9.023264659811574,
    11.983359018606333,
    13.419272621623413,
    13.097075344836355,
    13.38167863822049,
    14.610317302396506,
    18.405246265931837,
    18.66167761296857,
    19.30671005683678,
    16.808465646314215,
    16.24218484083096
  ],
  "endGameEPAOverTime": [
    3.750216781802073,
    2.500144521201382,
    0.1457178935622077,
    -0.4880854853564729,
    0.7980281602398225,
    3.717707572200308,
    4.478384435183733,
    4.989660259776161,
    5.848007903379815,
    7.17947785112862,
    8.114450694865814,
    8.427637578198805,
    8.332529697188702,
    6.623600845493258,
    6.999176111345813,
    4.815280558531837,
    2.1427592236013684,
    0.8953626266508974,
    0.2509087254242903,
    0.42082776218163925,
    0.28560392115048144,
    -0.9273831410311709,
    -2.067460097776324,
    0.08146327889877536,
    0.020020837969099925,
    -0.9518353452563576,
    -0.9505372615083347,
    3.2633354253627864,
    3.376607947611299,
    0.41858550761621194,
    -0.15504210421555253
  ],
  "unitlessEPAOverTime": [
    1500,
    1486.570862190539,
    1485.0449188657813,
    1541.4847463074227,
    1556.7335550861424,
    1511.9589947710351,
    1502.7448940151553,
    1510.4484373976384,
    1495.3326053981564,
    1458.658480019915,
    1424.8390110314358,
    1433.6933191269886,
    1445.9387331065834,
    1422.2293604986055,
    1431.5145870597196,
    1447.598366191982,
    1427.754779107567,
    1405.6024194694255,
    1399.009190446912,
    1395.9980895728227,
    1419.4855127150718,
    1467.1243336391722,
    1520.3642470137809,
    1585.9396976642197,
    1585.5527933113126,
    1537.5541277740363,
    1440.5037507275183,
    1461.7932560176926,
    1596.6874929651744,
    1511.1808975870272,
    1508.0541916017175
  ],
  "EPA Rank": 259,
  "Auto EPA Rank": 109,
  "TeleOp EPA Rank": 337,
  "Endgame EPA Rank": 444
}