{
  "teamNumber": 18472,
  "teamName": "RoboKnights",
  "wins": 4,
  "loss": 3,
  "ties": 0,
  "elo": 1500,
  "totalEPA": 16.45075534612629,
  "autonEPA": 2.711718949828628,
  "endgameEPA": 5.606942623062501,
  "unitlessEPA": 1409.5573180203394,
  "teleOpEPA": 13.739036396297662,
  "totalEPAOverTime": [
    22.088709677419356,
    22.39247311827957,
    24.425059820968666,
    20.08375654136875,
    17.69425667421256,
    16.45075534612629,
    16.45075534612629,
    16.45075534612629
  ],
  "teleOpEPAOverTime": [
    12.733870967741938,
    17.7741935483871,
    19.90015068573902,
    16.566881843850616,
    14.68333909570853,
    13.739036396297662,
    13.739036396297662,
    13.739036396297662
  ],
  "autonEPAOverTime": [
    3.4274193548387095,
    4.618279569892473,
    4.524909135229645,
    3.5168746975181335,
    3.010917578504031,
    2.711718949828628,
    2.711718949828628,
    2.711718949828628
  ],
  "endGameEPAOverTime": [
    5.92741935483871,
    5.618279569892473,
    5.627921028421475,
    5.315680904807621,
    5.224074875273568,
    5.606942623062501,
    5.606942623062501,
    5.606942623062501
  ],
  "unitlessEPAOverTime": [
    1500,
    1440.8769608811701,
    1453.3782548066988,
    1426.677347904996,
    1411.9808824923218,
    1404.3328074662354,
    1409.5573180203394,
    1409.5573180203394
  ],
  "EPA Rank": 503,
  "Auto EPA Rank": 508,
  "TeleOp EPA Rank": 481,
  "Endgame EPA Rank": 304
}