{
  "teamNumber": 18965,
  "teamName": "Avondale Wat Wat Bot [A]",
  "wins": 27,
  "loss": 8,
  "ties": 2,
  "elo": 1500,
  "totalEPA": 66.2018484627569,
  "autonEPA": 21.651041410053338,
  "endgameEPA": 2.020253984271543,
  "unitlessEPA": 1672.5398171933086,
  "teleOpEPA": 44.55080705270356,
  "totalEPAOverTime": [
    22.088709677419356,
    27.425179211469533,
    31.75360911987256,
    38.95515291648075,
    50.91873886711451,
    52.60384819577901,
    58.50083396908132,
    60.62788600932661,
    59.02950115807696,
    59.97912559693148,
    50.86759719565873,
    45.41248658236499,
    44.765164979091885,
    82.46553351864691,
    106.56611344662429,
    95.62364292595035,
    83.31303896212448,
    72.38732460272583,
    60.314305340235045,
    62.87387605677365,
    69.0394766033902,
    69.8265660349558,
    70.76701630535223,
    60.038060353251836,
    48.40581487047248,
    62.343437760791716,
    60.32467915911573,
    53.5887407473802,
    52.52916234502245,
    60.230456573241085,
    61.74098643872434,
    55.236764643237194,
    55.376262474502646,
    62.181461561346424,
    64.73240555264142,
    63.32602513058981,
    54.79366607726474,
    43.69059725967043,
    45.821813873241325,
    59.889412885209055,
    66.2018484627569,
    66.2018484627569,
    66.2018484627569,
    66.2018484627569
  ],
  "teleOpEPAOverTime": [
    14.911073540778574,
    24.672043010752688,
    28.936977299880525,
    36.15182677742282,
    44.3219859006023,
    45.35514581165327,
    50.7871890754188,
    52.7826970207964,
    50.11230273768734,
    48.61336175925098,
    39.78120511654392,
    36.46067126020144,
    36.30412225178095,
    70.9747019191849,
    93.8160721151529,
    83.23651170886399,
    69.90333320232686,
    58.032716222840335,
    44.402682857583216,
    45.35361203629947,
    53.06427625922666,
    54.39421243658296,
    53.69479109026805,
    38.89322687648867,
    25.658902237332338,
    36.94088643548899,
    34.54007489201969,
    28.339827767657855,
    25.649236696958795,
    30.742271495261463,
    29.83106200210336,
    26.579781680111477,
    29.83999531948827,
    35.37847951664032,
    37.474723125812645,
    36.28200458762534,
    26.7191468663051,
    15.88683009449009,
    21.960324570237695,
    37.661537821489006,
    44.55080705270356,
    44.55080705270356,
    44.55080705270356,
    44.55080705270356
  ],
  "autonEPAOverTime": [
    3.4274193548387095,
    2.753136200716846,
    2.816631819992035,
    2.8033261390579325,
    6.596752966512209,
    7.2487023841257345,
    7.713644893662521,
    7.845188988530209,
    8.917198420389623,
    11.3657638376805,
    11.086392079114809,
    8.95181532216355,
    8.46104272731093,
    11.49083159946202,
    12.750041331471373,
    12.38713121708636,
    13.40970575979762,
    14.35460837988549,
    15.91162248265183,
    17.520264020474183,
    15.97520034416354,
    15.43235359837284,
    17.07222521508418,
    21.144833476763168,
    22.746912633140145,
    25.402551325302724,
    25.78460426709604,
    25.248912979722345,
    26.879925648063654,
    29.488185077979622,
    31.909924436620983,
    28.656982963125717,
    25.536267155014375,
    26.802982044706106,
    27.257682426828776,
    27.044020542964475,
    28.07451921095964,
    27.803767165180343,
    23.86148930300363,
    22.227875063720052,
    21.651041410053338,
    21.651041410053338,
    21.651041410053338,
    21.651041410053338
  ],
  "endGameEPAOverTime": [
    3.750216781802073,
    4.097378786857052,
    2.6351037938778576,
    0.81340675876985,
    0.23753070045994934,
    0.024480779233363337,
    -0.24624725512227424,
    -0.3119072212123357,
    -1.259900937176746,
    -0.8552653319286833,
    -0.4056702149863913,
    -0.042841550810024165,
    1.5820998117487954,
    1.1822362467389418,
    1.0943163983196933,
    0.28689420163273227,
    1.0359080602846,
    2.6589273382589345,
    2.5188904187143057,
    4.478076401329946,
    5.794095576518422,
    5.743556888663083,
    5.027095022079731,
    2.5065568111311536,
    0.8942862834492218,
    0.2641920001806353,
    0.5938140218102302,
    1.2622455930302323,
    2.442272746982142,
    4.350528286486739,
    5.037820237191404,
    3.3037341331918,
    2.0308772168514757,
    3.6226161880806185,
    4.131054439194811,
    4.834553236502854,
    5.335701696558059,
    4.297578872328111,
    3.4778376912238986,
    2.6675963154115707,
    2.020253984271543,
    2.020253984271543,
    2.020253984271543,
    2.020253984271543
  ],
  "unitlessEPAOverTime": [
    1500,
    1548.1325007913772,
    1587.17294778771,
    1652.1275606225936,
    1760.0336034777752,
    1775.2325145889463,
    1828.420614059795,
    1847.6056451664383,
    1694.3347812576808,
    1699.4598441223138,
    1650.285503257897,
    1620.8446172794552,
    1617.3510636442818,
    1820.817561429577,
    1950.8868626724877,
    1839.2269142541084,
    1778.7716594106305,
    1725.1173587861128,
    1665.8288414730057,
    1678.398452225893,
    1708.6766541243603,
    1712.541914700505,
    1698.2411894639438,
    1647.8858126419161,
    1593.2909287420514,
    1658.705891370167,
    1649.2310318820726,
    1617.6165189241262,
    1609.8155070934336,
    1645.9829284379252,
    1653.0767971409532,
    1622.5311611446743,
    1623.1862817894012,
    1655.1453909226668,
    1667.1253339589045,
    1662.6468018346297,
    1621.5350460265386,
    1568.0367519326583,
    1578.3056654234856,
    1646.088056175171,
    1676.503479201388,
    1672.5398171933086,
    1672.5398171933086,
    1672.5398171933086
  ],
  "EPA Rank": 78,
  "Auto EPA Rank": 55,
  "TeleOp EPA Rank": 102,
  "Endgame EPA Rank": 244
}