{
  "teamNumber": 18964,
  "teamName": "Avondale RoboTurtles [A]",
  "wins": 18,
  "loss": 13,
  "ties": 2,
  "elo": 1500,
  "totalEPA": 69.62612792609255,
  "autonEPA": 4.326292069094226,
  "endgameEPA": 3.667891409269115,
  "unitlessEPA": 1688.7558960245105,
  "teleOpEPA": 65.29983585699833,
  "totalEPAOverTime": [
    22.088709677419356,
    22.89247311827957,
    28.22894265232975,
    33.87492033936141,
    35.781545818961,
    34.115757651899834,
    35.908855742806864,
    35.96242309817127,
    34.36403824692162,
    35.00398670025291,
    38.196058133932794,
    43.65237185506616,
    47.885635694753105,
    47.40111604645488,
    49.89309338610399,
    50.96145888459818,
    54.32600593556024,
    58.3396092643384,
    56.46461972292969,
    44.55034180345316,
    38.31201041290432,
    38.3211839086286,
    38.00461021730501,
    42.24250821481511,
    40.03107308213761,
    34.2337257925059,
    36.97862155623829,
    38.53433883399631,
    37.855158133884494,
    45.026862313720386,
    71.66478597571209,
    90.8332009262335,
    66.31588162544068,
    60.898583918547374,
    68.119859033292,
    69.62612792609255,
    69.62612792609255,
    69.62612792609255,
    69.62612792609255,
    69.62612792609255
  ],
  "teleOpEPAOverTime": [
    14.911073540778574,
    19.2741935483871,
    25.28494623655914,
    31.854260219369483,
    33.330014965357336,
    32.35419572473178,
    34.17164709480485,
    34.239668677857956,
    31.5692743947489,
    29.393160527556464,
    29.034911670558955,
    31.54284962188039,
    34.38517447309505,
    33.923989852199064,
    36.461610355181804,
    37.86981668893297,
    41.55339896653874,
    47.25212055377715,
    46.26221605017274,
    34.31780803292513,
    30.518317580138003,
    31.566305718361054,
    30.371451675675253,
    32.99577992089556,
    28.686424567699277,
    25.42526772291293,
    30.538453290474102,
    32.486444302117334,
    31.920257885181684,
    40.80868225042672,
    71.77451703289732,
    92.4157071310341,
    68.85118670417948,
    61.57172916128861,
    64.6303246629008,
    65.29983585699833,
    65.29983585699833,
    65.29983585699833,
    65.29983585699833,
    65.29983585699833
  ],
  "autonEPAOverTime": [
    3.4274193548387095,
    3.618279569892473,
    2.9439964157706093,
    2.020660119991926,
    2.451530853603662,
    1.761561927168052,
    1.7372086480020181,
    1.7227544203133123,
    2.794763852172725,
    5.610826172696445,
    9.161146463373841,
    12.109522233185768,
    13.500461221658057,
    13.477126194255819,
    13.431483030922191,
    13.09164219566521,
    12.772606969021506,
    11.08748871056125,
    10.20240367275695,
    10.232533770528025,
    7.793692832766317,
    6.754878190267544,
    7.633158541629756,
    9.246728293919555,
    11.344648514438331,
    8.80845806959297,
    6.4401682657641866,
    6.047894531878972,
    5.93490024870281,
    4.2181800632936675,
    -0.10973105718522214,
    -1.5825062048005991,
    -2.535305078738803,
    -0.6731452427412337,
    3.489534370391196,
    4.326292069094226,
    4.326292069094226,
    4.326292069094226,
    4.326292069094226,
    4.326292069094226
  ],
  "endGameEPAOverTime": [
    3.750216781802073,
    4.166811187868048,
    4.513973192923028,
    4.231957868472631,
    2.4950932228795835,
    2.6898902780377885,
    5.098181430043019,
    5.999869516998798,
    5.051875801034387,
    3.882902330825928,
    2.5822150474376695,
    1.1919101582814116,
    0.7204332675638659,
    -0.18120731574676457,
    -1.0765224359883954,
    -1.3667410136239546,
    0.1269636352038479,
    3.885442710799221,
    6.914899881436736,
    5.888081925541944,
    5.161325820772468,
    4.696909174707899,
    3.8251599829840126,
    3.842693481787981,
    3.8135804217506193,
    2.3125193499607377,
    2.1721324432036937,
    3.502850397405151,
    3.7577937233980094,
    3.245661517077328,
    2.0662377504430616,
    2.7561618998367106,
    4.437100803294728,
    5.205539610014961,
    4.042831951130917,
    3.667891409269115,
    3.667891409269115,
    3.667891409269115,
    3.667891409269115,
    3.667891409269115
  ],
  "unitlessEPAOverTime": [
    1500,
    1507.2495765611393,
    1555.3820773525167,
    1606.3061993315093,
    1623.5030842420538,
    1608.4784411221508,
    1624.651361201411,
    1625.1345141095308,
    1561.2168423834125,
    1564.6706035960071,
    1581.8980106599433,
    1611.345389735086,
    1634.1920461744928,
    1631.577124364273,
    1645.0261680076196,
    1619.8986241052037,
    1636.4213349321037,
    1656.1314493013833,
    1646.9236987403383,
    1588.4147328102763,
    1557.779362269407,
    1557.8244117262368,
    1541.6041674047926,
    1561.5065160164465,
    1551.1210010822822,
    1523.8950445234252,
    1536.7858390693418,
    1544.0919204382903,
    1540.9022988211882,
    1574.4753232883231,
    1702.8257368119548,
    1795.1855624766863,
    1677.0529290673605,
    1650.9505792865298,
    1685.7450947640205,
    1693.0028013976867,
    1688.7558960245105,
    1688.7558960245105,
    1688.7558960245105,
    1688.7558960245105
  ],
  "EPA Rank": 63,
  "Auto EPA Rank": 400,
  "TeleOp EPA Rank": 31,
  "Endgame EPA Rank": 118
}