{
  "teamNumber": 19679,
  "teamName": "BetaWolves FTC",
  "wins": 6,
  "loss": 10,
  "ties": 0,
  "elo": 1500,
  "totalEPA": 46.43585698291924,
  "autonEPA": 6.5402530829834316,
  "endgameEPA": 0.7686520880706658,
  "unitlessEPA": 1549.8298302038174,
  "teleOpEPA": 39.89560389993581,
  "totalEPAOverTime": [
    22.088709677419356,
    26.725806451612904,
    38.45859883180672,
    56.630433559951115,
    66.68671049738826,
    66.90959835963197,
    69.48728760834886,
    69.48728760834886,
    69.48728760834886,
    69.48728760834886,
    69.48728760834886,
    57.05938286336976,
    38.758255637935015,
    44.55228803348882,
    43.43706278107226,
    41.60752586570907,
    40.13327845864253,
    45.92768684134482,
    46.43585698291924
  ],
  "teleOpEPAOverTime": [
    14.911073540778574,
    22.274193548387096,
    30.283685118810567,
    45.13365368357311,
    55.872253447329065,
    55.48483164432931,
    57.001927529203556,
    57.001927529203556,
    57.001927529203556,
    57.001927529203556,
    57.001927529203556,
    43.37994971717033,
    23.354733221957446,
    31.368669935818936,
    34.23161033069841,
    32.80673729369821,
    31.81483867847048,
    38.826944425847984,
    39.89560389993581
  ],
  "autonEPAOverTime": [
    3.4274193548387095,
    4.451612903225806,
    8.17491371299615,
    11.496779876378005,
    10.814457050059195,
    11.42476671530266,
    12.485360079145307,
    12.485360079145307,
    12.485360079145307,
    12.485360079145307,
    12.485360079145307,
    13.679433146199436,
    15.40352241597757,
    13.183618097669884,
    9.205452450373846,
    8.80078857201086,
    8.318439780172051,
    7.100742415496841,
    6.5402530829834316
  ],
  "endGameEPAOverTime": [
    3.750216781802073,
    2.500144521201382,
    -0.2134897070573195,
    -2.67366235794172,
    -2.2164634680726727,
    -2.98241887033839,
    -3.4437166853854375,
    -3.4437166853854375,
    -3.4437166853854375,
    -3.4437166853854375,
    -3.4437166853854375,
    -3.071121687196458,
    -2.174763932693478,
    -0.9508500446150768,
    -1.0452087547955464,
    -1.6513420457355537,
    0.0893479816126952,
    0.609202031715395,
    0.7686520880706658
  ],
  "unitlessEPAOverTime": [
    1500,
    1480.147589592124,
    1535.5436088046176,
    1621.3413688865116,
    1668.8217718784565,
    1669.8741300809188,
    1682.0446107745695,
    1679.381926766468,
    1679.381926766468,
    1679.381926766468,
    1679.381926766468,
    1593.2903667739083,
    1518.4209855528816,
    1542.124204206365,
    1537.5618500113485,
    1530.077267499737,
    1524.0461640723822,
    1547.750920878396,
    1549.8298302038174
  ],
  "EPA Rank": 166,
  "Auto EPA Rank": 303,
  "TeleOp EPA Rank": 139,
  "Endgame EPA Rank": 349
}