{
  "teamNumber": 19940,
  "teamName": "TechoRaptors",
  "wins": 15,
  "loss": 14,
  "ties": 0,
  "elo": 1500,
  "totalEPA": 44.064507109468195,
  "autonEPA": 13.854673484386714,
  "endgameEPA": 6.135259477692976,
  "unitlessEPA": 1561.6148283459165,
  "teleOpEPA": 30.20983362508148,
  "totalEPAOverTime": [
    22.088709677419356,
    36.55913978494624,
    39.90053763440861,
    39.89961409542099,
    43.81938670701964,
    45.41327457925258,
    45.41327457925258,
    45.41327457925258,
    47.579315059584914,
    45.56079762652671,
    42.896653926183916,
    43.30757595463072,
    47.7136229726238,
    47.7136229726238,
    47.7136229726238,
    49.298719084783066,
    53.33472325919057,
    52.17023675915589,
    49.582768166019854,
    54.1961971243774,
    54.1961971243774,
    54.1961971243774,
    54.1961971243774,
    53.35412248968748,
    45.00077880848491,
    50.07991152317966,
    41.658971794868904,
    46.435627018878286,
    45.678349811823914,
    44.064507109468195
  ],
  "teleOpEPAOverTime": [
    12.733870967741938,
    26.107526881720432,
    27.905017921146957,
    27.324309656595346,
    30.056114366506172,
    32.48545617933754,
    32.48545617933754,
    32.48545617933754,
    35.062917120152754,
    35.19240813332125,
    30.78710604572443,
    29.56156165727736,
    32.772113352481846,
    32.772113352481846,
    32.772113352481846,
    32.92518272710117,
    36.33065213360665,
    34.950607355107834,
    34.956514373419154,
    37.6492296797375,
    37.6492296797375,
    37.6492296797375,
    37.6492296797375,
    35.27486982222036,
    29.630162249832175,
    36.175239951733985,
    28.417114337448382,
    30.49843137225111,
    29.977205389469184,
    30.20983362508148
  ],
  "autonEPAOverTime": [
    3.4274193548387095,
    10.451612903225806,
    11.995519713261649,
    12.575304438825649,
    13.763272340513469,
    12.927818399915042,
    12.927818399915042,
    12.927818399915042,
    12.516397939432162,
    10.368389493205454,
    12.109547880459486,
    13.746014297353362,
    14.941509620141955,
    14.941509620141955,
    14.941509620141955,
    16.373536357681893,
    17.00407112558392,
    17.219629404048057,
    14.626253792600696,
    16.546967444639897,
    16.546967444639897,
    16.546967444639897,
    16.546967444639897,
    18.079252667467117,
    15.370616558652733,
    13.904671571445675,
    13.24185745742052,
    15.937195646627178,
    15.701144422354728,
    13.854673484386714
  ],
  "endGameEPAOverTime": [
    5.92741935483871,
    5.618279569892473,
    5.412186379928316,
    5.286524840790542,
    5.028340136432959,
    5.231848556630017,
    5.231848556630017,
    5.231848556630017,
    6.1513022203803,
    6.165467854350885,
    5.756158411939874,
    4.998810649574011,
    5.465847494559268,
    5.465847494559268,
    5.465847494559268,
    5.436506629033066,
    5.620781425272246,
    6.0700376767172495,
    6.304998260936331,
    6.989612489048298,
    6.989612489048298,
    6.989612489048298,
    6.989612489048298,
    5.650252990465807,
    3.063770338612853,
    4.132926401262582,
    4.278278024245833,
    5.3760894320651,
    5.10657727867971,
    6.135259477692976
  ],
  "unitlessEPAOverTime": [
    1500,
    1582.7797234611564,
    1608.3552495841586,
    1608.3481806876766,
    1638.350668071901,
    1650.5505086027104,
    1644.9405677244156,
    1644.9405677244156,
    1617.8661463069145,
    1604.4128311787879,
    1586.656450104079,
    1589.3952243406773,
    1618.7613016564403,
    1611.6767995225705,
    1611.6767995225705,
    1601.099741731951,
    1624.9995131084072,
    1618.103841072616,
    1602.7817786694495,
    1630.1008528333048,
    1626.5983574074103,
    1626.5983574074103,
    1626.5983574074103,
    1615.1034541470774,
    1567.0057820622092,
    1596.2508926562637,
    1547.7640096599182,
    1575.267486757822,
    1570.9071644518922,
    1561.6148283459165
  ],
  "EPA Rank": 152,
  "Auto EPA Rank": 128,
  "TeleOp EPA Rank": 174,
  "Endgame EPA Rank": 230
}