{
  "teamNumber": 19940,
  "teamName": "TechoRaptors",
  "wins": 15,
  "loss": 14,
  "ties": 0,
  "elo": 1500,
  "totalEPA": 41.111172239429195,
  "autonEPA": 12.810279114513445,
  "endgameEPA": 0.32432558555076774,
  "unitlessEPA": 1528.046699196013,
  "teleOpEPA": 28.30089312491575,
  "totalEPAOverTime": [
    22.088709677419356,
    36.55913978494624,
    63.03110435741012,
    52.44064177192577,
    64.19337644625423,
    83.07156808725024,
    84.13210454563726,
    84.13210454563726,
    84.13210454563726,
    85.34512999097217,
    76.61083907443485,
    56.53033190794122,
    61.644598805449206,
    57.720635132875486,
    57.016519335808894,
    57.016519335808894,
    57.016519335808894,
    75.36744895156616,
    103.37370607942086,
    85.81898794831648,
    78.26513967770057,
    93.42517166448867,
    108.58641972010146,
    108.58641972010146,
    108.58641972010146,
    108.58641972010146,
    95.82245920835626,
    12.260409595223997,
    0.9738787596970759,
    19.127327708619944,
    24.427188622763907,
    36.096836696832604,
    40.36261652832364,
    41.111172239429195
  ],
  "teleOpEPAOverTime": [
    14.911073540778574,
    26.107526881720432,
    39.306113189969295,
    28.65414626774162,
    41.85648754559077,
    63.769354892653794,
    65.37105922798155,
    65.37105922798155,
    65.37105922798155,
    67.59448115390364,
    61.75860997667297,
    48.01985101947383,
    51.31184961788694,
    44.93638319469862,
    41.555135304862745,
    41.555135304862745,
    41.555135304862745,
    58.5151899056866,
    83.68040013552016,
    65.147401284086,
    60.20438930713,
    77.21366393167612,
    91.09544881030493,
    91.09544881030493,
    91.09544881030493,
    91.09544881030493,
    76.95684966421317,
    -4.048925079254129,
    -10.208108786084317,
    10.272687984747911,
    11.635618018343829,
    21.75237447636207,
    27.076265930679902,
    28.30089312491575
  ],
  "autonEPAOverTime": [
    3.4274193548387095,
    10.451612903225806,
    23.724991167440823,
    23.78649550418415,
    22.336888900663467,
    19.30221319459645,
    18.761045317655718,
    18.761045317655718,
    18.761045317655718,
    17.75064883706853,
    14.852229097761876,
    8.510480888467383,
    10.332749187562264,
    12.784251938176865,
    15.461384030946153,
    15.461384030946153,
    15.461384030946153,
    16.852259045879567,
    19.693305943900704,
    20.67158666423047,
    18.06075037057057,
    16.211507732812546,
    17.490970909796527,
    17.490970909796527,
    17.490970909796527,
    17.490970909796527,
    18.865609544143098,
    16.309334674478126,
    11.181987545781393,
    8.854639723872033,
    12.791570604420079,
    14.34446222047053,
    13.28635059764374,
    12.810279114513445
  ],
  "endGameEPAOverTime": [
    3.750216781802073,
    4.166811187868048,
    3.7171767509362272,
    0.5352200983136858,
    -1.0186071971597452,
    0.6220594403543027,
    0.5321198636111792,
    0.5321198636111792,
    0.5321198636111792,
    0.7146933715158302,
    0.6832926010140583,
    0.5132725213634569,
    0.7079149591547571,
    -0.46775503997901746,
    -1.8706188375264392,
    -1.8706188375264392,
    -1.8706188375264392,
    -1.4661083999241196,
    0.847716799413652,
    2.030254871129067,
    2.4896519115515243,
    3.9995745310294337,
    4.923204577525558,
    4.923204577525558,
    4.923204577525558,
    4.923204577525558,
    4.016778098414324,
    1.1593320255336292,
    -0.021335421092046364,
    0.6595371693856787,
    -1.1298992447641876,
    -0.3900496053501976,
    -0.012812517221934966,
    0.32432558555076774
  ],
  "unitlessEPAOverTime": [
    1500,
    1553.932053284422,
    1686.6070369471654,
    1633.528639737024,
    1692.4322347702034,
    1787.0479464486875,
    1792.3632549104027,
    1783.6196211472761,
    1783.6196211472761,
    1752.7494357829266,
    1712.3395772340982,
    1619.4355897277555,
    1643.0971329353392,
    1624.9426177635103,
    1621.684972691535,
    1619.699965386709,
    1619.699965386709,
    1681.8540129387152,
    1801.6826056704479,
    1726.5723487071816,
    1694.2521781165651,
    1759.1164436430747,
    1823.9859122859903,
    1818.6313265908827,
    1818.6313265908827,
    1818.6313265908827,
    1751.8689889769794,
    1410.0190651427208,
    1363.8461945113675,
    1438.1114281820255,
    1459.7930056232226,
    1507.533197776983,
    1524.9843794705894,
    1528.046699196013
  ],
  "EPA Rank": 207,
  "Auto EPA Rank": 154,
  "TeleOp EPA Rank": 241,
  "Endgame EPA Rank": 403
}