{
  "teamNumber": 20512,
  "teamName": "Irondogs",
  "wins": 4,
  "loss": 6,
  "ties": 0,
  "elo": 1500,
  "totalEPA": 42.21927862635093,
  "autonEPA": 8.765337820438885,
  "endgameEPA": 5.473062163304656,
  "unitlessEPA": 1553.3005374674651,
  "teleOpEPA": 33.45394080591204,
  "totalEPAOverTime": [
    22.088709677419356,
    23.059139784946236,
    28.094982078853047,
    28.053140824904652,
    26.53504296711918,
    24.607005550850726,
    32.63562602885922,
    34.54557634436655,
    39.729748904484396,
    38.369493531089,
    42.21927862635093
  ],
  "teleOpEPAOverTime": [
    12.733870967741938,
    18.940860215053764,
    23.627240143369175,
    22.834412563715336,
    22.139448533358472,
    21.291307368348875,
    26.522601280240103,
    27.82705071962017,
    33.681935219474774,
    31.84180726166463,
    33.45394080591204
  ],
  "autonEPAOverTime": [
    3.4274193548387095,
    4.118279569892473,
    4.467741935483871,
    5.218728261189317,
    4.3955944337607065,
    3.31569818250185,
    6.11302474861912,
    6.71852562474638,
    6.047813685009622,
    6.527686269424368,
    8.765337820438885
  ],
  "endGameEPAOverTime": [
    5.92741935483871,
    5.618279569892473,
    8.745519713261649,
    7.851423161857535,
    6.885490214746077,
    6.6369099876071935,
    6.262745993602203,
    6.0833704482489015,
    5.1195934480822185,
    5.363388873852242,
    5.473062163304656
  ],
  "unitlessEPAOverTime": [
    1500,
    1479.85656001788,
    1518.4406044666835,
    1518.1200215913834,
    1506.488530411983,
    1491.7161294854748,
    1497.5249413528286,
    1508.640600681365,
    1538.8118023145912,
    1530.8952951637452,
    1553.3005374674651
  ],
  "EPA Rank": 169,
  "Auto EPA Rank": 245,
  "TeleOp EPA Rank": 129,
  "Endgame EPA Rank": 319
}