{
  "teamNumber": 20803,
  "teamName": "Avondale RoboJackets [P]",
  "wins": 9,
  "loss": 11,
  "ties": 0,
  "elo": 1500,
  "totalEPA": 23.076237143382954,
  "autonEPA": 5.781084798450195,
  "endgameEPA": 4.401614325148011,
  "unitlessEPA": 1458.1845022746802,
  "teleOpEPA": 17.29515234493276,
  "totalEPAOverTime": [
    22.088709677419356,
    19.029541256895588,
    12.746180583403707,
    12.811017222247733,
    16.07396727780047,
    14.77074626864345,
    16.068598929205436,
    16.439968036003474,
    16.23760029475435,
    25.26414054116485,
    19.981160202702124,
    21.436085245116814,
    22.86698076594639,
    26.338631027019435,
    28.119761978593164,
    29.413174652395444,
    23.92406214474392,
    25.38754036972642,
    24.430014585221105,
    21.727570132643386,
    23.076237143382954
  ],
  "teleOpEPAOverTime": [
    12.733870967741938,
    15.75693315154063,
    10.416144862809404,
    10.846272222515573,
    12.99114158639605,
    12.319237794995152,
    14.037968600727886,
    14.61449841576996,
    14.917794569036092,
    24.224525698829737,
    19.645837078879506,
    18.690935119823543,
    18.8722926217859,
    19.324228598238978,
    21.194069754987375,
    20.129379836658252,
    16.48587096163196,
    17.237339747315726,
    17.05290353923537,
    15.98712748482686,
    17.29515234493276
  ],
  "autonEPAOverTime": [
    3.4274193548387095,
    3.2726081053549567,
    2.330035720594303,
    1.96474499973216,
    3.0828256914044205,
    2.451508473648298,
    2.0306303284775495,
    1.825469620233515,
    1.319805725718259,
    1.0396148423351126,
    0.3353231238226191,
    2.7451501252932706,
    3.994688144160492,
    7.014402428780458,
    6.925692223605791,
    9.283794815737194,
    7.438191183111961,
    8.150200622410694,
    7.3771110459857345,
    5.740442647816526,
    5.781084798450195
  ],
  "endGameEPAOverTime": [
    5.92741935483871,
    4.198862677828665,
    2.5790222945096106,
    1.6588240222477122,
    1.5892036033207362,
    1.6994921691573004,
    2.6063512130483435,
    3.428781830443299,
    4.005847207033423,
    7.549928591102018,
    5.908027229241445,
    6.047192900333495,
    5.868034783101592,
    6.5645516142122835,
    6.254822013884416,
    5.836548009256277,
    5.952327377329138,
    6.510881275632434,
    6.370737450319868,
    5.238057799811763,
    4.401614325148011
  ],
  "unitlessEPAOverTime": [
    1500,
    1466.586410475436,
    1409.9447162567305,
    1410.529189640069,
    1439.9432291806029,
    1428.1952729934815,
    1416.3255854233046,
    1419.068168543356,
    1417.5736706407758,
    1484.2352115689298,
    1445.220085015308,
    1447.8768722673487,
    1457.8299813600584,
    1481.978294970098,
    1494.3675927289848,
    1503.3643903685384,
    1464.086333817312,
    1474.273815828684,
    1467.6083413866647,
    1448.7962376071928,
    1458.1845022746802
  ],
  "EPA Rank": 404,
  "Auto EPA Rank": 364,
  "TeleOp EPA Rank": 404,
  "Endgame EPA Rank": 447
}