{
  "teamNumber": 20853,
  "teamName": "Holmes Comp Team 1",
  "wins": 3,
  "loss": 2,
  "ties": 0,
  "elo": 1500,
  "totalEPA": 7.50378690723619,
  "autonEPA": -0.6786962990179275,
  "endgameEPA": 5.352107584662415,
  "unitlessEPA": 1349.3050529064815,
  "teleOpEPA": 8.182483206254117,
  "totalEPAOverTime": [
    22.088709677419356,
    14.725806451612904,
    11.56720430107527,
    9.977553497935077,
    9.20222249877704,
    7.50378690723619
  ],
  "teleOpEPAOverTime": [
    12.733870967741938,
    12.440860215053764,
    9.71057347670251,
    8.813905687226594,
    8.451925587623116,
    8.182483206254117
  ],
  "autonEPAOverTime": [
    3.4274193548387095,
    2.28494623655914,
    1.85663082437276,
    1.1636478107084836,
    0.7502969111539235,
    -0.6786962990179275
  ],
  "endGameEPAOverTime": [
    5.92741935483871,
    3.951612903225807,
    4.162186379928316,
    4.496029039160813,
    4.80042941634568,
    5.352107584662415
  ],
  "unitlessEPAOverTime": [
    1500,
    1393.7236201148182,
    1374.2968405213878,
    1364.5197953883478,
    1359.7511718913893,
    1349.3050529064815
  ],
  "EPA Rank": 570,
  "Auto EPA Rank": 574,
  "TeleOp EPA Rank": 558,
  "Endgame EPA Rank": 330
}