{
  "teamNumber": 20935,
  "teamName": "NorthPointe Christian - Bionic Mustangs",
  "wins": 10,
  "loss": 5,
  "ties": 0,
  "elo": 1500,
  "totalEPA": 41.35993674773289,
  "autonEPA": 13.448669021085777,
  "endgameEPA": 11.232539404325783,
  "unitlessEPA": 1542.692700965216,
  "teleOpEPA": 27.91126772664711,
  "totalEPAOverTime": [
    22.088709677419356,
    25.39247311827957,
    25.511648745519715,
    32.33604515602884,
    33.739488666348976,
    34.75603651201523,
    34.75603651201523,
    34.75603651201523,
    34.75603651201523,
    41.67179059507492,
    41.054227750152265,
    42.7663658628371,
    48.47593633388452,
    44.982092669782695,
    43.05900659679447,
    41.35993674773289
  ],
  "teleOpEPAOverTime": [
    12.733870967741938,
    21.607526881720432,
    20.8494623655914,
    25.685864216907202,
    28.214981945452244,
    26.479417665016456,
    26.479417665016456,
    26.479417665016456,
    26.479417665016456,
    32.213017966912076,
    33.747840357116836,
    33.99792798445281,
    37.47738768957613,
    33.19053424835492,
    30.335731372810084,
    27.91126772664711
  ],
  "autonEPAOverTime": [
    3.4274193548387095,
    3.7849462365591395,
    4.662186379928315,
    6.650180939121636,
    5.524506720896732,
    8.27661884699877,
    8.27661884699877,
    8.27661884699877,
    8.27661884699877,
    9.45877262816284,
    7.306387393035428,
    8.768437878384288,
    10.998548644308386,
    11.791558421427771,
    12.723275223984384,
    13.448669021085777
  ],
  "endGameEPAOverTime": [
    5.92741935483871,
    6.451612903225807,
    6.939964157706093,
    9.400861848726372,
    11.841408752207592,
    11.632347989133816,
    11.632347989133816,
    11.632347989133816,
    11.632347989133816,
    13.585309469912207,
    12.785014636930361,
    12.152745175919598,
    13.975336523641605,
    12.595674112031404,
    11.424716685552825,
    11.232539404325783
  ],
  "unitlessEPAOverTime": [
    1500,
    1520.2302898868575,
    1521.2785676935055,
    1581.306473286059,
    1593.651268264886,
    1602.5928997937929,
    1597.9346843513244,
    1597.9346843513244,
    1597.9346843513244,
    1544.452105154438,
    1540.9679645362435,
    1550.6274348094448,
    1582.8394542891983,
    1563.128031032763,
    1552.2784432470507,
    1542.692700965216
  ],
  "EPA Rank": 174,
  "Auto EPA Rank": 130,
  "TeleOp EPA Rank": 199,
  "Endgame EPA Rank": 5
}