{
  "teamNumber": 21331,
  "teamName": "Silver Hornets",
  "wins": 20,
  "loss": 9,
  "ties": 0,
  "elo": 1500,
  "totalEPA": 81.33407744447061,
  "autonEPA": 28.718518199263578,
  "endgameEPA": 5.424224253339453,
  "unitlessEPA": 1707.3830471253896,
  "teleOpEPA": 52.61555924520703,
  "totalEPAOverTime": [
    22.088709677419356,
    18.27105734767025,
    17.775353030001327,
    15.112479638683158,
    18.277605920843516,
    20.224824923853276,
    24.342286527777134,
    24.780313200040283,
    19.7515655457446,
    16.537537416577752,
    20.266091289024754,
    21.861726511249152,
    24.955526076805135,
    25.334556122361253,
    24.09734515573115,
    12.638489804674734,
    31.328851451116027,
    63.109904985903704,
    55.05503460515467,
    55.74371518619355,
    59.49564337675512,
    60.04183780702984,
    64.31352126126217,
    67.49607273864909,
    72.76065533169557,
    73.12512624582324,
    73.53561530154899,
    77.10925297801596,
    77.96818495912022,
    85.7084082907863,
    83.2873771585541,
    81.33407744447061,
    81.33407744447061,
    81.33407744447061,
    81.33407744447061,
    81.33407744447061
  ],
  "teleOpEPAOverTime": [
    14.911073540778574,
    16.270609318996414,
    16.47831209345546,
    12.92990566942695,
    15.316092713034255,
    17.42368728962255,
    19.882464517314467,
    19.929642584838476,
    15.340565973508935,
    12.495529730577324,
    16.882005625783034,
    19.131850842161814,
    23.24812983505077,
    23.849010951569305,
    17.430627405877644,
    -0.9968430318895489,
    17.497503633719226,
    43.382001392381646,
    31.787318447394796,
    31.55342152717256,
    33.53586123691477,
    33.2568844936568,
    36.68429816341569,
    39.94907956483222,
    48.272622232983124,
    50.87848373642226,
    51.554866457125854,
    55.03423583477865,
    52.20084359404847,
    57.13566897986992,
    55.07911720386922,
    52.61555924520703,
    52.61555924520703,
    52.61555924520703,
    52.61555924520703,
    52.61555924520703
  ],
  "autonEPAOverTime": [
    3.4274193548387095,
    2.0004480286738353,
    1.297040936545865,
    2.182573969256209,
    2.961513207809262,
    2.801137634230729,
    4.459822010462666,
    4.850670615201807,
    4.410999572235665,
    4.042007686000428,
    3.384085663241721,
    2.7298756690873396,
    1.707396241754365,
    1.4855451707919483,
    6.666717749853506,
    13.635332836564283,
    13.8313478173968,
    19.727903593522058,
    23.26771615775987,
    24.190293659020988,
    25.95978213984035,
    26.78495331337304,
    27.62922309784648,
    27.546993173816873,
    24.488033098712453,
    22.246642509400978,
    21.980748844423132,
    22.07501714323731,
    25.76734136507175,
    28.572739310916376,
    28.208259954684873,
    28.718518199263578,
    28.718518199263578,
    28.718518199263578,
    28.718518199263578,
    28.718518199263578
  ],
  "endGameEPAOverTime": [
    3.750216781802073,
    2.847386815812685,
    3.4089870319431954,
    3.429648968436495,
    1.7152517175453763,
    1.6328829208510736,
    1.4823625418162756,
    1.3637568171790357,
    -0.07610903933836721,
    -1.7789981107694501,
    -1.8365462128326657,
    -1.6600774363576125,
    -1.3665148537362226,
    -1.4483523797828923,
    -1.8319964467860892,
    -0.5168536890190301,
    5.301311155875297,
    6.560047942502362,
    7.223944788660346,
    6.647874811298256,
    5.350415029114108,
    4.993880741139953,
    5.35561520511034,
    5.621695759431787,
    5.738650479200785,
    5.918297557346145,
    6.747202272803264,
    8.522584590444367,
    8.790535461628723,
    5.756748347293398,
    4.701849868581684,
    5.424224253339453,
    5.424224253339453,
    5.424224253339453,
    5.424224253339453,
    5.424224253339453
  ],
  "unitlessEPAOverTime": [
    1500,
    1480.862592615658,
    1477.3151917380887,
    1458.2589134921386,
    1480.9094560650847,
    1494.8443082620145,
    1524.310032861316,
    1527.4446761278748,
    1483.218589578457,
    1466.3108462179162,
    1485.9253080233973,
    1494.3193200700198,
    1510.5945880394179,
    1512.58851667932,
    1482.263537427342,
    1428.8531171507082,
    1515.9700271801794,
    1664.1034466295066,
    1626.5592069014126,
    1629.7691888885097,
    1620.9755832975216,
    1623.387322445172,
    1642.2490787024838,
    1656.3017375396792,
    1679.5476720126899,
    1681.1570051055587,
    1678.675623194213,
    1694.1941324287104,
    1697.9240415821616,
    1731.5359345954134,
    1721.022615287762,
    1712.54041804366,
    1707.3830471253896,
    1707.3830471253896,
    1707.3830471253896,
    1707.3830471253896
  ],
  "EPA Rank": 33,
  "Auto EPA Rank": 14,
  "TeleOp EPA Rank": 66,
  "Endgame EPA Rank": 37
}