{
  "teamNumber": 21482,
  "teamName": "Robo Challengers",
  "wins": 15,
  "loss": 9,
  "ties": 0,
  "elo": 1500,
  "totalEPA": 72.75164601416026,
  "autonEPA": 20.69943217562431,
  "endgameEPA": 7.887786047915819,
  "unitlessEPA": 1702.7603193140144,
  "teleOpEPA": 52.05221383853595,
  "totalEPAOverTime": [
    22.088709677419356,
    26.434261644597107,
    38.15650468865322,
    44.8322864967261,
    44.209983120720366,
    39.34169639787807,
    39.34169639787807,
    39.34169639787807,
    39.34169639787807,
    51.46958395115206,
    53.18701888402457,
    56.607824973872674,
    61.1029971092285,
    69.1210672664187,
    69.1210672664187,
    69.1210672664187,
    69.1210672664187,
    69.1210672664187,
    67.66592746261112,
    70.47085029563253,
    72.47103041967632,
    74.61047967854027,
    69.5149989210069,
    71.37522458372665,
    72.75164601416026
  ],
  "teleOpEPAOverTime": [
    12.733870967741938,
    20.177990798818534,
    28.423744347276273,
    31.726780707092978,
    31.524123452894962,
    28.334053564491988,
    28.334053564491988,
    28.334053564491988,
    28.334053564491988,
    35.54404973603238,
    36.04656474418469,
    36.61900389577683,
    37.19719276050611,
    43.982174835591294,
    43.982174835591294,
    43.982174835591294,
    43.982174835591294,
    43.982174835591294,
    44.15705058007897,
    45.01447184859612,
    46.47597111242686,
    48.28740265005321,
    48.02605136584317,
    51.75185251717716,
    52.05221383853595
  ],
  "autonEPAOverTime": [
    3.4274193548387095,
    6.256270845778575,
    9.732760341376949,
    13.10550578963312,
    12.685859667825403,
    11.007642833386079,
    11.007642833386079,
    11.007642833386079,
    11.007642833386079,
    15.92553421511968,
    17.140454139839875,
    19.988821078095846,
    23.905804348722384,
    25.13889243082741,
    25.13889243082741,
    25.13889243082741,
    25.13889243082741,
    25.13889243082741,
    23.508876882532146,
    25.456378447036407,
    25.99505930724946,
    26.32307702848706,
    21.488947555163737,
    19.623372066549486,
    20.69943217562431
  ],
  "endGameEPAOverTime": [
    5.92741935483871,
    6.35700458491895,
    7.277973870393025,
    6.9734734117720825,
    7.2730543217174635,
    6.7102852630178145,
    6.7102852630178145,
    6.7102852630178145,
    6.7102852630178145,
    7.223766522005315,
    6.055647728911239,
    5.022284692856629,
    4.829597873384822,
    4.5278511588078665,
    4.5278511588078665,
    4.5278511588078665,
    4.5278511588078665,
    4.5278511588078665,
    7.658532331444281,
    6.891312951645312,
    7.275885345194458,
    8.148259289267394,
    8.330608107505721,
    7.999330724664038,
    7.887786047915819
  ],
  "unitlessEPAOverTime": [
    1500,
    1480.050457250187,
    1560.0309616895906,
    1605.579616032481,
    1601.3336592015041,
    1568.1174883385384,
    1565.4431661587012,
    1565.4431661587012,
    1565.4431661587012,
    1607.1360963511643,
    1617.1313415037416,
    1637.0399824851347,
    1663.201292375791,
    1709.865404848243,
    1705.8878596011425,
    1705.8878596011425,
    1705.8878596011425,
    1705.8878596011425,
    1675.5417989659586,
    1690.5536106561797,
    1701.258478189496,
    1712.708707413896,
    1685.4379402103505,
    1695.3937782181952,
    1702.7603193140144
  ],
  "EPA Rank": 37,
  "Auto EPA Rank": 59,
  "TeleOp EPA Rank": 30,
  "Endgame EPA Rank": 53
}