{
  "teamNumber": 21537,
  "teamName": "Lightning Thieves - Gray",
  "wins": 9,
  "loss": 11,
  "ties": 0,
  "elo": 1500,
  "totalEPA": 19.01857248013241,
  "autonEPA": 4.807697111636167,
  "endgameEPA": 5.270890627132013,
  "unitlessEPA": 1421.52721310676,
  "teleOpEPA": 14.210875368496243,
  "totalEPAOverTime": [
    22.088709677419356,
    17.11962365591398,
    14.478718637992834,
    12.718115292712069,
    10.564939267224215,
    10.02238380293376,
    6.503868222874907,
    6.743366888238049,
    6.441605023352496,
    5.4913494043131115,
    4.683999366883262,
    4.490643957562172,
    5.471446468545471,
    7.338864071790114,
    7.306376238991559,
    8.95853048600818,
    10.864400343071665,
    15.275444881700437,
    18.94957776656524,
    18.268524733530764,
    19.01857248013241
  ],
  "teleOpEPAOverTime": [
    12.733870967741938,
    14.644265232974913,
    12.046744324970135,
    9.815063719633613,
    7.564947564051508,
    7.364801125049783,
    3.8604525504447107,
    4.088011533972743,
    3.552136254415756,
    2.3615372407115567,
    1.2773288353254997,
    2.2371524035223613,
    2.9132087890580087,
    4.173916488361444,
    3.929608216527998,
    5.906545001915653,
    8.064674360948407,
    11.735555057052844,
    13.705389423364785,
    12.724027556047991,
    14.210875368496243
  ],
  "autonEPAOverTime": [
    3.4274193548387095,
    2.4753584229390677,
    2.4319743130226996,
    2.9030515730784545,
    2.999991703172707,
    2.657582677883977,
    2.643415672430196,
    2.6553553542653066,
    2.88946876893674,
    3.129812163601555,
    3.406670531557762,
    2.253491554039811,
    2.5582376794874624,
    3.164947583428671,
    3.376768022463561,
    3.0519854840925267,
    2.799725982123258,
    3.539889824647593,
    5.244188343200457,
    5.544497177482773,
    4.807697111636167
  ],
  "endGameEPAOverTime": [
    5.92741935483871,
    5.947580645161291,
    6.797715053763441,
    6.531137992831542,
    6.115218040621267,
    5.857492657307846,
    4.726673988616754,
    4.669181728865216,
    4.979694451473701,
    3.3774533214173452,
    2.3435607948936736,
    2.7153208437858796,
    3.2184937257689397,
    3.3232182805227573,
    3.5952351033564915,
    4.044348221718275,
    4.875028087143021,
    4.679605416469741,
    4.607315903468515,
    5.005587502410756,
    5.270890627132013
  ],
  "unitlessEPAOverTime": [
    1500,
    1448.0308298396144,
    1424.0551146665339,
    1408.0713045511468,
    1388.523484862713,
    1383.597841877012,
    1355.4494299686205,
    1357.6157866799228,
    1354.8862355977958,
    1346.2908113408905,
    1338.9880225370177,
    1330.7483453025768,
    1337.6269133967367,
    1350.7234940032374,
    1350.4956502042728,
    1362.0825449796193,
    1371.27030909207,
    1398.4570594152362,
    1421.10197549355,
    1416.904416705876,
    1421.52721310676
  ],
  "EPA Rank": 464,
  "Auto EPA Rank": 400,
  "TeleOp EPA Rank": 472,
  "Endgame EPA Rank": 343
}