{
  "teamNumber": 21672,
  "teamName": "More Fabricators",
  "wins": 6,
  "loss": 10,
  "ties": 0,
  "elo": 1500,
  "totalEPA": 52.80014498685082,
  "autonEPA": 18.163126595618056,
  "endgameEPA": 5.848483106816305,
  "unitlessEPA": 1635.7698097670263,
  "teleOpEPA": 34.63701839123276,
  "totalEPAOverTime": [
    22.088709677419356,
    28.225806451612904,
    30.206093189964157,
    31.560114999664005,
    35.505591651452384,
    35.257435854582994,
    35.257435854582994,
    35.257435854582994,
    35.257435854582994,
    42.53307826591593,
    50.54880780428572,
    56.28846418823764,
    56.68893718596306,
    52.80014498685082,
    52.80014498685082,
    52.80014498685082,
    52.80014498685082
  ],
  "teleOpEPAOverTime": [
    12.733870967741938,
    21.107526881720432,
    20.543906810035843,
    21.47283476063081,
    23.94239117348466,
    24.155124083750785,
    24.155124083750785,
    24.155124083750785,
    24.155124083750785,
    28.35238834936221,
    32.713033960529614,
    35.72698049320238,
    34.1206982578921,
    34.63701839123276,
    34.63701839123276,
    34.63701839123276,
    34.63701839123276
  ],
  "autonEPAOverTime": [
    3.4274193548387095,
    7.118279569892472,
    9.662186379928315,
    10.087280239033195,
    11.563200477967726,
    11.102311770832209,
    11.102311770832209,
    11.102311770832209,
    11.102311770832209,
    14.180689916553721,
    17.835773843756108,
    20.561483695035257,
    22.568238928070958,
    18.163126595618056,
    18.163126595618056,
    18.163126595618056,
    18.163126595618056
  ],
  "endGameEPAOverTime": [
    5.92741935483871,
    5.618279569892473,
    5.273297491039426,
    5.3838911276896315,
    5.8605305395024105,
    5.9569807014056035,
    5.9569807014056035,
    5.9569807014056035,
    5.9569807014056035,
    5.642914025364885,
    5.123092030744434,
    4.728478620587298,
    5.275039158991296,
    5.848483106816305,
    5.848483106816305,
    5.848483106816305,
    5.848483106816305
  ],
  "unitlessEPAOverTime": [
    1500,
    1523.7150342324812,
    1538.9042852412454,
    1549.2899413892007,
    1579.5526473158827,
    1577.6492357467746,
    1573.318501492896,
    1573.318501492896,
    1573.318501492896,
    1575.700676373811,
    1627.4476332003417,
    1664.500998047266,
    1667.086322168332,
    1641.9815377477066,
    1635.7698097670263,
    1635.7698097670263,
    1635.7698097670263
  ],
  "EPA Rank": 98,
  "Auto EPA Rank": 80,
  "TeleOp EPA Rank": 118,
  "Endgame EPA Rank": 272
}