{
  "teamNumber": 22056,
  "teamName": "Avondale RoboJackets [B]",
  "wins": 13,
  "loss": 6,
  "ties": 0,
  "elo": 1500,
  "totalEPA": 42.778747769965605,
  "autonEPA": 11.960797772736953,
  "endgameEPA": 7.501800013361086,
  "unitlessEPA": 1591.7503483121534,
  "teleOpEPA": 30.817949997228652,
  "totalEPAOverTime": [
    22.088709677419356,
    19.39247311827957,
    16.956093189964157,
    18.975358422939067,
    21.51759535529763,
    20.096827032602697,
    22.14158715322706,
    21.548028728370014,
    21.782332338004164,
    16.666812362352932,
    18.064076092030774,
    18.415969979925226,
    19.560738463088942,
    20.472119744132435,
    23.514831303497875,
    22.92752618955204,
    25.408406765819347,
    27.12485644078574,
    32.66812165494841,
    42.778747769965605
  ],
  "teleOpEPAOverTime": [
    12.733870967741938,
    17.107526881720432,
    14.93279569892473,
    17.04316009557945,
    18.55093323544215,
    17.322389515585773,
    19.72016594277702,
    19.354473805002733,
    18.801513942014388,
    14.382137264855789,
    15.107907108917171,
    15.872736022950217,
    16.333383443824072,
    16.037984660678617,
    19.776287338782016,
    18.17678112779191,
    19.31724066487817,
    20.035749000020452,
    23.726924995842978,
    30.817949997228652
  ],
  "autonEPAOverTime": [
    3.4274193548387095,
    2.28494623655914,
    2.023297491039427,
    1.932198327359618,
    2.966662119855479,
    2.774437517016923,
    2.421421210450041,
    2.193554923367281,
    2.9808183959897763,
    2.284675097497142,
    2.956168983113602,
    2.5432339569750093,
    3.227355019264871,
    4.434135083453818,
    3.73854396471586,
    4.750745061760131,
    6.091166100941178,
    7.0891074407652885,
    8.94119665910543,
    11.960797772736953
  ],
  "endGameEPAOverTime": [
    5.92741935483871,
    3.951612903225807,
    4.023297491039427,
    4.094235364396655,
    4.185842054742027,
    4.39793255523547,
    4.9460813673762685,
    5.013494710361942,
    5.242834301750748,
    4.716070570854208,
    5.541295924162828,
    3.735316013330787,
    4.186128434415303,
    3.5353669330452653,
    4.684044524655979,
    4.679715821742142,
    5.041400670078881,
    5.433744657260635,
    6.25270002004163,
    7.501800013361086
  ],
  "unitlessEPAOverTime": [
    1500,
    1470.1140397803385,
    1445.5074282480962,
    1465.9013227269147,
    1491.5770541226825,
    1477.2277755936798,
    1501.245182707572,
    1495.814277007273,
    1497.9580942894036,
    1451.1524127721223,
    1435.3651127272083,
    1437.9685105804924,
    1446.4377904233684,
    1453.180414129591,
    1475.691145387847,
    1456.1761787097444,
    1473.1193840761105,
    1484.8418989049962,
    1522.6996990031787,
    1591.7503483121534
  ],
  "EPA Rank": 166,
  "Auto EPA Rank": 163,
  "TeleOp EPA Rank": 164,
  "Endgame EPA Rank": 82
}