{
  "teamNumber": 22368,
  "teamName": "Powerful Pumas",
  "wins": 5,
  "loss": 7,
  "ties": 0,
  "elo": 1500,
  "totalEPA": 36.2529742298254,
  "autonEPA": 14.0674526289857,
  "endgameEPA": 5.111325148182992,
  "unitlessEPA": 1538.9216623171362,
  "teleOpEPA": 22.1855216008397,
  "totalEPAOverTime": [
    22.088709677419356,
    29.392473118279568,
    27.19014748458406,
    3.6086051239361536,
    -16.22632832909163,
    -32.22908058546081,
    -28.07615680505245,
    -17.2449156171136,
    21.629532744329914,
    41.143024146573445,
    32.04773374772667,
    32.02408143879943,
    36.2529742298254,
    36.2529742298254,
    36.2529742298254
  ],
  "teleOpEPAOverTime": [
    14.911073540778574,
    26.60752688172043,
    29.133160276766677,
    9.089712083684613,
    -15.919821923317102,
    -34.55423697517489,
    -30.956152413818714,
    -20.907008731945705,
    12.528743056996866,
    27.897882950978023,
    19.24988856465955,
    18.635358300719318,
    22.1855216008397,
    22.1855216008397,
    22.1855216008397
  ],
  "autonEPAOverTime": [
    3.4274193548387095,
    2.78494623655914,
    -1.9430127921826175,
    -5.481106959748459,
    -0.3065064057745266,
    2.325156389714079,
    2.879995608766266,
    3.6620931148321034,
    9.100789687333048,
    13.245141195595423,
    12.797845183067116,
    13.388723138080111,
    14.0674526289857,
    14.0674526289857,
    14.0674526289857
  ],
  "endGameEPAOverTime": [
    3.750216781802073,
    2.500144521201382,
    0.017613509472129522,
    -0.5237943875921833,
    -0.692098902473595,
    -1.3961404489008136,
    -1.8768172210425367,
    -0.5223838145024593,
    3.1722239220029183,
    4.357414859555447,
    4.221416336707193,
    4.927873460128077,
    5.111325148182992,
    5.111325148182992,
    5.111325148182992
  ],
  "unitlessEPAOverTime": [
    1500,
    1533.2558072330687,
    1521.0522085019356,
    1390.381395781262,
    1280.4714147067073,
    1191.7964412411507,
    1214.8087581309294,
    1289.952817672395,
    1472.2438691116145,
    1563.7470290250856,
    1521.097162085874,
    1520.9862510776143,
    1540.8164826511236,
    1538.9216623171362,
    1538.9216623171362
  ],
  "EPA Rank": 247,
  "Auto EPA Rank": 134,
  "TeleOp EPA Rank": 300,
  "Endgame EPA Rank": 46
}