{
  "teamNumber": 22415,
  "teamName": "Robo Toasters Blue",
  "wins": 2,
  "loss": 8,
  "ties": 0,
  "elo": 1500,
  "totalEPA": 17.04221766669778,
  "autonEPA": 6.273148633071694,
  "endgameEPA": 5.714168204996088,
  "unitlessEPA": 1433.353239602344,
  "teleOpEPA": 10.769069033626087,
  "totalEPAOverTime": [
    22.088709677419356,
    31.392473118279568,
    48.785428476841815,
    38.49000669363802,
    32.67562679949633,
    29.290763893838268,
    28.40925394499647,
    22.636337327690143,
    12.05251896260876,
    3.473043140320299,
    2.571007058920861,
    15.303370505210038,
    17.04221766669778
  ],
  "teleOpEPAOverTime": [
    14.911073540778574,
    22.10752688172043,
    31.58589025844583,
    22.5709338725172,
    19.0616892772365,
    18.212570539647906,
    17.764712405803564,
    10.244397765112302,
    -1.2832543287273506,
    -7.486979255604067,
    -3.645951072132073,
    9.485111577637928,
    10.769069033626087
  ],
  "autonEPAOverTime": [
    3.4274193548387095,
    9.28494623655914,
    17.199538218395986,
    15.91907282112082,
    13.613937522259828,
    11.07819335419036,
    10.644541539192904,
    12.391939562577841,
    13.33577329133611,
    10.960022395924366,
    6.216958131052934,
    5.81825892757211,
    6.273148633071694
  ],
  "endGameEPAOverTime": [
    3.750216781802073,
    2.500144521201382,
    1.9247723247005646,
    2.5022110265943076,
    1.2240152586764714,
    -0.1999508481384612,
    -0.39066465740202616,
    0.9582463600092094,
    4.4563010786711175,
    3.7984490333486423,
    4.079631809013074,
    5.198741197060842,
    5.714168204996088
  ],
  "unitlessEPAOverTime": [
    1500,
    1503.1333818419014,
    1583.6032073265133,
    1535.9706585672227,
    1509.0699895470789,
    1493.4096649103258,
    1489.3312923575365,
    1457.645684857684,
    1411.685490259238,
    1374.4291462118022,
    1370.5120576520894,
    1425.802301825237,
    1433.353239602344
  ],
  "EPA Rank": 411,
  "Auto EPA Rank": 314,
  "TeleOp EPA Rank": 420,
  "Endgame EPA Rank": 30
}