{
  "teamNumber": 22420,
  "teamName": "Scranton TechnoPups Gray",
  "wins": 1,
  "loss": 8,
  "ties": 1,
  "elo": 1500,
  "totalEPA": 36.837625775919896,
  "autonEPA": 4.776242393843848,
  "endgameEPA": 4.919363813505246,
  "unitlessEPA": 1566.2078718545017,
  "teleOpEPA": 32.061383382076045,
  "totalEPAOverTime": [
    22.088709677419356,
    21.559139784946236,
    20.817204301075268,
    23.706839904420548,
    27.670300677021107,
    32.783286871100486,
    35.49680378429325,
    35.518389289124684,
    34.615039914601546,
    37.247528953712866,
    36.837625775919896
  ],
  "teleOpEPAOverTime": [
    12.733870967741938,
    18.774193548387096,
    18.571684587813618,
    21.969086021505376,
    24.903001792114694,
    28.350586585689626,
    30.089353453649114,
    29.864295296972756,
    30.174588440790956,
    32.57176253789044,
    32.061383382076045
  ],
  "autonEPAOverTime": [
    3.4274193548387095,
    2.78494623655914,
    2.245519713261649,
    1.7377538829151735,
    2.767298884906412,
    4.432700285410859,
    5.407450330644136,
    5.654093992151926,
    4.44045147381059,
    4.675766415822426,
    4.776242393843848
  ],
  "endGameEPAOverTime": [
    5.92741935483871,
    5.618279569892473,
    6.106630824372759,
    6.084976105137395,
    6.668533452807646,
    6.361198227797689,
    6.52103997629932,
    6.057679106220404,
    5.504842086411395,
    5.261955482908089,
    4.919363813505246
  ],
  "unitlessEPAOverTime": [
    1500,
    1467.9676271084995,
    1462.2887492243897,
    1484.406423978746,
    1514.7433066529989,
    1553.8788175572952,
    1556.48359610353,
    1556.640144401899,
    1550.088627144434,
    1569.1806837243478,
    1566.2078718545017
  ],
  "EPA Rank": 210,
  "Auto EPA Rank": 405,
  "TeleOp EPA Rank": 145,
  "Endgame EPA Rank": 389
}