{
  "teamNumber": 22537,
  "teamName": "360 Robot Lab",
  "wins": 8,
  "loss": 11,
  "ties": 0,
  "elo": 1500,
  "totalEPA": 40.535258660156174,
  "autonEPA": 9.26201658962393,
  "endgameEPA": 5.575596862139247,
  "unitlessEPA": 1541.2937879219455,
  "teleOpEPA": 31.273242070532245,
  "totalEPAOverTime": [
    22.088709677419356,
    23.021601796441963,
    32.06787937234656,
    31.52221727862811,
    35.15181252368535,
    31.198535323291946,
    31.198535323291946,
    31.198535323291946,
    31.198535323291946,
    31.198535323291946,
    35.15066115650673,
    32.61076601751905,
    35.14361907695798,
    36.95717887204033,
    40.535258660156174,
    40.535258660156174,
    40.535258660156174,
    40.535258660156174,
    40.535258660156174,
    40.535258660156174
  ],
  "teleOpEPAOverTime": [
    12.733870967741938,
    17.85893436816741,
    21.990857183437882,
    22.79061874008115,
    26.389593616754702,
    23.27562638804417,
    23.27562638804417,
    23.27562638804417,
    23.27562638804417,
    23.27562638804417,
    24.7861402696067,
    23.544901837575477,
    26.13040585870894,
    27.08574172917059,
    31.273242070532245,
    31.273242070532245,
    31.273242070532245,
    31.273242070532245,
    31.273242070532245,
    31.273242070532245
  ],
  "autonEPAOverTime": [
    3.4274193548387095,
    5.1626674282745535,
    10.077022188908677,
    8.731598538546956,
    8.76221890693065,
    7.922908935247775,
    7.922908935247775,
    7.922908935247775,
    7.922908935247775,
    7.922908935247775,
    10.364520886900028,
    9.06586417994357,
    9.01321321824904,
    9.871437142869741,
    9.26201658962393,
    9.26201658962393,
    9.26201658962393,
    9.26201658962393,
    9.26201658962393,
    9.26201658962393
  ],
  "endGameEPAOverTime": [
    5.92741935483871,
    5.581665226618925,
    6.7281060309217615,
    6.950094332817119,
    7.288230266647517,
    6.00258709216192,
    6.00258709216192,
    6.00258709216192,
    6.00258709216192,
    6.00258709216192,
    4.847586017661815,
    4.718418455578394,
    3.9606487183958006,
    4.7723424919012585,
    5.575596862139247,
    5.575596862139247,
    5.575596862139247,
    5.575596862139247,
    5.575596862139247,
    5.575596862139247
  ],
  "unitlessEPAOverTime": [
    1500,
    1463.888931446593,
    1528.7284997136398,
    1524.8174441131976,
    1550.8327179867836,
    1522.497440325592,
    1522.625146100483,
    1522.625146100483,
    1522.625146100483,
    1522.625146100483,
    1512.1621146087234,
    1497.3802593604662,
    1512.1211306330708,
    1522.6758098257128,
    1543.499763020774,
    1541.2937879219455,
    1541.2937879219455,
    1541.2937879219455,
    1541.2937879219455,
    1541.2937879219455
  ],
  "EPA Rank": 178,
  "Auto EPA Rank": 231,
  "TeleOp EPA Rank": 156,
  "Endgame EPA Rank": 308
}