{
  "teamNumber": 23106,
  "teamName": "GForce",
  "wins": 6,
  "loss": 4,
  "ties": 0,
  "elo": 1500,
  "totalEPA": 34.854320996802485,
  "autonEPA": 10.452524116700754,
  "endgameEPA": 6.146520858192583,
  "unitlessEPA": 1528.1336191109317,
  "teleOpEPA": 24.40179688010173,
  "totalEPAOverTime": [
    22.088709677419356,
    32.238783323284956,
    30.98103253894029,
    30.534508064102145,
    32.48579574836071,
    32.82972334720735,
    33.509984509769566,
    36.377238390357995,
    40.05114413425558,
    33.99883049477037,
    34.854320996802485
  ],
  "teleOpEPAOverTime": [
    12.733870967741938,
    24.50171629091258,
    23.551098763690792,
    23.096233476424587,
    23.67793948602885,
    22.797126377008723,
    23.3873902604105,
    23.99015338341996,
    26.204683725913107,
    23.531326380398507,
    24.40179688010173
  ],
  "autonEPAOverTime": [
    3.4274193548387095,
    7.7370670323723765,
    7.429933775249499,
    7.438274587677559,
    8.807856262331857,
    10.032596970198625,
    10.12259424935907,
    12.387085006938037,
    13.846460408342471,
    10.46750411437186,
    10.452524116700754
  ],
  "endGameEPAOverTime": [
    5.92741935483871,
    6.0492562470500175,
    5.744780442582985,
    5.801479729011451,
    5.780280299863186,
    5.874800146731567,
    6.407763563136521,
    6.441202615921291,
    6.493113453746781,
    6.326023140033261,
    6.146520858192583
  ],
  "unitlessEPAOverTime": [
    1500,
    1580.4509508687624,
    1569.3876800972496,
    1565.4600171351344,
    1582.62369079193,
    1585.6489038939192,
    1519.3998522329698,
    1538.0275746927396,
    1561.895881927059,
    1522.575743770101,
    1528.1336191109317
  ],
  "EPA Rank": 234,
  "Auto EPA Rank": 199,
  "TeleOp EPA Rank": 260,
  "Endgame EPA Rank": 228
}