{
  "teamNumber": 23373,
  "teamName": "Viking Warriors",
  "wins": 8,
  "loss": 12,
  "ties": 0,
  "elo": 1500,
  "totalEPA": 26.84811439035192,
  "autonEPA": 9.764905553998695,
  "endgameEPA": 2.619138390232026,
  "unitlessEPA": 1475.9353121668466,
  "teleOpEPA": 17.083208836353226,
  "totalEPAOverTime": [
    22.088709677419356,
    25.122463111246528,
    25.844752231192274,
    29.26680167564633,
    27.09215060620081,
    20.130070980127044,
    15.530732342665635,
    16.471182613062062,
    25.068993693555502,
    46.22877955582687,
    36.88080285501568,
    33.570684790340806,
    36.14042965455462,
    26.772963481766894,
    25.854297883266,
    16.85622629403164,
    5.727958771568794,
    14.615128697392047,
    16.347108686299304,
    16.802756873756067,
    20.622075274290626,
    25.60893687542052,
    22.886601342532458,
    25.665344202180858,
    26.84811439035192
  ],
  "teleOpEPAOverTime": [
    14.911073540778574,
    21.952577365352134,
    23.385660767125103,
    27.558614829436255,
    25.904108435754587,
    18.959279265812377,
    13.80231564130652,
    13.102894294991607,
    15.125376081216658,
    35.80969779976154,
    34.59866188515588,
    33.3538424473986,
    35.29016862703607,
    26.800537529664577,
    26.368479427748518,
    18.654473269839446,
    8.385867694896927,
    14.939892210731609,
    16.051167392083517,
    17.953139437342017,
    20.203109771670192,
    19.758148982220053,
    10.163490773291226,
    14.636453004715607,
    17.083208836353226
  ],
  "autonEPAOverTime": [
    3.4274193548387095,
    3.1698857458943923,
    2.4590914640671695,
    1.7081868462100762,
    1.1880421704462232,
    1.1707917143146684,
    1.7284167013591138,
    3.368288318070455,
    9.943617612338844,
    10.419081756065328,
    2.2821409698598014,
    0.2168423429422044,
    0.8502610275185571,
    -0.02757404789768425,
    -0.5141815444825173,
    -1.798246975807808,
    -2.657908923328133,
    -0.3247635133395619,
    0.2959412942157855,
    -1.1503825635859488,
    0.41896550262043286,
    5.850787893200469,
    12.723110569241232,
    11.028891197465251,
    9.764905553998695
  ],
  "endGameEPAOverTime": [
    3.750216781802073,
    3.1688782063117658,
    2.9024118076159455,
    1.8886580236346169,
    1.1962065798156205,
    -0.6355414124745454,
    -1.4447856891629713,
    -2.161247555746323,
    -2.1677004993549875,
    1.9653025862897129,
    4.89315216066456,
    4.53794426574131,
    4.049382090401159,
    2.755741041676676,
    1.8240193317841435,
    -0.5477209225346322,
    -2.831028401545522,
    -1.6470921999396613,
    -1.349070844901021,
    -1.6364949560093296,
    -1.4152418320472546,
    -0.31183430906718024,
    0.038100580531033934,
    0.9757949452642175,
    2.619138390232026
  ],
  "unitlessEPAOverTime": [
    1500,
    1511.4727784043655,
    1515.2724586129266,
    1533.2745206511668,
    1521.834532977368,
    1485.2097584444145,
    1461.0144389931888,
    1443.4086430682091,
    1483.761685688176,
    1583.0732119284803,
    1539.1993353467865,
    1523.6635979258986,
    1535.724461215082,
    1476.4875333569805,
    1472.4311357361003,
    1432.6998600176655,
    1383.5626353558316,
    1422.8042211976165,
    1430.4518347774435,
    1432.3133819382508,
    1448.898758866216,
    1470.554188099547,
    1458.732455475469,
    1470.7991367206644,
    1475.9353121668466
  ],
  "EPA Rank": 321,
  "Auto EPA Rank": 213,
  "TeleOp EPA Rank": 348,
  "Endgame EPA Rank": 183
}