{
  "teamNumber": 23554,
  "teamName": "Blue Goggles",
  "wins": 24,
  "loss": 6,
  "ties": 0,
  "elo": 1500,
  "totalEPA": 66.70688695946703,
  "autonEPA": 27.324420716238635,
  "endgameEPA": 5.934710124276735,
  "unitlessEPA": 1670.4090604581452,
  "teleOpEPA": 39.38246624322839,
  "totalEPAOverTime": [
    22.088709677419356,
    26.892473118279568,
    27.173479053522442,
    30.9170585808866,
    32.81797140947448,
    36.03418558564603,
    36.03418558564603,
    36.03418558564603,
    36.03418558564603,
    46.193277849627414,
    42.73556546849096,
    47.06319850103089,
    50.731280715708635,
    57.52640662561145,
    57.52640662561145,
    57.52640662561145,
    57.52640662561145,
    57.52640662561145,
    57.52640662561145,
    57.52640662561145,
    65.86887038901554,
    63.93187351696876,
    64.9582475195202,
    59.08884259178679,
    69.3971180932756,
    67.65666275342866,
    66.70688695946703,
    66.70688695946703,
    66.70688695946703,
    66.70688695946703,
    66.70688695946703
  ],
  "teleOpEPAOverTime": [
    12.733870967741938,
    21.44086021505376,
    20.75857705464356,
    24.523257400205868,
    26.461475761250888,
    28.29665187026622,
    28.29665187026622,
    28.29665187026622,
    28.29665187026622,
    33.04217085525602,
    29.520878864676455,
    33.43021992847865,
    33.68792158081196,
    35.89866193005751,
    35.89866193005751,
    35.89866193005751,
    35.89866193005751,
    35.89866193005751,
    35.89866193005751,
    35.89866193005751,
    42.49355018419544,
    40.376281026764765,
    42.01950337855777,
    36.00383021423686,
    45.28372017700411,
    41.31417961344166,
    39.38246624322839,
    39.38246624322839,
    39.38246624322839,
    39.38246624322839,
    39.38246624322839
  ],
  "autonEPAOverTime": [
    3.4274193548387095,
    5.451612903225806,
    6.414901998878883,
    6.393801180680732,
    6.356495648223595,
    7.737533715379809,
    7.737533715379809,
    7.737533715379809,
    7.737533715379809,
    13.151106994371396,
    13.214686603814508,
    13.632978572552238,
    17.043359134896676,
    21.627744695553943,
    21.627744695553943,
    21.627744695553943,
    21.627744695553943,
    21.627744695553943,
    21.627744695553943,
    21.627744695553943,
    23.375320204820095,
    23.555592490203992,
    22.93874414096243,
    23.085012377549933,
    24.113397916271484,
    26.342483139987003,
    27.324420716238635,
    27.324420716238635,
    27.324420716238635,
    27.324420716238635,
    27.324420716238635
  ],
  "endGameEPAOverTime": [
    5.92741935483871,
    5.618279569892473,
    5.4594695041191805,
    6.112067682106171,
    6.965036166880873,
    7.672516884242472,
    7.672516884242472,
    7.672516884242472,
    7.672516884242472,
    7.9604564877071144,
    7.109184549083398,
    7.417171928587111,
    7.648065087859456,
    8.30924737969525,
    8.30924737969525,
    8.30924737969525,
    8.30924737969525,
    8.30924737969525,
    8.30924737969525,
    8.30924737969525,
    8.343427058186858,
    8.04801616743382,
    7.310271889889505,
    7.366563416803998,
    7.4284423002902455,
    7.304785068179914,
    5.934710124276735,
    5.934710124276735,
    5.934710124276735,
    5.934710124276735,
    5.934710124276735
  ],
  "unitlessEPAOverTime": [
    1500,
    1491.6335615686844,
    1493.647683219136,
    1520.479944145352,
    1534.104815379375,
    1557.157163363122,
    1557.433719409442,
    1557.433719409442,
    1557.433719409442,
    1594.208825561767,
    1572.7421929401949,
    1599.609583338925,
    1622.382262107056,
    1664.5686719197972,
    1657.8535249720612,
    1657.8535249720612,
    1657.8535249720612,
    1657.8535249720612,
    1657.8535249720612,
    1657.8535249720612,
    1672.605764419799,
    1661.9945830215327,
    1667.6172254122916,
    1635.4636781934746,
    1691.9340746242233,
    1682.399579451197,
    1677.1965544061645,
    1670.4090604581452,
    1670.4090604581452,
    1670.4090604581452,
    1670.4090604581452
  ],
  "EPA Rank": 51,
  "Auto EPA Rank": 16,
  "TeleOp EPA Rank": 93,
  "Endgame EPA Rank": 261
}