{
  "teamNumber": 23579,
  "teamName": "Holy Family Panthers",
  "wins": 1,
  "loss": 4,
  "ties": 0,
  "elo": 1500,
  "totalEPA": 8.191105652629364,
  "autonEPA": -2.0311338435377566,
  "endgameEPA": 0.07453561190396174,
  "unitlessEPA": 1396.6354596516264,
  "teleOpEPA": 10.22223949616712,
  "totalEPAOverTime": [
    22.088709677419356,
    23.53198950649713,
    23.595824342017938,
    13.379088863012976,
    9.356491874385725,
    7.863267624109452,
    8.191105652629364
  ],
  "teleOpEPAOverTime": [
    14.911073540778574,
    18.132675706938773,
    17.502267217784336,
    15.136040901131855,
    14.449183856209482,
    11.369232175947419,
    10.22223949616712
  ],
  "autonEPAOverTime": [
    3.4274193548387095,
    5.3993137995583576,
    6.093557124233602,
    -1.7569520381188788,
    -5.092691981823757,
    -3.5059645518379665,
    -2.0311338435377566
  ],
  "endGameEPAOverTime": [
    3.750216781802073,
    3.031520049266547,
    1.643488799104871,
    1.573004470418424,
    1.2914289028863934,
    0.36334793989228664,
    0.07453561190396174
  ],
  "unitlessEPAOverTime": [
    1500,
    1464.3645790941657,
    1464.646406219693,
    1419.5401069893592,
    1401.7805727599646,
    1395.188073620747,
    1396.6354596516264
  ],
  "EPA Rank": 484,
  "Auto EPA Rank": 565,
  "TeleOp EPA Rank": 427,
  "Endgame EPA Rank": 427
}