{
  "teamNumber": 23606,
  "teamName": "Clague CouGears",
  "wins": 5,
  "loss": 6,
  "ties": 1,
  "elo": 1500,
  "totalEPA": 44.36940217367689,
  "autonEPA": 12.593023333672221,
  "endgameEPA": 4.110803438553423,
  "unitlessEPA": 1602.4213705059697,
  "teleOpEPA": 31.776378840004668,
  "totalEPAOverTime": [
    22.088709677419356,
    21.361998936158535,
    23.374987252961702,
    25.199436808770354,
    26.414300228526447,
    29.995097586991097,
    29.995097586991097,
    29.995097586991097,
    39.34962205137964,
    44.02215851946882,
    46.80304262868444,
    43.406081966517085,
    44.36940217367689
  ],
  "teleOpEPAOverTime": [
    12.733870967741938,
    17.25802671702626,
    17.98225020818968,
    17.876038853300237,
    18.092992038572604,
    20.911350979189464,
    20.911350979189464,
    20.911350979189464,
    27.65958320126457,
    30.67501393353224,
    32.5114138238717,
    31.080618485754723,
    31.776378840004668
  ],
  "autonEPAOverTime": [
    3.4274193548387095,
    4.103972219132273,
    5.392737044772024,
    7.323397955470115,
    8.321308189953845,
    9.083746607801631,
    9.083746607801631,
    9.083746607801631,
    11.69003885011507,
    13.347144585936578,
    14.29162880481274,
    12.325463480762362,
    12.593023333672221
  ],
  "endGameEPAOverTime": [
    5.92741935483871,
    4.73244143084435,
    4.523311364252136,
    4.4183209994813195,
    4.4001951239173795,
    4.697726726518735,
    4.697726726518735,
    4.697726726518735,
    4.134745440767668,
    3.728692171088177,
    4.54147005264458,
    5.356463299641472,
    4.110803438553423
  ],
  "unitlessEPAOverTime": [
    1500,
    1466.8532620343954,
    1482.276546990009,
    1496.2552696440316,
    1505.5634134363445,
    1532.9990709445885,
    1530.988851567648,
    1530.988851567648,
    1568.1715648290774,
    1600.0521377130167,
    1619.026024622431,
    1595.8486663045858,
    1602.4213705059697
  ],
  "EPA Rank": 147,
  "Auto EPA Rank": 145,
  "TeleOp EPA Rank": 148,
  "Endgame EPA Rank": 487
}