{
  "teamNumber": 23623,
  "teamName": "Hydra Dragons",
  "wins": 27,
  "loss": 4,
  "ties": 0,
  "elo": 1500,
  "totalEPA": 123.89062745449351,
  "autonEPA": 33.28209525671096,
  "endgameEPA": 6.993888519923342,
  "unitlessEPA": 1956.9294340056263,
  "teleOpEPA": 90.60853219778255,
  "totalEPAOverTime": [
    22.088709677419356,
    38.05913978494624,
    56.03307533677292,
    69.20254286825859,
    77.75445876217886,
    86.72641699914746,
    86.72641699914746,
    86.72641699914746,
    86.72641699914746,
    86.72641699914746,
    86.72641699914746,
    86.72641699914746,
    91.89047218524931,
    99.45442574577227,
    106.33452946934379,
    110.00541896564165,
    117.47699633329302,
    117.47699633329302,
    117.47699633329302,
    117.47699633329302,
    119.50453553926044,
    122.30945837228185,
    121.19380185793831,
    119.18450694455662,
    122.78901221319026,
    121.05256657022032,
    123.89062745449351,
    123.89062745449351,
    123.89062745449351,
    123.89062745449351,
    123.89062745449351,
    123.89062745449351
  ],
  "teleOpEPAOverTime": [
    12.733870967741938,
    28.2741935483871,
    43.72773410897658,
    52.85507611431042,
    57.453279278850886,
    62.836680030928775,
    62.836680030928775,
    62.836680030928775,
    62.836680030928775,
    62.836680030928775,
    62.836680030928775,
    62.836680030928775,
    66.00236147061038,
    72.06738007855525,
    77.43873884184354,
    80.76431308667891,
    86.95364732109215,
    86.95364732109215,
    86.95364732109215,
    86.95364732109215,
    90.69842180881815,
    91.5558430773353,
    88.99330164909236,
    87.08995831330614,
    90.23250233849453,
    88.76926893664832,
    90.60853219778255,
    90.60853219778255,
    90.60853219778255,
    90.60853219778255,
    90.60853219778255,
    90.60853219778255
  ],
  "autonEPAOverTime": [
    3.4274193548387095,
    9.78494623655914,
    12.30534122779634,
    16.347466753948165,
    20.30117948332797,
    23.88973696821868,
    23.88973696821868,
    23.88973696821868,
    23.88973696821868,
    23.88973696821868,
    23.88973696821868,
    23.88973696821868,
    25.888110714638923,
    27.387045667217023,
    28.895790627500247,
    29.241105878962742,
    30.523349012200867,
    30.523349012200867,
    30.523349012200867,
    30.523349012200867,
    28.806113730442295,
    30.753615294946556,
    32.20050020884596,
    32.09454863125048,
    32.556509874695735,
    32.283297633572005,
    33.28209525671096,
    33.28209525671096,
    33.28209525671096,
    33.28209525671096,
    33.28209525671096,
    33.28209525671096
  ],
  "endGameEPAOverTime": [
    5.92741935483871,
    5.618279569892473,
    5.749618751197844,
    5.415228887646949,
    5.981104718200414,
    5.525528573410739,
    5.525528573410739,
    5.525528573410739,
    5.525528573410739,
    5.525528573410739,
    5.525528573410739,
    5.525528573410739,
    6.40359722309307,
    6.06661775759548,
    5.990557631002107,
    6.520635303947739,
    6.942331470861945,
    6.942331470861945,
    6.942331470861945,
    6.942331470861945,
    6.944783947349535,
    6.177564567550566,
    6.639789891921357,
    6.320027185602894,
    6.640134271819193,
    6.845406032743389,
    6.993888519923342,
    6.993888519923342,
    6.993888519923342,
    6.993888519923342,
    6.993888519923342,
    6.993888519923342
  ],
  "unitlessEPAOverTime": [
    1500,
    1626.4425695801829,
    1781.5690822815836,
    1895.2299756570515,
    1969.0384571503942,
    2046.4721716193494,
    1972.428061777307,
    1972.428061777307,
    1972.428061777307,
    1972.428061777307,
    1972.428061777307,
    1972.428061777307,
    1913.197735095972,
    1963.6110974963426,
    2009.4666358194218,
    2033.9329259714973,
    2083.7306057858846,
    2064.9093387189796,
    2064.9093387189796,
    2064.9093387189796,
    1952.9795286490894,
    1967.9913403393107,
    1962.0204004948612,
    1951.2667510487145,
    1970.557889361725,
    1961.264516048317,
    1976.4536809902272,
    1956.9294340056263,
    1956.9294340056263,
    1956.9294340056263,
    1956.9294340056263,
    1956.9294340056263
  ],
  "EPA Rank": 2,
  "Auto EPA Rank": 4,
  "TeleOp EPA Rank": 2,
  "Endgame EPA Rank": 133
}