{
  "teamNumber": 23710,
  "teamName": "TechnoRams Gold",
  "wins": 12,
  "loss": 8,
  "ties": 0,
  "elo": 1500,
  "totalEPA": 22.439389927108927,
  "autonEPA": -0.27441742250715906,
  "endgameEPA": 7.1302881718174955,
  "unitlessEPA": 1442.6108609859973,
  "teleOpEPA": 22.713807349616086,
  "totalEPAOverTime": [
    22.088709677419356,
    17.725806451612904,
    12.756720430107528,
    12.06729764038232,
    11.714787227864067,
    11.346802022489936,
    10.818217752767454,
    13.65972954534243,
    13.38543018502382,
    14.936620551824454,
    15.068027158997873,
    17.560319815109082,
    24.448719050745396,
    21.785349858558092,
    23.763732969957854,
    24.018050905243506,
    23.73993481471906,
    25.722179421265526,
    23.468681990035552,
    25.55241850364226,
    22.439389927108927
  ],
  "teleOpEPAOverTime": [
    12.733870967741938,
    15.440860215053764,
    11.42383512544803,
    10.811881886366654,
    11.103982062259394,
    9.7384442480862,
    9.306352684761126,
    11.033426539694823,
    10.696213498473032,
    12.518757657413396,
    12.09119730178727,
    15.457944105229457,
    21.03217158271765,
    19.34732849510057,
    20.89177945049123,
    22.16986166400304,
    22.380716045377895,
    23.644743098906055,
    22.349840114503944,
    24.83977993513859,
    22.713807349616086
  ],
  "autonEPAOverTime": [
    3.4274193548387095,
    2.28494623655914,
    1.3328853046594984,
    1.2554157540156645,
    0.6108051656046729,
    1.6083577744037347,
    1.5118650680063277,
    2.626303005647607,
    2.689216686550788,
    2.4178628944110585,
    2.9768298572106033,
    2.102375709879625,
    3.4165474680277472,
    2.438021363457521,
    2.871953519466621,
    1.8481892412404668,
    1.3592187693411637,
    2.0774363223594725,
    1.118841875531608,
    0.7126385685036711,
    -0.27441742250715906
  ],
  "endGameEPAOverTime": [
    5.92741935483871,
    3.951612903225807,
    3.9717741935483875,
    5.091192502986858,
    5.817916791119076,
    4.89379801788796,
    4.9773518221215545,
    5.094424861079642,
    5.892961342579566,
    6.7214126513100725,
    5.670386497202552,
    5.671467730117732,
    8.179556964853983,
    7.028222760052652,
    6.735518294333174,
    5.108185869141749,
    4.8439396497535405,
    5.303426022223811,
    5.790107285732986,
    6.399447418326066,
    7.1302881718174955
  ],
  "unitlessEPAOverTime": [
    1500,
    1453.5341197928212,
    1408.421785076622,
    1402.1627926751105,
    1398.962492327794,
    1395.621702556073,
    1382.0890456817938,
    1403.4168344715395,
    1401.3580012696768,
    1413.000909316816,
    1413.9872196220188,
    1415.218055914506,
    1459.6956806032915,
    1442.498603127738,
    1455.2728019668884,
    1456.9149044772576,
    1450.6265563238906,
    1462.8437961920636,
    1448.9547339801024,
    1461.7975025893493,
    1442.6108609859973
  ],
  "EPA Rank": 410,
  "Auto EPA Rank": 572,
  "TeleOp EPA Rank": 287,
  "Endgame EPA Rank": 116
}