{
  "teamNumber": 23834,
  "teamName": "Pine Knob Pilots",
  "wins": 23,
  "loss": 19,
  "ties": 0,
  "elo": 1500,
  "totalEPA": 68.0723110288524,
  "autonEPA": 23.063978740267896,
  "endgameEPA": 4.396625303223118,
  "unitlessEPA": 1668.291737300608,
  "teleOpEPA": 45.0083322885845,
  "totalEPAOverTime": [
    22.088709677419356,
    14.725806451612904,
    22.058444789620626,
    24.750647317643843,
    21.595075038804666,
    18.634619323813407,
    17.331450536199586,
    17.272572460602973,
    19.35798525761865,
    24.015245880547766,
    27.348634764953392,
    27.775744024557934,
    28.803263389640573,
    32.5330776540214,
    35.128193053550326,
    34.91768756325496,
    34.87970674286692,
    34.624980049267215,
    36.33580615093169,
    37.79173787761807,
    33.3666675049342,
    39.59479702264286,
    40.4805555375568,
    37.87571190689173,
    45.32302336429997,
    46.06283317776474,
    46.06283317776474,
    46.06283317776474,
    46.06283317776474,
    46.06283317776474,
    46.06283317776474,
    50.657111190802325,
    58.10996231043019,
    60.25797398604567,
    68.25505663638674,
    65.5327628868313,
    66.50417602726971,
    68.0723110288524,
    68.0723110288524,
    68.0723110288524,
    68.0723110288524,
    68.0723110288524,
    68.0723110288524
  ],
  "teleOpEPAOverTime": [
    12.733870967741938,
    12.440860215053764,
    17.425363761460886,
    19.96451058319645,
    17.08958033915959,
    15.349775273460647,
    15.189690292661554,
    15.195390384149322,
    17.386762949375807,
    21.7758641894362,
    25.46014539383734,
    24.939906107767676,
    26.070889498408548,
    29.096746435341537,
    30.831611100076692,
    30.921431467109443,
    32.16359724594875,
    30.667029818787128,
    31.51231218763568,
    32.23294310884546,
    30.097921804563196,
    32.66199724675315,
    30.018983577202093,
    25.3399841315877,
    29.674241245007686,
    27.670305761104526,
    27.670305761104526,
    27.670305761104526,
    27.670305761104526,
    27.670305761104526,
    27.670305761104526,
    29.6619920355262,
    38.30343456646669,
    38.46576063307345,
    45.72074046604122,
    43.89703576680993,
    44.533900899566206,
    45.0083322885845,
    45.0083322885845,
    45.0083322885845,
    45.0083322885845,
    45.0083322885845,
    45.0083322885845
  ],
  "autonEPAOverTime": [
    3.4274193548387095,
    2.28494623655914,
    4.633081028159739,
    4.786136734447393,
    4.505494699645078,
    3.2848440503527594,
    2.1417602435380316,
    2.0771820764536506,
    1.9712223082428455,
    2.2393816911115696,
    1.8884893711160529,
    2.835837916790259,
    2.732373891232026,
    3.43633121867986,
    4.296581953473635,
    3.996256096145514,
    2.71610949691817,
    3.957950230480086,
    4.823493963296007,
    5.558794768772611,
    3.268745700371002,
    6.9327997758897055,
    10.46157196035471,
    12.535727775304032,
    15.648782119292287,
    18.39252741666021,
    18.39252741666021,
    18.39252741666021,
    18.39252741666021,
    18.39252741666021,
    18.39252741666021,
    20.995119155276125,
    19.806527743963503,
    21.79221335297222,
    22.534316170345523,
    21.63572712002138,
    21.970275127703506,
    23.063978740267896,
    23.063978740267896,
    23.063978740267896,
    23.063978740267896,
    23.063978740267896,
    23.063978740267896
  ],
  "endGameEPAOverTime": [
    5.92741935483871,
    3.951612903225807,
    4.050872158195811,
    4.977430987948722,
    5.1275499238197755,
    5.329098198508434,
    4.549024003448782,
    4.1172069958563196,
    4.400849617630043,
    8.292242923335138,
    8.579712742876898,
    7.828524059924297,
    8.087390121621503,
    7.497323737221151,
    7.866591515479929,
    7.420173904242131,
    6.678660520217235,
    5.584867377512844,
    5.50981796434882,
    5.63005012749342,
    5.800103576491184,
    6.485204998376088,
    6.351162350893791,
    6.284104693131362,
    7.126323935103367,
    5.254885991040421,
    5.254885991040421,
    5.254885991040421,
    5.254885991040421,
    5.254885991040421,
    5.254885991040421,
    4.116848507869984,
    5.130178471050031,
    4.777161402595475,
    4.53771334742688,
    3.911692878274099,
    4.45289617052618,
    4.396625303223118,
    4.396625303223118,
    4.396625303223118,
    4.396625303223118,
    4.396625303223118,
    4.396625303223118
  ],
  "unitlessEPAOverTime": [
    1500,
    1430.232877853067,
    1497.7822767434293,
    1522.5832629745998,
    1493.5136429054076,
    1466.241466811212,
    1454.5569628304647,
    1454.0183945097049,
    1473.0940395065777,
    1515.6948379806472,
    1546.1859441474642,
    1537.6903139354647,
    1546.5584605569334,
    1578.7491334448496,
    1601.146632357975,
    1599.329835890676,
    1521.0631595465677,
    1519.4682088246316,
    1530.1804089768664,
    1539.2966084836892,
    1511.5893859472806,
    1547.2380892533652,
    1552.5753270408509,
    1536.8795480875688,
    1581.7541628458757,
    1586.2119702792713,
    1581.937984202454,
    1581.937984202454,
    1581.937984202454,
    1581.937984202454,
    1581.937984202454,
    1584.511434800495,
    1624.398734460212,
    1635.8947893260072,
    1678.6947898838614,
    1664.1252050622456,
    1669.3241613279906,
    1677.7167442081573,
    1668.291737300608,
    1668.291737300608,
    1668.291737300608,
    1668.291737300608,
    1668.291737300608
  ],
  "EPA Rank": 48,
  "Auto EPA Rank": 41,
  "TeleOp EPA Rank": 58,
  "Endgame EPA Rank": 448
}