{
  "teamNumber": 23832,
  "teamName": "Cyber Vikes",
  "wins": 7,
  "loss": 7,
  "ties": 0,
  "elo": 1500,
  "totalEPA": -0.06507404005217965,
  "autonEPA": 5.3601329193873415,
  "endgameEPA": 0.6941373470221994,
  "unitlessEPA": 1370.0246848124984,
  "teleOpEPA": -5.425206959439521,
  "totalEPAOverTime": [
    22.088709677419356,
    6.39247311827957,
    -19.539693826693785,
    -16.401686275888505,
    -15.233409012063557,
    -0.9547309652928053,
    6.222141095992598,
    2.4327255650292585,
    0.8746612355970385,
    5.9373442384576585,
    2.8676057637500545,
    -0.43452391119712974,
    -0.06507404005217965,
    -0.06507404005217965,
    -0.06507404005217965,
    -0.06507404005217965,
    -0.06507404005217965
  ],
  "teleOpEPAOverTime": [
    14.911073540778574,
    4.10752688172043,
    -18.65328256343718,
    -14.073745409692874,
    -14.902330882967258,
    -4.443120449519448,
    2.4729993523417453,
    0.21456150695919174,
    -0.19188814343234162,
    1.2002518547334375,
    -5.530224653028515,
    -6.80763837909267,
    -5.425206959439521,
    -5.425206959439521,
    -5.425206959439521,
    -5.425206959439521,
    -5.425206959439521
  ],
  "autonEPAOverTime": [
    3.4274193548387095,
    2.28494623655914,
    -0.886411263256604,
    -2.3279408661956307,
    -0.33107812909629963,
    3.488389484226642,
    3.7491417436508523,
    2.218164058070067,
    1.06654937902938,
    4.737092383724221,
    8.39783041677857,
    6.37311446789554,
    5.3601329193873415,
    5.3601329193873415,
    5.3601329193873415,
    5.3601329193873415,
    5.3601329193873415
  ],
  "endGameEPAOverTime": [
    3.750216781802073,
    2.500144521201382,
    -0.8974531735347517,
    -1.6773674833864685,
    0.6066183516466646,
    2.0715844452745538,
    2.3939278308940413,
    2.9439468742593005,
    2.443366732995941,
    0.7325566732136376,
    -0.704336152727029,
    0.248996932058289,
    0.6941373470221994,
    0.6941373470221994,
    0.6941373470221994,
    0.6941373470221994,
    0.6941373470221994
  ],
  "unitlessEPAOverTime": [
    1500,
    1417.2039172991106,
    1271.3610464339254,
    1289.009244942642,
    1295.5796526715565,
    1375.8831384126277,
    1416.2459676151016,
    1390.8657963637474,
    1382.6070035969897,
    1409.4426412369642,
    1393.1709549966458,
    1375.6674385120034,
    1377.6257722379307,
    1370.0246848124984,
    1370.0246848124984,
    1370.0246848124984,
    1370.0246848124984
  ],
  "EPA Rank": 525,
  "Auto EPA Rank": 357,
  "TeleOp EPA Rank": 534,
  "Endgame EPA Rank": 355
}