{
  "teamNumber": 23856,
  "teamName": "When's Lunch?",
  "wins": 3,
  "loss": 7,
  "ties": 0,
  "elo": 1500,
  "totalEPA": -32.614882119182944,
  "autonEPA": 1.5158699576785937,
  "endgameEPA": 2.1865357545003037,
  "unitlessEPA": 1219.715416008544,
  "teleOpEPA": -34.13075207686154,
  "totalEPAOverTime": [
    22.088709677419356,
    23.026889806737643,
    31.326993907988875,
    24.47010596618658,
    11.885248499438536,
    10.277431318976458,
    6.818079623594227,
    -32.60071750505003,
    -87.9105239207287,
    -58.29443464900298,
    -28.6362480686162,
    -34.211515367276476,
    -32.614882119182944
  ],
  "teleOpEPAOverTime": [
    14.911073540778574,
    21.614741656869736,
    29.385277993415077,
    19.74927478737567,
    13.022628078162835,
    9.696140288580818,
    5.0178444687283035,
    -35.57849951588002,
    -90.91872861399148,
    -61.48082331086958,
    -33.735949400474006,
    -37.227693974147336,
    -34.13075207686154
  ],
  "autonEPAOverTime": [
    3.4274193548387095,
    1.4121481498679067,
    1.9417159145737979,
    4.720831178810911,
    -1.1373795787243002,
    0.5812910303956392,
    1.8002351548659234,
    2.9777820108299897,
    3.0082046932627655,
    3.186388661866602,
    5.099701331857802,
    3.0161786068708603,
    1.5158699576785937
  ],
  "endGameEPAOverTime": [
    3.750216781802073,
    3.483015991261801,
    2.4466611674404,
    0.34779723678562197,
    0.9561008079179996,
    2.3643967188728396,
    2.5380020367277414,
    1.9655163461586695,
    2.156825658115574,
    3.072875562781558,
    3.349298627232626,
    2.597465885796238,
    2.1865357545003037
  ],
  "unitlessEPAOverTime": [
    1500,
    1486.1096957912969,
    1527.7090328188956,
    1493.3429587345342,
    1430.2688429382488,
    1422.2106152397887,
    1404.8726716046592,
    1219.7750408535142,
    986.9526990711429,
    1111.6193306420018,
    1236.4631675697472,
    1212.9945121421483,
    1219.715416008544
  ],
  "EPA Rank": 572,
  "Auto EPA Rank": 490,
  "TeleOp EPA Rank": 570,
  "Endgame EPA Rank": 222
}