{
  "teamNumber": 23986,
  "teamName": "Tractor Technicians in Training (Maroon)",
  "wins": 9,
  "loss": 11,
  "ties": 0,
  "elo": 1500,
  "totalEPA": 38.00706830679649,
  "autonEPA": 8.215150118402056,
  "endgameEPA": 2.08649706222108,
  "unitlessEPA": 1524.5881443219423,
  "teleOpEPA": 29.791918188394433,
  "totalEPAOverTime": [
    22.088709677419356,
    21.39247311827957,
    17.259611874419225,
    13.655537228273786,
    18.84794124635046,
    23.749710431102525,
    25.37031876350272,
    37.20009648720993,
    48.35680584710319,
    54.26010176741888,
    42.25795357052444,
    34.137867557602064,
    34.97824415784841,
    24.046952675921087,
    9.899493053887849,
    5.861843947796583,
    4.284520643825316,
    6.24387973431239,
    8.561742461390693,
    12.396671035827403,
    16.454394774274462,
    25.34582937540005,
    37.975171547757306,
    38.97296507716212,
    38.00706830679649
  ],
  "teleOpEPAOverTime": [
    14.911073540778574,
    17.7741935483871,
    13.958409387583524,
    10.620625365504266,
    15.740000700679786,
    20.38466016783912,
    21.825960315626837,
    32.80449006735388,
    42.599640733022994,
    48.915390742373525,
    35.67324568082916,
    27.84297150064395,
    29.323754434391006,
    20.715227675935814,
    8.229465526798716,
    5.4290649884212705,
    3.786021070991972,
    5.621309015862499,
    7.830436491583386,
    8.638606478168377,
    10.047395755960611,
    19.13013409279055,
    32.09314532311355,
    31.720596837583404,
    29.791918188394433
  ],
  "autonEPAOverTime": [
    3.4274193548387095,
    3.618279569892473,
    3.3012024868357006,
    3.0349118627695204,
    3.107940545670673,
    3.3650502632634045,
    3.5443584478758816,
    4.395606419856051,
    5.757165114080194,
    5.344711025045359,
    6.584707889695278,
    6.294896056958113,
    5.654489723457403,
    3.3317249999852714,
    1.6700275270891318,
    0.43277895937531285,
    0.49849957283334434,
    0.6225707184498916,
    0.7313059698073072,
    3.7580645576590266,
    6.406999018313852,
    6.215695282609504,
    5.882026224643751,
    7.252368239578718,
    8.215150118402056
  ],
  "endGameEPAOverTime": [
    3.750216781802073,
    2.500144521201382,
    1.372277760292587,
    2.015656502981402,
    1.7108542660336243,
    0.9842795295685797,
    0.7568612153098614,
    0.7028662809783516,
    0.5581564427443598,
    0.2657598618447071,
    -0.3736138867265051,
    -0.6528831239965143,
    -0.8624626314673012,
    -0.6319034414073443,
    -0.06991190316932588,
    0.7485765017370913,
    1.8290474433289128,
    2.4447689702757427,
    2.786540464898161,
    2.1192744773155456,
    0.8514864093767542,
    2.2096715575063532,
    2.6657742946755043,
    2.1723302750374436,
    2.08649706222108
  ],
  "unitlessEPAOverTime": [
    1500,
    1491.2633865588173,
    1470.5969638570305,
    1452.5747449410953,
    1478.539424117161,
    1503.0507802893942,
    1511.1546518822709,
    1547.6754511328581,
    1600.6455852493095,
    1628.6734173404034,
    1571.6892852664362,
    1533.13651569373,
    1537.1264790231862,
    1465.9088983949998,
    1401.9735413384922,
    1383.7265525388357,
    1376.598295499961,
    1385.453052919244,
    1395.9279639649646,
    1412.0420204609643,
    1429.8738827951956,
    1468.9477202422397,
    1524.447972478624,
    1528.8328241839654,
    1524.5881443219423
  ],
  "EPA Rank": 237,
  "Auto EPA Rank": 257,
  "TeleOp EPA Rank": 230,
  "Endgame EPA Rank": 235
}