{
  "teamNumber": 24051,
  "teamName": "Technopups",
  "wins": 4,
  "loss": 6,
  "ties": 0,
  "elo": 1500,
  "totalEPA": 30.765185557020388,
  "autonEPA": -3.2990041394317187,
  "endgameEPA": -1.6256662045164858,
  "unitlessEPA": 1515.0830045078285,
  "teleOpEPA": 34.064189696452104,
  "totalEPAOverTime": [
    22.088709677419356,
    22.059139784946236,
    20.884533895872924,
    22.206860524240373,
    19.696737740390486,
    17.506078869362433,
    17.761610622490473,
    13.286557239172168,
    9.59032680170122,
    10.508271744528592,
    20.37341426024489,
    26.091007461121038,
    30.765185557020388
  ],
  "teleOpEPAOverTime": [
    14.911073540778574,
    17.107526881720432,
    13.627597628149694,
    14.683291361045267,
    10.375804257738,
    9.305081089123371,
    11.42522856633541,
    6.2441420848494005,
    2.131549351589764,
    5.318143047973216,
    17.86562285704418,
    26.87394410181922,
    34.064189696452104
  ],
  "autonEPAOverTime": [
    3.4274193548387095,
    4.951612903225806,
    7.256936267723229,
    7.5235691631951065,
    9.320933482652485,
    8.200997780239062,
    6.336382056155063,
    7.042415154322768,
    7.458777450111456,
    5.190128696555377,
    2.507791403200711,
    -0.7829366406981824,
    -3.2990041394317187
  ],
  "endGameEPAOverTime": [
    3.750216781802073,
    4.166811187868048,
    5.149041490737068,
    3.8993811695679637,
    2.749422912499395,
    2.117887219761218,
    1.898993986877618,
    0.9574588587643362,
    0.7686978341729814,
    1.1692265349645699,
    -0.7675552638966561,
    -1.9370897941952259,
    -1.6256662045164858
  ],
  "unitlessEPAOverTime": [
    1500,
    1494.8990411630239,
    1488.6728369959567,
    1495.6820608048554,
    1482.376715512413,
    1470.7647446221781,
    1472.1192354185755,
    1433.121776295623,
    1415.789318570602,
    1420.0937693305332,
    1466.3536463856965,
    1493.16472976362,
    1515.0830045078285
  ],
  "EPA Rank": 285,
  "Auto EPA Rank": 572,
  "TeleOp EPA Rank": 184,
  "Endgame EPA Rank": 529
}