{
  "teamNumber": 24253,
  "teamName": "Giggle Pickles",
  "wins": 42,
  "loss": 7,
  "ties": 1,
  "elo": 1500,
  "totalEPA": 135.33761684622004,
  "autonEPA": 43.35395377278375,
  "endgameEPA": 7.60078272180419,
  "unitlessEPA": 2016.122058645895,
  "teleOpEPA": 91.9836630734363,
  "totalEPAOverTime": [
    22.088709677419356,
    24.663627262268243,
    26.60580482912223,
    24.410790899671078,
    22.29738396810208,
    21.002720688578165,
    30.095253023423425,
    36.897925906616294,
    43.18285940246698,
    48.91986644747682,
    54.953391924064384,
    66.96348223320447,
    66.96348223320447,
    66.96348223320447,
    66.96348223320447,
    66.96348223320447,
    66.96348223320447,
    59.4594247339601,
    67.62239694109378,
    68.6682945275612,
    72.09882042689843,
    74.75196033389642,
    78.67404757361042,
    83.50586874416574,
    84.37296494658942,
    80.4302268890901,
    81.18199787193845,
    84.32918761785479,
    91.62867405845812,
    94.41472184874213,
    97.06752008732505,
    93.92494439285569,
    106.45984616698736,
    117.32902966824147,
    112.35523736452494,
    115.3884086212802,
    121.21892504425035,
    121.21892504425035,
    121.21892504425035,
    121.21892504425035,
    123.48407667853563,
    124.34497042219161,
    127.9344627994083,
    133.42038911425817,
    133.65073795528195,
    134.96954676418645,
    135.33761684622004,
    135.33761684622004,
    135.33761684622004,
    135.33761684622004,
    135.33761684622004,
    135.33761684622004
  ],
  "teleOpEPAOverTime": [
    12.733870967741938,
    21.539990707553432,
    21.65202553210319,
    19.526016084782512,
    18.10272831946841,
    17.711711503506656,
    28.00090864627509,
    32.557208818132466,
    34.19641953482365,
    35.579312339759255,
    36.44999638672975,
    45.4127814857117,
    45.4127814857117,
    45.4127814857117,
    45.4127814857117,
    45.4127814857117,
    45.4127814857117,
    37.702613475207656,
    42.85576130688399,
    43.5719531912777,
    45.53518704214228,
    46.9358847512465,
    51.45840588443498,
    54.41180487869168,
    53.79826574561007,
    49.27397476503482,
    51.744875913622515,
    51.705656851825765,
    57.84364398445558,
    60.07777621641043,
    63.26922863012959,
    59.55391198992446,
    71.09444089207082,
    78.90098113314983,
    72.23842810353102,
    73.93041976094918,
    77.80280065466879,
    77.80280065466879,
    77.80280065466879,
    77.80280065466879,
    79.94767898406332,
    81.33246643992359,
    85.30069851925401,
    91.43642624929508,
    91.40561511825024,
    92.52153910493286,
    91.9836630734363,
    91.9836630734363,
    91.9836630734363,
    91.9836630734363,
    91.9836630734363,
    91.9836630734363
  ],
  "autonEPAOverTime": [
    3.4274193548387095,
    3.1236365547148104,
    4.953779297019042,
    4.884774814888564,
    4.194655648633666,
    3.291009185071511,
    2.094344377148336,
    4.340717088483828,
    8.986439867643334,
    13.340554107717566,
    18.503395537334633,
    21.550700747492776,
    21.550700747492776,
    21.550700747492776,
    21.550700747492776,
    21.550700747492776,
    21.550700747492776,
    21.75681125875244,
    24.76663563420979,
    25.0963413362835,
    26.563633384756145,
    27.816075582649923,
    27.215641689175442,
    29.09406386547405,
    30.574699200979353,
    31.156252124055275,
    29.437121958315934,
    32.62353076602902,
    33.785030074002535,
    34.336945632331705,
    33.79829145719546,
    34.371032402931235,
    35.36540527491653,
    38.428048535091655,
    40.11680926099392,
    41.45798886033103,
    43.41612438958157,
    43.41612438958157,
    43.41612438958157,
    43.41612438958157,
    43.53639769447231,
    43.012503982268015,
    42.63376428015429,
    41.98396286496309,
    42.24512283703172,
    42.448007659253584,
    43.35395377278375,
    43.35395377278375,
    43.35395377278375,
    43.35395377278375,
    43.35395377278375,
    43.35395377278375
  ],
  "endGameEPAOverTime": [
    5.92741935483871,
    5.6701900526571976,
    6.145565991120551,
    5.063551392391994,
    4.9609182943812655,
    4.6499839613166625,
    4.9998261239461925,
    4.011951877482042,
    4.212468858475178,
    3.6954377112165484,
    4.732288968495087,
    7.93295578986554,
    7.93295578986554,
    7.93295578986554,
    7.93295578986554,
    7.93295578986554,
    7.93295578986554,
    5.69128394090877,
    8.616752069235847,
    8.158382283923675,
    8.215686450280923,
    7.208034121668309,
    7.254735837203598,
    6.161961184977936,
    5.628067657429074,
    5.883156002364402,
    6.498768190613466,
    6.847827347276979,
    6.9202582946086215,
    7.236963831107559,
    7.846136751546297,
    7.233003191810016,
    7.5149602091702,
    8.097884316074762,
    5.65019877600353,
    6.178024278675798,
    5.883377092055829,
    5.883377092055829,
    5.883377092055829,
    5.883377092055829,
    6.374182847739391,
    6.050030172483302,
    6.589167254725896,
    6.8851549004011225,
    7.640739859680246,
    7.118205010936289,
    7.60078272180419,
    7.60078272180419,
    7.60078272180419,
    7.60078272180419,
    7.60078272180419,
    7.60078272180419
  ],
  "unitlessEPAOverTime": [
    1500,
    1519.733018824328,
    1537.5878749366439,
    1517.4086397607564,
    1497.9796352691335,
    1486.0775172731755,
    1569.6671227273337,
    1585.887747587449,
    1634.0421851589135,
    1677.9984732848527,
    1724.2266515289014,
    1816.2465821138403,
    1813.4110187776773,
    1813.4110187776773,
    1813.4110187776773,
    1813.4110187776773,
    1813.4110187776773,
    1741.9898525288818,
    1802.4736700556891,
    1810.2232834521847,
    1835.6418806556849,
    1855.3004101638119,
    1843.5241257489108,
    1876.960653116978,
    1882.961017137022,
    1855.6770046888657,
    1860.8793104355493,
    1832.8858131425256,
    1878.7949382897518,
    1896.3174061662357,
    1913.0018191474012,
    1893.237017607459,
    1955.5378682265543,
    2021.6600493486792,
    1991.4022111649529,
    2009.8543698933847,
    2045.3240501053963,
    2039.073474533075,
    2039.073474533075,
    2039.073474533075,
    1974.2778408496915,
    1978.8853026354163,
    1998.0960926777996,
    2027.4565056686429,
    2028.689321553558,
    2035.7475226782403,
    2037.7174160012382,
    2016.122058645895,
    2016.122058645895,
    2016.122058645895,
    2016.122058645895,
    2016.122058645895
  ],
  "EPA Rank": 1,
  "Auto EPA Rank": 1,
  "TeleOp EPA Rank": 1,
  "Endgame EPA Rank": 76
}