{
  "teamNumber": 24548,
  "teamName": "SWMH1",
  "wins": 4,
  "loss": 3,
  "ties": 0,
  "elo": 1500,
  "totalEPA": 16.151355236625914,
  "autonEPA": 3.5155847254618546,
  "endgameEPA": 3.541083956635329,
  "unitlessEPA": 1437.3644342883722,
  "teleOpEPA": 12.63577051116406,
  "totalEPAOverTime": [
    22.088709677419356,
    19.689423826828623,
    18.245190095229653,
    19.762744776837796,
    17.07455911370905,
    16.151355236625914,
    16.151355236625914,
    16.151355236625914
  ],
  "teleOpEPAOverTime": [
    12.733870967741938,
    15.342522760962877,
    14.789540015700467,
    15.414884688270103,
    12.517649177253485,
    12.63577051116406,
    12.63577051116406,
    12.63577051116406
  ],
  "autonEPAOverTime": [
    3.4274193548387095,
    4.346901065865746,
    3.4556500795291862,
    4.347860088567693,
    4.556909936455565,
    3.5155847254618546,
    3.5155847254618546,
    3.5155847254618546
  ],
  "endGameEPAOverTime": [
    5.92741935483871,
    5.684628260653127,
    5.361156754864502,
    4.827896051152791,
    3.8973221447619077,
    3.541083956635329,
    3.541083956635329,
    3.541083956635329
  ],
  "unitlessEPAOverTime": [
    1500,
    1470.0658381369983,
    1457.3622492949871,
    1470.7107747438943,
    1447.0652908805807,
    1438.9447199402869,
    1437.3644342883722,
    1437.3644342883722
  ],
  "EPA Rank": 505,
  "Auto EPA Rank": 467,
  "TeleOp EPA Rank": 499,
  "Endgame EPA Rank": 534
}