{
  "teamNumber": 25096,
  "teamName": "Jawa Engineers",
  "wins": 1,
  "loss": 4,
  "ties": 0,
  "elo": 1500,
  "totalEPA": -18.014234148728473,
  "autonEPA": -2.318429876008615,
  "endgameEPA": 5.716547531439387,
  "unitlessEPA": 1265.2183682872276,
  "teleOpEPA": -15.695804272719858,
  "totalEPAOverTime": [
    22.088709677419356,
    21.06341808436349,
    25.313537711505077,
    22.093716317371594,
    -2.4638358266495883,
    -14.919039545081308,
    -18.014234148728473
  ],
  "teleOpEPAOverTime": [
    14.911073540778574,
    18.058663924798463,
    25.776707567230464,
    27.57677611507144,
    0.17257677154758921,
    -12.926918566559326,
    -15.695804272719858
  ],
  "autonEPAOverTime": [
    3.4274193548387095,
    3.0047541595650284,
    -0.4631698557253854,
    -5.483059797699843,
    -2.6364125981971775,
    -1.9921209785219816,
    -2.318429876008615
  ],
  "endGameEPAOverTime": [
    3.750216781802073,
    2.8892869867260353,
    3.207556394451306,
    7.157672271776806,
    7.629039396521568,
    6.803817992763104,
    5.716547531439387
  ],
  "unitlessEPAOverTime": [
    1500,
    1454.6708339541615,
    1475.275849781073,
    1459.6658254508711,
    1340.608294136611,
    1280.2241891559484,
    1265.2183682872276
  ],
  "EPA Rank": 562,
  "Auto EPA Rank": 567,
  "TeleOp EPA Rank": 554,
  "Endgame EPA Rank": 29
}