{
  "teamNumber": 25090,
  "teamName": "Avondale RoboJackets [B]",
  "wins": 10,
  "loss": 15,
  "ties": 0,
  "elo": 1500,
  "totalEPA": 4.451141183278878,
  "autonEPA": 2.631137231763996,
  "endgameEPA": 0.879681336251191,
  "unitlessEPA": 1378.967946204627,
  "teleOpEPA": 1.8200039515148823,
  "totalEPAOverTime": [
    22.088709677419356,
    22.088709677419356,
    15.725806451612904,
    14.972831578093427,
    19.165343684025252,
    18.056351733835424,
    19.01248971120013,
    19.272752208795897,
    20.22237664765042,
    11.110848246377673,
    5.770005589770711,
    6.525004548421565,
    10.096285479013497,
    -23.648872990973306,
    -43.67338258902571,
    -36.01552351281483,
    -35.93567293314418,
    -19.892023864878823,
    1.2602372255749854,
    19.426576675343888,
    23.548671424777197,
    45.017511196274235,
    46.61850077165353,
    21.267679578851904,
    15.199251713085395,
    14.483970263661657,
    15.18074317983778,
    28.858408956314726,
    24.64109311286134,
    10.555307838337969,
    13.45161551045587,
    4.451141183278878,
    4.451141183278878
  ],
  "teleOpEPAOverTime": [
    14.911073540778574,
    14.911073540778574,
    13.440860215053764,
    14.514136871837987,
    18.587219169482534,
    16.768030939060914,
    16.879782378193156,
    16.88134313293078,
    15.382402154494429,
    6.550245511787374,
    3.2354840733146597,
    5.1534822802946545,
    8.98971426991291,
    -24.064547239628464,
    -43.23346240749136,
    -36.12885149915652,
    -35.44521546448974,
    -19.84938364886556,
    -0.06000755257213686,
    17.12462491066778,
    20.647993892646042,
    41.65999632872937,
    43.257212108480715,
    17.89278764988252,
    13.520718842036844,
    13.234425172291552,
    13.609565572422662,
    27.79524422154031,
    25.033781641152917,
    9.715039046515056,
    10.830925680922917,
    1.8200039515148823,
    1.8200039515148823
  ],
  "autonEPAOverTime": [
    3.4274193548387095,
    3.4274193548387095,
    2.28494623655914,
    0.4586947062554391,
    0.5781245145427176,
    1.2883207947745117,
    2.132707333006973,
    2.3914090758651154,
    4.839974493155992,
    4.560602734590299,
    2.534521516456051,
    1.3715222681269108,
    1.1065712091005873,
    0.4156742486551577,
    -0.439920181534346,
    0.11332798634168839,
    -0.49045746865444373,
    -0.04264021601326229,
    1.3202447781471223,
    2.3019517646761085,
    2.900677532131155,
    3.3575148675448645,
    3.361288663172813,
    3.374891928969384,
    1.6785328710485514,
    1.249545091370106,
    1.5711776074151178,
    1.0631647347744138,
    -0.3926885282915763,
    0.8402687918229123,
    2.6206898295329535,
    2.631137231763996,
    2.631137231763996
  ],
  "endGameEPAOverTime": [
    3.750216781802073,
    3.750216781802073,
    2.500144521201382,
    0.34639828782226745,
    -0.20680501466672685,
    -1.5587989037560137,
    -1.72331394237189,
    -1.1679126943116307,
    -0.763277089063568,
    -0.31368197212127596,
    -0.025056168693927683,
    -0.16418076497753695,
    1.5361626578443976,
    1.333056957127967,
    1.234845967630267,
    0.8743967510801886,
    0.1418497708824623,
    -0.8352656682345785,
    1.658754569399556,
    4.677429436588619,
    3.785448003045376,
    1.3786502177557085,
    -0.3339710383993594,
    0.6170865467185632,
    0.7095020482201648,
    0.4336901093036494,
    -0.19839969417892067,
    -0.47320155922952245,
    0.5841250364037764,
    1.4168364610815147,
    0.34908359190370475,
    0.879681336251191,
    0.879681336251191
  ],
  "unitlessEPAOverTime": [
    1500,
    1500,
    1446.6353311822172,
    1440.5003565941486,
    1474.6594715056988,
    1465.6237949219817,
    1473.4140710654633,
    1475.5345984099074,
    1484.8951916958442,
    1435.7208508314275,
    1406.8966617675464,
    1410.9713432600379,
    1430.2453199266736,
    1248.1248400195814,
    1140.0538318142108,
    1198.2089973530885,
    1198.6229490765716,
    1281.7944953591061,
    1391.4494906023517,
    1485.625231788272,
    1484.4460720510592,
    1588.171059758854,
    1595.9061132500537,
    1473.425641804321,
    1444.1065163889853,
    1440.6506910934054,
    1430.6667524132845,
    1496.5703145949615,
    1476.2498782375533,
    1408.3798599984898,
    1422.3352377570957,
    1378.967946204627,
    1378.967946204627
  ],
  "EPA Rank": 507,
  "Auto EPA Rank": 458,
  "TeleOp EPA Rank": 495,
  "Endgame EPA Rank": 338
}