{
  "teamNumber": 25099,
  "teamName": "Avondale ByteSyzed [A]",
  "wins": 22,
  "loss": 20,
  "ties": 1,
  "elo": 1500,
  "totalEPA": 56.74941429364445,
  "autonEPA": 8.650519964641324,
  "endgameEPA": 1.0318882594550507,
  "unitlessEPA": 1627.776701543933,
  "teleOpEPA": 48.09889432900312,
  "totalEPAOverTime": [
    22.088709677419356,
    22.89247311827957,
    19.218637992831543,
    13.196043542671505,
    13.118940996997472,
    9.168941599201478,
    6.411064024594044,
    3.6700005192377807,
    11.976746208772092,
    14.742185340231114,
    15.209683157436162,
    14.1727236559058,
    15.660026106462263,
    20.265335002799986,
    -13.740585532434654,
    -31.37929603880459,
    -21.16419831190705,
    4.140768088160173,
    20.322088061560947,
    38.970804353979226,
    42.154294566406335,
    43.31222810478738,
    43.60203234882393,
    41.38010932174115,
    61.1828759532521,
    63.25733252715853,
    52.48084215198135,
    46.82797226779293,
    46.234807610868764,
    39.18088806282074,
    22.053845432928163,
    19.6615394885589,
    18.990191970192033,
    29.73219530644341,
    32.76872966676628,
    31.709151264408536,
    25.40038916501707,
    27.96228039639913,
    35.368860914396436,
    42.794061385090345,
    47.9519053008766,
    47.86884767811905,
    39.64542193043956,
    42.43092793777749,
    54.74485432516201,
    63.00844099420212,
    61.61398007016956,
    56.74941429364445,
    56.74941429364445,
    56.74941429364445,
    56.74941429364445,
    56.74941429364445
  ],
  "teleOpEPAOverTime": [
    14.911073540778574,
    19.2741935483871,
    16.457287933094385,
    11.59639115668835,
    12.36506961746573,
    10.376119312064333,
    7.766675115397825,
    5.250126856835401,
    10.502619723787179,
    11.595113444917953,
    13.119852355911462,
    12.495001763553192,
    13.64156160175174,
    18.196897215458424,
    -15.324929146518844,
    -32.36458240884968,
    -21.914033727804842,
    3.6520743508126134,
    18.54533223183995,
    37.97852702028769,
    42.100036372004325,
    43.19712932328748,
    44.089038215582534,
    40.93177904169063,
    59.595397793727585,
    60.11836001197817,
    48.7380003867013,
    41.8923955429754,
    40.911909936801194,
    34.31637656023756,
    17.740539675822987,
    15.750011443767763,
    16.030305214892934,
    26.54366935240064,
    29.803718656536475,
    27.113127585837418,
    19.958305772356088,
    19.195021740996843,
    25.78458634053142,
    33.64157931615057,
    39.727347370627285,
    39.95807295695796,
    31.64804965102322,
    35.462041181989086,
    50.35458826452011,
    57.71451261094367,
    53.670423660506756,
    48.09889432900312,
    48.09889432900312,
    48.09889432900312,
    48.09889432900312,
    48.09889432900312
  ],
  "autonEPAOverTime": [
    3.4274193548387095,
    3.618279569892473,
    2.7613500597371567,
    1.599652385983156,
    0.753871379531741,
    -1.2071777128628545,
    -1.3556110908037808,
    -1.5801263375976196,
    1.4741264849849127,
    3.147071895313162,
    2.089830801524701,
    1.6777218923526076,
    2.018464504710523,
    2.0684377873415607,
    1.5843436140841896,
    0.985286370045091,
    0.7498354158977909,
    0.4886937373475594,
    1.7767558297209987,
    0.9922773336915309,
    0.054258194402007076,
    0.11509878149989983,
    -0.4870058667585976,
    0.4483302800505229,
    1.5874781595245178,
    3.138972515180366,
    3.742841765280044,
    4.935576724817532,
    5.322897674067567,
    4.864511502583188,
    4.313305757105176,
    3.911528044791138,
    2.959886755299098,
    3.188525954042767,
    2.96501101022981,
    4.596023678571118,
    5.442083392660982,
    8.767258655402287,
    9.584274573865017,
    9.152482068939772,
    8.224557930249313,
    7.9107747211610935,
    7.997372279416338,
    6.968886755788404,
    4.390266060641898,
    5.293928383258444,
    7.943556409662801,
    8.650519964641324,
    8.650519964641324,
    8.650519964641324,
    8.650519964641324,
    8.650519964641324
  ],
  "endGameEPAOverTime": [
    3.750216781802073,
    4.166811187868048,
    2.268622894941739,
    1.7965189231490173,
    1.1428063908023054,
    0.8608692473768133,
    0.5260493227385428,
    0.5212951743983754,
    0.024643135475426736,
    -0.49672850110719247,
    -0.6091928979980363,
    -0.4549144733722196,
    -0.41862302750433594,
    1.4102445892734008,
    1.4308339164101544,
    1.5610035459949132,
    2.3424668246954155,
    3.0852785791810238,
    3.7300324903268893,
    6.104274061694886,
    6.142842238463215,
    6.329586974495974,
    7.162317610465953,
    6.7717931274722005,
    4.228541035501552,
    2.0252901214755488,
    -0.7736892762642957,
    0.47367515013062556,
    1.0165657930429868,
    1.8887686972354767,
    3.8174933120828776,
    2.431078700621221,
    1.1085234490203428,
    1.5792333721752358,
    1.6575914832583094,
    2.837618637210219,
    3.2614299719021993,
    3.9336343253012114,
    3.919170748016889,
    4.55273859782433,
    3.270019529897988,
    2.7382263039632395,
    2.2580185245064452,
    1.5724090194319298,
    0.5218760569069569,
    1.0521934066232337,
    1.5803824950673424,
    1.0318882594550507,
    1.0318882594550507,
    1.0318882594550507,
    1.0318882594550507,
    1.0318882594550507
  ],
  "unitlessEPAOverTime": [
    1500,
    1507.2495765611393,
    1474.1132734388748,
    1419.7922414740465,
    1419.0968119738884,
    1383.469634131451,
    1358.594846840842,
    1333.871714721573,
    1440.3940472131278,
    1455.318946802001,
    1457.8420028694552,
    1452.2455982109648,
    1460.27247520143,
    1485.1270352138654,
    1301.5992389799958,
    1206.4042371482672,
    1265.1897272648405,
    1393.371250170661,
    1475.337224913523,
    1569.8017192269558,
    1585.927590217387,
    1591.793066662873,
    1583.7577484804617,
    1572.846267350893,
    1670.0942420913505,
    1680.2815408791075,
    1627.3600535285266,
    1599.5997835653438,
    1596.6868541425579,
    1549.9945756179632,
    1469.6103621562297,
    1458.3822922638647,
    1455.2313838794119,
    1505.6479974096894,
    1519.8996946512239,
    1512.0389398262814,
    1482.41123696891,
    1494.4425912917518,
    1529.2259550197305,
    1564.0967632284205,
    1588.3194339384727,
    1587.9293722229836,
    1548.545746069345,
    1561.9672443982297,
    1621.2998547013176,
    1661.1165753893881,
    1654.3975968941722,
    1630.9584941715834,
    1627.776701543933,
    1627.776701543933,
    1627.776701543933,
    1627.776701543933
  ],
  "EPA Rank": 115,
  "Auto EPA Rank": 245,
  "TeleOp EPA Rank": 87,
  "Endgame EPA Rank": 325
}