{
  "teamNumber": 25906,
  "teamName": "STEAM Engines",
  "wins": 3,
  "loss": 7,
  "ties": 0,
  "elo": 1500,
  "totalEPA": 11.028458586798493,
  "autonEPA": 3.671207284615482,
  "endgameEPA": 4.932624784814927,
  "unitlessEPA": 1409.387653091239,
  "teleOpEPA": 7.357251302183011,
  "totalEPAOverTime": [
    22.088709677419356,
    22.660240978862078,
    16.10700726075789,
    23.365476029757783,
    17.80209613215245,
    9.249253832219562,
    9.081554665145628,
    9.719843941384797,
    13.15382896196612,
    16.59678027224624,
    12.738218863559512,
    11.008598738506961,
    11.028458586798493
  ],
  "teleOpEPAOverTime": [
    14.911073540778574,
    19.30297324736154,
    11.988934308727837,
    18.651385005083654,
    11.976688463165694,
    5.3002337027489395,
    6.712686292309121,
    7.817023523160826,
    10.972730878112642,
    11.075318862943952,
    6.207713074625357,
    6.115297580215403,
    7.357251302183011
  ],
  "autonEPAOverTime": [
    3.4274193548387095,
    3.3572677315005386,
    4.118072952030053,
    4.714091024674127,
    5.825407668986756,
    3.9490201294706226,
    2.368868372836507,
    1.902820418223971,
    2.1810980838534775,
    5.521461409302287,
    6.530505788934155,
    4.893301158291559,
    3.671207284615482
  ],
  "endGameEPAOverTime": [
    3.750216781802073,
    4.785075541957394,
    7.02178537880847,
    5.508986173860513,
    2.327591056106247,
    1.6778139333453812,
    1.6257638701977635,
    2.396433761531124,
    2.970199544744381,
    2.160548951916683,
    4.943301459103703,
    5.4892470070079105,
    4.932624784814927
  ],
  "unitlessEPAOverTime": [
    1500,
    1472.4564243784093,
    1441.699419246577,
    1475.766380807954,
    1449.655164357935,
    1409.5131786106467,
    1408.7260978556835,
    1403.1183648104382,
    1419.5698405152436,
    1436.0642717647756,
    1417.5787428850476,
    1409.292508875492,
    1409.387653091239
  ],
  "EPA Rank": 462,
  "Auto EPA Rank": 423,
  "TeleOp EPA Rank": 451,
  "Endgame EPA Rank": 49
}