{
  "teamNumber": 26269,
  "teamName": "Robotic Rams Gold",
  "wins": 6,
  "loss": 4,
  "ties": 0,
  "elo": 1500,
  "totalEPA": 44.09974203260314,
  "autonEPA": 8.303627170030934,
  "endgameEPA": 5.146339367114731,
  "unitlessEPA": 1623.758865237564,
  "teleOpEPA": 35.7961148625722,
  "totalEPAOverTime": [
    22.088709677419356,
    28.559139784946236,
    29.344982078853047,
    30.174432497013143,
    28.661041417761847,
    30.522464645750233,
    34.59620979373385,
    44.80508590257577,
    41.10943981357864,
    41.95616156747924,
    44.09974203260314
  ],
  "teleOpEPAOverTime": [
    12.733870967741938,
    22.274193548387096,
    24.432795698924732,
    25.797789725209082,
    24.603619076065314,
    26.420758707420184,
    30.833060267378674,
    36.813871031115006,
    34.05595611081616,
    33.836777724007256,
    35.7961148625722
  ],
  "autonEPAOverTime": [
    3.4274193548387095,
    6.28494623655914,
    4.912186379928316,
    4.376642771804062,
    4.057422341696535,
    4.101705938330047,
    3.763149526355176,
    7.991214871460761,
    7.0534837027624775,
    8.119383843471985,
    8.303627170030934
  ],
  "endGameEPAOverTime": [
    5.92741935483871,
    5.618279569892473,
    6.106630824372759,
    7.080346475507765,
    6.687823576264436,
    6.209427380446412,
    6.054199116321831,
    6.43375875654195,
    5.266590642128642,
    4.876269572464869,
    5.146339367114731
  ],
  "unitlessEPAOverTime": [
    1500,
    1557.932135209185,
    1565.1447913149832,
    1572.7576936356982,
    1558.8674137502067,
    1575.9520192937423,
    1553.5108049073306,
    1628.9726149767127,
    1601.6551962639892,
    1607.9139808249186,
    1623.758865237564
  ],
  "EPA Rank": 151,
  "Auto EPA Rank": 261,
  "TeleOp EPA Rank": 111,
  "Endgame EPA Rank": 353
}