{
  "teamNumber": 26268,
  "teamName": "Robotic Rams Red",
  "wins": 4,
  "loss": 8,
  "ties": 0,
  "elo": 1500,
  "totalEPA": 36.3964739162181,
  "autonEPA": 5.784876143779411,
  "endgameEPA": 5.750578880450648,
  "unitlessEPA": 1539.5905230650026,
  "teleOpEPA": 30.61159777243869,
  "totalEPAOverTime": [
    22.088709677419356,
    26.892473118279568,
    34.43974387001938,
    34.82294976438833,
    40.21213837062709,
    47.341929895788326,
    48.15779812277875,
    48.31930404521219,
    51.40128315193069,
    58.260478380452035,
    58.31403465672346,
    45.553312202912224,
    34.711707620177386,
    36.3964739162181,
    36.3964739162181,
    36.3964739162181
  ],
  "teleOpEPAOverTime": [
    14.911073540778574,
    20.60752688172043,
    21.28271259674427,
    21.513216363252162,
    28.586073525330384,
    35.86366080857551,
    36.456443622760226,
    36.73615971066609,
    39.694349706772506,
    46.815220144445085,
    51.2729953259289,
    41.50518208006626,
    29.326830052143336,
    30.61159777243869,
    30.61159777243869,
    30.61159777243869
  ],
  "autonEPAOverTime": [
    3.4274193548387095,
    6.28494623655914,
    13.157031273275107,
    13.309733401136173,
    11.626064845296703,
    11.478269087212817,
    11.701354500018523,
    11.583144334546105,
    11.706933445158183,
    11.445258236006952,
    7.041039330794553,
    4.048130122845965,
    5.384877568034048,
    5.784876143779411,
    5.784876143779411,
    5.784876143779411
  ],
  "endGameEPAOverTime": [
    3.750216781802073,
    2.500144521201382,
    -0.049695753393138475,
    -0.4430925361263919,
    0.33311455073463403,
    0.2490186634626902,
    0.37978138359052677,
    0.528179253097279,
    0.1327788207409904,
    0.5669455778260125,
    3.615044602912301,
    5.929182412025701,
    5.3138078178734505,
    5.750578880450648,
    5.750578880450648,
    5.750578880450648
  ],
  "unitlessEPAOverTime": [
    1500,
    1520.5189707247314,
    1560.524600733568,
    1562.5558506690227,
    1591.1221884248696,
    1628.9148967002402,
    1633.2395490810256,
    1634.0956394996208,
    1611.8503179164363,
    1644.0146305417488,
    1644.2657679938334,
    1584.4278638877406,
    1533.5891360863925,
    1541.4893850282972,
    1539.5905230650026,
    1539.5905230650026
  ],
  "EPA Rank": 245,
  "Auto EPA Rank": 338,
  "TeleOp EPA Rank": 215,
  "Endgame EPA Rank": 28
}