{
  "teamNumber": 26268,
  "teamName": "Robotic Rams Red",
  "wins": 4,
  "loss": 8,
  "ties": 0,
  "elo": 1500,
  "totalEPA": 45.98343427477863,
  "autonEPA": 8.478468007589832,
  "endgameEPA": 6.846854049227971,
  "unitlessEPA": 1632.5376041857764,
  "teleOpEPA": 37.5049662671888,
  "totalEPAOverTime": [
    22.088709677419356,
    28.559139784946236,
    32.95609318996416,
    33.771654719235364,
    33.792946676875694,
    37.98542984569623,
    40.06893729494159,
    41.71291779791236,
    47.697770594201124,
    43.96359058314475,
    45.128566300388954,
    45.98343427477863,
    45.98343427477863,
    45.98343427477863
  ],
  "teleOpEPAOverTime": [
    12.733870967741938,
    22.274193548387096,
    25.016129032258064,
    27.260752688172044,
    27.00224295112394,
    30.100058697589628,
    31.92400292484215,
    33.169619622919896,
    37.09512610194281,
    35.61594471130061,
    35.95236370675866,
    37.5049662671888,
    37.5049662671888,
    37.5049662671888
  ],
  "autonEPAOverTime": [
    3.4274193548387095,
    6.28494623655914,
    7.939964157706093,
    6.510902031063321,
    6.790703725751754,
    7.885371148106604,
    8.144934370099444,
    8.543298174992469,
    10.602644492258316,
    8.347645871844144,
    9.176202593630297,
    8.478468007589832,
    8.478468007589832,
    8.478468007589832
  ],
  "endGameEPAOverTime": [
    5.92741935483871,
    5.618279569892473,
    5.412186379928316,
    5.274790919952211,
    5.223925449579634,
    4.983725424415379,
    4.855657069316152,
    4.905908798661359,
    5.727672378237535,
    5.5168923023801515,
    6.29441432439886,
    6.846854049227971,
    6.846854049227971,
    6.846854049227971
  ],
  "unitlessEPAOverTime": [
    1500,
    1557.932135209185,
    1598.2884676050248,
    1605.7738942477013,
    1605.9693171327633,
    1644.4489708247486,
    1663.5719206097058,
    1606.115975349691,
    1650.3547162445482,
    1622.7524630920034,
    1631.3637123003257,
    1637.6827119659126,
    1632.5376041857764,
    1632.5376041857764
  ],
  "EPA Rank": 134,
  "Auto EPA Rank": 256,
  "TeleOp EPA Rank": 102,
  "Endgame EPA Rank": 145
}