{
  "teamNumber": 26617,
  "teamName": "TechnoRams Grey",
  "wins": 12,
  "loss": 10,
  "ties": 0,
  "elo": 1500,
  "totalEPA": 31.98123653346101,
  "autonEPA": 9.139503151750256,
  "endgameEPA": 8.667896873982961,
  "unitlessEPA": 1499.8520342086454,
  "teleOpEPA": 22.841733381710753,
  "totalEPAOverTime": [
    22.088709677419356,
    18.725806451612904,
    16.08490143369176,
    14.324298088410993,
    16.493124004380725,
    16.125138799006592,
    19.655073262137336,
    20.417462390661132,
    17.30742761417237,
    18.858617980973005,
    17.71732707282298,
    21.97821690433488,
    24.470509560446086,
    21.442895694312572,
    23.23551412425893,
    21.87874197844293,
    21.759708980126014,
    25.120438761496253,
    24.18383860268739,
    28.61417483029578,
    31.231188786859367,
    31.98123653346101,
    31.98123653346101,
    31.98123653346101
  ],
  "teleOpEPAOverTime": [
    12.733870967741938,
    15.940860215053764,
    13.343339307048986,
    11.111658701712466,
    13.089244822779769,
    11.723707008606574,
    14.481819634810536,
    14.29345298126515,
    12.368521547884782,
    14.191065706825146,
    13.57698596125947,
    16.708321877559612,
    20.0750686810018,
    16.070966077628615,
    16.714527949144397,
    14.303013089539473,
    12.683421608722341,
    15.397318207837923,
    15.80818924676943,
    19.457791403068505,
    21.354885569262507,
    22.841733381710753,
    22.841733381710753,
    22.841733381710753
  ],
  "autonEPAOverTime": [
    3.4274193548387095,
    2.78494623655914,
    2.741562126642772,
    3.2126393866985268,
    3.403879181600956,
    4.401431790400018,
    5.173253627326799,
    6.124009409395983,
    4.938906066287587,
    4.667552274147858,
    4.140341111563508,
    5.2698950267752664,
    4.395440879444288,
    5.371929616683958,
    6.520986175114533,
    7.575728888903456,
    9.076287371403673,
    9.72312055365833,
    8.375649355917961,
    9.156383427227277,
    9.876303217596861,
    9.139503151750256,
    9.139503151750256,
    9.139503151750256
  ],
  "endGameEPAOverTime": [
    5.92741935483871,
    3.951612903225807,
    4.801747311827957,
    4.535170250896058,
    4.7267958482676224,
    3.802677075036506,
    3.7896998864717464,
    3.7504659923292247,
    4.136330805037397,
    4.964782113767903,
    4.207664470355885,
    4.323126105306367,
    4.324207338221548,
    3.7756927015708746,
    4.570078200007817,
    3.447561736463963,
    3.8268954410151887,
    4.293898774167598,
    4.200093055938804,
    5.150672986449454,
    8.402593749261705,
    8.667896873982961,
    8.667896873982961,
    8.667896873982961
  ],
  "unitlessEPAOverTime": [
    1500,
    1462.6127178531005,
    1438.63700268002,
    1422.653192564633,
    1442.343091318439,
    1439.002301546718,
    1471.0491577166094,
    1454.1389533095107,
    1430.7956875820762,
    1442.4385956292153,
    1433.8723065501815,
    1465.8536478278504,
    1459.8363794912466,
    1440.287414828485,
    1451.862151862435,
    1443.1016256174391,
    1442.3330428388263,
    1459.1350662227374,
    1453.3624845933327,
    1480.6681360808395,
    1496.7976728393717,
    1501.4204692402557,
    1499.8520342086454,
    1499.8520342086454
  ],
  "EPA Rank": 264,
  "Auto EPA Rank": 236,
  "TeleOp EPA Rank": 284,
  "Endgame EPA Rank": 33
}