{
  "teamNumber": 27106,
  "teamName": "Iron Eagles",
  "wins": 3,
  "loss": 7,
  "ties": 0,
  "elo": 1500,
  "totalEPA": 21.486108608066843,
  "autonEPA": -1.0030924155384082,
  "endgameEPA": 5.407470898724538,
  "unitlessEPA": 1457.3008360272338,
  "teleOpEPA": 22.48920102360525,
  "totalEPAOverTime": [
    22.088709677419356,
    19.725806451612904,
    15.294397244715844,
    4.219560713185738,
    1.7051729657031227,
    0.03704375207191157,
    0.6475963404223284,
    -3.844239364230466,
    -9.296423032805777,
    4.917350482650412,
    9.893499876551633,
    13.942732816210263,
    21.486108608066843
  ],
  "teleOpEPAOverTime": [
    14.911073540778574,
    17.440860215053764,
    16.22469283301621,
    9.89173904105403,
    7.017469037073947,
    3.901803039990533,
    3.053439282991272,
    -3.6252048142118722,
    -9.207416332918847,
    12.30493902867627,
    15.963220501051335,
    16.479666265919583,
    22.48920102360525
  ],
  "autonEPAOverTime": [
    3.4274193548387095,
    2.28494623655914,
    -0.9302955883003673,
    -5.672178327868293,
    -5.312296071370824,
    -3.8647592879186212,
    -2.4058429425689436,
    -0.21903455001859395,
    -0.08900669988692922,
    -7.387588546025858,
    -6.069720624499703,
    -2.5369334497093203,
    -1.0030924155384082
  ],
  "endGameEPAOverTime": [
    3.750216781802073,
    2.500144521201382,
    2.229113445098802,
    1.642195958574559,
    2.497666864302228,
    4.28241445551592,
    5.0494190819893605,
    3.9728795148160794,
    2.837668751414488,
    3.393174021613101,
    3.303520815885386,
    5.003735784977184,
    5.407470898724538
  ],
  "unitlessEPAOverTime": [
    1500,
    1459.29970978576,
    1438.5719710860233,
    1386.769867725636,
    1375.008919957932,
    1367.2063125156471,
    1370.062147741624,
    1340.1080623568396,
    1314.8831216106814,
    1380.6442214747992,
    1403.6667535895308,
    1422.4008365146885,
    1457.3008360272338
  ],
  "EPA Rank": 370,
  "Auto EPA Rank": 558,
  "TeleOp EPA Rank": 295,
  "Endgame EPA Rank": 39
}