{
  "teamNumber": 27135,
  "teamName": "Gompers FTC",
  "wins": 0,
  "loss": 5,
  "ties": 0,
  "elo": 1500,
  "totalEPA": -1.1157145753205988,
  "autonEPA": -0.1672163151230594,
  "endgameEPA": -1.1198010682778994,
  "unitlessEPA": 1351.5996183433845,
  "teleOpEPA": -0.9484982601975394,
  "totalEPAOverTime": [
    22.088709677419356,
    10.225806451612904,
    -14.102158117451935,
    -19.37703828943936,
    -11.409047477625938,
    -2.4253432030091693,
    -1.1157145753205988
  ],
  "teleOpEPAOverTime": [
    14.911073540778574,
    7.440860215053764,
    -15.60997714309439,
    -21.32533460112918,
    -11.553704300422309,
    -2.199546908749677,
    -0.9484982601975394
  ],
  "autonEPAOverTime": [
    3.4274193548387095,
    2.78494623655914,
    1.5078190256424544,
    1.948296311689818,
    0.14465682279637115,
    -0.22579629425949233,
    -0.1672163151230594
  ],
  "endGameEPAOverTime": [
    3.750216781802073,
    2.500144521201382,
    -0.1764693344168911,
    0.2605660928660093,
    -2.22464008591956,
    -1.60800686851289,
    -1.1198010682778994
  ],
  "unitlessEPAOverTime": [
    1500,
    1401.3695607308211,
    1294.611270363014,
    1271.4635389752225,
    1306.4294348815852,
    1345.8525813106787,
    1351.5996183433845
  ],
  "EPA Rank": 531,
  "Auto EPA Rank": 537,
  "TeleOp EPA Rank": 515,
  "Endgame EPA Rank": 502
}