{
  "teamNumber": 28030,
  "teamName": "Avondale RoboJackets [P]",
  "wins": 10,
  "loss": 16,
  "ties": 0,
  "elo": 1500,
  "totalEPA": 5.710149137872136,
  "autonEPA": 2.988690411758756,
  "endgameEPA": 1.5724321528890557,
  "unitlessEPA": 1389.034676082991,
  "teleOpEPA": 2.7214587261133802,
  "totalEPAOverTime": [
    22.088709677419356,
    20.225806451612904,
    21.58678619629187,
    20.648030557479533,
    19.8841492228026,
    19.583721519670526,
    19.879449376831232,
    18.425813306895144,
    13.949832489496693,
    9.186478952250683,
    11.50621413947891,
    11.473842138679986,
    11.615660885316947,
    13.939634686540597,
    14.868144073186391,
    12.837753864170686,
    10.321388867710116,
    8.578749365741462,
    8.43225913279249,
    -13.107096232316005,
    -29.298694355302338,
    -21.30116188768278,
    15.929183727572834,
    35.63071034341354,
    35.01292050279929,
    35.01292050279929,
    35.01292050279929,
    59.968045595619685,
    77.44131511633307,
    52.423907248981564,
    31.5173296192094,
    6.844016678003545,
    5.710149137872136
  ],
  "teleOpEPAOverTime": [
    14.911073540778574,
    17.940860215053764,
    19.70440893402363,
    19.437082713119885,
    19.148073206694296,
    19.284222793073837,
    19.752945240670815,
    18.30174252976575,
    14.207291162589591,
    9.587522253811501,
    11.993138459797002,
    12.169343951074204,
    12.32234698035357,
    14.517469472852227,
    15.489845483108176,
    14.995169620330227,
    13.05901325707999,
    9.779981055302633,
    9.447405877366574,
    -14.410940167820405,
    -34.41468085769151,
    -28.038227637467173,
    6.466509493803295,
    25.372256135110746,
    25.106223075079967,
    25.106223075079967,
    25.106223075079967,
    52.45362779086194,
    73.76495678432781,
    50.226575248107686,
    30.61063735865318,
    4.332689447276741,
    2.7214587261133802
  ],
  "autonEPAOverTime": [
    3.4274193548387095,
    2.28494623655914,
    1.8823772622682422,
    1.2109478443596462,
    0.7360760161083013,
    0.2994987265966891,
    0.12650413616041634,
    0.12407077712939184,
    -0.25745867309289777,
    -0.40104330156081935,
    -0.48692432031809174,
    -0.6955018123942175,
    -0.7066860950366233,
    -0.5778347863116309,
    -0.6217014099217852,
    -2.1574157561595406,
    -2.7376243893698726,
    -1.2012316895611705,
    -1.0151467445740832,
    1.3038439355044005,
    5.11598650238917,
    6.737065749784392,
    9.462674233769539,
    10.258454208302794,
    9.906697427719322,
    9.906697427719322,
    9.906697427719322,
    7.514417804757748,
    3.676358332005265,
    2.19733200087388,
    0.90669226055622,
    2.5113272307268035,
    2.988690411758756
  ],
  "endGameEPAOverTime": [
    3.750216781802073,
    2.500144521201382,
    1.6352785240246983,
    0.6361480706142046,
    -0.36895174165122163,
    -1.5255604557347706,
    -1.9623464498344814,
    -1.414115529976998,
    -0.8816441711189331,
    0.8689245517817279,
    1.6912892947106326,
    2.3823201683080306,
    2.4635781931581873,
    1.93539242591733,
    1.4617588153293004,
    1.633887406770727,
    1.4087500851146748,
    0.2832844174604623,
    0.41541827018166616,
    1.8371693154698612,
    1.987433850760382,
    1.7667823249967125,
    1.0383804381405646,
    0.4664858285971602,
    0.5202350517381364,
    0.5202350517381364,
    0.5202350517381364,
    0.49487662719708886,
    0.281261712785655,
    1.9229212456691516,
    2.6661083210628242,
    1.8551136813537632,
    1.5724321528890557
  ],
  "unitlessEPAOverTime": [
    1500,
    1477.323490859017,
    1487.6177601058241,
    1480.517137675053,
    1474.7392411541687,
    1472.466846081918,
    1474.7036921461565,
    1476.5364755465973,
    1453.707550119317,
    1429.4129324429248,
    1441.2443195200149,
    1441.0792120223916,
    1441.802532725327,
    1435.5957556278363,
    1439.9723513044505,
    1430.4019612379386,
    1418.5408941096061,
    1410.3268376661222,
    1409.6363454326438,
    1299.1677522392774,
    1222.774610045605,
    1260.5075521774895,
    1436.1630412096756,
    1529.1162823143748,
    1526.2015047376728,
    1524.3590708946551,
    1524.3590708946551,
    1639.60541256585,
    1720.2994736778242,
    1604.7655012339064,
    1508.215931566982,
    1394.2710387721706,
    1389.034676082991
  ],
  "EPA Rank": 497,
  "Auto EPA Rank": 444,
  "TeleOp EPA Rank": 491,
  "Endgame EPA Rank": 275
}