{
  "teamNumber": 28036,
  "teamName": "Avondale RoboJackets [P]",
  "wins": 12,
  "loss": 15,
  "ties": 1,
  "elo": 1500,
  "totalEPA": 28.627095316385976,
  "autonEPA": 6.178103675576605,
  "endgameEPA": 1.7525159713002814,
  "unitlessEPA": 1494.8684156265058,
  "teleOpEPA": 22.44899164080937,
  "totalEPAOverTime": [
    22.088709677419356,
    19.559139784946236,
    18.45116487455197,
    14.532835426498083,
    13.744013919244788,
    14.939513647798133,
    15.629153145324237,
    13.097825320157405,
    14.832891725769395,
    22.763206144596396,
    33.12937658755573,
    31.529369098389992,
    28.97989273634533,
    28.144743262731055,
    31.570121355275514,
    32.51097092634254,
    32.60777871670503,
    33.52043765922619,
    34.15964700826963,
    29.59359960852014,
    37.33461855787658,
    53.7103447052567,
    30.197793643947556,
    19.93072424911279,
    23.47268237638111,
    23.47268237638111,
    23.47268237638111,
    23.47268237638111,
    13.638331700061455,
    -1.1775976632174512,
    -16.03388703985964,
    -1.1738770130339233,
    22.921354426356235,
    28.627095316385976
  ],
  "teleOpEPAOverTime": [
    14.911073540778574,
    17.274193548387096,
    17.118279569892472,
    14.236260400366943,
    13.492096663401464,
    14.824344172668534,
    15.56760686788494,
    10.822755487335934,
    10.380161307369459,
    14.526964495552994,
    21.695966515373335,
    19.82319791418946,
    17.521974223051053,
    16.77995542210617,
    19.80075374029467,
    21.45765062925951,
    23.400773033565994,
    27.856459352979986,
    30.16684710834369,
    24.887017389341583,
    31.39255008301157,
    46.16202018952506,
    22.832993944737773,
    11.02772888816688,
    13.533929483641538,
    13.533929483641538,
    13.533929483641538,
    13.533929483641538,
    3.6983193673665085,
    -10.594335862972356,
    -25.960222804531547,
    -10.169526777412422,
    16.06957382911188,
    22.44899164080937
  ],
  "autonEPAOverTime": [
    3.4274193548387095,
    2.28494623655914,
    1.3328853046594984,
    0.29657502613114,
    0.2519172558433235,
    0.11516947512959945,
    0.06154627743929662,
    2.2750698328214702,
    4.452730418399937,
    8.236241649043402,
    11.433410072182397,
    11.706171184200532,
    11.457918513294278,
    11.364787840624883,
    11.769367614980844,
    11.053320297083028,
    9.207005683139034,
    5.663978306246204,
    3.9927998999259406,
    4.706582219178556,
    5.94206847486501,
    7.548324515731645,
    7.364799699209783,
    8.902995360945908,
    9.93875289273957,
    9.93875289273957,
    9.93875289273957,
    9.93875289273957,
    9.940012332694947,
    9.416738199754905,
    9.926335764671906,
    8.995649764378499,
    6.851780597244353,
    6.178103675576605
  ],
  "endGameEPAOverTime": [
    3.750216781802073,
    2.500144521201382,
    1.458417637367473,
    -0.3446647256985842,
    0.7676275284461547,
    0.9068572552297771,
    0.7736918692468552,
    0.04600557705587893,
    -0.7424994346086738,
    -1.2254548273289205,
    -0.30099592157216265,
    -0.013701182322539529,
    -0.17261165252718183,
    -0.009121555955318855,
    2.053029069642783,
    5.0112164197087345,
    4.847641134960345,
    5.710419648322848,
    6.500023974211217,
    5.159860391054764,
    3.7304015426917347,
    2.223081534482724,
    2.6128671914343835,
    1.5743256480048273,
    0.9354996403535469,
    0.9354996403535469,
    0.9354996403535469,
    0.9354996403535469,
    0.699625888211308,
    0.5034483680119155,
    0.07054623605571908,
    -1.0563076542047467,
    0.468764338112704,
    1.7525159713002814
  ],
  "unitlessEPAOverTime": [
    1500,
    1472.2809131194365,
    1463.900338690685,
    1434.2626174140364,
    1428.2960767545696,
    1437.338677232886,
    1442.5550184007268,
    1449.3620426370799,
    1458.2114330167549,
    1498.6585582096443,
    1551.5293236715797,
    1543.3687767113975,
    1530.3656365903548,
    1502.5525550684722,
    1518.6983207076923,
    1523.1330827298098,
    1523.5893932021181,
    1527.8912766720211,
    1530.9042358447668,
    1500.632753060093,
    1537.1554456831625,
    1614.4173173402587,
    1503.483384635209,
    1455.042601567697,
    1471.7538186325717,
    1471.064598471162,
    1471.064598471162,
    1471.064598471162,
    1425.648158603924,
    1357.2260749146712,
    1288.617602903476,
    1357.2432574100783,
    1468.5184870385358,
    1494.8684156265058
  ],
  "EPA Rank": 307,
  "Auto EPA Rank": 322,
  "TeleOp EPA Rank": 296,
  "Endgame EPA Rank": 263
}