{
  "teamNumber": 28033,
  "teamName": "Avondale RoboJackets [P-E]",
  "wins": 3,
  "loss": 4,
  "ties": 3,
  "elo": 1500,
  "totalEPA": 13.574772860721996,
  "autonEPA": 3.001949364819011,
  "endgameEPA": 2.9341444903262204,
  "unitlessEPA": 1394.2102310659548,
  "teleOpEPA": 10.572823495902984,
  "totalEPAOverTime": [
    22.088709677419356,
    18.559139784946236,
    15.066382915173238,
    12.934351354042214,
    11.785695025222354,
    10.756929579295544,
    15.045507896044441,
    14.95057249938192,
    13.672263233189684,
    10.557155423253855,
    13.574772860721996
  ],
  "teleOpEPAOverTime": [
    12.733870967741938,
    15.10752688172043,
    11.597968936678614,
    8.952608522500995,
    8.256293143501924,
    7.523173730032303,
    11.79944862973288,
    11.111837160855234,
    10.085265159845827,
    8.054881703073296,
    10.572823495902984
  ],
  "autonEPAOverTime": [
    3.4274193548387095,
    3.4516129032258065,
    3.468413978494624,
    3.9817428315412187,
    3.52940188172043,
    3.233755849263242,
    3.246059266311563,
    3.8387353385266865,
    3.5869980733438562,
    2.5022737201805603,
    3.001949364819011
  ],
  "endGameEPAOverTime": [
    5.92741935483871,
    3.951612903225807,
    3.482302867383513,
    2.243316905615293,
    1.4247208117615826,
    0.6188724473428029,
    5.068986054339302,
    4.24231415918834,
    3.323817360679692,
    2.377967417733897,
    2.9341444903262204
  ],
  "unitlessEPAOverTime": [
    1500,
    1427.360073027694,
    1403.1835449281512,
    1388.4258269223897,
    1380.4749379696652,
    1373.3539222108716,
    1404.4450422173522,
    1403.7843889840449,
    1394.8886643168955,
    1373.210700995687,
    1394.2102310659548
  ],
  "EPA Rank": 532,
  "Auto EPA Rank": 497,
  "TeleOp EPA Rank": 528,
  "Endgame EPA Rank": 557
}