{
  "teamNumber": 28034,
  "teamName": "Avondale RoboJackets [P-E]",
  "wins": 4,
  "loss": 5,
  "ties": 1,
  "elo": 1500,
  "totalEPA": 7.738287910577492,
  "autonEPA": 4.679416484419438,
  "endgameEPA": 2.392201457914364,
  "unitlessEPA": 1396.6570058906022,
  "teleOpEPA": 3.0588714261580545,
  "totalEPAOverTime": [
    22.088709677419356,
    17.725806451612904,
    15.857581204813021,
    14.98171622050975,
    15.432302085954747,
    17.749677721845444,
    18.55492072847922,
    15.785659763589646,
    13.268740364306334,
    13.390674362090426,
    10.411781428527002,
    8.35065989252749,
    7.738287910577492
  ],
  "teleOpEPAOverTime": [
    14.911073540778574,
    14.274193548387098,
    11.893781904373842,
    11.128386643664882,
    11.741818646350087,
    13.694370139838494,
    14.444996228604694,
    10.202169140948271,
    5.818395350021475,
    5.241762829089886,
    3.512260833762644,
    3.1739858777944434,
    3.0588714261580545
  ],
  "autonEPAOverTime": [
    3.4274193548387095,
    3.4516129032258065,
    3.9637993004391787,
    3.8533295768448665,
    3.6904834396046597,
    4.055307582006951,
    4.109924499874527,
    5.583490622641374,
    7.450345014284859,
    8.14891153300054,
    6.899520594764358,
    5.176674014733047,
    4.679416484419438
  ],
  "endGameEPAOverTime": [
    3.750216781802073,
    2.500144521201382,
    1.8837671204438777,
    1.0163164899365873,
    0.4292389221940996,
    0.006120731334687171,
    -0.1351587445091981,
    -0.352437618878776,
    -0.36012966809022345,
    0.12503671098257146,
    0.24829420824176643,
    1.9429396427145949,
    2.392201457914364
  ],
  "unitlessEPAOverTime": [
    1500,
    1443.4628305222413,
    1434.5809325522234,
    1430.4169039162662,
    1432.559074776268,
    1443.5763190788184,
    1447.4045974078062,
    1435.204634677765,
    1423.1483663130234,
    1423.7324410356741,
    1409.463278245996,
    1399.5903222914135,
    1396.6570058906022
  ],
  "EPA Rank": 486,
  "Auto EPA Rank": 385,
  "TeleOp EPA Rank": 486,
  "Endgame EPA Rank": 203
}