{
  "teamNumber": 28034,
  "teamName": "Avondale RoboJackets [P-E]",
  "wins": 4,
  "loss": 5,
  "ties": 1,
  "elo": 1500,
  "totalEPA": 9.971798496974227,
  "autonEPA": 3.3137234854722477,
  "endgameEPA": 3.242220975252112,
  "unitlessEPA": 1369.137215661654,
  "teleOpEPA": 6.658075011501979,
  "totalEPAOverTime": [
    22.088709677419356,
    17.725806451612904,
    15.593774890481882,
    15.88091356365326,
    15.074050912097881,
    16.95692062563609,
    14.58276569366649,
    14.278628395965246,
    14.018383626425289,
    10.90327581648946,
    9.971798496974227
  ],
  "teleOpEPAOverTime": [
    12.733870967741938,
    14.274193548387098,
    11.62883313420948,
    12.447725839638924,
    11.421973179122972,
    13.17374316894553,
    9.272474680720673,
    8.48365229630145,
    8.09703558078937,
    6.066652124016837,
    6.658075011501979
  ],
  "autonEPAOverTime": [
    3.4274193548387095,
    3.4516129032258065,
    3.9649417562724016,
    3.433187724014337,
    3.6520777329749103,
    3.7831774566905616,
    5.310291012945816,
    5.794976099663795,
    5.921348045635918,
    4.836623692472623,
    3.3137234854722477
  ],
  "endGameEPAOverTime": [
    5.92741935483871,
    3.951612903225807,
    2.712626941457587,
    4.058444925660428,
    2.6249000923713446,
    4.563830891761436,
    2.8500544668146377,
    3.3789929887093333,
    2.351282296995077,
    1.4054323540492821,
    3.242220975252112
  ],
  "unitlessEPAOverTime": [
    1500,
    1421.5918196104647,
    1406.8341016047032,
    1408.8216479639907,
    1403.2366220675078,
    1416.269665658685,
    1401.2248299157654,
    1399.1083454836214,
    1397.2973081414693,
    1375.6193448202607,
    1369.137215661654
  ],
  "EPA Rank": 558,
  "Auto EPA Rank": 479,
  "TeleOp EPA Rank": 567,
  "Endgame EPA Rank": 547
}