{
  "teamNumber": 28038,
  "teamName": "Avondale RoboJackets [P]",
  "wins": 7,
  "loss": 6,
  "ties": 1,
  "elo": 1500,
  "totalEPA": 11.541598714346582,
  "autonEPA": 2.4778712331310104,
  "endgameEPA": 2.03020456317123,
  "unitlessEPA": 1380.0614191275122,
  "teleOpEPA": 9.063727481215572,
  "totalEPAOverTime": [
    22.088709677419356,
    23.65256952980119,
    24.751231091208854,
    22.12946028162915,
    19.171353663535672,
    18.514547549064687,
    17.00241841840421,
    11.875590893612912,
    9.864387154306492,
    9.710434256839978,
    11.334766158208133,
    9.719283097771493,
    8.440973831579257,
    8.053016988722776,
    11.776834432791206,
    11.541598714346582
  ],
  "teleOpEPAOverTime": [
    12.733870967741938,
    19.098286887020013,
    19.899733972946354,
    17.442245955203216,
    15.85537287791449,
    15.66496141466714,
    14.354961997699196,
    10.16967081309113,
    9.302791979565356,
    9.145627204220796,
    8.738974599010676,
    6.047594845201197,
    5.021022844191791,
    5.160239474764815,
    9.142546951915765,
    9.063727481215572
  ],
  "autonEPAOverTime": [
    3.4274193548387095,
    4.554282642781178,
    4.8514971182624995,
    4.687214326425933,
    3.315980785621181,
    2.8495861343975473,
    2.647456420705015,
    1.705920080521783,
    0.561595174741135,
    0.5648070526191812,
    2.595791559197457,
    3.671688252570296,
    3.4199509873874656,
    2.8927775139579612,
    2.634287480875442,
    2.4778712331310104
  ],
  "endGameEPAOverTime": [
    5.92741935483871,
    6.045859721280458,
    6.658865633674558,
    5.8325560123166555,
    6.183448336078155,
    5.794687732742191,
    5.601251131871016,
    3.6252254213667827,
    2.944059727459277,
    2.8694275780075817,
    2.0433041603027235,
    1.2686666318635504,
    0.35016983335490204,
    -0.9905325563404422,
    1.4828855092388187,
    2.03020456317123
  ],
  "unitlessEPAOverTime": [
    1500,
    1463.2944269151892,
    1470.936563058237,
    1452.699892033717,
    1432.123716171009,
    1426.4299261625986,
    1415.9037782127994,
    1380.2151958392258,
    1366.2149178947873,
    1365.1432296750618,
    1378.6220761451282,
    1367.3799668292068,
    1358.4842421620572,
    1355.7844594505793,
    1381.6984190605533,
    1380.0614191275122
  ],
  "EPA Rank": 545,
  "Auto EPA Rank": 519,
  "TeleOp EPA Rank": 548,
  "Endgame EPA Rank": 572
}