{
  "teamNumber": 30529,
  "teamName": "Curiosity Robotics",
  "wins": 17,
  "loss": 11,
  "ties": 0,
  "elo": 1500,
  "totalEPA": 88.59138623581393,
  "autonEPA": 25.172207276529992,
  "endgameEPA": 7.231491668800966,
  "unitlessEPA": 1797.0833724918139,
  "teleOpEPA": 63.41917895928394,
  "totalEPAOverTime": [
    22.088709677419356,
    30.559139784946236,
    39.883008120237434,
    43.56026781559878,
    48.90502338752754,
    51.8216621344855,
    51.8216621344855,
    51.8216621344855,
    51.8216621344855,
    51.8216621344855,
    51.8216621344855,
    51.8216621344855,
    60.09942129912414,
    66.2952166740013,
    73.4744302598032,
    78.80589075058307,
    79.93653961978522,
    79.93653961978522,
    79.93653961978522,
    79.93653961978522,
    76.21135839944522,
    78.18142920652122,
    80.67340996617527,
    80.03477760086561,
    83.38118145651646,
    86.92711013773315,
    88.59138623581393,
    88.59138623581393,
    88.59138623581393
  ],
  "teleOpEPAOverTime": [
    12.733870967741938,
    20.94086021505376,
    26.0343203659305,
    28.035835774261166,
    30.748439552200125,
    31.920857850077557,
    31.920857850077557,
    31.920857850077557,
    31.920857850077557,
    31.920857850077557,
    31.920857850077557,
    31.920857850077557,
    38.53580338199585,
    42.03969278248758,
    47.92518956299181,
    50.601003875491514,
    51.93019654686296,
    51.93019654686296,
    51.93019654686296,
    51.93019654686296,
    51.34647849802295,
    52.43481529474619,
    56.99865733557738,
    58.376756664678055,
    59.92067379082967,
    63.858278598891445,
    63.41917895928394,
    63.41917895928394,
    63.41917895928394
  ],
  "autonEPAOverTime": [
    3.4274193548387095,
    9.618279569892474,
    13.848687754306933,
    15.52443204133761,
    18.156583835327417,
    19.900804284407943,
    19.900804284407943,
    19.900804284407943,
    19.900804284407943,
    19.900804284407943,
    19.900804284407943,
    19.900804284407943,
    21.563617917128294,
    24.25552389151372,
    25.54924069681139,
    28.204886875091557,
    28.006343072922263,
    28.006343072922263,
    28.006343072922263,
    28.006343072922263,
    24.86487990142227,
    25.746613911775025,
    23.674752630597894,
    21.65802093618755,
    23.46050766568679,
    23.068831538841703,
    25.172207276529992,
    25.172207276529992,
    25.172207276529992
  ],
  "endGameEPAOverTime": [
    5.92741935483871,
    6.451612903225807,
    6.933272445185278,
    7.459735457988757,
    7.992990543773434,
    7.582262620184937,
    7.582262620184937,
    7.582262620184937,
    7.582262620184937,
    7.582262620184937,
    7.582262620184937,
    7.582262620184937,
    7.308444004459273,
    7.098434519845092,
    7.51574865671411,
    7.211082149356148,
    8.908193035509546,
    8.908193035509546,
    8.908193035509546,
    8.908193035509546,
    8.118270925568883,
    8.219981929996553,
    8.466150427243678,
    7.4116420968617795,
    7.477384006526042,
    7.541513518835866,
    7.231491668800966,
    7.231491668800966,
    7.231491668800966
  ],
  "unitlessEPAOverTime": [
    1500,
    1506.1098436044526,
    1569.1001676948886,
    1593.9430517475057,
    1630.0512284777212,
    1649.7554985637987,
    1644.2410420469319,
    1644.2410420469319,
    1644.2410420469319,
    1644.2410420469319,
    1644.2410420469319,
    1644.2410420469319,
    1677.942330292499,
    1716.5495414134668,
    1761.2846234843573,
    1794.5059951237845,
    1801.5512890619877,
    1796.9851229775636,
    1796.9851229775636,
    1796.9851229775636,
    1739.3160159474564,
    1750.430680270425,
    1764.4898346639463,
    1760.8868248935842,
    1779.7664283124332,
    1799.7717026728028,
    1809.1611470036705,
    1797.0833724918139,
    1797.0833724918139
  ],
  "EPA Rank": 17,
  "Auto EPA Rank": 24,
  "TeleOp EPA Rank": 19,
  "Endgame EPA Rank": 104
}