{
  "teamNumber": 30793,
  "teamName": "Cyber Innovators ",
  "wins": 2,
  "loss": 3,
  "ties": 0,
  "elo": 1500,
  "totalEPA": 17.464234836096416,
  "autonEPA": 1.3922984900785422,
  "endgameEPA": 2.048342423491709,
  "unitlessEPA": 1467.1586636781253,
  "teleOpEPA": 16.071936346017875,
  "totalEPAOverTime": [
    22.088709677419356,
    14.725806451612904,
    14.6606495292664,
    -1.7499733459570361,
    -6.611083432566467,
    16.410846715254763,
    17.464234836096416
  ],
  "teleOpEPAOverTime": [
    14.911073540778574,
    9.774193548387098,
    6.425045674477662,
    -6.559311323773525,
    -9.520183273955137,
    14.2218753853183,
    16.071936346017875
  ],
  "autonEPAOverTime": [
    3.4274193548387095,
    4.951612903225806,
    8.235603854788739,
    4.809337977816489,
    2.90909984138867,
    2.188971329936463,
    1.3922984900785422
  ],
  "endGameEPAOverTime": [
    3.750216781802073,
    2.500144521201382,
    1.7671748955537832,
    4.052085491517371,
    4.378321962714166,
    2.7558848057908714,
    2.048342423491709
  ],
  "unitlessEPAOverTime": [
    1500,
    1451.9843948747853,
    1451.6233452086021,
    1360.6882657484725,
    1333.7517237688467,
    1461.3215950184272,
    1467.1586636781253
  ],
  "EPA Rank": 406,
  "Auto EPA Rank": 497,
  "TeleOp EPA Rank": 359,
  "Endgame EPA Rank": 242
}