{
  "teamNumber": 31261,
  "teamName": "Hack Attack",
  "wins": 10,
  "loss": 12,
  "ties": 0,
  "elo": 1500,
  "totalEPA": 55.56235146398982,
  "autonEPA": 18.99264962207061,
  "endgameEPA": 3.667342639237595,
  "unitlessEPA": 1587.1660546941446,
  "teleOpEPA": 36.56970184191921,
  "totalEPAOverTime": [
    22.088709677419356,
    21.059139784946236,
    8.710582552160059,
    17.39193884480749,
    29.82048444500143,
    29.7570894337031,
    27.705920300991448,
    27.24014863792298,
    31.78244108966706,
    45.522503852243425,
    53.242488534460364,
    42.72153536880116,
    35.99734335036975,
    35.99734335036975,
    35.99734335036975,
    35.99734335036975,
    35.99734335036975,
    35.99734335036975,
    23.233382838624554,
    36.707131857632824,
    99.82874474917638,
    92.2398229551228,
    84.38092678694282,
    63.82649649741536,
    56.00129590255686,
    55.56235146398982
  ],
  "teleOpEPAOverTime": [
    14.911073540778574,
    17.274193548387096,
    4.455238833340745,
    9.681502703062993,
    20.369397216978285,
    19.090669035410592,
    16.46137916276463,
    14.774267581873751,
    16.422637344318282,
    28.45187620787386,
    33.90938216005094,
    25.447022636472795,
    21.736146066245695,
    21.736146066245695,
    21.736146066245695,
    21.736146066245695,
    21.736146066245695,
    21.736146066245695,
    7.597546920153926,
    16.153687882010345,
    73.4142892650072,
    66.23068546070178,
    60.56070154588784,
    46.24502528138046,
    37.69020494845681,
    36.56970184191921
  ],
  "autonEPAOverTime": [
    3.4274193548387095,
    3.7849462365591395,
    4.255343718819313,
    7.7104361417444975,
    9.451087228023145,
    10.666420398292509,
    11.244541138226818,
    12.46588105604923,
    15.359803745348776,
    17.070627644369566,
    19.33310637440942,
    17.27451273232837,
    14.261197284124059,
    14.261197284124059,
    14.261197284124059,
    14.261197284124059,
    14.261197284124059,
    14.261197284124059,
    15.635835918470628,
    20.55344397562248,
    26.414455484169178,
    26.009137494421026,
    23.820225241054985,
    17.581471216034906,
    18.311090954100052,
    18.99264962207061
  ],
  "endGameEPAOverTime": [
    3.750216781802073,
    2.500144521201382,
    -0.9354613186890077,
    1.375017867863835,
    3.4139984146890248,
    2.4501149838223477,
    1.8178071114059131,
    2.556469795871249,
    3.6121992562188,
    3.9896487824527624,
    4.831345793833848,
    1.3800189625207184,
    0.5153542971418468,
    0.5153542971418468,
    0.5153542971418468,
    0.5153542971418468,
    0.5153542971418468,
    0.5153542971418468,
    -0.3910721819693873,
    -2.471157554130724,
    -2.0727117751756414,
    0.6831506983687926,
    1.934940747955543,
    4.209336477105467,
    3.8329177030821104,
    3.667342639237595
  ],
  "unitlessEPAOverTime": [
    1500,
    1486.561594723529,
    1420.832715622103,
    1467.0418238959674,
    1533.1964649412182,
    1532.8590260846206,
    1521.9410665692676,
    1487.054335797025,
    1508.8154714648035,
    1574.6411251488614,
    1611.6258934806297,
    1561.2222940592967,
    1529.008151900067,
    1527.0720352048015,
    1527.0720352048015,
    1527.0720352048015,
    1527.0720352048015,
    1527.0720352048015,
    1454.9091807497264,
    1510.029897597079,
    1768.2585870460582,
    1737.2125278685717,
    1705.0620113487919,
    1620.9744325799331,
    1588.9617636743133,
    1587.1660546941446
  ],
  "EPA Rank": 120,
  "Auto EPA Rank": 73,
  "TeleOp EPA Rank": 162,
  "Endgame EPA Rank": 119
}