{
  "teamNumber": 31808,
  "teamName": "1776",
  "wins": 3,
  "loss": 2,
  "ties": 0,
  "elo": 1500,
  "totalEPA": 15.377720933302097,
  "autonEPA": 1.419722857862911,
  "endgameEPA": 3.928862657790348,
  "unitlessEPA": 1423.9776823689822,
  "teleOpEPA": 13.957998075439185,
  "totalEPAOverTime": [
    22.088709677419356,
    9.39247311827957,
    -9.134326248457404,
    4.249161197262385,
    6.561772023552116,
    10.31372839036964,
    15.377720933302097
  ],
  "teleOpEPAOverTime": [
    14.911073540778574,
    6.60752688172043,
    -10.215798224437986,
    3.721613412618445,
    6.3063436720804225,
    9.613163642370578,
    13.957998075439185
  ],
  "autonEPAOverTime": [
    3.4274193548387095,
    2.78494623655914,
    1.0814719759805826,
    0.52754778464394,
    0.25542835147169396,
    0.7005647479990619,
    1.419722857862911
  ],
  "endGameEPAOverTime": [
    3.750216781802073,
    2.500144521201382,
    1.8251882519158322,
    4.593665108111079,
    4.285027751833233,
    4.12797225035292,
    3.928862657790348
  ],
  "unitlessEPAOverTime": [
    1500,
    1397.712648056495,
    1316.4115831537915,
    1375.1422769941178,
    1385.2906960038495,
    1401.7553881534502,
    1423.9776823689822
  ],
  "EPA Rank": 425,
  "Auto EPA Rank": 496,
  "TeleOp EPA Rank": 381,
  "Endgame EPA Rank": 102
}