{
  "teamNumber": 31969,
  "teamName": "Techno Trojans - Gray",
  "wins": 4,
  "loss": 5,
  "ties": 1,
  "elo": 1500,
  "totalEPA": 38.9658530698922,
  "autonEPA": 12.097131838549913,
  "endgameEPA": 2.2722924200810093,
  "unitlessEPA": 1541.4636747630127,
  "teleOpEPA": 26.868721231342285,
  "totalEPAOverTime": [
    22.088709677419356,
    19.39247311827957,
    15.000061382914488,
    16.077182851585388,
    13.631410531881915,
    10.726504375422325,
    11.145603551959024,
    25.285005019837456,
    47.472654871237715,
    41.16661913456514,
    24.72722094530097,
    33.96746501892429,
    38.9658530698922
  ],
  "teleOpEPAOverTime": [
    14.911073540778574,
    15.607526881720432,
    12.858055214571552,
    13.395562203224701,
    5.867870363660811,
    4.351119766318048,
    5.079719304141351,
    18.383117858294778,
    38.938544183894244,
    32.87667950496637,
    15.273317266105574,
    23.015773335259436,
    26.868721231342285
  ],
  "autonEPAOverTime": [
    3.4274193548387095,
    3.7849462365591395,
    2.1420061683429363,
    2.6816206483606866,
    7.7635401682211045,
    6.375384609104277,
    6.065884247817673,
    6.901887161542677,
    8.534110687343473,
    8.28993962959877,
    9.453903679195397,
    10.951691683664851,
    12.097131838549913
  ],
  "endGameEPAOverTime": [
    3.750216781802073,
    2.500144521201382,
    -0.18197049083646172,
    -0.9865153273256805,
    -0.7976463520359691,
    1.6690244279048803,
    2.337940871333384,
    1.7149552782265345,
    0.7984160929235142,
    1.5268092144267047,
    0.7854980149905906,
    1.3408479479898556,
    2.2722924200810093
  ],
  "unitlessEPAOverTime": [
    1500,
    1490.316099758468,
    1465.6131145098038,
    1471.6708607673697,
    1457.915802914123,
    1441.578569918863,
    1443.9355895699027,
    1475.1375203656746,
    1582.7055223180214,
    1552.1332143459288,
    1472.4333259683153,
    1517.230976878105,
    1541.4636747630127
  ],
  "EPA Rank": 228,
  "Auto EPA Rank": 164,
  "TeleOp EPA Rank": 251,
  "Endgame EPA Rank": 215
}