{
  "teamNumber": 32066,
  "teamName": "NextGen Fabricators",
  "wins": 11,
  "loss": 11,
  "ties": 0,
  "elo": 1500,
  "totalEPA": 49.14972507877752,
  "autonEPA": 10.23289849588768,
  "endgameEPA": 3.399907872830309,
  "unitlessEPA": 1565.5558183452724,
  "teleOpEPA": 38.91682658288984,
  "totalEPAOverTime": [
    22.088709677419356,
    27.892473118279568,
    38.867744943871195,
    38.83046324328207,
    32.840718861915875,
    28.34185036853454,
    25.576919907243916,
    33.63264830980003,
    63.78039054159987,
    87.68723297732478,
    117.19451789514359,
    98.5101386829438,
    84.49770644401801,
    84.49770644401801,
    84.49770644401801,
    84.49770644401801,
    84.49770644401801,
    84.49770644401801,
    76.2395908718398,
    69.01606304825012,
    50.202303169767134,
    38.55424373506277,
    46.154921457065555,
    50.611912650492286,
    51.26097869713304,
    49.14972507877752
  ],
  "teleOpEPAOverTime": [
    14.911073540778574,
    24.60752688172043,
    34.726803091651654,
    33.885398928284935,
    32.769071848887954,
    29.425178897830076,
    25.667286683466614,
    31.94585718245873,
    58.60103817775929,
    79.89049189813151,
    111.53217835292003,
    97.36123122312961,
    84.438820812978,
    84.438820812978,
    84.438820812978,
    84.438820812978,
    84.438820812978,
    84.438820812978,
    72.42727237372863,
    64.85394254364745,
    43.807118294761764,
    23.41995731562283,
    34.787507467907865,
    42.86857147890627,
    41.98766077038001,
    38.91682658288984
  ],
  "autonEPAOverTime": [
    3.4274193548387095,
    3.2849462365591395,
    4.140941852219539,
    4.945064314997134,
    0.07164701302792276,
    -1.0833285292955366,
    -0.09036677622269762,
    1.6867911273413003,
    5.179352363840576,
    7.796741079193264,
    5.662339542223558,
    1.1489074598142026,
    0.05888563104001887,
    0.05888563104001887,
    0.05888563104001887,
    0.05888563104001887,
    0.05888563104001887,
    0.05888563104001887,
    3.812318498111169,
    4.162120504602667,
    6.395184875005373,
    15.13428641943994,
    11.36741398915769,
    7.74334117158602,
    9.273317926753032,
    10.23289849588768
  ],
  "endGameEPAOverTime": [
    3.750216781802073,
    4.166811187868048,
    3.5700165468304212,
    2.7198484487195698,
    0.787453674592628,
    -0.3552011335605747,
    -0.6817674193690128,
    -1.1931756464411896,
    -1.038470029688303,
    1.0652873571913024,
    2.324738634338206,
    1.8034204079055645,
    1.8408336943628196,
    1.8408336943628196,
    1.8408336943628196,
    1.8408336943628196,
    1.8408336943628196,
    1.8408336943628196,
    1.2584439426544636,
    3.240530225311884,
    8.109009430907047,
    9.595932926784572,
    7.581117998561388,
    5.649124220231864,
    4.150293196425801,
    3.399907872830309
  ],
  "unitlessEPAOverTime": [
    1500,
    1513.6847757544156,
    1569.2796749796498,
    1569.0908256809596,
    1538.7499611849664,
    1515.961082285957,
    1501.9554127405518,
    1509.1253547511985,
    1645.4023272794175,
    1753.4685328612486,
    1886.8504433608814,
    1802.3913613828622,
    1739.05090196818,
    1732.3805950713731,
    1732.3805950713731,
    1732.3805950713731,
    1732.3805950713731,
    1732.3805950713731,
    1680.5085637946308,
    1649.856350103557,
    1570.0223130220415,
    1520.5951057628795,
    1552.8477118885162,
    1571.7604439796153,
    1574.5146814723098,
    1565.5558183452724
  ],
  "EPA Rank": 142,
  "Auto EPA Rank": 200,
  "TeleOp EPA Rank": 144,
  "Endgame EPA Rank": 129
}