{
  "teamNumber": 32131,
  "teamName": "Atomic Eagles",
  "wins": 15,
  "loss": 19,
  "ties": 0,
  "elo": 1500,
  "totalEPA": 32.74266826410531,
  "autonEPA": 11.996327388076391,
  "endgameEPA": 2.5583926590770565,
  "unitlessEPA": 1488.6342004663493,
  "teleOpEPA": 20.74634087602892,
  "totalEPAOverTime": [
    22.088709677419356,
    21.225806451612904,
    18.900537634408604,
    15.878136200716847,
    10.639436479490243,
    10.61919222089473,
    15.550140492942166,
    17.511426113987344,
    19.93550346069885,
    23.353951749391157,
    22.99474433904287,
    19.572302550051234,
    20.800453815222916,
    22.78620949285398,
    25.07162875573223,
    25.864425843134445,
    28.789944750689457,
    24.668488719760344,
    27.321286958343265,
    26.07170095075202,
    26.884231768130753,
    25.156968067599596,
    26.48055026193525,
    32.37928243544774,
    31.83417738585379,
    32.945387597397676,
    32.945387597397676,
    32.945387597397676,
    41.44700557285266,
    45.21689626843936,
    30.421610992369907,
    33.60238286627809,
    33.17364274021936,
    31.366246833671703,
    32.74266826410531
  ],
  "teleOpEPAOverTime": [
    12.733870967741938,
    18.107526881720432,
    15.682795698924732,
    13.594086021505378,
    8.696983273596176,
    8.344285145360415,
    12.44248639320324,
    15.105900703570953,
    16.628246825080755,
    20.35008040240227,
    19.56944319394527,
    15.456085116807238,
    15.391864011416194,
    17.12876517157648,
    18.163339702033696,
    19.163499107965258,
    21.05887501593925,
    16.773509301274583,
    19.96496171499375,
    18.08739109700322,
    18.42932995816311,
    17.332395319091574,
    18.40060046343083,
    19.733194713236756,
    20.85933766394065,
    21.293755991656003,
    21.293755991656003,
    21.293755991656003,
    28.110941964765292,
    31.704928752237603,
    20.96307092796609,
    21.218354527594293,
    20.829661463124975,
    20.44597955467014,
    20.74634087602892
  ],
  "autonEPAOverTime": [
    3.4274193548387095,
    3.118279569892473,
    3.217741935483871,
    2.2840501792114694,
    1.9424532058940662,
    2.274907075534316,
    3.1076540997389266,
    2.4055254104163906,
    3.3072566356180957,
    3.003871346988887,
    3.4253011450976016,
    4.116217433243995,
    5.408589803806722,
    5.657444321277501,
    6.9082890536985335,
    6.700926735169189,
    7.731069734750206,
    7.894979418485762,
    7.356325243349517,
    7.9843098537488,
    8.454901809967643,
    7.82457274850802,
    8.079949798504419,
    12.646087722210984,
    10.974839721913137,
    11.651631605741674,
    11.651631605741674,
    11.651631605741674,
    13.336063608087368,
    13.51196751620176,
    9.458540064403817,
    12.384028338683798,
    12.343981277094382,
    10.920267279001566,
    11.996327388076391
  ],
  "endGameEPAOverTime": [
    5.92741935483871,
    6.451612903225807,
    6.939964157706093,
    6.571087216248507,
    4.0952309836718435,
    5.152993495287402,
    5.8581685030311075,
    5.689604628523386,
    5.084069907223034,
    5.647561928645647,
    5.867856930335286,
    5.127629543796268,
    3.82858174103559,
    5.210644449509067,
    5.212178198630061,
    5.378797310575703,
    4.536168109330834,
    4.1079986462600155,
    4.717171566698753,
    3.6244159540181404,
    3.6844818224087357,
    3.7003738967316635,
    4.473245351864823,
    4.677384311196616,
    5.239385779108269,
    5.853896262211886,
    5.853896262211886,
    5.853896262211886,
    5.40180340777018,
    5.075636713983751,
    4.728603985503781,
    4.088264517780473,
    4.513624693933614,
    2.669937335825275,
    2.5583926590770565
  ],
  "unitlessEPAOverTime": [
    1500,
    1451.2053889066917,
    1432.5543336196731,
    1408.3115553988202,
    1366.29177798222,
    1366.1293981388592,
    1435.9507747469281,
    1453.9812953113478,
    1476.2663597510364,
    1507.6928901381943,
    1504.3906191534486,
    1449.1880091791545,
    1458.4915969918065,
    1473.5342491839451,
    1490.846936475719,
    1496.8525951673055,
    1483.5793143746298,
    1457.6579783666305,
    1474.342391347796,
    1466.483290454667,
    1471.593592293646,
    1460.9355247462493,
    1468.9874765394804,
    1504.8721441525438,
    1501.556022493941,
    1508.316019034986,
    1507.171323141239,
    1507.171323141239,
    1535.2193938373657,
    1555.395666977081,
    1476.2120139180022,
    1493.235351543739,
    1490.9407550718986,
    1481.2676593705298,
    1488.6342004663493
  ],
  "EPA Rank": 252,
  "Auto EPA Rank": 162,
  "TeleOp EPA Rank": 329,
  "Endgame EPA Rank": 565
}