{
  "teamNumber": 32341,
  "teamName": "Iron Talons ",
  "wins": 1,
  "loss": 4,
  "ties": 0,
  "elo": 1500,
  "totalEPA": 12.975748912033254,
  "autonEPA": 1.4858205527680841,
  "endgameEPA": 4.775825111826245,
  "unitlessEPA": 1393.697021756966,
  "teleOpEPA": 11.48992835926517,
  "totalEPAOverTime": [
    22.088709677419356,
    22.837748061692135,
    18.827155642807963,
    18.98358845753692,
    16.91831047681046,
    12.975748912033254
  ],
  "teleOpEPAOverTime": [
    12.733870967741938,
    19.647335135895887,
    16.132635910737612,
    16.43298125445553,
    14.683074218964972,
    11.48992835926517
  ],
  "autonEPAOverTime": [
    3.4274193548387095,
    3.1904129257962492,
    2.694519732070351,
    2.55060720308139,
    2.2352362578454885,
    1.4858205527680841
  ],
  "endGameEPAOverTime": [
    5.92741935483871,
    5.720539454717146,
    4.9418473950599875,
    5.289375898668805,
    4.975156799680195,
    4.775825111826245
  ],
  "unitlessEPAOverTime": [
    1500,
    1466.5947921678942,
    1436.9493581208085,
    1438.1056757436145,
    1422.8395864052322,
    1393.697021756966
  ],
  "EPA Rank": 537,
  "Auto EPA Rank": 546,
  "TeleOp EPA Rank": 517,
  "Endgame EPA Rank": 407
}