{
  "teamNumber": 32460,
  "teamName": "BOWtech",
  "wins": 6,
  "loss": 9,
  "ties": 0,
  "elo": 1500,
  "totalEPA": 15.993009962278792,
  "autonEPA": 4.161243758696489,
  "endgameEPA": 5.954978869693978,
  "unitlessEPA": 1399.3777535642744,
  "teleOpEPA": 11.831766203582303,
  "totalEPAOverTime": [
    22.088709677419356,
    19.725806451612904,
    16.150537634408604,
    14.857892960825422,
    13.398783937340035,
    10.951236114791575,
    10.951236114791575,
    10.951236114791575,
    10.951236114791575,
    13.918686802903238,
    17.41851108685167,
    22.47844065629124,
    22.638067420319903,
    21.868218568338754,
    21.175217932702903,
    15.993009962278792
  ],
  "teleOpEPAOverTime": [
    12.733870967741938,
    17.440860215053764,
    14.127240143369177,
    12.091346328683523,
    11.149713820723607,
    9.403677946267075,
    9.403677946267075,
    9.403677946267075,
    9.403677946267075,
    11.32897453235201,
    13.466604304982077,
    16.30147680847802,
    17.580028926857636,
    17.117663844568092,
    15.331277716789156,
    11.831766203582303
  ],
  "autonEPAOverTime": [
    3.4274193548387095,
    2.28494623655914,
    2.023297491039427,
    2.7665466321418997,
    2.2490701166164286,
    1.547558168524499,
    1.547558168524499,
    1.547558168524499,
    1.547558168524499,
    2.589712270551227,
    3.9519067818695923,
    6.176963847813219,
    5.0580384934622655,
    4.750554723770661,
    5.843940215913746,
    4.161243758696489
  ],
  "endGameEPAOverTime": [
    5.92741935483871,
    8.951612903225806,
    8.46774193548387,
    6.840047552999022,
    7.582343378396033,
    6.250914997653582,
    6.250914997653582,
    6.250914997653582,
    6.250914997653582,
    6.609351191311763,
    6.741358197854882,
    9.368462448665177,
    8.276110430972672,
    7.656289018531817,
    7.056799907692601,
    5.954978869693978
  ],
  "unitlessEPAOverTime": [
    1500,
    1424.4757988754825,
    1402.4863377186634,
    1394.5360097034534,
    1385.5618533991492,
    1370.5083677662922,
    1375.4144669323225,
    1375.4144669323225,
    1375.4144669323225,
    1388.0142766065132,
    1407.1868787283702,
    1434.9059893261276,
    1435.7804504951519,
    1431.563094269384,
    1427.766724972166,
    1399.3777535642744
  ],
  "EPA Rank": 506,
  "Auto EPA Rank": 433,
  "TeleOp EPA Rank": 512,
  "Endgame EPA Rank": 258
}