{
  "teamNumber": 32484,
  "teamName": "Grinding Gremlins",
  "wins": 5,
  "loss": 14,
  "ties": 1,
  "elo": 1500,
  "totalEPA": 14.746485950076751,
  "autonEPA": 0.2540972898396813,
  "endgameEPA": 1.0229009277519945,
  "unitlessEPA": 1422.3683952372457,
  "teleOpEPA": 14.49238866023707,
  "totalEPAOverTime": [
    22.088709677419356,
    18.225806451612904,
    14.201947182134935,
    10.013890459097068,
    -8.687056754260631,
    -10.438489263579532,
    -6.291425152600402,
    -6.205422650739412,
    12.271364799589715,
    45.60799756781974,
    48.278835605441586,
    30.48032066213251,
    17.888048195632983,
    16.409756398001285,
    14.981556499671548,
    9.169743271643894,
    -4.182198988048027,
    -8.500610771306278,
    -10.148708768756636,
    -9.219459001490723,
    -3.573946656478909,
    12.084739442556556,
    20.878245491830054,
    18.032733796602816,
    15.941241299575166,
    14.746485950076751
  ],
  "teleOpEPAOverTime": [
    14.911073540778574,
    14.940860215053764,
    8.786526747875156,
    3.23562078422494,
    -13.6230348109608,
    -13.643846980021358,
    -9.596418113823944,
    -8.698004713224893,
    10.958765424496722,
    45.3332640292907,
    49.15151769075936,
    32.17039344769421,
    19.720111900419734,
    18.30499606989261,
    15.963486351273897,
    9.167546409694538,
    -4.487198110287343,
    -8.208789957973508,
    -9.505237137079302,
    -8.436030492030614,
    -3.025326855236153,
    10.574065315686259,
    20.17251914666473,
    18.60060487198905,
    15.758334294255121,
    14.49238866023707
  ],
  "autonEPAOverTime": [
    3.4274193548387095,
    3.2849462365591395,
    5.415420434259779,
    6.778269674872128,
    4.935978056700168,
    3.2053577164418257,
    3.3049929612235425,
    2.4925820624854804,
    1.3125993750929945,
    0.2747335385290348,
    -0.8726820853177748,
    -1.6900727855617008,
    -1.832063704786753,
    -1.8952396718913236,
    -0.9819298516023482,
    0.0021968619493556996,
    0.30499912223931624,
    -0.2918208133327691,
    -0.6434716316773352,
    -0.7834285094601087,
    -0.5486198012427557,
    1.510674126870298,
    0.7057263451653242,
    -0.5678710753862339,
    0.1829070053200459,
    0.2540972898396813
  ],
  "endGameEPAOverTime": [
    3.750216781802073,
    2.500144521201382,
    0.21093666143781753,
    -1.0797473439919474,
    0.23805453994288728,
    1.094890584601774,
    1.1028076665696034,
    0.6142725850087816,
    -0.29747996601124094,
    -0.24849137588708167,
    0.302310521855248,
    -0.6809562352762735,
    -1.412249036115292,
    -1.6171353244941065,
    -1.090671370757629,
    -0.22705439948865008,
    0.13030777090626233,
    -0.1690281700797134,
    0.0518573345729989,
    0.05781008348505222,
    0.17025504086494725,
    0.1482828198041571,
    1.7317453303289096,
    2.0679788185225014,
    1.3896565220547308,
    1.0229009277519945
  ],
  "unitlessEPAOverTime": [
    1500,
    1476.681389410121,
    1456.0359610073665,
    1434.5480760114854,
    1338.598133207657,
    1329.611965438899,
    1350.889527463567,
    1341.5935235712557,
    1429.3181274588005,
    1587.5947170661261,
    1600.2753959735403,
    1515.7711131058752,
    1455.9851726583095,
    1448.966497862917,
    1433.7318035554129,
    1406.4034250932818,
    1343.6197606909739,
    1323.3136725670342,
    1315.5639662275742,
    1319.933495723674,
    1341.8583720810882,
    1410.6712220558882,
    1449.3147077668907,
    1436.8099696204845,
    1427.6188051440315,
    1422.3683952372457
  ],
  "EPA Rank": 434,
  "Auto EPA Rank": 526,
  "TeleOp EPA Rank": 379,
  "Endgame EPA Rank": 326
}