{
  "teamNumber": 32490,
  "teamName": "Walnut Creek TechnoHawks",
  "wins": 2,
  "loss": 8,
  "ties": 0,
  "elo": 1500,
  "totalEPA": 28.01083843536266,
  "autonEPA": 14.328993282542848,
  "endgameEPA": 1.8160189079955837,
  "unitlessEPA": 1487.4879928221983,
  "teleOpEPA": 13.681845152819813,
  "totalEPAOverTime": [
    22.088709677419356,
    29.392473118279568,
    45.37459676053979,
    39.20833065146792,
    17.83544933118136,
    21.5772005192883,
    14.795777677414186,
    13.681512090086974,
    18.067119173813694,
    22.508194794731306,
    28.04888777426329,
    38.00337789253774,
    31.613613727345324,
    28.01083843536266
  ],
  "teleOpEPAOverTime": [
    14.911073540778574,
    26.60752688172043,
    42.64193610780216,
    34.28797780997533,
    14.272718127339267,
    19.013742344038118,
    12.909626423468609,
    11.845495106483066,
    12.85840173012405,
    6.036734245302771,
    8.881515667749692,
    22.78721228925557,
    18.3023348185484,
    13.681845152819813
  ],
  "autonEPAOverTime": [
    3.4274193548387095,
    2.78494623655914,
    2.732660652737628,
    4.920352841492591,
    3.56273120384209,
    2.5634581752501826,
    1.8861512539455776,
    1.836016983603909,
    5.208717443689642,
    16.471460549428535,
    19.167372106513596,
    15.216165603282171,
    13.311278908796925,
    14.328993282542848
  ],
  "endGameEPAOverTime": [
    3.750216781802073,
    2.500144521201382,
    -0.004968129414780163,
    0.315638113725628,
    3.136501010934642,
    3.2103969511216834,
    3.137422643804477,
    3.3044696628092587,
    1.4788181071205169,
    -3.160267177133189,
    -2.706506311293542,
    1.4139935944505115,
    2.4058498977052305,
    1.8160189079955837
  ],
  "unitlessEPAOverTime": [
    1500,
    1533.2558072330687,
    1621.8164727483781,
    1587.6477575896538,
    1469.2156495624495,
    1489.9495634545451,
    1452.372121716511,
    1446.1977168512167,
    1441.4826224208473,
    1462.0295951929745,
    1487.6640309708635,
    1533.7192335567486,
    1504.1565056211687,
    1487.4879928221983
  ],
  "EPA Rank": 313,
  "Auto EPA Rank": 130,
  "TeleOp EPA Rank": 386,
  "Endgame EPA Rank": 257
}