{
  "teamNumber": 32661,
  "teamName": "BEAVERTRONICS",
  "wins": 4,
  "loss": 6,
  "ties": 0,
  "elo": 1500,
  "totalEPA": 19.139406118112614,
  "autonEPA": 6.905134947119655,
  "endgameEPA": 4.358176427770086,
  "unitlessEPA": 1428.9602422981357,
  "teleOpEPA": 12.234271170992958,
  "totalEPAOverTime": [
    22.088709677419356,
    23.059139784946236,
    27.456093189964157,
    26.95945589854742,
    26.935510839390872,
    25.27822003606357,
    21.550398417149747,
    12.901340290496941,
    15.99029249673169,
    19.510104520044344,
    19.139406118112614
  ],
  "teleOpEPAOverTime": [
    12.733870967741938,
    20.274193548387096,
    23.016129032258064,
    20.835997149450854,
    19.02636361418794,
    19.01009641389627,
    15.564865291150118,
    9.187191196799969,
    10.986764009620831,
    13.022316864352353,
    12.234271170992958
  ],
  "autonEPAOverTime": [
    3.4274193548387095,
    2.78494623655914,
    4.439964157706093,
    6.123458749096567,
    7.909147225202934,
    6.2681236221672965,
    5.985533125999629,
    3.714149093696972,
    5.00352848711086,
    6.4877876556919905,
    6.905134947119655
  ],
  "endGameEPAOverTime": [
    5.92741935483871,
    5.618279569892473,
    5.412186379928316,
    5.1941220237180685,
    5.786706126893691,
    5.433206769882916,
    5.206435749095978,
    4.574176665563586,
    5.055404889696737,
    4.492858546442891,
    4.358176427770086
  ],
  "unitlessEPAOverTime": [
    1500,
    1507.4517667058906,
    1547.8080991017305,
    1543.2498384684225,
    1543.0300647575032,
    1527.819037399488,
    1445.2484588231441,
    1386.8170272666987,
    1407.6854151046223,
    1431.464611905019,
    1428.9602422981357
  ],
  "EPA Rank": 463,
  "Auto EPA Rank": 307,
  "TeleOp EPA Rank": 508,
  "Endgame EPA Rank": 452
}