{
  "teamNumber": 32759,
  "teamName": "Daydreams",
  "wins": 13,
  "loss": 15,
  "ties": 0,
  "elo": 1500,
  "totalEPA": 26.03597239865077,
  "autonEPA": 8.822488434932122,
  "endgameEPA": 2.2691521791870426,
  "unitlessEPA": 1466.3744934373544,
  "teleOpEPA": 17.213483963718648,
  "totalEPAOverTime": [
    22.088709677419356,
    27.892473118279568,
    36.40609210547108,
    33.94311351483771,
    34.58792671267886,
    37.08053460109802,
    35.99825242038604,
    37.43801453246458,
    40.25546483277971,
    32.89419892012312,
    13.94376344655931,
    14.632085530546426,
    18.052007983379383,
    18.052007983379383,
    18.052007983379383,
    18.052007983379383,
    18.052007983379383,
    61.03746835616577,
    132.81477592680235,
    115.84186249524548,
    94.71970505326233,
    65.42729882316425,
    64.75429351086126,
    64.75429351086126,
    64.75429351086126,
    59.60666672614794,
    28.944303929247383,
    -4.264324757755869,
    2.5861600863896013,
    19.29050756541059,
    30.389351193021795,
    26.965856427769204,
    26.03597239865077
  ],
  "teleOpEPAOverTime": [
    14.911073540778574,
    24.60752688172043,
    33.92306014285,
    33.92313161523798,
    36.41845659858241,
    34.370090186049296,
    30.524394638042644,
    29.405547250725323,
    26.195282647368217,
    18.01189101361925,
    0.8465034518600163,
    4.227020533549567,
    8.343687458234886,
    8.343687458234886,
    8.343687458234886,
    8.343687458234886,
    8.343687458234886,
    49.96166024161554,
    117.81568106125134,
    99.63369797499222,
    78.0223292391449,
    52.55154044529268,
    53.05330437353534,
    53.05330437353534,
    53.05330437353534,
    45.78135116338562,
    13.361591599126221,
    -14.840641762814112,
    0.8661827803010413,
    15.088889024888232,
    22.546038678944733,
    18.463531513520657,
    17.213483963718648
  ],
  "autonEPAOverTime": [
    3.4274193548387095,
    3.2849462365591395,
    2.4830319626210846,
    0.01998189959973362,
    -1.8305298859035544,
    2.71044441504873,
    5.473857782343396,
    8.032467281739255,
    14.06018218541149,
    14.882307906503867,
    13.097259994699293,
    10.40506499699686,
    9.708320525144497,
    9.708320525144497,
    9.708320525144497,
    9.708320525144497,
    9.708320525144497,
    11.07580811455023,
    14.999094865551015,
    16.208164520253266,
    16.69737581411744,
    12.87575837787157,
    11.70098913732592,
    11.70098913732592,
    11.70098913732592,
    13.825315562762322,
    15.582712330121161,
    10.576317005058243,
    1.71997730608856,
    4.201618540522357,
    7.843312514077062,
    8.502324914248547,
    8.822488434932122
  ],
  "endGameEPAOverTime": [
    3.750216781802073,
    4.166811187868048,
    3.741948819404701,
    2.4753599225509513,
    1.376577354304703,
    1.8404243627465888,
    3.0178712339248386,
    4.068653593412916,
    6.050551838450026,
    4.490676195532966,
    4.21276780348445,
    5.102765713359993,
    4.336450773728554,
    4.336450773728554,
    4.336450773728554,
    4.336450773728554,
    4.336450773728554,
    3.3836236298860083,
    1.4021879432175668,
    0.8474283858468505,
    0.13688367922867273,
    -1.9452381210387224,
    -2.1603609176708742,
    -2.1603609176708742,
    -2.1603609176708742,
    -2.7472257953635406,
    -2.6553420907368155,
    0.26632438863750485,
    2.459807563417019,
    3.711258574801516,
    3.39559996519125,
    2.821233795460784,
    2.2691521791870426
  ],
  "unitlessEPAOverTime": [
    1500,
    1513.6847757544156,
    1556.8102488321122,
    1544.334107127732,
    1547.6003883937221,
    1560.2266163875986,
    1554.7443495493733,
    1530.7249513510205,
    1544.0274564929316,
    1509.2714653604046,
    1419.7975657497034,
    1423.0474573486806,
    1439.1945162723673,
    1441.4127093536285,
    1441.4127093536285,
    1441.4127093536285,
    1441.4127093536285,
    1613.9377242051096,
    1916.0787353277224,
    1844.632572195169,
    1755.7204881032521,
    1632.4163752000707,
    1629.5834115179207,
    1624.7700232798804,
    1624.7700232798804,
    1603.711231251341,
    1478.2723934628102,
    1342.4168556935674,
    1370.4419907045071,
    1438.7789922481707,
    1484.184039950004,
    1470.1786220579486,
    1466.3744934373544
  ],
  "EPA Rank": 330,
  "Auto EPA Rank": 240,
  "TeleOp EPA Rank": 345,
  "Endgame EPA Rank": 216
}