{
  "teamNumber": 5289,
  "teamName": "Martians",
  "wins": 14,
  "loss": 9,
  "ties": 0,
  "elo": 1500,
  "totalEPA": 60.406069206724155,
  "autonEPA": 21.584162796194846,
  "endgameEPA": 5.271603701546557,
  "unitlessEPA": 1642.6796581237647,
  "teleOpEPA": 38.82190641052931,
  "totalEPAOverTime": [
    22.088709677419356,
    28.559139784946236,
    35.06889600429452,
    37.32972953209688,
    40.819005984350134,
    46.6454191719848,
    46.6454191719848,
    46.6454191719848,
    46.6454191719848,
    49.931733610637075,
    59.036864695889584,
    59.64383011453114,
    62.37254756842194,
    61.55811282472957,
    61.55811282472957,
    61.55811282472957,
    61.55811282472957,
    65.94590186241976,
    65.90988246772257,
    66.93625647027402,
    69.93176640586424,
    68.61854892788442,
    71.78635152418403,
    60.406069206724155
  ],
  "teleOpEPAOverTime": [
    12.733870967741938,
    23.774193548387096,
    26.574353650859976,
    26.45895771798073,
    27.56748415026521,
    31.1663132796024,
    31.1663132796024,
    31.1663132796024,
    31.1663132796024,
    31.590425109459513,
    37.71334709305083,
    39.16596364293636,
    40.752398141330644,
    38.54203735299862,
    38.54203735299862,
    38.54203735299862,
    38.54203735299862,
    41.13324698226912,
    41.7643848624772,
    43.40760721427021,
    45.59040961623133,
    45.78446445691107,
    47.616564650664984,
    38.82190641052931
  ],
  "autonEPAOverTime": [
    3.4274193548387095,
    4.78494623655914,
    8.494542353434548,
    10.870771814116145,
    13.251521834084928,
    15.479105892382401,
    15.479105892382401,
    15.479105892382401,
    15.479105892382401,
    18.34130850117756,
    21.323517602838752,
    20.477866471594776,
    21.620149427091295,
    23.016075471730954,
    23.016075471730954,
    23.016075471730954,
    23.016075471730954,
    24.81265488015064,
    24.14549760524537,
    23.52864925600381,
    24.34135678963291,
    22.83408447097335,
    24.16978687351904,
    21.584162796194846
  ],
  "endGameEPAOverTime": [
    5.92741935483871,
    5.618279569892473,
    5.673740780244573,
    6.179581370286088,
    5.7002229115577405,
    6.298587271113928,
    6.298587271113928,
    6.298587271113928,
    6.298587271113928,
    6.687008749014735,
    7.125777604885105,
    6.46112826075232,
    7.2615094450926785,
    7.5736336156491255,
    7.5736336156491255,
    7.5736336156491255,
    7.5736336156491255,
    7.424561009262388,
    6.378449497832068,
    5.640705220287753,
    8.898997288255652,
    8.835673780565244,
    8.10239284549314,
    5.271603701546557
  ],
  "unitlessEPAOverTime": [
    1500,
    1506.1683728907947,
    1553.380206336149,
    1569.776841227795,
    1595.0827256814944,
    1637.3386320057348,
    1633.2136184902124,
    1633.2136184902124,
    1633.2136184902124,
    1617.4184067957096,
    1673.9460998001036,
    1677.7143437197135,
    1694.655132499691,
    1689.5988497584,
    1682.3802253905906,
    1682.3802253905906,
    1682.3802253905906,
    1673.0277552600855,
    1672.8304352042285,
    1678.4530775949875,
    1694.8629643457439,
    1687.6689471145785,
    1705.0226808600105,
    1642.6796581237647
  ],
  "EPA Rank": 70,
  "Auto EPA Rank": 51,
  "TeleOp EPA Rank": 96,
  "Endgame EPA Rank": 342
}