{
  "teamNumber": 5290,
  "teamName": "Steel Eagles",
  "wins": 9,
  "loss": 10,
  "ties": 0,
  "elo": 1500,
  "totalEPA": 40.24962606281014,
  "autonEPA": 17.54430249495614,
  "endgameEPA": 2.6971166908171713,
  "unitlessEPA": 1527.7892666586783,
  "teleOpEPA": 22.705323567854,
  "totalEPAOverTime": [
    22.088709677419356,
    36.80153198153802,
    76.01519661032033,
    84.21957635754534,
    65.45630750467922,
    60.90440968856568,
    53.877902969647536,
    53.877902969647536,
    53.877902969647536,
    72.2288325854048,
    99.40323260787075,
    87.97856590540819,
    64.80445794600531,
    44.44562949433427,
    43.45096199284882,
    44.64609437033836,
    35.878048246108605,
    48.45842097941275,
    64.58148652123745,
    46.04029000089613,
    38.665063606981136,
    39.8203872643769,
    40.24962606281014
  ],
  "teleOpEPAOverTime": [
    14.911073540778574,
    30.941309145531267,
    65.1184226481657,
    71.7512506553277,
    55.35203513259854,
    51.01545584643616,
    44.68453709019417,
    44.68453709019417,
    44.68453709019417,
    61.64459169101802,
    86.61819066925197,
    74.61339762667168,
    50.42643137396375,
    29.505792903795168,
    28.203220658311352,
    28.65274225537685,
    17.439376776677264,
    31.25369663426444,
    50.56810905301113,
    31.629591347438677,
    20.188578757374927,
    21.684200104771257,
    22.705323567854
  ],
  "autonEPAOverTime": [
    3.4274193548387095,
    5.860222836006752,
    10.89677396215462,
    12.468325702217637,
    10.10427237208068,
    9.888953842129519,
    9.193365879453367,
    9.193365879453367,
    9.193365879453367,
    10.584240894386781,
    12.785041938618779,
    13.365168278736512,
    14.37802657204156,
    14.939836590539102,
    15.247741334537466,
    15.99335211496151,
    18.43867146943134,
    17.20472434514831,
    14.013377468226324,
    14.41069865345745,
    18.47648484960621,
    18.13618715960564,
    17.54430249495614
  ],
  "endGameEPAOverTime": [
    3.750216781802073,
    4.994829701844137,
    6.3881169711297625,
    2.944346807421288,
    0.28021027701550566,
    -0.36009337155780763,
    -0.5564437880874787,
    -0.5564437880874787,
    -0.5564437880874787,
    -0.1519333504851591,
    0.9025698288807074,
    0.13911917012503672,
    0.9251304614626992,
    0.6798015318188311,
    0.325743895256489,
    -0.8433951717268735,
    -1.1688753559415654,
    0.0314474191121937,
    -0.8837250273684404,
    1.214907285317856,
    1.137568595355988,
    2.2089692184225758,
    2.6971166908171713
  ],
  "unitlessEPAOverTime": [
    1500,
    1530.9708241629346,
    1721.082691873039,
    1760.858366294528,
    1669.8921146132966,
    1647.8240471771376,
    1613.7588219946217,
    1608.345380163415,
    1608.345380163415,
    1668.4250145343608,
    1784.6943931291394,
    1735.8123976830725,
    1636.6588145423036,
    1549.550788935978,
    1545.2949683029367,
    1546.4451768094364,
    1509.2389764573866,
    1562.622348509378,
    1631.0387320843513,
    1552.3612864221743,
    1521.065357207633,
    1525.9678409377018,
    1527.7892666586783
  ],
  "EPA Rank": 217,
  "Auto EPA Rank": 84,
  "TeleOp EPA Rank": 291,
  "Endgame EPA Rank": 178
}