{
  "teamNumber": 5383,
  "teamName": "Neutrinos Breaking the Laws of Physics",
  "wins": 9,
  "loss": 11,
  "ties": 0,
  "elo": 1500,
  "totalEPA": 76.28615016549666,
  "autonEPA": 17.225587923715924,
  "endgameEPA": 6.867855906337492,
  "unitlessEPA": 1680.7061328292257,
  "teleOpEPA": 59.060562241780744,
  "totalEPAOverTime": [
    22.088709677419356,
    16.39247311827957,
    17.99965378671295,
    31.751244666339495,
    52.53221747410401,
    35.603444904458385,
    34.95851866761662,
    37.61731394344396,
    57.53072123974063,
    75.56159939251962,
    65.99176549031056,
    60.01520789636549,
    53.380357141436484,
    53.380357141436484,
    53.380357141436484,
    53.380357141436484,
    22.677033617281595,
    -21.90352063331209,
    7.84253300828782,
    40.290832406896754,
    74.88161611695553,
    80.60998609354317,
    77.52672661453694,
    76.28615016549666
  ],
  "teleOpEPAOverTime": [
    14.911073540778574,
    14.107526881720432,
    15.565796093894685,
    27.852690509853645,
    45.009079553359406,
    28.861323977513766,
    28.1046603921349,
    28.97700193968231,
    44.79969949238573,
    63.57803949025753,
    52.75538917855064,
    45.49533632670203,
    39.4804791360392,
    39.4804791360392,
    39.4804791360392,
    39.4804791360392,
    7.769861324848193,
    -39.4723809959969,
    -13.552164126318871,
    19.967698112566378,
    57.66239705149573,
    64.40372637146959,
    60.01007185997601,
    59.060562241780744
  ],
  "autonEPAOverTime": [
    3.4274193548387095,
    2.28494623655914,
    2.4338576928182665,
    3.8985541564858504,
    7.523137920744602,
    6.742120926944619,
    6.8538582754817226,
    8.64031200376165,
    12.731021747354898,
    11.983559902262094,
    13.236376311759921,
    14.519871569663458,
    13.899878005397285,
    13.899878005397285,
    13.899878005397285,
    13.899878005397285,
    14.907172292433401,
    17.568860362684813,
    21.39469713460669,
    20.323134294330377,
    17.2192190654598,
    16.206259722073582,
    17.516654754560935,
    17.225587923715924
  ],
  "endGameEPAOverTime": [
    3.750216781802073,
    4.166811187868048,
    3.4479547203645278,
    1.3056923853947133,
    3.3437124117282595,
    5.634482909956717,
    5.876324591519245,
    5.938567695965692,
    5.917947796519351,
    7.033813687464278,
    4.775197856540936,
    1.7641749449450599,
    2.080525892675065,
    2.080525892675065,
    2.080525892675065,
    2.080525892675065,
    3.3886820994100706,
    5.172183695096363,
    4.131280242661559,
    3.9500499636538904,
    5.082627463684814,
    6.523180842111554,
    6.660313352064677,
    6.867855906337492
  ],
  "unitlessEPAOverTime": [
    1500,
    1473.4440576524626,
    1482.4828642890511,
    1559.8220044042582,
    1676.6944871430446,
    1581.4868326103604,
    1577.8597584026065,
    1534.9258187774476,
    1631.468059585828,
    1718.8836060421038,
    1672.4880698419734,
    1643.5131056957268,
    1611.3466687932312,
    1605.99623280228,
    1605.99623280228,
    1605.99623280228,
    1453.221981545236,
    1264.0495011827738,
    1390.2734758051029,
    1527.9641210643395,
    1674.746153322858,
    1699.0538357893788,
    1685.9703770246886,
    1680.7061328292257
  ],
  "EPA Rank": 41,
  "Auto EPA Rank": 95,
  "TeleOp EPA Rank": 43,
  "Endgame EPA Rank": 15
}