{
  "teamNumber": 5385,
  "teamName": "Enigma Riddlers",
  "wins": 19,
  "loss": 12,
  "ties": 0,
  "elo": 1500,
  "totalEPA": 81.13250589302109,
  "autonEPA": 20.615299348325248,
  "endgameEPA": 2.0632715613124883,
  "unitlessEPA": 1701.2710887636265,
  "teleOpEPA": 60.51720654469584,
  "totalEPAOverTime": [
    22.088709677419356,
    36.55913978494624,
    58.0972055928868,
    20.816199469679965,
    19.34880844336608,
    25.62238235094188,
    28.486085718000698,
    28.486085718000698,
    28.486085718000698,
    28.486085718000698,
    28.486085718000698,
    28.486085718000698,
    28.486085718000698,
    24.940456901936752,
    24.96371440598424,
    46.51066510000117,
    79.06892322273015,
    86.88482128710356,
    84.30606073673579,
    84.30606073673579,
    84.30606073673579,
    84.30606073673579,
    84.30606073673579,
    91.40611064060134,
    82.77077862945949,
    59.09441710826994,
    64.52191076708479,
    79.94967721103227,
    81.48175346829282,
    80.87408707511409,
    81.13250589302109,
    81.13250589302109,
    81.13250589302109,
    81.13250589302109,
    81.13250589302109
  ],
  "teleOpEPAOverTime": [
    14.911073540778574,
    26.440860215053767,
    29.678542733352796,
    -3.7346476219547853,
    -1.0280068316648823,
    5.71978554581889,
    8.13322807553309,
    8.13322807553309,
    8.13322807553309,
    8.13322807553309,
    8.13322807553309,
    8.13322807553309,
    8.13322807553309,
    2.5885473719319094,
    1.812269200824712,
    24.02513381684655,
    55.27494255756947,
    60.998185177595886,
    57.35250901825704,
    57.35250901825704,
    57.35250901825704,
    57.35250901825704,
    57.35250901825704,
    63.25043112470799,
    54.98661556863789,
    33.48325927652026,
    41.59804744274256,
    57.83505602215596,
    59.98856474128128,
    59.817255768024594,
    60.51720654469584,
    60.51720654469584,
    60.51720654469584,
    60.51720654469584,
    60.51720654469584
  ],
  "autonEPAOverTime": [
    3.4274193548387095,
    10.118279569892474,
    28.418662859534006,
    24.55084709163475,
    20.376815275030964,
    19.90259680512299,
    20.352857642467608,
    20.352857642467608,
    20.352857642467608,
    20.352857642467608,
    20.352857642467608,
    20.352857642467608,
    20.352857642467608,
    22.351909530004843,
    23.15144520515953,
    22.485531283154618,
    23.79398066516068,
    25.886636109507677,
    26.95355171847875,
    26.95355171847875,
    26.95355171847875,
    26.95355171847875,
    26.95355171847875,
    28.15567951589335,
    27.784163060821598,
    25.611157831749676,
    22.92386332434223,
    22.114621188876306,
    21.49318872701154,
    21.056831307089496,
    20.615299348325248,
    20.615299348325248,
    20.615299348325248,
    20.615299348325248,
    20.615299348325248
  ],
  "endGameEPAOverTime": [
    3.750216781802073,
    2.500144521201382,
    -0.07523607247070244,
    0.9855232031938318,
    1.4625632644603668,
    0.4958917329030481,
    0.3804359752786253,
    0.3804359752786253,
    0.3804359752786253,
    0.3804359752786253,
    0.3804359752786253,
    0.3804359752786253,
    0.3804359752786253,
    -0.8198580542436502,
    -0.9649667114486395,
    0.8311107480500133,
    -0.6438363904325493,
    -0.22051253618268485,
    -0.29043083784532575,
    -0.29043083784532575,
    -0.29043083784532575,
    -0.29043083784532575,
    -0.29043083784532575,
    -0.5345980696082232,
    0.19534438314242175,
    3.9080979696863007,
    5.388343924947182,
    5.213367506968137,
    5.116089917857581,
    3.296820916423965,
    2.0632715613124883,
    2.0632715613124883,
    2.0632715613124883,
    2.0632715613124883,
    2.0632715613124883
  ],
  "unitlessEPAOverTime": [
    1500,
    1572.967974635412,
    1692.315408340661,
    1485.7326795835584,
    1477.6015245023948,
    1512.3648571389465,
    1528.2333037673131,
    1526.0937297028654,
    1526.0937297028654,
    1526.0937297028654,
    1526.0937297028654,
    1526.0937297028654,
    1526.0937297028654,
    1473.4671157546752,
    1473.57987051949,
    1578.0416972494108,
    1735.887471667457,
    1773.7797470494215,
    1761.27765143432,
    1752.0109933990052,
    1752.0109933990052,
    1752.0109933990052,
    1752.0109933990052,
    1733.8018349459073,
    1698.4749418890806,
    1601.6156329065607,
    1623.8193522081658,
    1686.933897725098,
    1693.201577303059,
    1690.7156316951362,
    1691.7728155917475,
    1701.2710887636265,
    1701.2710887636265,
    1701.2710887636265,
    1701.2710887636265
  ],
  "EPA Rank": 34,
  "Auto EPA Rank": 61,
  "TeleOp EPA Rank": 39,
  "Endgame EPA Rank": 239
}