{
  "teamNumber": 5663,
  "teamName": "Twisted Devils Red",
  "wins": 23,
  "loss": 9,
  "ties": 0,
  "elo": 1500,
  "totalEPA": 58.02219724127096,
  "autonEPA": 19.37409680242578,
  "endgameEPA": 7.865532284339959,
  "unitlessEPA": 1641.9817363341924,
  "teleOpEPA": 38.64810043884518,
  "totalEPAOverTime": [
    22.088709677419356,
    29.225806451612904,
    31.844982078853047,
    31.83646953405018,
    41.33293093720961,
    44.40710941302712,
    44.40710941302712,
    44.40710941302712,
    44.40710941302712,
    47.657806231286045,
    53.621498873321585,
    52.67708039167273,
    51.607692441089284,
    50.858827891495245,
    50.858827891495245,
    50.858827891495245,
    50.858827891495245,
    50.858827891495245,
    53.58801690156699,
    57.060919866393,
    54.24789917181496,
    54.495484392150324,
    59.03023839958156,
    59.03023839958156,
    59.03023839958156,
    59.03023839958156,
    55.55791259476357,
    56.14144509514154,
    57.88243825989706,
    56.51903042955517,
    53.24553505656811,
    55.6836546790232,
    58.02219724127096
  ],
  "teleOpEPAOverTime": [
    12.733870967741938,
    20.774193548387096,
    22.5994623655914,
    20.74223416965353,
    28.93070075003319,
    32.88369991481924,
    32.88369991481924,
    32.88369991481924,
    32.88369991481924,
    35.79286820858593,
    38.4213621139517,
    38.079028544338044,
    36.36113290682093,
    34.6528589618843,
    34.6528589618843,
    34.6528589618843,
    34.6528589618843,
    34.6528589618843,
    34.26871673956034,
    37.56919801922965,
    34.54108795509281,
    33.637763625128784,
    35.778954548426654,
    35.778954548426654,
    35.778954548426654,
    35.778954548426654,
    37.40095008430682,
    35.100885759694066,
    36.592626793124964,
    39.0985440238465,
    37.00632364521023,
    38.81339283581238,
    38.64810043884518
  ],
  "autonEPAOverTime": [
    3.4274193548387095,
    8.451612903225806,
    9.245519713261649,
    11.094235364396654,
    12.402230187176423,
    11.523409498207885,
    11.523409498207885,
    11.523409498207885,
    11.523409498207885,
    11.86493802270012,
    15.200136759369883,
    14.59805184733469,
    15.246559534268354,
    16.205968929610947,
    16.205968929610947,
    16.205968929610947,
    16.205968929610947,
    16.205968929610947,
    19.31930016200665,
    19.491721847163348,
    19.706811216722144,
    20.85772076702154,
    23.25128385115491,
    23.25128385115491,
    23.25128385115491,
    23.25128385115491,
    18.15696251045675,
    21.040559335447476,
    21.289811466772097,
    17.42048640570867,
    16.239211411357875,
    16.870261843210823,
    19.37409680242578
  ],
  "endGameEPAOverTime": [
    5.92741935483871,
    5.618279569892473,
    6.106630824372759,
    5.02016129032258,
    5.787389652197,
    6.482107200539847,
    6.482107200539847,
    6.482107200539847,
    6.482107200539847,
    6.080519441310088,
    6.685175601581437,
    6.3420601008085,
    6.072584930681715,
    5.69538400909825,
    5.69538400909825,
    5.69538400909825,
    5.69538400909825,
    5.69538400909825,
    6.501275774379412,
    9.574043149495596,
    8.51152341311013,
    7.9362360747111165,
    10.643874670323004,
    10.643874670323004,
    10.643874670323004,
    10.643874670323004,
    9.330748083292605,
    8.36033980953633,
    8.253256463147114,
    8.499156513985508,
    8.429419565371369,
    7.3751315493804785,
    7.865532284339959
  ],
  "unitlessEPAOverTime": [
    1500,
    1576.1858739848508,
    1601.5170802105924,
    1601.434751623817,
    1693.279231129647,
    1723.0109711992218,
    1695.7629451040382,
    1695.7629451040382,
    1695.7629451040382,
    1733.2244479605913,
    1787.9607029079257,
    1779.2925950942974,
    1769.4774864000365,
    1762.6042212322982,
    1744.2342674047782,
    1744.2342674047782,
    1744.2342674047782,
    1744.2342674047782,
    1655.959449794024,
    1678.9994946176128,
    1660.3372620274179,
    1661.9797998788808,
    1692.0644111258289,
    1694.1859628603893,
    1694.1859628603893,
    1694.1859628603893,
    1627.792645189983,
    1631.1525637956547,
    1641.1770188565476,
    1633.3266603361276,
    1614.4782191573493,
    1628.5166548520776,
    1641.9817363341924
  ],
  "EPA Rank": 80,
  "Auto EPA Rank": 69,
  "TeleOp EPA Rank": 98,
  "Endgame EPA Rank": 56
}