{
  "teamNumber": 8027,
  "teamName": "Twisted Devils Blue",
  "wins": 15,
  "loss": 15,
  "ties": 0,
  "elo": 1500,
  "totalEPA": 47.98814016104273,
  "autonEPA": 14.752818519323382,
  "endgameEPA": 11.430535780633036,
  "unitlessEPA": 1584.2066937232087,
  "teleOpEPA": 33.235321641719345,
  "totalEPAOverTime": [
    22.088709677419356,
    21.559139784946236,
    18.956093189964157,
    19.660543608124254,
    25.221998207885306,
    28.29617668370282,
    28.29617668370282,
    28.29617668370282,
    28.29617668370282,
    28.398695623515792,
    30.322389722105452,
    31.649968783591753,
    32.31832823075881,
    31.77918702059708,
    37.467870904261005,
    37.371757484495554,
    36.29042616371401,
    36.78606112072283,
    41.21484015087897,
    41.21484015087897,
    41.21484015087897,
    41.21484015087897,
    41.21484015087897,
    41.21484015087897,
    44.639251676458784,
    47.30054189496866,
    48.27845420211315,
    48.82823807989931,
    48.888596705523696,
    47.055919996529994,
    47.98814016104273
  ],
  "teleOpEPAOverTime": [
    12.733870967741938,
    16.440860215053764,
    14.155017921146953,
    14.297789725209082,
    15.351304261250501,
    19.304303426036554,
    19.304303426036554,
    19.304303426036554,
    19.304303426036554,
    20.143371134600354,
    20.407110354102443,
    21.144493684992327,
    22.101347030481445,
    21.312089251600664,
    24.816525989237107,
    25.427482742233025,
    23.535212225985916,
    23.127756946657307,
    27.20423983638775,
    27.20423983638775,
    27.20423983638775,
    27.20423983638775,
    27.20423983638775,
    27.20423983638775,
    28.44888935256994,
    31.120495920238277,
    33.097826066225416,
    33.25062028037769,
    31.51167318176598,
    32.10392567839492,
    33.235321641719345
  ],
  "autonEPAOverTime": [
    3.4274193548387095,
    5.118279569892473,
    4.801075268817204,
    5.362753882915173,
    9.870693946634805,
    8.991873257666267,
    8.991873257666267,
    8.991873257666267,
    8.991873257666267,
    8.255324488915438,
    9.915279368003008,
    10.505475098599426,
    10.216981200277363,
    10.467097768996418,
    12.651344915023897,
    11.944274742262529,
    12.755213937728094,
    13.658304174065522,
    14.01060031449122,
    14.01060031449122,
    14.01060031449122,
    14.01060031449122,
    14.01060031449122,
    14.01060031449122,
    16.190362323888845,
    16.180045974730383,
    15.180628135887735,
    15.577617799521615,
    17.376923523757718,
    14.951994318135071,
    14.752818519323382
  ],
  "endGameEPAOverTime": [
    5.92741935483871,
    5.618279569892473,
    6.106630824372759,
    5.853494623655913,
    5.044305057745917,
    5.739022606088764,
    5.739022606088764,
    5.739022606088764,
    5.739022606088764,
    5.461282279267518,
    5.28135530440752,
    5.898059672140816,
    6.451589734678461,
    6.3905238971533,
    6.0042000218212985,
    5.075714361488333,
    4.005845568997436,
    4.74228823237674,
    5.48287117947214,
    5.48287117947214,
    5.48287117947214,
    5.48287117947214,
    5.48287117947214,
    5.48287117947214,
    6.414651683874994,
    8.723052121498128,
    9.522974770983923,
    11.652341079645177,
    10.175663666718805,
    11.910937203732013,
    11.430535780633036
  ],
  "unitlessEPAOverTime": [
    1500,
    1502.038148884801,
    1476.8629336655815,
    1483.6759853115402,
    1537.4632731575605,
    1567.1950132271352,
    1549.4982624783058,
    1549.4982624783058,
    1549.4982624783058,
    1556.4595387740558,
    1574.1156818621319,
    1586.3005328150566,
    1592.4349021215385,
    1587.4865299462156,
    1574.737504398624,
    1574.0270547320658,
    1566.0340868597045,
    1569.6977135499287,
    1602.4342928217109,
    1597.9535024221955,
    1597.9535024221955,
    1597.9535024221955,
    1597.9535024221955,
    1597.9535024221955,
    1564.9241469578012,
    1580.2475754120376,
    1585.8782913590705,
    1589.0438889545353,
    1589.39142755627,
    1578.8390683153696,
    1584.2066937232087
  ],
  "EPA Rank": 124,
  "Auto EPA Rank": 112,
  "TeleOp EPA Rank": 133,
  "Endgame EPA Rank": 4
}