{
  "teamNumber": 8133,
  "teamName": "Laker Robotics, Bionic Sailors Team 8133",
  "wins": 2,
  "loss": 3,
  "ties": 0,
  "elo": 1500,
  "totalEPA": 21.448802084131025,
  "autonEPA": 4.401485643680799,
  "endgameEPA": 5.668034786000881,
  "unitlessEPA": 1441.0418246154986,
  "teleOpEPA": 17.047316440450224,
  "totalEPAOverTime": [
    22.088709677419356,
    19.53274041073948,
    19.184093711458527,
    19.867846258016836,
    17.837045590492423,
    21.448802084131025
  ],
  "teleOpEPAOverTime": [
    12.733870967741938,
    15.023829001069267,
    13.224158576159873,
    13.68421370583702,
    12.91782369757656,
    17.047316440450224
  ],
  "autonEPAOverTime": [
    3.4274193548387095,
    4.508911409670212,
    5.959935135298653,
    6.183632552179815,
    4.919221892915862,
    4.401485643680799
  ],
  "endGameEPAOverTime": [
    5.92741935483871,
    5.510114524109533,
    5.322048841775866,
    4.964628691456784,
    5.74486338561505,
    5.668034786000881
  ],
  "unitlessEPAOverTime": [
    1500,
    1428.593723905137,
    1426.328666738526,
    1430.770810057148,
    1417.5772831560712,
    1441.0418246154986
  ],
  "EPA Rank": 425,
  "Auto EPA Rank": 422,
  "TeleOp EPA Rank": 412,
  "Endgame EPA Rank": 296
}