{
  "teamNumber": 8529,
  "teamName": "Team R.O.B.O.T.I.C.S.",
  "wins": 10,
  "loss": 11,
  "ties": 0,
  "elo": 1500,
  "totalEPA": 36.01931489316061,
  "autonEPA": 9.816880517615461,
  "endgameEPA": 6.473872493971246,
  "unitlessEPA": 1512.5622005911803,
  "teleOpEPA": 26.202434375545153,
  "totalEPAOverTime": [
    22.088709677419356,
    23.559139784946236,
    24.817204301075268,
    25.905913978494624,
    24.39252289924333,
    30.45764716725745,
    30.45764716725745,
    30.45764716725745,
    30.45764716725745,
    30.45764716725745,
    28.86658769314465,
    27.870150501204897,
    25.344265850881207,
    28.632473360898775,
    30.8561729721688,
    37.21308190011493,
    42.285007069874034,
    42.659098446556506,
    38.72295598406523,
    34.34324645618336,
    37.88917513740006,
    36.01931489316061
  ],
  "teleOpEPAOverTime": [
    12.733870967741938,
    19.774193548387096,
    21.516129032258064,
    22.367234169653525,
    21.173063520509757,
    25.31617833478852,
    25.31617833478852,
    25.31617833478852,
    25.31617833478852,
    25.31617833478852,
    24.15326689189366,
    23.292553704005925,
    21.44911389375557,
    23.273889800290128,
    24.13684091009729,
    27.5907219770861,
    31.350185026297503,
    30.410327681345997,
    27.361256620372703,
    24.453697360799616,
    28.391302168861404,
    26.202434375545153
  ],
  "autonEPAOverTime": [
    3.4274193548387095,
    3.7849462365591395,
    3.301075268817204,
    3.538679808841099,
    3.219459378733572,
    5.141468832468926,
    5.141468832468926,
    5.141468832468926,
    5.141468832468926,
    5.141468832468926,
    4.713320801250987,
    4.577596797198971,
    3.8951519571256377,
    5.358583560608648,
    6.719332062071507,
    9.622359923028828,
    10.934822043576533,
    12.248770765210507,
    11.361699363692527,
    9.889549095383744,
    9.497872968538655,
    9.816880517615461
  ],
  "endGameEPAOverTime": [
    5.92741935483871,
    5.618279569892473,
    5.412186379928316,
    5.274790919952211,
    4.8822680207088816,
    5.686517704089319,
    5.686517704089319,
    5.686517704089319,
    5.686517704089319,
    5.686517704089319,
    5.41752819426798,
    5.291957947289481,
    4.408690600404511,
    4.431371414241524,
    4.516381197670843,
    5.078131256942057,
    7.7884414658207834,
    7.690442662488477,
    7.7372377952251465,
    7.137838919615011,
    7.201968431924835,
    6.473872493971246
  ],
  "unitlessEPAOverTime": [
    1500,
    1512.040891115281,
    1523.5877202743923,
    1533.5801685851618,
    1519.6898886996703,
    1575.3571083483293,
    1564.7839428888542,
    1564.7839428888542,
    1564.7839428888542,
    1564.7839428888542,
    1494.6752757868242,
    1487.9435310432311,
    1470.8791231153841,
    1493.093642806598,
    1508.1165446920202,
    1519.2971461141917,
    1547.9117246007168,
    1550.0222579191177,
    1527.8154915222763,
    1503.1062267285079,
    1523.1115010888775,
    1512.5622005911803
  ],
  "EPA Rank": 220,
  "Auto EPA Rank": 216,
  "TeleOp EPA Rank": 223,
  "Endgame EPA Rank": 195
}