{
  "teamNumber": 8733,
  "teamName": "RoboVikings",
  "wins": 4,
  "loss": 5,
  "ties": 1,
  "elo": 1500,
  "totalEPA": 12.48741667373728,
  "autonEPA": 8.7982000760709,
  "endgameEPA": -0.8068750440269086,
  "unitlessEPA": 1413.093499596537,
  "teleOpEPA": 3.6892165976663804,
  "totalEPAOverTime": [
    22.088709677419356,
    21.059139784946236,
    23.922363449625188,
    35.49256668148257,
    40.964222176559765,
    31.163750283755412,
    19.373330776059845,
    19.459099982185247,
    22.848895751649724,
    23.362304893109602,
    15.993294958442535,
    9.321230896865599,
    12.48741667373728
  ],
  "teleOpEPAOverTime": [
    14.911073540778574,
    16.107526881720432,
    17.137843492443643,
    28.94342126043438,
    33.42267928150633,
    26.487485293445232,
    15.729965458711312,
    14.51718045973899,
    16.321786785811415,
    17.34885138706189,
    9.07908175434278,
    0.6042597058530568,
    3.6892165976663804
  ],
  "autonEPAOverTime": [
    3.4274193548387095,
    4.951612903225806,
    6.784519957181542,
    6.54914542104819,
    7.541542895053429,
    4.676264990310179,
    3.6433653173485334,
    4.941919522446257,
    6.52710896583831,
    6.013453506047711,
    6.914213204099755,
    8.716971191012542,
    8.7982000760709
  ],
  "endGameEPAOverTime": [
    3.750216781802073,
    2.500144521201382,
    0.8293193276800858,
    0.43362501253847213,
    -0.9019783475160513,
    0.27411903188724573,
    1.2304988926782117,
    0.9746754700786804,
    -0.9631784468079808,
    -3.990984684064756,
    -2.275386219160717,
    -1.0142985294626636,
    -0.8068750440269086
  ],
  "unitlessEPAOverTime": [
    1500,
    1499.6894564840268,
    1515.792266560485,
    1580.8632519281314,
    1611.6359192289644,
    1556.5179277509249,
    1490.208442957155,
    1446.8929352626333,
    1463.3270127963021,
    1465.8160729671984,
    1430.0903570690314,
    1397.7435062394652,
    1413.093499596537
  ],
  "EPA Rank": 455,
  "Auto EPA Rank": 241,
  "TeleOp EPA Rank": 482,
  "Endgame EPA Rank": 483
}