{
  "teamNumber": 9133,
  "teamName": "Robo Dawgs",
  "wins": 6,
  "loss": 4,
  "ties": 0,
  "elo": 1500,
  "totalEPA": 35.42709709623288,
  "autonEPA": 17.457159260643053,
  "endgameEPA": 1.5568119946046899,
  "unitlessEPA": 1524.3074228826702,
  "teleOpEPA": 17.969937835589825,
  "totalEPAOverTime": [
    22.088709677419356,
    18.05913978494624,
    26.925791369927396,
    34.36601862627344,
    27.555675985173714,
    33.46230083895934,
    37.02763124820461,
    48.30320321821151,
    64.99052398527024,
    41.307073221870425,
    39.122546730896715,
    34.54247164676254,
    35.42709709623288
  ],
  "teleOpEPAOverTime": [
    14.911073540778574,
    14.7741935483871,
    22.148501071499687,
    28.00214150442423,
    24.516448516040146,
    26.820108545760576,
    29.764407850656223,
    36.843658964886245,
    45.61118752994853,
    20.722750422384827,
    20.035298726629364,
    16.497072927986693,
    17.969937835589825
  ],
  "autonEPAOverTime": [
    3.4274193548387095,
    3.2849462365591395,
    4.77729029842771,
    6.363877121849208,
    3.0392274691335683,
    6.64219229319876,
    7.2632233975483835,
    11.459544253325266,
    19.379336455321713,
    20.584322799485598,
    19.08724800426735,
    18.04539871877585,
    17.457159260643053
  ],
  "endGameEPAOverTime": [
    3.750216781802073,
    2.500144521201382,
    3.910017768042648,
    8.96040210280469,
    6.6615744964621575,
    4.669969854662987,
    4.028334487292578,
    4.282338742337106,
    3.8999174983606606,
    4.357819702394865,
    4.578710358305294,
    2.1711400942142838,
    1.5568119946046899
  ],
  "unitlessEPAOverTime": [
    1500,
    1470.4551704107587,
    1519.5873497653201,
    1560.8153800419,
    1523.0776869678534,
    1555.8076695226964,
    1575.5639948329215,
    1586.732105881722,
    1667.6339483423883,
    1552.8141501655698,
    1542.2233417014104,
    1520.0186679801443,
    1524.3074228826702
  ],
  "EPA Rank": 254,
  "Auto EPA Rank": 88,
  "TeleOp EPA Rank": 340,
  "Endgame EPA Rank": 278
}