{
  "predictedWinner": "Blue",
  "redTeams": [
    18995,
    7254
  ],
  "blueTeams": [
    16607,
    8845
  ],
  "actualWinner": "Red",
  "pointBreakdown": {
    "redData": {
      "redScore": 245,
      "redPenaltyFreeScore": 245,
      "redAuto": 73,
      "redTeleOp": 92,
      "redEndgame": 80
    },
    "blueData": {
      "blueScore": 88,
      "bluePenaltyFreeScore": 68,
      "blueAuto": 10,
      "blueTeleOp": -8,
      "blueEndgame": 66
    }
  },
  "predictedScores": {
    "redEPA": 155.94506196996352,
    "redAutonEPA": 68.79595363462253,
    "redTeleOpEPA": 31.263637699478423,
    "redEndgameEPA": 55.88547063586256,
    "blueEPA": 187.14561096816726,
    "blueAutonEPA": 44.96979063149849,
    "blueTeleOpEPA": 66.93756842953464,
    "blueEndgameEPA": 75.23825190713414
  }
}