{
  "predictedWinner": "Blue",
  "redTeams": [
    13462,
    16297
  ],
  "blueTeams": [
    13019,
    18995
  ],
  "actualWinner": "Blue",
  "pointBreakdown": {
    "redData": {
      "redScore": 87,
      "redPenaltyFreeScore": 87,
      "redAuto": 38,
      "redTeleOp": 40,
      "redEndgame": 9
    },
    "blueData": {
      "blueScore": 179,
      "bluePenaltyFreeScore": 149,
      "blueAuto": 78,
      "blueTeleOp": 8,
      "blueEndgame": 63
    }
  },
  "predictedScores": {
    "redEPA": 67.04159049460229,
    "redAutonEPA": 47.670293221433326,
    "redTeleOpEPA": -12.861347044684578,
    "redEndgameEPA": 32.23264431785354,
    "blueEPA": 208.6460271866075,
    "blueAutonEPA": 70.11346283597953,
    "blueTeleOpEPA": 65.1402922850684,
    "blueEndgameEPA": 73.39227206555958
  }
}