{
  "predictedWinner": "Blue",
  "redTeams": [
    18474,
    13550
  ],
  "blueTeams": [
    14010,
    14670
  ],
  "actualWinner": "Blue",
  "pointBreakdown": {
    "redData": {
      "redScore": 101,
      "redPenaltyFreeScore": 71,
      "redAuto": 32,
      "redTeleOp": -6,
      "redEndgame": 45
    },
    "blueData": {
      "blueScore": 127,
      "bluePenaltyFreeScore": 127,
      "blueAuto": 52,
      "blueTeleOp": 46,
      "blueEndgame": 29
    }
  },
  "predictedScores": {
    "redEPA": 66.93770068843426,
    "redAutonEPA": 50.43047767690203,
    "redTeleOpEPA": -19.840116186733077,
    "redEndgameEPA": 36.34733919826531,
    "blueEPA": 115.82386984577892,
    "blueAutonEPA": 48.43970471301129,
    "blueTeleOpEPA": 25.374359844285074,
    "blueEndgameEPA": 42.00980528848256
  }
}