{
  "predictedWinner": "Blue",
  "redTeams": [
    16607,
    15353
  ],
  "blueTeams": [
    13462,
    6294
  ],
  "actualWinner": "Blue",
  "pointBreakdown": {
    "redData": {
      "redScore": 150,
      "redPenaltyFreeScore": 150,
      "redAuto": 46,
      "redTeleOp": 28,
      "redEndgame": 76
    },
    "blueData": {
      "blueScore": 190,
      "bluePenaltyFreeScore": 190,
      "blueAuto": 68,
      "blueTeleOp": 60,
      "blueEndgame": 62
    }
  },
  "predictedScores": {
    "redEPA": 72.2300488773497,
    "redAutonEPA": 10.83269228969278,
    "redTeleOpEPA": -0.24039037804966057,
    "redEndgameEPA": 61.63774696570658,
    "blueEPA": 139.012610204724,
    "blueAutonEPA": 48.642393555364976,
    "blueTeleOpEPA": 7.5833356133377094,
    "blueEndgameEPA": 82.78688103602133
  }
}