{
  "predictedWinner": "Blue",
  "redTeams": [
    16607,
    13550
  ],
  "blueTeams": [
    11181,
    7693
  ],
  "actualWinner": "Blue",
  "pointBreakdown": {
    "redData": {
      "redScore": 126,
      "redPenaltyFreeScore": 126,
      "redAuto": 30,
      "redTeleOp": 48,
      "redEndgame": 48
    },
    "blueData": {
      "blueScore": 194,
      "bluePenaltyFreeScore": 194,
      "blueAuto": 58,
      "blueTeleOp": 68,
      "blueEndgame": 68
    }
  },
  "predictedScores": {
    "redEPA": 72.14423152742378,
    "redAutonEPA": 18.276248055820393,
    "redTeleOpEPA": 6.190282380723318,
    "redEndgameEPA": 47.67770109088008,
    "blueEPA": 103.86004039280095,
    "blueAutonEPA": 47.87289657273506,
    "blueTeleOpEPA": 8.943272296350457,
    "blueEndgameEPA": 47.04387152371544
  }
}