{
  "predictedWinner": "Blue",
  "redTeams": [
    13550,
    12740
  ],
  "blueTeams": [
    8478,
    12440
  ],
  "actualWinner": "Blue",
  "pointBreakdown": {
    "redData": {
      "redScore": 134,
      "redPenaltyFreeScore": 134,
      "redAuto": 46,
      "redTeleOp": 34,
      "redEndgame": 54
    },
    "blueData": {
      "blueScore": 206,
      "bluePenaltyFreeScore": 206,
      "blueAuto": 42,
      "blueTeleOp": 68,
      "blueEndgame": 96
    }
  },
  "predictedScores": {
    "redEPA": 93.6933232719347,
    "redAutonEPA": 43.647185497300796,
    "redTeleOpEPA": 32.33903292639571,
    "redEndgameEPA": 17.707104848238195,
    "blueEPA": 191.0554172569818,
    "blueAutonEPA": 86.25689119068298,
    "blueTeleOpEPA": 64.70209667215761,
    "blueEndgameEPA": 40.096429394141204
  }
}