{
  "predictedWinner": "Blue",
  "redTeams": [
    16607,
    13550
  ],
  "blueTeams": [
    11181,
    7693
  ],
  "actualWinner": "Blue",
  "pointBreakdown": {
    "redData": {
      "redScore": 126,
      "redPenaltyFreeScore": 126,
      "redAuto": 30,
      "redTeleOp": 48,
      "redEndgame": 48
    },
    "blueData": {
      "blueScore": 194,
      "bluePenaltyFreeScore": 194,
      "blueAuto": 58,
      "blueTeleOp": 68,
      "blueEndgame": 68
    }
  },
  "predictedScores": {
    "redEPA": 72.07242324964247,
    "redAutonEPA": 18.25246278808997,
    "redTeleOpEPA": 6.180924453338221,
    "redEndgameEPA": 47.639036008214276,
    "blueEPA": 103.86006073000675,
    "blueAutonEPA": 47.87290331032658,
    "blueTeleOpEPA": 8.943274667983793,
    "blueEndgameEPA": 47.04388275169638
  }
}