{
  "predictedWinner": "Blue",
  "redTeams": [
    16671,
    18995
  ],
  "blueTeams": [
    13643,
    11181
  ],
  "actualWinner": "Red",
  "pointBreakdown": {
    "redData": {
      "redScore": 182,
      "redPenaltyFreeScore": 152,
      "redAuto": 68,
      "redTeleOp": 10,
      "redEndgame": 74
    },
    "blueData": {
      "blueScore": 135,
      "bluePenaltyFreeScore": 135,
      "blueAuto": 49,
      "blueTeleOp": 34,
      "blueEndgame": 52
    }
  },
  "predictedScores": {
    "redEPA": 117.94214158556629,
    "redAutonEPA": 53.353535606332684,
    "redTeleOpEPA": -15.408618469989634,
    "redEndgameEPA": 79.99722444922324,
    "blueEPA": 151.07246563641203,
    "blueAutonEPA": 26.09051634321043,
    "blueTeleOpEPA": 44.23266746127811,
    "blueEndgameEPA": 80.7492818319235
  }
}