{
  "predictedWinner": "Red",
  "redTeams": [
    10136,
    10016,
    14010
  ],
  "blueTeams": [
    13019,
    19940,
    7693
  ],
  "actualWinner": "Red",
  "pointBreakdown": {
    "redData": {
      "redScore": 165,
      "redPenaltyFreeScore": 135,
      "redAuto": 58,
      "redTeleOp": 8,
      "redEndgame": 69
    },
    "blueData": {
      "blueScore": 164,
      "bluePenaltyFreeScore": 134,
      "blueAuto": 42,
      "blueTeleOp": 2,
      "blueEndgame": 90
    }
  },
  "predictedScores": {
    "redEPA": 360.58128793738854,
    "redAutonEPA": 97.30554948149089,
    "redTeleOpEPA": 125.88651793564128,
    "redEndgameEPA": 137.3892205202564,
    "blueEPA": 280.33285339841456,
    "blueAutonEPA": 86.87904264745168,
    "blueTeleOpEPA": 78.32993985443241,
    "blueEndgameEPA": 115.12387089653046
  }
}