{
  "predictedWinner": "Blue",
  "redTeams": [
    7253,
    7252,
    15256
  ],
  "blueTeams": [
    6294,
    8478,
    15004
  ],
  "actualWinner": "Red",
  "pointBreakdown": {
    "redData": {
      "redScore": 225,
      "redPenaltyFreeScore": 225,
      "redAuto": 48,
      "redTeleOp": 88,
      "redEndgame": 89
    },
    "blueData": {
      "blueScore": 194,
      "bluePenaltyFreeScore": 194,
      "blueAuto": 58,
      "blueTeleOp": 70,
      "blueEndgame": 66
    }
  },
  "predictedScores": {
    "redEPA": 314.33637651225143,
    "redAutonEPA": 133.02455812218284,
    "redTeleOpEPA": 91.70140899724618,
    "redEndgameEPA": 89.61040939282242,
    "blueEPA": 329.8513880505827,
    "blueAutonEPA": 102.06569769965864,
    "blueTeleOpEPA": 103.41820586899587,
    "blueEndgameEPA": 124.36748448192822
  }
}