{
  "predictedWinner": "Red",
  "redTeams": [
    21672,
    20332
  ],
  "blueTeams": [
    23392,
    21859
  ],
  "actualWinner": "Blue",
  "pointBreakdown": {
    "redData": {
      "redScore": 145,
      "redPenaltyFreeScore": 135,
      "redAuto": 47,
      "redTeleOp": 88,
      "redEndgame": null
    },
    "blueData": {
      "blueScore": 186,
      "bluePenaltyFreeScore": 186,
      "blueAuto": 29,
      "blueTeleOp": 157,
      "blueEndgame": null
    }
  },
  "predictedScores": {
    "redEPA": 173.49204011231754,
    "redAutonEPA": 55.12728897428212,
    "redTeleOpEPA": 118.36475113803542,
    "redEndgameEPA": 0,
    "blueEPA": 102.33782355154172,
    "blueAutonEPA": 25.909556896842574,
    "blueTeleOpEPA": 76.42826665469914,
    "blueEndgameEPA": 0
  }
}