{
  "predictedWinner": "Blue",
  "redTeams": [
    21672,
    23373
  ],
  "blueTeams": [
    11228,
    10477
  ],
  "actualWinner": "Blue",
  "pointBreakdown": {
    "redData": {
      "redScore": 131,
      "redPenaltyFreeScore": 131,
      "redAuto": 31,
      "redTeleOp": 100,
      "redEndgame": null
    },
    "blueData": {
      "blueScore": 261,
      "bluePenaltyFreeScore": 261,
      "blueAuto": 51,
      "blueTeleOp": 210,
      "blueEndgame": null
    }
  },
  "predictedScores": {
    "redEPA": 145.61020813369407,
    "redAutonEPA": 28.231022297948364,
    "redTeleOpEPA": 117.37918583574572,
    "redEndgameEPA": 0,
    "blueEPA": 250.52950359537073,
    "blueAutonEPA": 46.820123664241166,
    "blueTeleOpEPA": 203.70937993112955,
    "blueEndgameEPA": 0
  }
}