{
  "predictedWinner": "Blue",
  "redTeams": [
    8492,
    21914
  ],
  "blueTeams": [
    23623,
    8533
  ],
  "actualWinner": "Blue",
  "pointBreakdown": {
    "redData": {
      "redScore": 145,
      "redPenaltyFreeScore": 140,
      "redAuto": 41,
      "redTeleOp": 99,
      "redEndgame": 0
    },
    "blueData": {
      "blueScore": 178,
      "bluePenaltyFreeScore": 178,
      "blueAuto": 42,
      "blueTeleOp": 136,
      "blueEndgame": 0
    }
  },
  "predictedScores": {
    "redEPA": 144.3555444871432,
    "redAutonEPA": 47.26379927205443,
    "redTeleOpEPA": 93.5746271731957,
    "redEndgameEPA": 3.517118041893065,
    "blueEPA": 218.24046463925737,
    "blueAutonEPA": 73.5548991064248,
    "blueTeleOpEPA": 138.4248535250053,
    "blueEndgameEPA": 6.260712007827298
  }
}