{
  "predictedWinner": "Tie",
  "redTeams": [
    31875,
    23623
  ],
  "blueTeams": [
    30837,
    23416
  ],
  "actualWinner": "Red",
  "pointBreakdown": {
    "redData": {
      "redScore": 140,
      "redPenaltyFreeScore": 140,
      "redAuto": 45,
      "redTeleOp": 95,
      "redEndgame": 0
    },
    "blueData": {
      "blueScore": 38,
      "bluePenaltyFreeScore": 38,
      "blueAuto": 13,
      "blueTeleOp": 15,
      "blueEndgame": 10
    }
  },
  "predictedScores": {
    "redEPA": 44.17741935483871,
    "redAutonEPA": 6.854838709677419,
    "redTeleOpEPA": 29.822147081557148,
    "redEndgameEPA": 7.500433563604146,
    "blueEPA": 44.17741935483871,
    "blueAutonEPA": 6.854838709677419,
    "blueTeleOpEPA": 29.822147081557148,
    "blueEndgameEPA": 7.500433563604146
  }
}