{
  "winProbability": 0.8638052351612099,
  "predictedWinner": "Red",
  "redTeams": [
    23416,
    8533
  ],
  "blueTeams": [
    23168,
    7643
  ],
  "actualWinner": "Red",
  "pointBreakdown": {
    "redData": {
      "redScore": 120,
      "redPenaltyFreeScore": 115,
      "redAuto": 43,
      "redTeleOp": 72,
      "redEndgame": 0
    },
    "blueData": {
      "blueScore": 70,
      "bluePenaltyFreeScore": 55,
      "blueAuto": 0,
      "blueTeleOp": 55,
      "blueEndgame": 0
    }
  },
  "predictedScores": {
    "redEPA": 87.56542505176796,
    "redAutonEPA": 24.365352181071778,
    "redTeleOpEPA": 51.66279809381812,
    "redEndgameEPA": 11.537274776878064,
    "blueEPA": 50.383677272236696,
    "blueAutonEPA": 11.040901128225737,
    "blueTeleOpEPA": 30.042142309776338,
    "blueEndgameEPA": 9.300633834234617
  }
}