{
  "winProbability": 0.6283457544352299,
  "predictedWinner": "Blue",
  "redTeams": [
    7031,
    20159
  ],
  "blueTeams": [
    23168,
    8492
  ],
  "actualWinner": "Blue",
  "pointBreakdown": {
    "redData": {
      "redScore": 49,
      "redPenaltyFreeScore": 49,
      "redAuto": 16,
      "redTeleOp": 23,
      "redEndgame": 10
    },
    "blueData": {
      "blueScore": 110,
      "bluePenaltyFreeScore": 105,
      "blueAuto": 29,
      "blueTeleOp": 66,
      "blueEndgame": 10
    }
  },
  "predictedScores": {
    "redEPA": 57.35917944695482,
    "redAutonEPA": 8.393465377558293,
    "redTeleOpEPA": 37.38168001585042,
    "redEndgameEPA": 11.584034053546109,
    "blueEPA": 67.92894793394574,
    "blueAutonEPA": 14.787456743198078,
    "blueTeleOpEPA": 38.04947534616285,
    "blueEndgameEPA": 15.092015844584807
  }
}