{
  "predictedWinner": "Red",
  "redTeams": [
    15358,
    28804
  ],
  "blueTeams": [
    10645,
    20159
  ],
  "actualWinner": "Blue",
  "pointBreakdown": {
    "redData": {
      "redScore": 103,
      "redPenaltyFreeScore": 83,
      "redAuto": 15,
      "redTeleOp": 68,
      "redEndgame": 0
    },
    "blueData": {
      "blueScore": 123,
      "bluePenaltyFreeScore": 123,
      "blueAuto": 25,
      "blueTeleOp": 88,
      "blueEndgame": 10
    }
  },
  "predictedScores": {
    "redEPA": 130.511332766673,
    "redAutonEPA": 37.11473550585637,
    "redTeleOpEPA": 83.93934846643238,
    "redEndgameEPA": 9.457248794384256,
    "blueEPA": 93.99152914285355,
    "blueAutonEPA": 22.112950494444938,
    "blueTeleOpEPA": 67.63811371666439,
    "blueEndgameEPA": 4.240464931744228
  }
}