{
  "winProbability": 0.8350045340360458,
  "predictedWinner": "Red",
  "redTeams": [
    10538,
    14739
  ],
  "blueTeams": [
    10645,
    20159
  ],
  "actualWinner": "Blue",
  "pointBreakdown": {
    "redData": {
      "redScore": 97,
      "redPenaltyFreeScore": 97,
      "redAuto": 31,
      "redTeleOp": 56,
      "redEndgame": 10
    },
    "blueData": {
      "blueScore": 137,
      "bluePenaltyFreeScore": 132,
      "blueAuto": 27,
      "blueTeleOp": 75,
      "blueEndgame": 30
    }
  },
  "predictedScores": {
    "redEPA": 112.95047647531541,
    "redAutonEPA": 30.955229245238392,
    "redTeleOpEPA": 72.40610767171844,
    "redEndgameEPA": 9.589139558358564,
    "blueEPA": 76.22578910439486,
    "blueAutonEPA": 17.876901415770305,
    "blueTeleOpEPA": 44.811700047398084,
    "blueEndgameEPA": 13.537187641226474
  }
}