{
  "predictedWinner": "Red",
  "redTeams": [
    8492,
    21914
  ],
  "blueTeams": [
    10136,
    7643
  ],
  "actualWinner": "Red",
  "pointBreakdown": {
    "redData": {
      "redScore": 130,
      "redPenaltyFreeScore": 125,
      "redAuto": 23,
      "redTeleOp": 102,
      "redEndgame": 0
    },
    "blueData": {
      "blueScore": 71,
      "bluePenaltyFreeScore": 71,
      "blueAuto": 25,
      "blueTeleOp": 36,
      "blueEndgame": 10
    }
  },
  "predictedScores": {
    "redEPA": 144.3555444871432,
    "redAutonEPA": 47.26379927205443,
    "redTeleOpEPA": 93.5746271731957,
    "redEndgameEPA": 3.517118041893065,
    "blueEPA": 96.12152676856175,
    "blueAutonEPA": 12.830959064776582,
    "blueTeleOpEPA": 84.47152420508553,
    "blueEndgameEPA": -1.1809565013003636
  }
}