{
  "predictedWinner": "Tie",
  "redTeams": [
    15850,
    15847
  ],
  "blueTeams": [
    15842,
    15844
  ],
  "actualWinner": "Blue",
  "pointBreakdown": {
    "redData": {
      "redScore": 17,
      "redPenaltyFreeScore": 17,
      "redAuto": 0,
      "redTeleOp": 7,
      "redEndgame": 10
    },
    "blueData": {
      "blueScore": 25,
      "bluePenaltyFreeScore": 25,
      "blueAuto": 0,
      "blueTeleOp": 15,
      "blueEndgame": 10
    }
  },
  "predictedScores": {
    "redEPA": 18.772727272727273,
    "redAutonEPA": 4.106060606060606,
    "redTeleOpEPA": 5.500000000000002,
    "redEndgameEPA": 9.166666666666666,
    "blueEPA": 18.772727272727273,
    "blueAutonEPA": 4.106060606060606,
    "blueTeleOpEPA": 5.500000000000002,
    "blueEndgameEPA": 9.166666666666666
  }
}