{
  "predictedWinner": "Blue",
  "redTeams": [
    15833,
    15847
  ],
  "blueTeams": [
    15845,
    15849
  ],
  "actualWinner": "Blue",
  "pointBreakdown": {
    "redData": {
      "redScore": 12,
      "redPenaltyFreeScore": 12,
      "redAuto": 0,
      "redTeleOp": 7,
      "redEndgame": 5
    },
    "blueData": {
      "blueScore": 17,
      "bluePenaltyFreeScore": 17,
      "blueAuto": 0,
      "blueTeleOp": 7,
      "blueEndgame": 10
    }
  },
  "predictedScores": {
    "redEPA": 5.662065719403083,
    "redAutonEPA": 0.007859941735721656,
    "redTeleOpEPA": 1.998760534300886,
    "redEndgameEPA": 3.6554452433664757,
    "blueEPA": 15.012658511604227,
    "blueAutonEPA": 0.010739144651978408,
    "blueTeleOpEPA": 6.92255375950238,
    "blueEndgameEPA": 8.07936560744987
  }
}