{
  "winProbability": 0.6070850603882918,
  "predictedWinner": "Blue",
  "redTeams": [
    23711,
    32770
  ],
  "blueTeams": [
    15191,
    23710
  ],
  "actualWinner": "Red",
  "pointBreakdown": {
    "redData": {
      "redScore": 75,
      "redPenaltyFreeScore": 70,
      "redAuto": 17,
      "redTeleOp": 38,
      "redEndgame": 15
    },
    "blueData": {
      "blueScore": 68,
      "bluePenaltyFreeScore": 58,
      "blueAuto": 3,
      "blueTeleOp": 45,
      "blueEndgame": 10
    }
  },
  "predictedScores": {
    "redEPA": 44.76870158166984,
    "redAutonEPA": 13.743018414581348,
    "redTeleOpEPA": 21.01893296107429,
    "redEndgameEPA": 10.006750206014196,
    "blueEPA": 56.474092388286095,
    "blueAutonEPA": 9.142585669356924,
    "blueTeleOpEPA": 27.567512167780624,
    "blueEndgameEPA": 19.763994551148546
  }
}