{
  "predictedWinner": "Red",
  "redTeams": [
    14757,
    7693,
    17181
  ],
  "blueTeams": [
    15004,
    10016,
    11717
  ],
  "actualWinner": "Red",
  "pointBreakdown": {
    "redData": {
      "redScore": 183,
      "redPenaltyFreeScore": 183,
      "redAuto": 70,
      "redTeleOp": 63,
      "redEndgame": 50
    },
    "blueData": {
      "blueScore": 89,
      "bluePenaltyFreeScore": 89,
      "blueAuto": 30,
      "blueTeleOp": 19,
      "blueEndgame": 40
    }
  },
  "predictedScores": {
    "redEPA": 246.33154691162665,
    "redAutonEPA": 92.4884666760306,
    "redTeleOpEPA": 59.55501080933615,
    "redEndgameEPA": 94.28806942625991,
    "blueEPA": 224.80238312804948,
    "blueAutonEPA": 82.68528157368003,
    "blueTeleOpEPA": 50.31246276461991,
    "blueEndgameEPA": 91.80463878974956
  }
}