{
  "predictedWinner": "Blue",
  "redTeams": [
    16734,
    23479
  ],
  "blueTeams": [
    7689,
    17181
  ],
  "actualWinner": "Blue",
  "pointBreakdown": {
    "redData": {
      "redScore": 66,
      "redPenaltyFreeScore": 66,
      "redAuto": 5,
      "redTeleOp": 36,
      "redEndgame": 25
    },
    "blueData": {
      "blueScore": 134,
      "bluePenaltyFreeScore": 134,
      "blueAuto": 38,
      "blueTeleOp": 26,
      "blueEndgame": 70
    }
  },
  "predictedScores": {
    "redEPA": 73.19519818244316,
    "redAutonEPA": 11.596609592095199,
    "redTeleOpEPA": 16.641016802572437,
    "redEndgameEPA": 44.95757178777553,
    "blueEPA": 112.6309852391178,
    "blueAutonEPA": 9.478666182790468,
    "blueTeleOpEPA": 19.21760579723221,
    "blueEndgameEPA": 83.93471325909513
  }
}