{
  "predictedWinner": "Blue",
  "redTeams": [
    16734,
    22415
  ],
  "blueTeams": [
    14638,
    14757
  ],
  "actualWinner": "Blue",
  "pointBreakdown": {
    "redData": {
      "redScore": 83,
      "redPenaltyFreeScore": 83,
      "redAuto": 45,
      "redTeleOp": 8,
      "redEndgame": 30
    },
    "blueData": {
      "blueScore": 188,
      "bluePenaltyFreeScore": 188,
      "blueAuto": 78,
      "blueTeleOp": 40,
      "blueEndgame": 70
    }
  },
  "predictedScores": {
    "redEPA": 92.41048795664496,
    "redAutonEPA": 9.05112261184249,
    "redTeleOpEPA": 9.050295279288463,
    "redEndgameEPA": 74.309070065514,
    "blueEPA": 137.09797980616807,
    "blueAutonEPA": 62.48866160160698,
    "blueTeleOpEPA": 30.258761658291903,
    "blueEndgameEPA": 44.35055654626919
  }
}