{
  "predictedWinner": "Blue",
  "redTeams": [
    22918,
    14638
  ],
  "blueTeams": [
    11717,
    15004
  ],
  "actualWinner": "Blue",
  "pointBreakdown": {
    "redData": {
      "redScore": 75,
      "redPenaltyFreeScore": 75,
      "redAuto": 10,
      "redTeleOp": 30,
      "redEndgame": 35
    },
    "blueData": {
      "blueScore": 112,
      "bluePenaltyFreeScore": 112,
      "blueAuto": 50,
      "blueTeleOp": 22,
      "blueEndgame": 40
    }
  },
  "predictedScores": {
    "redEPA": 81.47537500032792,
    "redAutonEPA": 15.946458076453116,
    "redTeleOpEPA": 21.941978228461124,
    "redEndgameEPA": 43.58693869541368,
    "blueEPA": 130.68443699028234,
    "blueAutonEPA": 33.21476799977326,
    "blueTeleOpEPA": 27.163435741260386,
    "blueEndgameEPA": 70.30623324924869
  }
}