{
  "predictedWinner": "Blue",
  "redTeams": [
    14465,
    11438
  ],
  "blueTeams": [
    10620,
    15835
  ],
  "actualWinner": "Blue",
  "pointBreakdown": {
    "redData": {
      "redScore": 73,
      "redPenaltyFreeScore": 28,
      "redAuto": 20,
      "redTeleOp": 8
    },
    "blueData": {
      "blueScore": 50,
      "bluePenaltyFreeScore": 50,
      "blueAuto": 24,
      "blueTeleOp": 26
    }
  },
  "predictedScores": {
    "redEPA": 20.00982500892536,
    "redAutonEPA": 12.255562514725725,
    "redTeleOpEPA": 7.7542624941996365,
    "blueEPA": 57.91766960508476,
    "blueAutonEPA": 20.83802914303042,
    "blueTeleOpEPA": 37.07964046205434
  }
}