{
  "predictedWinner": "Blue",
  "redTeams": [
    14465,
    15222
  ],
  "blueTeams": [
    17189,
    11244
  ],
  "actualWinner": "Blue",
  "pointBreakdown": {
    "redData": {
      "redScore": 50,
      "redPenaltyFreeScore": 50,
      "redAuto": 20,
      "redTeleOp": 30
    },
    "blueData": {
      "blueScore": 39,
      "bluePenaltyFreeScore": 39,
      "blueAuto": 5,
      "blueTeleOp": 34
    }
  },
  "predictedScores": {
    "redEPA": 55.101976931137926,
    "redAutonEPA": 17.304222335854426,
    "redTeleOpEPA": 37.7977545952835,
    "blueEPA": 57.23108378929441,
    "blueAutonEPA": 15.05315629285577,
    "blueTeleOpEPA": 42.17792749643864
  }
}