{
  "predictedWinner": "Blue",
  "redTeams": [
    11438,
    12862
  ],
  "blueTeams": [
    7215,
    15256
  ],
  "actualWinner": "Blue",
  "pointBreakdown": {
    "redData": {
      "redScore": 49,
      "redPenaltyFreeScore": 49,
      "redAuto": 10,
      "redTeleOp": 39
    },
    "blueData": {
      "blueScore": 75,
      "bluePenaltyFreeScore": 75,
      "blueAuto": 25,
      "blueTeleOp": 50
    }
  },
  "predictedScores": {
    "redEPA": 35.4802251512892,
    "redAutonEPA": 14.317848070945061,
    "redTeleOpEPA": 21.162377080344136,
    "blueEPA": 59.47972311221376,
    "blueAutonEPA": 11.336607392916939,
    "blueTeleOpEPA": 48.14311571929682
  }
}