{
  "predictedWinner": "Red",
  "redTeams": [
    25819,
    13667
  ],
  "blueTeams": [
    20245,
    15411
  ],
  "actualWinner": "Blue",
  "pointBreakdown": {
    "redData": {
      "redScore": 121,
      "redPenaltyFreeScore": 121,
      "redAuto": 35,
      "redTeleOp": 86,
      "redEndgame": null
    },
    "blueData": {
      "blueScore": 148,
      "bluePenaltyFreeScore": 148,
      "blueAuto": 20,
      "blueTeleOp": 128,
      "blueEndgame": null
    }
  },
  "predictedScores": {
    "redEPA": 167.45919898189734,
    "redAutonEPA": 30.58014828731283,
    "redTeleOpEPA": 136.87905069458452,
    "redEndgameEPA": 0,
    "blueEPA": 143.13623712270285,
    "blueAutonEPA": 34.704595540334175,
    "blueTeleOpEPA": 108.43164158236868,
    "blueEndgameEPA": 0
  }
}