{
  "predictedWinner": "Red",
  "redTeams": [
    10644,
    26425
  ],
  "blueTeams": [
    9087,
    8027
  ],
  "actualWinner": "Red",
  "pointBreakdown": {
    "redData": {
      "redScore": 271,
      "redPenaltyFreeScore": 271,
      "redAuto": 74,
      "redTeleOp": 197,
      "redEndgame": null
    },
    "blueData": {
      "blueScore": 164,
      "bluePenaltyFreeScore": 164,
      "blueAuto": 36,
      "blueTeleOp": 128,
      "blueEndgame": null
    }
  },
  "predictedScores": {
    "redEPA": 232.66127221964757,
    "redAutonEPA": 57.31992037337996,
    "redTeleOpEPA": 175.34135184626763,
    "redEndgameEPA": 0,
    "blueEPA": 197.56348899638232,
    "blueAutonEPA": 61.76103942834543,
    "blueTeleOpEPA": 135.80244956803688,
    "blueEndgameEPA": 0
  }
}