{
  "predictedWinner": "Blue",
  "redTeams": [
    15004,
    21331
  ],
  "blueTeams": [
    30451,
    17181
  ],
  "actualWinner": "Red",
  "pointBreakdown": {
    "redData": {
      "redScore": 73,
      "redPenaltyFreeScore": 73,
      "redAuto": 17,
      "redTeleOp": 56,
      "redEndgame": 0
    },
    "blueData": {
      "blueScore": 40,
      "bluePenaltyFreeScore": 25,
      "blueAuto": 6,
      "blueTeleOp": 9,
      "blueEndgame": 10
    }
  },
  "predictedScores": {
    "redEPA": 43.85919136326487,
    "redAutonEPA": 14.980082014774506,
    "redTeleOpEPA": 32.527149834515896,
    "redEndgameEPA": -3.6480404860255327,
    "blueEPA": 50.92488710016209,
    "blueAutonEPA": 1.8895421069889147,
    "blueTeleOpEPA": 45.03319604453365,
    "blueEndgameEPA": 4.002148948639523
  }
}