{
  "winProbability": 0.5860465120214203,
  "predictedWinner": "Red",
  "redTeams": [
    8531,
    23833
  ],
  "blueTeams": [
    11717,
    23834
  ],
  "actualWinner": "Red",
  "pointBreakdown": {
    "redData": {
      "redScore": 57,
      "redPenaltyFreeScore": 57,
      "redAuto": 14,
      "redTeleOp": 28,
      "redEndgame": 15
    },
    "blueData": {
      "blueScore": 39,
      "bluePenaltyFreeScore": 39,
      "blueAuto": 3,
      "blueTeleOp": 26,
      "blueEndgame": 10
    }
  },
  "predictedScores": {
    "redEPA": 45.955545829823606,
    "redAutonEPA": 10.682934818419632,
    "redTeleOpEPA": 26.700084401572315,
    "redEndgameEPA": 8.572526609831659,
    "blueEPA": 39.35326845357967,
    "blueAutonEPA": 3.387469002506287,
    "blueTeleOpEPA": 23.374897405518617,
    "blueEndgameEPA": 12.590902045554772
  }
}