{
  "winProbability": 0.5133198871065786,
  "predictedWinner": "Blue",
  "redTeams": [
    30451,
    23590
  ],
  "blueTeams": [
    11717,
    23833
  ],
  "actualWinner": "Red",
  "pointBreakdown": {
    "redData": {
      "redScore": 54,
      "redPenaltyFreeScore": 39,
      "redAuto": 3,
      "redTeleOp": 21,
      "redEndgame": 15
    },
    "blueData": {
      "blueScore": 53,
      "bluePenaltyFreeScore": 53,
      "blueAuto": 3,
      "blueTeleOp": 20,
      "blueEndgame": 30
    }
  },
  "predictedScores": {
    "redEPA": 42.480686375621666,
    "redAutonEPA": 6.403761243574853,
    "redTeleOpEPA": 26.610285668703497,
    "redEndgameEPA": 9.466639463343315,
    "blueEPA": 43.49277934646639,
    "blueAutonEPA": 6.260293978010992,
    "blueTeleOpEPA": 22.52807084839062,
    "blueEndgameEPA": 14.70441452006478
  }
}