{
  "predictedWinner": "Red",
  "redTeams": [
    8531,
    15004
  ],
  "blueTeams": [
    15471,
    21331
  ],
  "actualWinner": "Red",
  "pointBreakdown": {
    "redData": {
      "redScore": 114,
      "redPenaltyFreeScore": 104,
      "redAuto": 19,
      "redTeleOp": 75,
      "redEndgame": 10
    },
    "blueData": {
      "blueScore": 61,
      "bluePenaltyFreeScore": 46,
      "blueAuto": 3,
      "blueTeleOp": 43,
      "blueEndgame": 0
    }
  },
  "predictedScores": {
    "redEPA": 97.7739552905137,
    "redAutonEPA": 20.74844192640216,
    "redTeleOpEPA": 72.83053216712892,
    "redEndgameEPA": 4.194981196982603,
    "blueEPA": 36.26403950993504,
    "blueAutonEPA": 6.600218856363036,
    "blueTeleOpEPA": 29.464246643921765,
    "blueEndgameEPA": 0.19957400965023964
  }
}