{
  "winProbability": 0.5947556878858329,
  "predictedWinner": "Red",
  "redTeams": [
    23833,
    21331
  ],
  "blueTeams": [
    15471,
    16355
  ],
  "actualWinner": "Red",
  "pointBreakdown": {
    "redData": {
      "redScore": 47,
      "redPenaltyFreeScore": 47,
      "redAuto": 3,
      "redTeleOp": 29,
      "redEndgame": 15
    },
    "blueData": {
      "blueScore": 18,
      "bluePenaltyFreeScore": 18,
      "blueAuto": 3,
      "blueTeleOp": 5,
      "blueEndgame": 10
    }
  },
  "predictedScores": {
    "redEPA": 43.820638750176585,
    "redAutonEPA": 8.216610896010291,
    "redTeleOpEPA": 24.03808377520066,
    "redEndgameEPA": 11.56594407896563,
    "blueEPA": 36.53438498098168,
    "blueAutonEPA": 6.509045951879746,
    "blueTeleOpEPA": 20.03395016169438,
    "blueEndgameEPA": 9.99138886740755
  }
}