{
  "predictedWinner": "Red",
  "redTeams": [
    10735,
    23710
  ],
  "blueTeams": [
    9297,
    15119
  ],
  "actualWinner": "Blue",
  "pointBreakdown": {
    "redData": {
      "redScore": 42,
      "redPenaltyFreeScore": 22,
      "redAuto": 5,
      "redTeleOp": -8,
      "redEndgame": 25
    },
    "blueData": {
      "blueScore": 86,
      "bluePenaltyFreeScore": 86,
      "blueAuto": 50,
      "blueTeleOp": 36,
      "blueEndgame": 0
    }
  },
  "predictedScores": {
    "redEPA": 39.57658905768688,
    "redAutonEPA": 16.328707531357328,
    "redTeleOpEPA": 7.320842163215012,
    "redEndgameEPA": 15.927039363114542,
    "blueEPA": 38.474415214446985,
    "blueAutonEPA": 7.492321977321419,
    "blueTeleOpEPA": 16.33248174862014,
    "blueEndgameEPA": 14.649611488505428
  }
}