{
  "predictedWinner": "Red",
  "redTeams": [
    18964,
    25091
  ],
  "blueTeams": [
    18965
  ],
  "actualWinner": "Blue",
  "pointBreakdown": {
    "redData": {
      "redScore": 64,
      "redPenaltyFreeScore": 64,
      "redAuto": 8,
      "redTeleOp": 56,
      "redEndgame": 0
    },
    "blueData": {
      "blueScore": 69,
      "bluePenaltyFreeScore": 69,
      "blueAuto": 14,
      "blueTeleOp": 55,
      "blueEndgame": 0
    }
  },
  "predictedScores": {
    "redEPA": 49.23504626498149,
    "redAutonEPA": 4.944596041446207,
    "redTeleOpEPA": 36.26525881083145,
    "redEndgameEPA": 8.025191412703839,
    "blueEPA": 41.87810830067178,
    "blueAutonEPA": 2.8951294497683153,
    "blueTeleOpEPA": 38.62668280021354,
    "blueEndgameEPA": 0.356296050689924
  }
}