{
  "winProbability": 0.7716031451909119,
  "predictedWinner": "Red",
  "redTeams": [
    18965,
    18964
  ],
  "blueTeams": [
    27583
  ],
  "actualWinner": "Red",
  "pointBreakdown": {
    "redData": {
      "redScore": 77,
      "redPenaltyFreeScore": 77,
      "redAuto": 3,
      "redTeleOp": 59,
      "redEndgame": 15
    },
    "blueData": {
      "blueScore": 33,
      "bluePenaltyFreeScore": 33,
      "blueAuto": 0,
      "blueTeleOp": 23,
      "blueEndgame": 10
    }
  },
  "predictedScores": {
    "redEPA": 44.98118279569893,
    "redAutonEPA": 7.045698924731182,
    "redTeleOpEPA": 25.556451612903228,
    "redEndgameEPA": 12.379032258064516,
    "blueEPA": 22.088709677419356,
    "blueAutonEPA": 3.4274193548387095,
    "blueTeleOpEPA": 12.733870967741938,
    "blueEndgameEPA": 5.92741935483871
  }
}