{
  "teamNumber": 10016,
  "teamName": "Clarkston RoboWolves",
  "wins": 38,
  "loss": 13,
  "ties": 0,
  "elo": 1500,
  "totalEPA": 122.59732713639443,
  "autonEPA": 29.8162105678394,
  "endgameEPA": 46.80131555019407,
  "unitlessEPA": 1764.4252301598456,
  "teleOpEPA": 92.78111656855503,
  "totalEPAOverTime": [
    23.282608695652176,
    27.68840579710145,
    45.26060118089103,
    35.232149667240094,
    16.237952645874635,
    17.657414185953357,
    25.925409017062016,
    39.97899611054029,
    65.15601379447878,
    70.69234535002302,
    76.84030676028583,
    79.65315418429616,
    79.62952212813387,
    68.48301945222401,
    77.19011309538618,
    82.00575275682074,
    82.37760425578648,
    82.37760425578648,
    82.37760425578648,
    82.37760425578648,
    72.35978478476616,
    74.7429902087483,
    76.56209488023235,
    70.47253492924322,
    68.59251841864311,
    79.21881882909008,
    94.04707167956724,
    132.8252210442359,
    143.0222211513293,
    140.3104690902031,
    145.81973483976117,
    145.81973483976117,
    145.81973483976117,
    145.81973483976117,
    145.81973483976117,
    145.81973483976117,
    142.55341346273323,
    132.6449992016872,
    129.526685457695,
    125.8619835416518,
    97.34346347697783,
    84.56355391388863,
    84.56355391388863,
    84.56355391388863,
    84.56355391388863,
    84.56355391388863,
    84.56355391388863,
    105.1643883260618,
    128.44905192673787,
    115.71510940581582,
    121.25717849186638,
    96.53499871036195,
    104.08118281549675,
    122.59732713639443,
    122.59732713639443,
    122.59732713639443,
    122.59732713639443,
    122.59732713639443,
    122.59732713639443
  ],
  "teleOpEPAOverTime": [
    -1.7934782608695627,
    19.64855072463768,
    29.946926999463226,
    15.731936279764795,
    2.140129792116868,
    3.388171646848326,
    10.259240997238665,
    24.128877050616353,
    46.469056353303955,
    53.124858514476614,
    59.44307617614956,
    62.873759132298545,
    61.516719441082245,
    50.66017828324211,
    58.913047269445684,
    62.789524281920535,
    63.11825431152724,
    63.11825431152724,
    63.11825431152724,
    63.11825431152724,
    54.47157311674334,
    55.842444394124755,
    57.3075814055286,
    55.059869187989214,
    55.40592594248163,
    63.1424673949431,
    70.61383648826128,
    81.43426858635749,
    90.58030955204472,
    96.10709099567819,
    101.78730583216472,
    101.78730583216472,
    101.78730583216472,
    101.78730583216472,
    101.78730583216472,
    101.78730583216472,
    100.76669563473547,
    92.09571456110919,
    90.09810244656916,
    91.76268512265898,
    67.2387945292842,
    54.404265099251504,
    54.404265099251504,
    54.404265099251504,
    54.404265099251504,
    54.404265099251504,
    54.404265099251504,
    71.36720226620712,
    89.47592529119702,
    77.16326050815903,
    84.56431107584444,
    69.71282364356249,
    77.68790840242461,
    92.78111656855503,
    92.78111656855503,
    92.78111656855503,
    92.78111656855503,
    92.78111656855503,
    92.78111656855503
  ],
  "autonEPAOverTime": [
    7.309782608695652,
    8.039855072463768,
    15.313674181427803,
    19.5002133874753,
    14.097822853757767,
    14.269242539105031,
    15.66616801982335,
    15.850119059923935,
    18.686957441174822,
    17.5674868355464,
    17.397230584136267,
    16.779395051997614,
    18.112802687051627,
    17.822841168981903,
    18.277065825940493,
    19.216228474900205,
    19.259349944259238,
    19.259349944259238,
    19.259349944259238,
    19.259349944259238,
    17.888211668022823,
    18.90054581462354,
    19.25451347470375,
    15.41266574125401,
    13.186592476161476,
    16.07635143414699,
    23.433235191305958,
    51.3909524578784,
    52.44191159928456,
    44.20337809452491,
    44.03242900759644,
    44.03242900759644,
    44.03242900759644,
    44.03242900759644,
    44.03242900759644,
    44.03242900759644,
    41.78671782799777,
    40.54928464057801,
    39.42858301112586,
    34.09929841899281,
    30.104668947693625,
    30.15928881463712,
    30.15928881463712,
    30.15928881463712,
    30.15928881463712,
    30.15928881463712,
    30.15928881463712,
    33.79718605985468,
    38.97312663554085,
    38.55184889765679,
    36.69286741602195,
    26.82217506679946,
    26.393274413072138,
    29.8162105678394,
    29.8162105678394,
    29.8162105678394,
    29.8162105678394,
    29.8162105678394,
    29.8162105678394
  ],
  "endGameEPAOverTime": [
    17.766304347826086,
    17.844202898550723,
    22.746041331186255,
    27.106597121650964,
    24.41860077549708,
    29.577914035577212,
    29.013720211456864,
    33.30983635226224,
    39.182064629626566,
    35.77649458004018,
    32.74380194930655,
    35.32545089978444,
    36.93337455267033,
    31.629036683040074,
    37.43526061299433,
    34.87049557552959,
    35.114298786466236,
    35.114298786466236,
    35.114298786466236,
    35.114298786466236,
    33.01200739712931,
    33.688882632651456,
    35.89275857278354,
    37.21951906183317,
    39.340651137794254,
    43.198061003923904,
    46.919856990401755,
    62.470701939464384,
    58.765798022279256,
    54.650323569980245,
    57.03429588935846,
    57.03429588935846,
    57.03429588935846,
    57.03429588935846,
    57.03429588935846,
    57.03429588935846,
    53.79407616558104,
    46.345828812015995,
    46.24665931908131,
    41.4395774495262,
    25.127806956882303,
    20.592766311323494,
    20.592766311323494,
    20.592766311323494,
    20.592766311323494,
    20.592766311323494,
    20.592766311323494,
    25.501282595461404,
    40.127861256509995,
    41.99694014376965,
    40.22429984346716,
    34.4297508050954,
    41.831908196078544,
    46.80131555019407,
    46.80131555019407,
    46.80131555019407,
    46.80131555019407,
    46.80131555019407,
    46.80131555019407
  ],
  "unitlessEPAOverTime": [
    1500,
    1551.6914287449797,
    1761.6539718468168,
    1641.828353180976,
    1414.8749291106835,
    1431.8354595555654,
    1528.2123458731228,
    1675.1482671705849,
    1938.3841417060441,
    1996.2687210886,
    2060.548137290989,
    1798.3352361792133,
    1798.2000070256145,
    1734.4166395479397,
    1784.2410346655774,
    1811.7974551048944,
    1813.92529210411,
    1785.0129624725525,
    1785.0129624725525,
    1785.0129624725525,
    1713.033351239352,
    1724.805237660515,
    1733.7907381823861,
    1703.7112463448227,
    1694.4248706887468,
    1725.4551922343853,
    1795.228889889624,
    1977.6977819892768,
    2025.6793216647266,
    2012.9192905041505,
    2038.8429004255754,
    1990.9175214003544,
    1990.9175214003544,
    1990.9175214003544,
    1990.9175214003544,
    1990.9175214003544,
    1853.795501486326,
    1819.4809118630233,
    1808.6816402921454,
    1795.9901299225055,
    1697.2254550813977,
    1652.9663697699982,
    1652.666504874025,
    1652.666504874025,
    1652.666504874025,
    1652.666504874025,
    1652.666504874025,
    1722.4379564958726,
    1804.0226886325079,
    1759.4055403056336,
    1778.8238247877437,
    1692.2023279133282,
    1718.6426243861224,
    1783.519433453695,
    1764.4252301598456,
    1764.4252301598456,
    1764.4252301598456,
    1764.4252301598456,
    1764.4252301598456
  ],
  "EPA Rank": 11,
  "Auto EPA Rank": 58,
  "TeleOp EPA Rank": 9,
  "Endgame EPA Rank": 19
}