{
  "teamNumber": 10035,
  "teamName": "Robo Rangers",
  "wins": 5,
  "loss": 14,
  "ties": 0,
  "elo": 1500,
  "totalEPA": 27.649985983317798,
  "autonEPA": 18.31324365607635,
  "endgameEPA": 9.287594245452608,
  "unitlessEPA": 1450.8432338785135,
  "teleOpEPA": 9.33674232724145,
  "totalEPAOverTime": [
    23.282608695652176,
    -5.801629645541357,
    -52.572948429178076,
    -37.4864451348953,
    -27.290639611631793,
    -19.060789468392006,
    -13.610654417603602,
    1.7773532027216348,
    39.968387877531676,
    45.621819754037034,
    60.42043955431589,
    49.63071985271928,
    51.78880338367667,
    51.78880338367667,
    51.78880338367667,
    51.78880338367667,
    51.58893903855745,
    37.67190702339523,
    35.209673401375895,
    43.57291162187495,
    30.249487043393977,
    28.01149819173382,
    27.649985983317798
  ],
  "teleOpEPAOverTime": [
    -1.7934782608695627,
    -8.336087929357204,
    -46.653018144318594,
    -33.32460996284214,
    -28.08031448015592,
    -22.17696293058912,
    -16.640833508141565,
    -7.6961656046107265,
    12.930095733682759,
    19.26537780117643,
    36.489157166374426,
    30.452930978627542,
    34.63712877130581,
    34.63712877130581,
    34.63712877130581,
    34.63712877130581,
    36.01673453704596,
    27.102255222191545,
    28.712881415039806,
    29.569298911137874,
    9.607804929532012,
    9.508681376154698,
    9.33674232724145
  ],
  "autonEPAOverTime": [
    7.309782608695652,
    2.5344582838158463,
    -5.9199302848594835,
    -4.16183517205316,
    0.7896748685241253,
    3.116173462197114,
    3.0301790905379624,
    9.473518807332361,
    27.038292143848917,
    26.356441952860603,
    23.93128238794146,
    19.17778887409174,
    17.151674612370858,
    17.151674612370858,
    17.151674612370858,
    17.151674612370858,
    15.572204501511484,
    10.569651801203682,
    6.496791986336088,
    14.003612710737077,
    20.641682113861965,
    18.502816815579123,
    18.31324365607635
  ],
  "endGameEPAOverTime": [
    17.766304347826086,
    22.356801206992323,
    26.708389819349925,
    25.502887302856394,
    28.4854252569695,
    21.618013119040434,
    18.047263083178958,
    16.57833517801145,
    9.254575489093332,
    9.856494787387145,
    13.192370158360509,
    16.60419581215145,
    20.88118908542462,
    20.88118908542462,
    20.88118908542462,
    20.88118908542462,
    21.619110551620476,
    22.451658432434535,
    26.960849229167838,
    25.184889859240293,
    7.682103060166813,
    8.639082401593921,
    9.287594245452608
  ],
  "unitlessEPAOverTime": [
    1500,
    1331.307080648145,
    1135.7003308707756,
    1198.7950211990856,
    1241.4358624589536,
    1275.8546960420074,
    1298.6482205963207,
    1360.7181846339965,
    1503.534147533232,
    1524.6752431857385,
    1580.014910056574,
    1539.6665869038436,
    1547.7367735357325,
    1544.709525592795,
    1544.709525592795,
    1544.709525592795,
    1534.7204633776118,
    1485.9580097486482,
    1477.3308432172653,
    1506.6339313664312,
    1459.9513576338018,
    1452.1098992335967,
    1450.8432338785135
  ],
  "EPA Rank": 229,
  "Auto EPA Rank": 140,
  "TeleOp EPA Rank": 281,
  "Endgame EPA Rank": 318
}