{
  "teamNumber": 10255,
  "teamName": "RoboDux",
  "wins": 26,
  "loss": 3,
  "ties": 0,
  "elo": 1500,
  "totalEPA": 118.87710443215198,
  "autonEPA": 44.90108764642785,
  "endgameEPA": 24.36907172853625,
  "unitlessEPA": 1770.4845286760526,
  "teleOpEPA": 73.97601678572414,
  "totalEPAOverTime": [
    23.282608695652176,
    49.18840579710145,
    109.35302391601492,
    131.62878680161515,
    170.93790431987065,
    152.37479389081625,
    138.15072473364845,
    138.15072473364845,
    138.15072473364845,
    138.15072473364845,
    138.15072473364845,
    140.57850249543168,
    146.81168516016243,
    164.7667764436786,
    178.44487047656276,
    160.20781104815677,
    159.63359004120525,
    159.63359004120525,
    159.63359004120525,
    159.63359004120525,
    159.63359004120525,
    159.63359004120525,
    154.93890910633755,
    140.89918829163742,
    125.00641910879793,
    116.9071358713239,
    110.59600038479127,
    112.40758430991121,
    118.87710443215198,
    118.87710443215198,
    118.87710443215198,
    118.87710443215198,
    118.87710443215198
  ],
  "teleOpEPAOverTime": [
    -1.7934782608695627,
    36.31521739130435,
    83.88885547085724,
    98.10839025544274,
    129.52077271745753,
    110.16925688547568,
    94.80793546768362,
    94.80793546768362,
    94.80793546768362,
    94.80793546768362,
    94.80793546768362,
    97.67780854191025,
    105.21995312870149,
    118.10753100985616,
    130.2794923753922,
    114.43483904861512,
    112.60317638456829,
    112.60317638456829,
    112.60317638456829,
    112.60317638456829,
    112.60317638456829,
    112.60317638456829,
    107.53276436763319,
    93.0309130267425,
    78.93917608228853,
    67.60929134000327,
    62.569688717753216,
    67.78225861826802,
    73.97601678572414,
    73.97601678572414,
    73.97601678572414,
    73.97601678572414,
    73.97601678572414
  ],
  "autonEPAOverTime": [
    7.309782608695652,
    12.873188405797102,
    25.464168445157682,
    33.5203965461724,
    41.41713160241311,
    42.205537005340574,
    43.34278926596483,
    43.34278926596483,
    43.34278926596483,
    43.34278926596483,
    43.34278926596483,
    42.90069395352142,
    41.59173203146094,
    46.65924543382244,
    48.16537810117055,
    45.77297199954166,
    47.03041365663696,
    47.03041365663696,
    47.03041365663696,
    47.03041365663696,
    47.03041365663696,
    47.03041365663696,
    47.406144738704356,
    47.868275264894926,
    46.0672430265094,
    49.297844531320635,
    48.02631166703805,
    44.6253256916432,
    44.90108764642785,
    44.90108764642785,
    44.90108764642785,
    44.90108764642785,
    44.90108764642785
  ],
  "endGameEPAOverTime": [
    17.766304347826086,
    26.177536231884055,
    47.13585169639311,
    56.95301084323378,
    73.65433774571942,
    64.9303185531086,
    55.629021000382686,
    55.629021000382686,
    55.629021000382686,
    55.629021000382686,
    55.629021000382686,
    56.729800109014555,
    54.61811651985379,
    54.13856380996534,
    58.81067268621991,
    56.22431689102253,
    58.59732327735038,
    58.59732327735038,
    58.59732327735038,
    58.59732327735038,
    58.59732327735038,
    58.59732327735038,
    50.38020724951623,
    28.189407307928583,
    17.505330806495536,
    17.833880529522503,
    24.20245543333527,
    24.700226982951552,
    24.36907172853625,
    24.36907172853625,
    24.36907172853625,
    24.36907172853625,
    24.36907172853625
  ],
  "unitlessEPAOverTime": [
    1500,
    1648.6689986035506,
    2040.3729958079905,
    2185.400183478695,
    2441.3236637548766,
    2320.467838804128,
    2227.861504390721,
    2133.074494526538,
    2133.074494526538,
    2133.074494526538,
    2133.074494526538,
    1928.7947083205577,
    1954.3035699500886,
    2027.7835181133908,
    2083.7601558613596,
    2009.126272898003,
    2006.7763138162682,
    1971.2952288346037,
    1971.2952288346037,
    1971.2952288346037,
    1971.2952288346037,
    1971.2952288346037,
    1898.4703222189773,
    1849.4002888628015,
    1793.853691874392,
    1765.5459994445084,
    1743.4880374004738,
    1749.8196792334134,
    1772.4312092194236,
    1770.4845286760526,
    1770.4845286760526,
    1770.4845286760526,
    1770.4845286760526
  ],
  "EPA Rank": 13,
  "Auto EPA Rank": 4,
  "TeleOp EPA Rank": 26,
  "Endgame EPA Rank": 155
}