{
  "teamNumber": 10538,
  "teamName": "Team KILTS",
  "wins": 14,
  "loss": 10,
  "ties": 0,
  "elo": 1500,
  "totalEPA": 78.99332528627663,
  "autonEPA": 33.08900527738496,
  "endgameEPA": 29.97104141351085,
  "unitlessEPA": 1633.0339662906833,
  "teleOpEPA": 45.904320008891666,
  "totalEPAOverTime": [
    23.282608695652176,
    35.65345850027555,
    30.569677475304672,
    29.127132840326805,
    48.328206101237434,
    70.50095759244837,
    71.73877261034116,
    71.73877261034116,
    71.73877261034116,
    71.73877261034116,
    71.73877261034116,
    71.73877261034116,
    83.40187572600894,
    104.64977502680101,
    101.2412012953649,
    107.59593691909213,
    101.35016371143114,
    97.40434637085009,
    97.40434637085009,
    97.40434637085009,
    97.40434637085009,
    94.31590210775977,
    95.6105010690932,
    113.82454644795233,
    109.21481087946886,
    88.35373275157538,
    77.94433306834878,
    78.99332528627663
  ],
  "teleOpEPAOverTime": [
    -1.7934782608695627,
    24.41184644945656,
    17.191568230156367,
    10.505949432351056,
    30.339630081666694,
    46.878118672250835,
    43.17026656171562,
    43.17026656171562,
    43.17026656171562,
    43.17026656171562,
    43.17026656171562,
    43.17026656171562,
    48.3130844536036,
    57.619109593567025,
    58.41956477258527,
    67.57722750097568,
    65.39062917566002,
    61.713564718544575,
    61.713564718544575,
    61.713564718544575,
    61.713564718544575,
    56.149386323195344,
    53.72971667941169,
    75.57686579392544,
    75.07048714701634,
    51.71125626684235,
    43.905843385188355,
    45.904320008891666
  ],
  "autonEPAOverTime": [
    7.309782608695652,
    11.241612050818988,
    13.378109245148305,
    18.62118340797575,
    17.98857601957074,
    23.622838920197538,
    28.568506048625537,
    28.568506048625537,
    28.568506048625537,
    28.568506048625537,
    28.568506048625537,
    28.568506048625537,
    35.08879127240534,
    47.030665433233985,
    42.821636522779635,
    40.018709418116444,
    35.95953453577111,
    35.69078165230552,
    35.69078165230552,
    35.69078165230552,
    35.69078165230552,
    38.166515784564425,
    41.880784389681516,
    38.24768065402689,
    34.14432373245253,
    36.64247648473303,
    34.03848968316043,
    33.08900527738496
  ],
  "endGameEPAOverTime": [
    17.766304347826086,
    21.820717436332625,
    18.462156281932224,
    13.585381535963766,
    21.21745489009357,
    33.106346550935285,
    31.46651181399899,
    31.46651181399899,
    31.46651181399899,
    31.46651181399899,
    31.46651181399899,
    31.46651181399899,
    34.26104245369481,
    39.90933702901511,
    41.68571499898721,
    48.821760721022166,
    50.83947739563766,
    50.664513321646915,
    50.664513321646915,
    50.664513321646915,
    50.664513321646915,
    44.91646900342861,
    36.70122705501817,
    39.40650989390814,
    39.86563411294851,
    35.827885287355095,
    30.422866997694133,
    29.97104141351085
  ],
  "unitlessEPAOverTime": [
    1500,
    1584.470062352917,
    1544.3699563124926,
    1532.991379511776,
    1684.4465798971787,
    1859.3419346809994,
    1869.1056348152347,
    1815.108637966773,
    1815.108637966773,
    1815.108637966773,
    1815.108637966773,
    1815.108637966773,
    1772.9809323918792,
    1879.9862285282625,
    1862.8205108085149,
    1894.8232211781,
    1863.3692500242769,
    1843.4979513583794,
    1811.026399658121,
    1811.026399658121,
    1811.026399658121,
    1686.5876918708595,
    1691.1124267323241,
    1754.7720839354579,
    1738.6606611305406,
    1665.749396505555,
    1629.3676481492148,
    1633.0339662906833
  ],
  "EPA Rank": 70,
  "Auto EPA Rank": 36,
  "TeleOp EPA Rank": 92,
  "Endgame EPA Rank": 110
}