{
  "teamNumber": 10540,
  "teamName": "Gear Grinders Junior",
  "wins": 3,
  "loss": 2,
  "ties": 0,
  "elo": 1488.543959745596,
  "totalEPA": 39.512290815645656,
  "autonEPA": 8.638805554063062,
  "endgameEPA": 19.954654502066887,
  "unitlessEPA": 1511.0218761150509,
  "teleOpEPA": 30.873485261582594,
  "totalEPAOverTime": [
    21.14663899746799,
    12.905756352128192,
    3.3823429983628372,
    24.051493653612436,
    50.71629467881451,
    51.338863830947204,
    39.512290815645656
  ],
  "teleOpEPAOverTime": [
    -2.071836019234844,
    8.336510438335232,
    3.5842218222034514,
    19.01079861234505,
    42.68227753767968,
    42.22206601539227,
    30.873485261582594
  ],
  "autonEPAOverTime": [
    6.602279196387506,
    4.56924591379296,
    -0.20187882384061395,
    5.040695041267386,
    8.034017141134834,
    9.116797815554932,
    8.638805554063062
  ],
  "endGameEPAOverTime": [
    16.616195820315326,
    10.307472438998326,
    3.5278072650215435,
    14.992110701633313,
    22.925518629770863,
    25.27932948821705,
    19.954654502066887
  ],
  "unitlessEPAOverTime": [
    1488.543959745596,
    1415.1159810191307,
    1380.78789205611,
    1455.2918977236739,
    1551.407820426165,
    1553.6519327466278,
    1511.0218761150509
  ],
  "EPA Rank": 182,
  "Auto EPA Rank": 217,
  "TeleOp EPA Rank": 158,
  "Endgame EPA Rank": 211
}