{
  "teamNumber": 10601,
  "teamName": "CBA RoboKings",
  "wins": 3,
  "loss": 7,
  "ties": 0,
  "elo": 1573.5305226770095,
  "totalEPA": 71.83476723343134,
  "autonEPA": 24.41943442996305,
  "endgameEPA": 33.9739644833366,
  "unitlessEPA": 1618.1024213211958,
  "teleOpEPA": 47.41533280346829,
  "totalEPAOverTime": [
    36.99231683580658,
    41.768634348382044,
    44.94357411284951,
    32.78141061493601,
    34.84359533666719,
    24.68776411879181,
    20.228340671695978,
    23.943995374945196,
    25.630431388194534,
    40.68702975152899,
    61.882062426300564,
    73.22116665869747,
    71.83476723343134
  ],
  "teleOpEPAOverTime": [
    -0.006840730861604527,
    30.49293546372077,
    35.338011589915894,
    20.657164871587778,
    22.742257327434416,
    13.351720481514548,
    8.856415824146392,
    13.609534952808387,
    15.329191853803625,
    25.146984687971376,
    43.45324613711459,
    50.80079452929981,
    47.41533280346829
  ],
  "autonEPAOverTime": [
    11.850888832793217,
    11.275698884661276,
    9.60556252293362,
    12.12424574334823,
    12.101338009232778,
    11.336043637277264,
    11.371924847549586,
    10.334460422136809,
    10.30123953439091,
    15.540045063557614,
    18.42881628918597,
    22.420372129397666,
    24.41943442996305
  ],
  "endGameEPAOverTime": [
    25.148268733874964,
    24.54116422095855,
    20.65383635764715,
    19.25624020561128,
    23.016144261660713,
    27.897868242071628,
    31.115975134432155,
    29.363608639888806,
    25.380915098359537,
    27.565356510412983,
    29.041837532292764,
    33.93947985871597,
    33.9739644833366
  ],
  "unitlessEPAOverTime": [
    1573.5305226770095,
    1538.2522580473797,
    1551.3481357000262,
    1501.1820799711313,
    1509.6881055389827,
    1467.7976972299189,
    1449.4036273587049,
    1446.1779871048686,
    1452.2321713697763,
    1506.2842789968547,
    1582.3729252933538,
    1623.0794957665828,
    1618.1024213211958
  ],
  "EPA Rank": 84,
  "Auto EPA Rank": 92,
  "TeleOp EPA Rank": 89,
  "Endgame EPA Rank": 83
}