{
  "teamNumber": 10601,
  "teamName": "CBA RoboKings",
  "wins": 3,
  "loss": 7,
  "ties": 0,
  "elo": 1500,
  "totalEPA": 71.71646560167109,
  "autonEPA": 24.380249038792403,
  "endgameEPA": 33.91026521100069,
  "unitlessEPA": 1690.1531960335385,
  "teleOpEPA": 47.33621656287869,
  "totalEPAOverTime": [
    23.282608695652176,
    35.52173913043478,
    52.14836879011014,
    40.390473403613136,
    40.329279843308484,
    27.411561598726085,
    20.74814228650282,
    24.37572138129367,
    24.835633350121377,
    39.367713256002034,
    60.51862619241886,
    72.62823258608076,
    71.71646560167109
  ],
  "teleOpEPAOverTime": [
    -1.7934782608695627,
    26.315217391304344,
    40.15634131710029,
    25.745855816023607,
    26.410902711004788,
    15.173306655207876,
    9.204042048772482,
    13.898259107148668,
    14.797657065443516,
    24.264669205751517,
    42.54142482490332,
    50.404259722087794,
    47.33621656287869
  ],
  "autonEPAOverTime": [
    7.309782608695652,
    9.206521739130435,
    11.992027473009848,
    14.64461758758953,
    13.918377132303696,
    12.238254943518209,
    11.544100237730337,
    10.477462274145001,
    10.03797628467786,
    15.103044050250519,
    17.97720136751554,
    22.223972863992962,
    24.380249038792403
  ],
  "endGameEPAOverTime": [
    17.766304347826086,
    21.17753623188406,
    24.53324335687839,
    23.35332454489845,
    25.969899895781023,
    29.364491439745187,
    31.395861253749032,
    29.59607062746834,
    24.952957715811536,
    26.85497323424521,
    28.30769807299353,
    33.62021571665072,
    33.91026521100069
  ],
  "unitlessEPAOverTime": [
    1500,
    1583.4310796209213,
    1714.579453080155,
    1621.8349289759824,
    1621.3522433045985,
    1519.4592095834919,
    1466.8991524725554,
    1467.3933869505474,
    1469.5574826794639,
    1537.9375514494714,
    1637.4622506327835,
    1694.4434758489506,
    1690.1531960335385
  ],
  "EPA Rank": 84,
  "Auto EPA Rank": 92,
  "TeleOp EPA Rank": 89,
  "Endgame EPA Rank": 83
}