{
  "teamNumber": 10653,
  "teamName": "SASA DRAGATRONS",
  "wins": 1,
  "loss": 9,
  "ties": 0,
  "elo": 1500,
  "totalEPA": -3.6959338027394937,
  "autonEPA": -0.49769114721727714,
  "endgameEPA": 10.746315041886293,
  "unitlessEPA": 1338.0968864322867,
  "teleOpEPA": -3.1982426555222165,
  "totalEPAOverTime": [
    23.282608695652176,
    7.188405797101453,
    -19.85665633251339,
    -35.36273614809456,
    -37.774098945975354,
    -17.77847956127406,
    -16.14205395378758,
    -11.744272746772666,
    5.4676403897112795,
    0.49604187610036377,
    2.5014389105574644,
    5.2528647018071,
    -3.6959338027394937
  ],
  "teleOpEPAOverTime": [
    -1.7934782608695627,
    1.8152173913043512,
    -19.862618095307678,
    -36.05583796180195,
    -40.921548807818354,
    -19.793459539228206,
    -17.23845578250298,
    -12.062543189406892,
    6.039990753116049,
    7.587938215164355,
    6.226307929911631,
    5.89356136435345,
    -3.1982426555222165
  ],
  "autonEPAOverTime": [
    7.309782608695652,
    5.3731884057971016,
    0.00596176279428845,
    0.6931018137073894,
    3.1474498618429987,
    2.0149799779541433,
    1.0964018287153992,
    0.318270442634227,
    -0.5723503634047697,
    -7.091896339063991,
    -3.7248690193541663,
    -0.6406966625463493,
    -0.49769114721727714
  ],
  "endGameEPAOverTime": [
    17.766304347826086,
    13.344202898550725,
    9.600936351504137,
    14.76349379097115,
    11.982882479686118,
    13.195196826547882,
    13.292674730046262,
    9.10118045701114,
    6.782589048528045,
    3.499767167814066,
    4.107386503325777,
    9.553159099573122,
    10.746315041886293
  ],
  "unitlessEPAOverTime": [
    1500,
    1359.9419746487285,
    1146.6145606746709,
    1024.3049171589669,
    1005.284447272086,
    1163.0069089068456,
    1175.9147898846359,
    1302.9559424256433,
    1378.10721028133,
    1356.400039869498,
    1365.1560757905736,
    1377.1694490270995,
    1338.0968864322867
  ],
  "EPA Rank": 351,
  "Auto EPA Rank": 351,
  "TeleOp EPA Rank": 332,
  "Endgame EPA Rank": 302
}