{
  "teamNumber": 10805,
  "teamName": "MicroCreek",
  "wins": 2,
  "loss": 8,
  "ties": 0,
  "elo": 1500,
  "totalEPA": 23.885005565143224,
  "autonEPA": 1.5130697348314952,
  "endgameEPA": 19.125374029147782,
  "unitlessEPA": 1455.7629858132284,
  "teleOpEPA": 22.371935830311727,
  "totalEPAOverTime": [
    23.282608695652176,
    16.688405797101453,
    6.106993316657059,
    -9.50141412038532,
    -2.7653878712493833,
    0.9684916218877828,
    1.5252273926821531,
    11.602198810894803,
    34.36085592963719,
    31.62046393683207,
    20.457594623070943,
    18.53715931591693,
    23.885005565143224
  ],
  "teleOpEPAOverTime": [
    -1.7934782608695627,
    11.815217391304351,
    2.3627651630797093,
    -11.75725176113103,
    -5.410434201911274,
    -1.3669229341684166,
    -0.7279226157825787,
    9.256199029029277,
    33.31121204135152,
    32.04487949163208,
    21.758680686904267,
    19.380770762130886,
    22.371935830311727
  ],
  "autonEPAOverTime": [
    7.309782608695652,
    4.8731884057971016,
    3.7442281535773496,
    2.2558376407457112,
    2.645046330661891,
    2.3354145560561994,
    2.253150008464732,
    2.3459997818655256,
    1.0496438882856696,
    -0.42441555480001036,
    -1.3010860638333226,
    -0.8436114462139548,
    1.5130697348314952
  ],
  "endGameEPAOverTime": [
    17.766304347826086,
    12.844202898550725,
    10.589157063612753,
    8.116298023151819,
    5.872130244736173,
    11.493036649003121,
    14.14042623049324,
    17.840408007808175,
    29.167724505058082,
    30.08853211623209,
    21.694278959675742,
    18.266430333930675,
    19.125374029147782
  ],
  "unitlessEPAOverTime": [
    1500,
    1434.8022309684957,
    1391.1564003335543,
    1326.775401224284,
    1354.5599206696463,
    1369.9612928654594,
    1372.2576966022395,
    1410.5106538101913,
    1494.3581268256237,
    1484.261971219008,
    1443.13571413464,
    1436.0604439746148,
    1455.7629858132284
  ],
  "EPA Rank": 247,
  "Auto EPA Rank": 326,
  "TeleOp EPA Rank": 214,
  "Endgame EPA Rank": 218
}