{
  "teamNumber": 10803,
  "teamName": "Awesome Aviators",
  "wins": 4,
  "loss": 6,
  "ties": 0,
  "elo": 1500,
  "totalEPA": 0.645000536740644,
  "autonEPA": -9.031518476552993,
  "endgameEPA": 26.20635910828966,
  "unitlessEPA": 1366.6519605610868,
  "teleOpEPA": 9.676519013293637,
  "totalEPAOverTime": [
    23.282608695652176,
    18.355072463768117,
    16.32395654885176,
    9.322206544455758,
    11.052981126862015,
    15.48720084269251,
    16.52638246788658,
    23.595424005098927,
    47.7446547104514,
    50.297727254733715,
    26.844165447620853,
    4.029038032172257,
    0.645000536740644
  ],
  "teleOpEPAOverTime": [
    -1.7934782608695627,
    13.481884057971016,
    11.187161272265426,
    4.481620598561242,
    7.249344510791308,
    12.347834189109125,
    14.170802309110918,
    23.94067473276275,
    49.28040651606272,
    50.44365713318361,
    31.88726582748594,
    13.266352673209468,
    9.676519013293637
  ],
  "autonEPAOverTime": [
    7.309782608695652,
    4.8731884057971016,
    5.136795276586335,
    4.840585945894516,
    3.8036366160707074,
    3.139366653583383,
    2.3555801587756617,
    -0.3452507276638235,
    -1.5357518056113184,
    -0.14592987844989525,
    -5.0431003798650895,
    -9.237314641037212,
    -9.031518476552993
  ],
  "endGameEPAOverTime": [
    17.766304347826086,
    14.51086956521739,
    11.923703601512077,
    5.962209557875334,
    6.811302627923877,
    8.416600341178217,
    11.860027358356103,
    13.973309856871287,
    24.068673912858923,
    23.92088310648352,
    20.655614100942255,
    24.665849587327084,
    26.20635910828966
  ],
  "unitlessEPAOverTime": [
    1500,
    1420.8121315063268,
    1413.2853027013537,
    1387.3384952191823,
    1393.75233102545,
    1410.1844865905682,
    1414.0354446440538,
    1439.0585936759887,
    1515.2473616131176,
    1523.3020882409048,
    1449.3080964809446,
    1377.328310900182,
    1366.6519605610868
  ],
  "EPA Rank": 332,
  "Auto EPA Rank": 392,
  "TeleOp EPA Rank": 279,
  "Endgame EPA Rank": 141
}