{
  "teamNumber": 11228,
  "teamName": "OverClucked Bots",
  "wins": 13,
  "loss": 12,
  "ties": 0,
  "elo": 1598.9021852377177,
  "totalEPA": 103.35608889112859,
  "autonEPA": 35.967486491191316,
  "endgameEPA": 36.227114551231836,
  "unitlessEPA": 1703.2243971667199,
  "teleOpEPA": 67.38860239993727,
  "totalEPAOverTime": [
    41.72284337191877,
    40.05526802732361,
    54.37452433336119,
    83.31229819254598,
    75.70841959594685,
    75.61457927589568,
    82.57274536379684,
    82.57274536379684,
    82.57274536379684,
    82.57274536379684,
    82.57274536379684,
    82.57274536379684,
    98.06681845381188,
    96.08034865079534,
    93.34813467984509,
    109.63081316264744,
    90.3261775457326,
    69.06485546932369,
    69.06485546932369,
    69.06485546932369,
    83.56290198604594,
    115.69844459359061,
    131.49264417270783,
    134.16987440695107,
    121.2212582768892,
    102.42485052227642,
    103.35608889112859,
    103.35608889112859,
    103.35608889112859
  ],
  "teleOpEPAOverTime": [
    0.6096374727379512,
    23.59206946192834,
    29.680469842801017,
    52.04041535887758,
    45.776829476378296,
    44.21908304372587,
    46.68197032744372,
    46.68197032744372,
    46.68197032744372,
    46.68197032744372,
    46.68197032744372,
    46.68197032744372,
    58.22288748873564,
    55.8659235633861,
    53.10770635839134,
    76.14326982165105,
    66.85864827724893,
    50.55179758753488,
    50.55179758753488,
    50.55179758753488,
    58.87720781340482,
    75.82556899324067,
    82.80040877670083,
    84.93706103632056,
    86.069307477108,
    67.35010473145816,
    67.38860239993727,
    67.38860239993727,
    67.38860239993727
  ],
  "autonEPAOverTime": [
    13.417794800213459,
    16.463198565395274,
    24.69405449056017,
    31.2718828336684,
    29.931590119568558,
    31.395496232169812,
    35.89077503635312,
    35.89077503635312,
    35.89077503635312,
    35.89077503635312,
    35.89077503635312,
    35.89077503635312,
    39.84393096507624,
    40.214425087409246,
    40.24042832145375,
    33.487543340996396,
    23.467529268483677,
    18.513057881788814,
    18.513057881788814,
    18.513057881788814,
    24.68569417264112,
    39.872875600349936,
    48.692235396006986,
    49.2328133706305,
    35.151950799781204,
    35.074745790818255,
    35.967486491191316,
    35.967486491191316,
    35.967486491191316
  ],
  "endGameEPAOverTime": [
    27.695411098967362,
    29.118458524501786,
    31.328860115731917,
    28.006290577935243,
    27.408808292142172,
    26.696063551580988,
    26.48059255285327,
    26.48059255285327,
    26.48059255285327,
    26.48059255285327,
    26.48059255285327,
    26.48059255285327,
    28.462206053430776,
    31.287257123280988,
    40.470032135298155,
    40.07257956130478,
    34.42818080379254,
    31.586876994181637,
    31.586876994181637,
    31.586876994181637,
    34.657860916531874,
    43.75183882594631,
    49.59338301042774,
    50.364765323057874,
    44.85472565439334,
    36.34196138943577,
    36.227114551231836,
    36.227114551231836,
    36.227114551231836
  ],
  "unitlessEPAOverTime": [
    1598.9021852377177,
    1553.9486818774674,
    1616.4513770149783,
    1742.763024688765,
    1709.5725505727669,
    1709.1629432027744,
    1739.5349209377412,
    1706.5595914850933,
    1706.5595914850933,
    1706.5595914850933,
    1706.5595914850933,
    1706.5595914850933,
    1738.6401698259947,
    1731.0916820550808,
    1720.7094030413652,
    1782.5827822482952,
    1709.2261142259829,
    1628.4341336766063,
    1617.5470295271705,
    1617.5470295271705,
    1638.492535435924,
    1747.0499767691506,
    1800.4045416867114,
    1809.448523536925,
    1765.7066563759317,
    1702.2102979351778,
    1705.3561248418061,
    1703.2243971667199,
    1703.2243971667199
  ],
  "EPA Rank": 29,
  "Auto EPA Rank": 29,
  "TeleOp EPA Rank": 46,
  "Endgame EPA Rank": 64
}