{
  "teamNumber": 11318,
  "teamName": "Beta Wolfpack ",
  "wins": 2,
  "loss": 3,
  "ties": 0,
  "elo": 1500,
  "totalEPA": 13.245745121351023,
  "autonEPA": 5.4434461781817784,
  "endgameEPA": 2.942230716481858,
  "unitlessEPA": 1400.6851929064842,
  "teleOpEPA": 7.802298943169244,
  "totalEPAOverTime": [
    23.282608695652176,
    19.855072463768117,
    14.611010497588339,
    16.326394594405247,
    6.420471935468315,
    15.9025127064007,
    13.245745121351023
  ],
  "teleOpEPAOverTime": [
    -1.7934782608695627,
    13.648550724637682,
    8.794441375778696,
    9.516910352915978,
    -0.11819752433086261,
    10.254086809868141,
    7.802298943169244
  ],
  "autonEPAOverTime": [
    7.309782608695652,
    6.2065217391304355,
    5.816569121809642,
    6.809484241489268,
    6.538669459799178,
    5.648425896532557,
    5.4434461781817784
  ],
  "endGameEPAOverTime": [
    17.766304347826086,
    13.344202898550725,
    6.966321608432251,
    6.029852588991587,
    1.5420868421824274,
    1.3442077823713667,
    2.942230716481858
  ],
  "unitlessEPAOverTime": [
    1500,
    1422.0981539604772,
    1405.1083925477117,
    1410.6659101217083,
    1378.5726084723287,
    1409.2926135834837,
    1400.6851929064842
  ],
  "EPA Rank": 290,
  "Auto EPA Rank": 275,
  "TeleOp EPA Rank": 288,
  "Endgame EPA Rank": 362
}