{
  "teamNumber": 11618,
  "teamName": "Chelsea Gremlins",
  "wins": 25,
  "loss": 18,
  "ties": 0,
  "elo": 1501.1441415467193,
  "totalEPA": 29.08359740788039,
  "autonEPA": 14.530806578960098,
  "endgameEPA": 25.098870388360787,
  "unitlessEPA": 1465.3349993398967,
  "teleOpEPA": 14.552790828920292,
  "totalEPAOverTime": [
    23.495932987462915,
    22.46654229878772,
    40.158187732010234,
    49.05472664826598,
    38.6619798537908,
    32.93226289680828,
    32.33432099601502,
    38.257715225109834,
    40.73203000016711,
    32.64566790243579,
    18.974857208936946,
    20.92328694939687,
    23.034163926946487,
    18.493357976652646,
    5.394665110911609,
    11.704022571183526,
    31.965479390061798,
    33.91936320531618,
    32.96088649901789,
    35.87479162860841,
    54.366785701066725,
    67.4314927524835,
    79.8351636327386,
    82.94191158330146,
    81.42601483065219,
    92.07022703184667,
    104.01153646327131,
    98.08149483135828,
    91.13679186300178,
    90.37441937856548,
    90.48948602809456,
    90.48948602809456,
    90.48948602809456,
    97.36245314728482,
    106.05825290843043,
    89.37360113695216,
    82.08895424351084,
    79.84871079780567,
    78.43479642192841,
    77.82863048854739,
    66.62557953728556,
    66.6215842904115,
    65.43683342871668,
    70.93585741782685,
    49.539601582122785,
    47.969798261402104,
    33.5012821464494,
    29.08359740788039,
    29.08359740788039,
    29.08359740788039,
    29.08359740788039
  ],
  "teleOpEPAOverTime": [
    -1.7656780201995872,
    15.389764750919529,
    31.06797173446635,
    40.05975673137593,
    28.84528378198132,
    26.800710404781732,
    27.887126458565543,
    29.279900812574127,
    26.926169474016547,
    21.249713364577257,
    8.365107917740024,
    10.264038410219086,
    13.530176537079187,
    7.692824723995402,
    -4.85771760206949,
    -1.5370920263584207,
    12.58331147381734,
    11.02214128111154,
    10.074886158909845,
    12.494134240250556,
    29.54211980204317,
    41.957679970151375,
    53.049696441755586,
    51.538642927792495,
    49.75083083011232,
    57.92276140685941,
    71.00370150056312,
    76.36668767704414,
    68.07909164159423,
    63.76311374061823,
    63.783406262092775,
    63.783406262092775,
    63.783406262092775,
    67.11409624930899,
    72.88625656477406,
    61.004125739621564,
    49.98051988742748,
    55.193550989735016,
    62.84696405347221,
    63.391174703289664,
    55.90575001626169,
    52.90739843431592,
    48.00223816447748,
    53.602865450731244,
    37.304557592203494,
    34.00310428667055,
    18.836364985473587,
    14.552790828920292,
    14.552790828920292,
    14.552790828920292,
    14.552790828920292
  ],
  "autonEPAOverTime": [
    7.380442630002426,
    7.07677754786819,
    9.090215997543883,
    8.994969916890046,
    9.816696071809478,
    6.1315524920265485,
    4.44719453744948,
    8.977814412535706,
    13.805860526150559,
    11.395954537858533,
    10.609749291196922,
    10.659248539177785,
    9.5039873898673,
    10.800533252657244,
    10.252382712981099,
    13.241114597541946,
    19.38216791624446,
    22.89722192420464,
    22.886000340108044,
    23.380657388357857,
    24.824665899023554,
    25.47381278233213,
    26.785467190983017,
    31.403268655508967,
    31.675184000539872,
    34.14746562498726,
    33.007834962708195,
    21.71480715431414,
    23.057700221407543,
    26.611305637947247,
    26.706079766001785,
    26.706079766001785,
    26.706079766001785,
    30.248356897975842,
    33.171996343656375,
    28.369475397330596,
    32.108434356083364,
    24.655159808070653,
    15.587832368456198,
    14.437455785257722,
    10.719829521023868,
    13.714185856095582,
    17.4345952642392,
    17.332991967095612,
    12.23504398991929,
    13.966693974731557,
    14.664917160975813,
    14.530806578960098,
    14.530806578960098,
    14.530806578960098,
    14.530806578960098
  ],
  "endGameEPAOverTime": [
    17.881168377660074,
    16.570890270532285,
    23.077154589553167,
    27.96764827450907,
    23.531950642655694,
    23.816604897518843,
    23.504880550470958,
    21.975436907098278,
    25.458444298566057,
    25.2228240155463,
    21.256236250090197,
    23.688644736604253,
    26.005903605033513,
    23.415481579517916,
    14.651338122566704,
    5.649953423610958,
    12.750364150479072,
    15.57105471149135,
    13.839437793579213,
    14.498688412462936,
    23.465234544476928,
    29.432420623130138,
    36.479573487516696,
    36.678207089329135,
    35.94353815923653,
    42.06044066718668,
    54.385783023688845,
    58.73600704948755,
    51.91652113383945,
    54.55547300372797,
    58.03284313046956,
    58.03284313046956,
    58.03284313046956,
    55.37758192160932,
    49.28378048156461,
    43.04642792743535,
    39.41722438296935,
    41.89503320264582,
    42.04839128994187,
    41.101036338282974,
    38.421942532676184,
    36.54466168157154,
    40.41942442599422,
    44.804191981268076,
    33.48766483699914,
    31.21250414743263,
    26.223007929727704,
    25.098870388360787,
    25.098870388360787,
    25.098870388360787,
    25.098870388360787
  ],
  "unitlessEPAOverTime": [
    1501.1441415467193,
    1495.6231169849025,
    1590.510325554357,
    1638.2259406382877,
    1582.485577967156,
    1551.7548666835016,
    1548.5478705865507,
    1516.9884805301353,
    1526.7427903162281,
    1494.8645176975133,
    1440.971082684448,
    1448.6522344426928,
    1456.9737900373618,
    1419.682759747591,
    1374.951920450829,
    1396.4977996858013,
    1465.6888234141263,
    1472.3611581150394,
    1469.0880477399385,
    1476.8281088965202,
    1539.960540485384,
    1584.563990006308,
    1626.910634734298,
    1637.517200564041,
    1632.34186643526,
    1667.9301397222634,
    1708.240796249774,
    1688.2225668595515,
    1664.779113053196,
    1662.2055481068542,
    1662.5939822407802,
    1662.3083507719634,
    1662.3083507719634,
    1685.2233561637393,
    1714.5251574005722,
    1658.3037213806126,
    1633.7570113349332,
    1626.208175118456,
    1621.4437786114236,
    1619.4012116038627,
    1583.7577309200242,
    1583.7450601650908,
    1579.9876733754998,
    1597.4275932441958,
    1529.5702811095778,
    1524.5917168812352,
    1478.7054355768787,
    1464.6949369868785,
    1465.3349993398967,
    1465.3349993398967,
    1465.3349993398967
  ],
  "EPA Rank": 223,
  "Auto EPA Rank": 162,
  "TeleOp EPA Rank": 248,
  "Endgame EPA Rank": 148
}