{
  "teamNumber": 11691,
  "teamName": "Scripps Dragons",
  "wins": 19,
  "loss": 6,
  "ties": 1,
  "elo": 1840.9154574221855,
  "totalEPA": 137.27284701414868,
  "autonEPA": 50.47647014717565,
  "endgameEPA": 41.85349672473972,
  "unitlessEPA": 1786.5853486255678,
  "teleOpEPA": 86.79637686697303,
  "totalEPAOverTime": [
    86.84602768909222,
    86.21382137561402,
    86.4266704033379,
    64.22290456435579,
    58.65766212980087,
    68.12191252304103,
    69.69508264290354,
    69.69508264290354,
    69.69508264290354,
    69.69508264290354,
    69.69508264290354,
    73.01937687537102,
    79.88985384609764,
    94.30250952742686,
    111.24701912130357,
    106.97343371590108,
    100.90393646647706,
    100.90393646647706,
    100.90393646647706,
    100.90393646647706,
    100.90393646647706,
    116.39689010012953,
    144.0302472754772,
    151.1981961490411,
    179.07537786522036,
    155.00019755084446,
    136.335719884298,
    137.27284701414868,
    137.27284701414868,
    137.27284701414868
  ],
  "teleOpEPAOverTime": [
    6.4900525589208655,
    56.25345330040677,
    54.45914817244349,
    37.16526294200489,
    30.216853092460184,
    39.259462051486615,
    40.47937505617449,
    40.47937505617449,
    40.47937505617449,
    40.47937505617449,
    40.47937505617449,
    39.39442637320998,
    40.13595438761855,
    55.63026277534602,
    78.61487575513146,
    72.49006309241078,
    63.48793140618817,
    63.48793140618817,
    63.48793140618817,
    63.48793140618817,
    63.48793140618817,
    74.09653835278367,
    97.04061435283595,
    106.27684858507683,
    131.25081056976686,
    102.97408934946108,
    85.25602368463615,
    86.79637686697303,
    86.79637686697303,
    86.79637686697303
  ],
  "autonEPAOverTime": [
    28.364077467869887,
    29.96036807520725,
    31.967522230894403,
    27.0576416223509,
    28.440809037340685,
    28.862450471554418,
    29.215707586729057,
    29.215707586729057,
    29.215707586729057,
    29.215707586729057,
    29.215707586729057,
    33.62495050216104,
    39.75389945847909,
    38.672246752080845,
    32.6321433661721,
    34.4833706234903,
    37.416005060288896,
    37.416005060288896,
    37.416005060288896,
    37.416005060288896,
    37.416005060288896,
    42.30035174734586,
    46.98963292264124,
    44.92134756396428,
    47.824567295453505,
    52.02610820138338,
    51.079696199661846,
    50.47647014717565,
    50.47647014717565,
    50.47647014717565
  ],
  "endGameEPAOverTime": [
    51.99189766230147,
    41.2383513270864,
    15.190202122124106,
    5.134538020187462,
    10.35130934260228,
    13.618745996589068,
    14.920095827005932,
    14.920095827005932,
    14.920095827005932,
    14.920095827005932,
    14.920095827005932,
    14.196269390021852,
    18.46604488154709,
    29.18410328701461,
    40.699309942024954,
    40.020828326224155,
    34.06053583281704,
    34.06053583281704,
    34.06053583281704,
    34.06053583281704,
    34.06053583281704,
    40.332461268504304,
    56.37967828240797,
    60.206869589311914,
    58.79862511411633,
    52.002998416919105,
    43.60830970288082,
    41.85349672473972,
    41.85349672473972,
    41.85349672473972
  ],
  "unitlessEPAOverTime": [
    1840.9154574221855,
    1678.2475550536017,
    1679.009853082346,
    1599.4892317727029,
    1579.5578588991143,
    1613.4531484170384,
    1619.0873037339531,
    1621.0302612322823,
    1621.0302612322823,
    1621.0302612322823,
    1621.0302612322823,
    1609.7166870875587,
    1633.6819285433726,
    1683.9554066285534,
    1743.0603662256547,
    1728.1534672492244,
    1706.982161717221,
    1697.750372497249,
    1697.750372497249,
    1697.750372497249,
    1697.750372497249,
    1729.681176252258,
    1819.2105101610914,
    1842.4339529035196,
    1932.7532541186329,
    1854.752059996478,
    1794.2810052983916,
    1797.3172041645316,
    1786.5853486255678,
    1786.5853486255678
  ],
  "EPA Rank": 4,
  "Auto EPA Rank": 3,
  "TeleOp EPA Rank": 14,
  "Endgame EPA Rank": 31
}