{
  "teamNumber": 11714,
  "teamName": "Burr Oak BossCats",
  "wins": 1,
  "loss": 4,
  "ties": 0,
  "elo": 1490.8766224756037,
  "totalEPA": 27.523236111036113,
  "autonEPA": 3.6544205862942682,
  "endgameEPA": 16.1123359322439,
  "unitlessEPA": 1445.3038010942416,
  "teleOpEPA": 23.868815524741844,
  "totalEPAOverTime": [
    21.581562129434495,
    22.494159383497625,
    30.62234474316232,
    46.800781438396726,
    37.01744837625868,
    31.34395329269495,
    27.523236111036113
  ],
  "teleOpEPAOverTime": [
    -2.0151572057768057,
    12.793622295951728,
    15.369147300726445,
    30.258945979435317,
    23.30889552579496,
    24.40420519756319,
    23.868815524741844
  ],
  "autonEPAOverTime": [
    6.746340041548201,
    9.700537087545896,
    15.253197442435875,
    16.54183545896141,
    13.708552850463718,
    6.939748095131758,
    3.6544205862942682
  ],
  "endGameEPAOverTime": [
    16.8503792936631,
    13.188347366096917,
    9.131863421772847,
    17.197770177683037,
    15.506537758326932,
    15.990297146002451,
    16.1123359322439
  ],
  "unitlessEPAOverTime": [
    1490.8766224756037,
    1428.2421482723707,
    1455.817841424758,
    1510.7048286491124,
    1477.5138790593198,
    1458.265971610961,
    1445.3038010942416
  ],
  "EPA Rank": 230,
  "Auto EPA Rank": 296,
  "TeleOp EPA Rank": 202,
  "Endgame EPA Rank": 246
}