{
  "teamNumber": 11714,
  "teamName": "Burr Oak BossCats",
  "wins": 1,
  "loss": 4,
  "ties": 0,
  "elo": 1500,
  "totalEPA": 27.54276974027572,
  "autonEPA": 3.6608907734942977,
  "endgameEPA": 16.12285357786009,
  "unitlessEPA": 1466.203922659946,
  "teleOpEPA": 23.88187896678142,
  "totalEPAOverTime": [
    23.282608695652176,
    24.021739130434785,
    31.387811949774868,
    46.88638031310278,
    37.14293840265908,
    31.41417134529983,
    27.54276974027572
  ],
  "teleOpEPAOverTime": [
    -1.7934782608695627,
    13.815217391304351,
    15.881066593644915,
    30.31619169328328,
    23.392819091067146,
    24.45116470975619,
    23.88187896678142
  ],
  "autonEPAOverTime": [
    7.309782608695652,
    10.206521739130434,
    15.506745356129953,
    16.570188619819497,
    13.75011931159193,
    6.9630066355436435,
    3.6608907734942977
  ],
  "endGameEPAOverTime": [
    17.766304347826086,
    14.01086956521739,
    9.5440276779434,
    17.243860656962074,
    15.574104299607779,
    16.028104402388,
    16.12285357786009
  ],
  "unitlessEPAOverTime": [
    1500,
    1451.7943525493204,
    1481.9394874520387,
    1545.3662883499126,
    1505.49193765982,
    1482.0473614241732,
    1466.203922659946
  ],
  "EPA Rank": 230,
  "Auto EPA Rank": 296,
  "TeleOp EPA Rank": 202,
  "Endgame EPA Rank": 246
}