{
  "teamNumber": 12303,
  "teamName": "Hacker Hawks",
  "wins": 14,
  "loss": 10,
  "ties": 0,
  "elo": 1485.840156877453,
  "totalEPA": 57.03700847597713,
  "autonEPA": 30.40278750660087,
  "endgameEPA": 22.234415741707075,
  "unitlessEPA": 1543.223335848207,
  "teleOpEPA": 26.634220969376262,
  "totalEPAOverTime": [
    20.642517078553013,
    25.477539202555242,
    36.35155650769415,
    35.389754524784436,
    36.43434408162229,
    47.556459147601885,
    52.217993785320544,
    52.217993785320544,
    52.217993785320544,
    52.217993785320544,
    52.217993785320544,
    44.86730333820255,
    28.013269022540097,
    13.579371010341077,
    7.039603858211842,
    4.896487525573274,
    12.962715760025574,
    17.31338889491853,
    29.943489945006878,
    32.995900651259596,
    33.703680819509295,
    42.89306676811807,
    57.99785257559897,
    57.03700847597713,
    57.03700847597713,
    57.03700847597713,
    57.03700847597713,
    57.03700847597713
  ],
  "teleOpEPAOverTime": [
    -2.13753275988209,
    14.60218770572832,
    18.675716747370938,
    16.87021754745308,
    21.547871964359377,
    30.460535579815676,
    33.42862549540319,
    33.42862549540319,
    33.42862549540319,
    33.42862549540319,
    33.42862549540319,
    30.424393373286065,
    24.33007533114452,
    6.597857186806966,
    -4.1538832223514985,
    -3.635842392970824,
    -5.215116354763744,
    -4.002791292818738,
    5.6078555020284675,
    1.6971314131504727,
    -2.013671601633952,
    13.029972462978954,
    27.471318300820304,
    26.634220969376262,
    26.634220969376262,
    26.634220969376262,
    26.634220969376262,
    26.634220969376262
  ],
  "autonEPAOverTime": [
    6.435297437163635,
    10.875351496826923,
    17.67583976032321,
    18.519536977331356,
    14.886472117262915,
    17.09592356778621,
    18.789368289917356,
    18.789368289917356,
    18.789368289917356,
    18.789368289917356,
    18.789368289917356,
    14.442909964916483,
    3.6831936913955774,
    6.981513823534112,
    11.19348708056334,
    8.532329918544098,
    18.177832114789318,
    21.316180187737267,
    24.33563444297841,
    31.298769238109124,
    35.71735242114325,
    29.863094305139114,
    30.526534274778665,
    30.40278750660087,
    30.40278750660087,
    30.40278750660087,
    30.40278750660087,
    30.40278750660087
  ],
  "endGameEPAOverTime": [
    16.344752401271467,
    11.846153187489438,
    9.256629955216685,
    11.72751471080899,
    15.351183664154615,
    17.83473566164425,
    19.298959188586227,
    19.298959188586227,
    19.298959188586227,
    19.298959188586227,
    19.298959188586227,
    18.606301940783645,
    17.07634386569304,
    16.498210658679803,
    20.959653310405464,
    23.527657431330443,
    19.386936310264943,
    18.143353017206717,
    18.447895443813653,
    11.22138422984748,
    3.068518454491198,
    14.41495092330815,
    23.724994252287587,
    22.234415741707075,
    22.234415741707075,
    22.234415741707075,
    22.234415741707075,
    22.234415741707075
  ],
  "unitlessEPAOverTime": [
    1485.840156877453,
    1437.8050925611387,
    1474.959601609533,
    1471.673301848,
    1475.2424714614278,
    1513.2446847428919,
    1529.1722877635962,
    1537.1583813844798,
    1537.1583813844798,
    1537.1583813844798,
    1537.1583813844798,
    1497.9324163410813,
    1443.3270183656216,
    1396.562621751045,
    1375.3744254224666,
    1368.43094126552,
    1394.5647199593154,
    1408.6604689973483,
    1458.1938371261224,
    1467.7509760975822,
    1469.9670453229157,
    1498.7391363109764,
    1546.032423810105,
    1543.0240080123283,
    1543.223335848207,
    1543.223335848207,
    1543.223335848207,
    1543.223335848207
  ],
  "EPA Rank": 125,
  "Auto EPA Rank": 54,
  "TeleOp EPA Rank": 188,
  "Endgame EPA Rank": 181
}