{
  "teamNumber": 12326,
  "teamName": "WIMA MachaniCats",
  "wins": 0,
  "loss": 5,
  "ties": 0,
  "elo": 1500,
  "totalEPA": 14.934198592298099,
  "autonEPA": 8.450173390095939,
  "endgameEPA": 25.275076826399147,
  "unitlessEPA": 1409.6228130017525,
  "teleOpEPA": 6.48402520220216,
  "totalEPAOverTime": [
    23.282608695652176,
    5.521739130434785,
    -7.532650567146993,
    -5.58489340191159,
    -9.132464143168898,
    7.651217360730087,
    15.640100446413973,
    14.934198592298099
  ],
  "teleOpEPAOverTime": [
    -1.7934782608695627,
    -2.0181159420289836,
    -13.253685440796879,
    -10.00232929722953,
    -14.897050028479315,
    0.5653055330515198,
    7.21350995283928,
    6.48402520220216
  ],
  "autonEPAOverTime": [
    7.309782608695652,
    7.5398550724637685,
    5.721034873649886,
    4.417435895317938,
    5.764585885310417,
    7.085911827678567,
    8.426590493574693,
    8.450173390095939
  ],
  "endGameEPAOverTime": [
    17.766304347826086,
    18.344202898550723,
    20.513544555545845,
    22.592174753126432,
    23.713066413973227,
    26.702332791620215,
    25.94105685138784,
    25.275076826399147
  ],
  "unitlessEPAOverTime": [
    1500,
    1379.6596368703856,
    1338.1029131064233,
    1344.3033107006486,
    1333.0101425983623,
    1386.4385166669758,
    1411.8699474167302,
    1409.6228130017525
  ],
  "EPA Rank": 282,
  "Auto EPA Rank": 220,
  "TeleOp EPA Rank": 296,
  "Endgame EPA Rank": 147
}