{
  "teamNumber": 12467,
  "teamName": "Robo Potatos",
  "wins": 5,
  "loss": 9,
  "ties": 1,
  "elo": 1500,
  "totalEPA": 33.233557112513054,
  "autonEPA": 22.88711205399083,
  "endgameEPA": 18.259270872743343,
  "unitlessEPA": 1470.4069330907287,
  "teleOpEPA": 10.346445058522225,
  "totalEPAOverTime": [
    23.282608695652176,
    19.188405797101453,
    14.595437135113285,
    23.972931008521893,
    27.123741184621824,
    23.115592971105993,
    19.06114738311511,
    19.06114738311511,
    19.06114738311511,
    19.06114738311511,
    19.06114738311511,
    27.37709295197913,
    15.494633770252808,
    -12.415547803251403,
    -6.220389346532492,
    4.678120735613616,
    26.872495338501974,
    33.233557112513054
  ],
  "teleOpEPAOverTime": [
    -1.7934782608695627,
    12.481884057971019,
    8.569366579855934,
    14.811907957987215,
    15.257805654348859,
    12.211529610516948,
    9.681117310960918,
    9.681117310960918,
    9.681117310960918,
    9.681117310960918,
    9.681117310960918,
    15.158730575095081,
    3.6353677606682417,
    -16.40483381545804,
    -12.870758935487387,
    -13.144199623225143,
    2.8006564251640924,
    10.346445058522225
  ],
  "autonEPAOverTime": [
    7.309782608695652,
    6.706521739130435,
    6.026070555257351,
    9.161023050534679,
    11.865935530272965,
    10.904063360589046,
    9.380030072154192,
    9.380030072154192,
    9.380030072154192,
    9.380030072154192,
    9.380030072154192,
    12.218362376884048,
    11.859266009584566,
    3.9892860122066365,
    6.650369588954895,
    17.82232035883876,
    24.07183891333788,
    22.88711205399083
  ],
  "endGameEPAOverTime": [
    17.766304347826086,
    12.344202898550725,
    4.708212394717137,
    8.673867864124837,
    9.213132343300613,
    9.879024248514577,
    9.752084938753397,
    9.752084938753397,
    9.752084938753397,
    9.752084938753397,
    9.752084938753397,
    11.462172048146067,
    10.124214711368099,
    4.268494327840254,
    8.667218140701003,
    7.569146275304127,
    14.222507517192227,
    18.259270872743343
  ],
  "unitlessEPAOverTime": [
    1500,
    1429.4066359544986,
    1411.6852926504707,
    1447.86707408465,
    1460.024045517658,
    1444.5591521703577,
    1428.9156267165645,
    1430.7588454211568,
    1430.7588454211568,
    1430.7588454211568,
    1430.7588454211568,
    1449.8870721213354,
    1408.2533484785556,
    1310.4617408088154,
    1332.1683178031572,
    1370.3544836412796,
    1448.1190645675943,
    1470.4069330907287
  ],
  "EPA Rank": 205,
  "Auto EPA Rank": 101,
  "TeleOp EPA Rank": 274,
  "Endgame EPA Rank": 226
}