{
  "teamNumber": 12845,
  "teamName": "THE METEORS",
  "wins": 4,
  "loss": 6,
  "ties": 0,
  "elo": 1483.6579130035789,
  "totalEPA": 37.62894506169382,
  "autonEPA": 10.547593870420133,
  "endgameEPA": 11.4695883004255,
  "unitlessEPA": 1508.9792167585633,
  "teleOpEPA": 27.081351191273686,
  "totalEPAOverTime": [
    20.235639424046582,
    23.482598070763455,
    37.96098134035776,
    44.179416652385655,
    45.80825581698677,
    37.01929512729718,
    37.02483883965673,
    37.542908499111924,
    37.66071704362539,
    44.18287558843524,
    36.194621376306024,
    34.22843315798724,
    37.62894506169382
  ],
  "teleOpEPAOverTime": [
    -2.1905567105184716,
    14.78379002512613,
    25.70136921123293,
    33.92594341575743,
    31.67076126981732,
    26.16943169593074,
    28.21086566746184,
    29.951626051413697,
    30.890141492873568,
    31.643728003984258,
    21.43338485178188,
    23.61542903703673,
    27.081351191273686
  ],
  "autonEPAOverTime": [
    6.3005261765039196,
    8.698808045637325,
    12.259612129124832,
    10.253473236628228,
    14.137494547169451,
    10.849863431366437,
    8.813973172194894,
    7.591282447698228,
    6.77057555075182,
    12.53914758445098,
    14.761236524524143,
    10.61300412095051,
    10.547593870420133
  ],
  "endGameEPAOverTime": [
    16.125669958061135,
    14.143674240413265,
    14.430415225559084,
    15.529630213261271,
    14.931318234432862,
    11.388817020249412,
    9.931964219810975,
    13.237503726767464,
    17.218817090824803,
    14.17520953144185,
    16.150440983078422,
    11.245924213831852,
    11.4695883004255
  ],
  "unitlessEPAOverTime": [
    1483.6579130035789,
    1481.6099712788787,
    1544.8072460704427,
    1571.9503433258592,
    1579.0601286078067,
    1540.696842217604,
    1540.721040189631,
    1508.6522820427601,
    1509.0999487307806,
    1533.8838311440434,
    1503.5288571395847,
    1496.057438395259,
    1508.9792167585633
  ],
  "EPA Rank": 189,
  "Auto EPA Rank": 198,
  "TeleOp EPA Rank": 185,
  "Endgame EPA Rank": 292
}