{
  "teamNumber": 13019,
  "teamName": "Platinum Panthers 13019",
  "wins": 18,
  "loss": 23,
  "ties": 0,
  "elo": 1572.4945562309329,
  "totalEPA": 40.18152283360243,
  "autonEPA": 24.132625661298892,
  "endgameEPA": 23.347749589901756,
  "unitlessEPA": 1499.891533785991,
  "teleOpEPA": 16.048897172303537,
  "totalEPAOverTime": [
    36.799161706458584,
    33.78553330610679,
    20.110684355699796,
    17.335948757117283,
    23.47868035748158,
    13.873547061932827,
    18.77772164191015,
    11.872969408464407,
    6.012827487938775,
    8.600167503088823,
    4.5837970760830125,
    19.256805347852787,
    36.6519412784688,
    37.963911950665334,
    46.143049560550104,
    71.47773110880873,
    75.19338581205794,
    83.96287164452902,
    82.80516886457897,
    59.38154923569118,
    74.43021467369852,
    81.34722664238356,
    87.69156382443424,
    88.00079331387313,
    86.63953894386398,
    82.84360031549613,
    76.96029556894581,
    75.35308227191827,
    75.35308227191827,
    75.35308227191827,
    75.3905594984371,
    93.64451997660494,
    125.80542173956202,
    94.01970308870608,
    101.76074568209815,
    102.09195294373875,
    99.01953821368221,
    99.01953821368221,
    99.01953821368221,
    92.37376976744049,
    76.98238630120632,
    53.497911710995176,
    34.90360920546209,
    37.91599631730057,
    40.18152283360243,
    40.18152283360243,
    40.18152283360243,
    40.18152283360243,
    40.18152283360243
  ],
  "teleOpEPAOverTime": [
    -0.032012543396103155,
    21.848072489704215,
    9.144850319273377,
    -0.5378464133135417,
    5.896770201701592,
    -1.203358708116065,
    4.659007889675996,
    1.6111958602088023,
    1.5037348568805555,
    7.26555775368,
    6.476381633782465,
    14.02076571736301,
    20.776517768526517,
    18.952673454559285,
    21.85665883393927,
    40.62486940388166,
    45.37798853254365,
    56.2321387116159,
    54.79224122306667,
    29.154186180811497,
    35.31770651998008,
    40.16988603937552,
    43.894963274351866,
    45.576795636248015,
    52.83225114610645,
    55.10379612285175,
    50.39177646989703,
    48.136091855266145,
    48.136091855266145,
    48.136091855266145,
    44.38126421349372,
    54.109206206988745,
    85.42965150414784,
    66.33526414728084,
    73.20111735196565,
    73.12205840988321,
    70.05875903115464,
    70.05875903115464,
    70.05875903115464,
    66.66309629407814,
    55.650492434663576,
    32.76443292189924,
    14.8678973651344,
    14.874446207799004,
    16.048897172303537,
    16.048897172303537,
    16.048897172303537,
    16.048897172303537,
    16.048897172303537
  ],
  "autonEPAOverTime": [
    11.786909501422226,
    11.937460816402579,
    10.965834036426418,
    17.873795170430824,
    17.581910155779987,
    15.076905770048892,
    14.118713752234155,
    10.261773548255604,
    4.50909263105822,
    1.3346097494088236,
    -1.8925845576994527,
    5.236039630489776,
    15.87542350994228,
    19.01123849610605,
    24.286390726610833,
    30.85286170492707,
    29.815397279514293,
    27.73073293291311,
    28.012927641512306,
    30.227363054879685,
    39.11250815371844,
    41.17734060300804,
    43.796600550082374,
    42.42399767762512,
    33.80728779775753,
    27.73980419264438,
    26.56851909904878,
    27.21699041665212,
    27.21699041665212,
    27.21699041665212,
    31.00929528494338,
    39.535313769616195,
    40.37577023541419,
    27.684438941425245,
    28.559628330132504,
    28.969894533855545,
    28.960779182527578,
    28.960779182527578,
    28.960779182527578,
    25.710673473362352,
    21.33189386654274,
    20.73347878909593,
    20.03571184032769,
    23.041550109501564,
    24.132625661298892,
    24.132625661298892,
    24.132625661298892,
    24.132625661298892,
    24.132625661298892
  ],
  "endGameEPAOverTime": [
    25.04426474843246,
    19.575836565722703,
    9.368301336721267,
    9.249334480578376,
    14.92500276818135,
    14.55804320935773,
    15.194653040955425,
    9.714406305867143,
    8.19821776986356,
    9.392915569339424,
    7.132717954095396,
    12.973928472787367,
    19.103664864997825,
    16.24886571881199,
    16.148285681666863,
    25.398223832827938,
    23.64585733828459,
    22.62218979010939,
    20.488126514975413,
    15.28187725051505,
    24.877860324833097,
    27.58786799415813,
    32.68377042070594,
    35.25006038238421,
    41.80272548720828,
    42.62087574270047,
    38.3816189851589,
    35.058955793412935,
    35.058955793412935,
    35.058955793412935,
    35.98642325508674,
    38.80803036320971,
    45.24609727339636,
    37.5466884999543,
    35.38733244451904,
    38.07754477209049,
    37.54916767497355,
    37.54916767497355,
    37.54916767497355,
    36.150272579386176,
    32.27860474494482,
    32.060653363846605,
    28.95689183508652,
    24.038404909290172,
    23.347749589901756,
    23.347749589901756,
    23.347749589901756,
    23.347749589901756,
    23.347749589901756
  ],
  "unitlessEPAOverTime": [
    1572.4945562309329,
    1558.5897598087895,
    1463.5934525283142,
    1444.3179463416684,
    1486.9902142962133,
    1420.2653680238368,
    1483.4259648758728,
    1450.7395440122013,
    1422.99820606711,
    1435.246420310477,
    1416.2333160479363,
    1439.6689138999322,
    1502.2167537270363,
    1506.934217953227,
    1536.344013380379,
    1627.440145648145,
    1630.1596209960119,
    1661.6414458154322,
    1657.4853759149153,
    1573.396262381837,
    1627.4198913762766,
    1652.2514679626336,
    1652.9471577407367,
    1653.9817672583988,
    1649.4273286447785,
    1636.7270061739273,
    1617.0428450768322,
    1611.6654854432636,
    1611.0594806776317,
    1611.0594806776317,
    1608.4585551286477,
    1670.3151325941665,
    1779.2976908527219,
    1671.586502895707,
    1697.8183116812434,
    1698.9406625081403,
    1688.5292747995252,
    1673.3802813005223,
    1673.3802813005223,
    1657.5352177887669,
    1609.0621024875227,
    1535.1008730049484,
    1476.5405901509569,
    1486.027702737325,
    1493.162677204282,
    1499.891533785991,
    1499.891533785991,
    1499.891533785991,
    1499.891533785991
  ],
  "EPA Rank": 180,
  "Auto EPA Rank": 93,
  "TeleOp EPA Rank": 242,
  "Endgame EPA Rank": 167
}