{
  "teamNumber": 13284,
  "teamName": "SnowBots Silver",
  "wins": 3,
  "loss": 2,
  "ties": 0,
  "elo": 1615.1972991111838,
  "totalEPA": 59.11471251038729,
  "autonEPA": 27.38895233758552,
  "endgameEPA": 23.075998257665127,
  "unitlessEPA": 1551.947191050774,
  "teleOpEPA": 31.725760172801774,
  "totalEPAOverTime": [
    44.761054541681766,
    42.76223144173964,
    44.248737026842676,
    53.95389954580989,
    43.41003890589822,
    52.886171548441844,
    59.11471251038729
  ],
  "teleOpEPAOverTime": [
    1.0055745739873458,
    30.39937943945351,
    30.738042741049906,
    34.94774840403012,
    21.389984338187485,
    27.288429012824515,
    31.725760172801774
  ],
  "autonEPAOverTime": [
    14.424150261036427,
    12.362852002286127,
    13.51069428579277,
    19.006151141779767,
    22.020054567710734,
    25.59774253561733,
    27.38895233758552
  ],
  "endGameEPAOverTime": [
    29.331329706657993,
    26.509870837137164,
    18.078632119430637,
    19.319417463256443,
    18.052746379238577,
    20.661620515283694,
    23.075998257665127
  ],
  "unitlessEPAOverTime": [
    1615.1972991111838,
    1497.8767469577158,
    1502.7919654371572,
    1534.882658292444,
    1500.0187605840767,
    1531.3521526311977,
    1551.947191050774
  ],
  "EPA Rank": 114,
  "Auto EPA Rank": 71,
  "TeleOp EPA Rank": 152,
  "Endgame EPA Rank": 169
}