{
  "teamNumber": 13462,
  "teamName": "Digital Owls",
  "wins": 20,
  "loss": 12,
  "ties": 0,
  "elo": 1500,
  "totalEPA": 80.06838569436462,
  "autonEPA": 5.825044173099246,
  "endgameEPA": 47.18729490369348,
  "unitlessEPA": 1626.3961035978427,
  "teleOpEPA": 74.24334152126538,
  "totalEPAOverTime": [
    23.282608695652176,
    14.188405797101451,
    1.9665729791246438,
    14.282547400186033,
    7.4349610540537086,
    -4.281266380488963,
    -0.8403922575659273,
    -11.074343749269623,
    -23.40233636980085,
    -5.233280940475648,
    26.758107739836642,
    40.84701635520095,
    41.61150929263414,
    41.61150929263414,
    41.61150929263414,
    62.78341117645383,
    58.944714949023414,
    -4.566540835864322,
    17.129149191115552,
    23.564794411343897,
    27.223155972474665,
    13.107207366877692,
    -7.385539448612608,
    23.181388085439266,
    41.95024160466434,
    65.77262668142383,
    75.00443811018302,
    75.94510969535531,
    78.74048996352073,
    81.75403457928374,
    81.76356130331743,
    88.58949584778432,
    84.07656384654413,
    80.06838569436462,
    80.06838569436462,
    80.06838569436462,
    80.06838569436462,
    80.06838569436462
  ],
  "teleOpEPAOverTime": [
    -1.7934782608695627,
    3.9818840579710173,
    -14.843171885195941,
    -6.393227117625148,
    -7.813346325632454,
    -13.273541789507963,
    -11.294322839030123,
    -19.80040699573569,
    -33.40353204096397,
    -26.981633006135095,
    -2.5316299193295784,
    11.015178549539648,
    12.95388708661622,
    12.95388708661622,
    12.95388708661622,
    29.32076210574241,
    18.491565683900482,
    -38.334144204218546,
    -6.404671222518889,
    2.870623270098257,
    7.435417537054423,
    -4.263428562294415,
    -15.062898601521038,
    14.796301336854203,
    25.74423768672763,
    39.15086407418288,
    45.84887126725067,
    47.27487996812179,
    54.4002622922754,
    69.00018895231544,
    73.51715865757414,
    79.73052826065702,
    76.7227234369137,
    74.24334152126538,
    74.24334152126538,
    74.24334152126538,
    74.24334152126538,
    74.24334152126538
  ],
  "autonEPAOverTime": [
    7.309782608695652,
    10.206521739130434,
    16.809744864320585,
    20.67577451781118,
    15.248307379686162,
    8.992275409019001,
    10.453930581464196,
    8.726063246466065,
    10.001195671163117,
    21.748352065659446,
    29.28973765916622,
    29.8318378056613,
    28.65762220601792,
    28.65762220601792,
    28.65762220601792,
    33.46264907071142,
    40.45314926512293,
    33.76760336835422,
    23.53382041363444,
    20.69417114124564,
    19.78773843542024,
    17.370635929172106,
    7.677359152908431,
    8.385086748585064,
    16.206003917936712,
    26.621762607240953,
    29.155566842932345,
    28.670229727233526,
    24.34022767124533,
    12.753845626968301,
    8.246402645743288,
    8.858967587127301,
    7.35384040963044,
    5.825044173099246,
    5.825044173099246,
    5.825044173099246,
    5.825044173099246,
    5.825044173099246
  ],
  "endGameEPAOverTime": [
    17.766304347826086,
    12.844202898550725,
    1.7024917493561518,
    -1.2879220726828604,
    -0.37403713432043606,
    8.419375770600606,
    11.847537356976833,
    12.781954651249153,
    17.195198698066584,
    16.55992004543868,
    15.988172221499218,
    20.00685895590337,
    20.311200674491094,
    20.311200674491094,
    20.311200674491094,
    26.175295055621902,
    29.62195769150628,
    16.33377667682025,
    14.10080723164598,
    13.119893392278787,
    12.975032588045273,
    13.863243119949642,
    19.783086420395712,
    32.31843218267121,
    31.599785582462793,
    32.368913114240144,
    28.95498639205474,
    27.79345139693838,
    32.200158772810966,
    39.50147390220771,
    42.35379505610696,
    55.65043061217799,
    49.839138769085,
    47.18729490369348,
    47.18729490369348,
    47.18729490369348,
    47.18729490369348,
    47.18729490369348
  ],
  "unitlessEPAOverTime": [
    1500,
    1423.7278615954085,
    1353.7911579902047,
    1424.2665658544097,
    1385.0827851700512,
    1318.0392952398388,
    1337.7289274956267,
    1305.8810102630428,
    1252.0540900246033,
    1331.3844666321725,
    1471.066406735239,
    1532.5819010763769,
    1535.9198573546387,
    1529.5980471129187,
    1529.5980471129187,
    1584.9496425557263,
    1570.9334058774305,
    1339.034672537788,
    1418.2521746011514,
    1441.7506546162385,
    1455.1084350858625,
    1399.8882912479398,
    1328.0858684877023,
    1435.1861744175312,
    1500.948425190751,
    1584.4172241682363,
    1616.763616431742,
    1620.0595386155867,
    1614.6048610725466,
    1624.0957155599244,
    1624.1257190153478,
    1645.6233106431716,
    1631.4102869795558,
    1618.7869345981642,
    1626.3961035978427,
    1626.3961035978427,
    1626.3961035978427,
    1626.3961035978427
  ],
  "EPA Rank": 68,
  "Auto EPA Rank": 264,
  "TeleOp EPA Rank": 25,
  "Endgame EPA Rank": 18
}