{
  "teamNumber": 13647,
  "teamName": "Code Red Robotics - M.E.D.I.C.S.",
  "wins": 2,
  "loss": 3,
  "ties": 0,
  "elo": 1500,
  "totalEPA": -6.500688787121184,
  "autonEPA": -3.9871291961726745,
  "endgameEPA": 5.239741675870812,
  "unitlessEPA": 1325.8506653742656,
  "teleOpEPA": -2.513559590948509,
  "totalEPAOverTime": [
    23.282608695652176,
    32.64818905479144,
    40.90251571630267,
    11.594637651784742,
    -7.536865768126525,
    -4.991837576198536,
    -6.500688787121184
  ],
  "teleOpEPAOverTime": [
    -1.7934782608695627,
    24.90705530992507,
    33.41609551071417,
    12.68581735850903,
    -2.7045128144079973,
    -1.1138945600012855,
    -2.513559590948509
  ],
  "autonEPAOverTime": [
    7.309782608695652,
    7.741133744866366,
    7.486420205588504,
    -1.0911797067242883,
    -4.8323529537185275,
    -3.877943016197251,
    -3.9871291961726745
  ],
  "endGameEPAOverTime": [
    17.766304347826086,
    21.81056412628381,
    24.823658401425774,
    13.272432334580419,
    1.249205349603236,
    2.2856789398523674,
    5.239741675870812
  ],
  "unitlessEPAOverTime": [
    1500,
    1496.7838894509557,
    1532.8242243625161,
    1404.859123839221,
    1321.326472553401,
    1332.4386652443131,
    1325.8506653742656
  ],
  "EPA Rank": 355,
  "Auto EPA Rank": 382,
  "TeleOp EPA Rank": 328,
  "Endgame EPA Rank": 350
}