{
  "teamNumber": 13876,
  "teamName": "Techcats",
  "wins": 2,
  "loss": 3,
  "ties": 0,
  "elo": 1500,
  "totalEPA": 21.525347241928934,
  "autonEPA": 1.1760274727628657,
  "endgameEPA": 21.298212808098768,
  "unitlessEPA": 1432.5604100485307,
  "teleOpEPA": 20.34931976916607,
  "totalEPAOverTime": [
    23.282608695652176,
    17.521739130434785,
    15.82637945494052,
    8.881391592591267,
    7.069504947932982,
    16.041395929918,
    21.22135802934758,
    21.525347241928934
  ],
  "teleOpEPAOverTime": [
    -1.7934782608695627,
    12.648550724637683,
    12.040576746504563,
    8.045423199239101,
    9.668264085884116,
    15.605436530749396,
    19.758476222593025,
    20.34931976916607
  ],
  "autonEPAOverTime": [
    7.309782608695652,
    4.8731884057971016,
    3.7858027084359565,
    0.835968393352166,
    -2.5987591379511343,
    0.4359593991686044,
    1.4628818067545564,
    1.1760274727628657
  ],
  "endGameEPAOverTime": [
    17.766304347826086,
    13.51086956521739,
    12.550050639594089,
    13.868690109582385,
    19.969800849761498,
    22.171224959100048,
    22.080222602745735,
    21.298212808098768
  ],
  "unitlessEPAOverTime": [
    1500,
    1417.723997889031,
    1411.4414012402692,
    1385.704940652951,
    1378.990522983233,
    1412.2382007658498,
    1431.4338988805293,
    1432.5604100485307
  ],
  "EPA Rank": 259,
  "Auto EPA Rank": 332,
  "TeleOp EPA Rank": 225,
  "Endgame EPA Rank": 192
}