{
  "teamNumber": 13882,
  "teamName": "Bryant Eagles A",
  "wins": 1,
  "loss": 4,
  "ties": 0,
  "elo": 1423.1265502255578,
  "totalEPA": -13.243387991710307,
  "autonEPA": 0.958352507986527,
  "endgameEPA": 0.8393386047536562,
  "unitlessEPA": 1305.5028348553633,
  "teleOpEPA": -14.201740499696834,
  "totalEPAOverTime": [
    8.949614426539714,
    9.410910572841066,
    9.346900120683872,
    10.195176133401214,
    4.999572575703258,
    -5.220961032292246,
    -13.243387991710307
  ],
  "teleOpEPAOverTime": [
    -3.6613419102482387,
    7.994021407700661,
    10.971999673001626,
    10.739059193194445,
    3.370921177779699,
    -6.33468356763839,
    -14.201740499696834
  ],
  "autonEPAOverTime": [
    2.5622235199076178,
    1.416889165140406,
    -1.6250995523177556,
    -0.5438830597932311,
    1.628651397923559,
    1.113722535346144,
    0.958352507986527
  ],
  "endGameEPAOverTime": [
    10.048732816880335,
    8.079559956095931,
    3.735075259169614,
    2.6449763857594033,
    1.0511760599241522,
    0.9877070225009518,
    0.8393386047536562
  ],
  "unitlessEPAOverTime": [
    1423.1265502255578,
    1382.9083895259325,
    1382.689677631595,
    1385.5880801175967,
    1367.8356622227743,
    1332.9139862899776,
    1305.5028348553633
  ],
  "EPA Rank": 368,
  "Auto EPA Rank": 335,
  "TeleOp EPA Rank": 362,
  "Endgame EPA Rank": 373
}