{
  "teamNumber": 13885,
  "teamName": "OJ Cyborioles",
  "wins": 2,
  "loss": 3,
  "ties": 0,
  "elo": 1443.7107343035093,
  "totalEPA": 28.30330656105735,
  "autonEPA": 5.908716995605963,
  "endgameEPA": 20.84778187961312,
  "unitlessEPA": 1473.5422480862371,
  "teleOpEPA": 22.394589565451387,
  "totalEPAOverTime": [
    12.787519363670857,
    16.14657203796351,
    21.741865780364165,
    13.622108431395837,
    14.677596913530317,
    27.804558384667086,
    28.30330656105735
  ],
  "teleOpEPAOverTime": [
    -3.161189395899809,
    11.164386704955614,
    15.727874660707185,
    10.234577342805991,
    9.625914693123221,
    22.244183547704257,
    22.394589565451387
  ],
  "autonEPAOverTime": [
    3.833463856998027,
    4.9821853330078945,
    6.01399111965698,
    3.387531088589845,
    5.051682220407096,
    5.56037483696283,
    5.908716995605963
  ],
  "endGameEPAOverTime": [
    12.11524490257264,
    13.525533170568165,
    13.9400437231843,
    7.647444740141613,
    9.570373740621074,
    18.660501085889493,
    20.84778187961312
  ],
  "unitlessEPAOverTime": [
    1443.7107343035093,
    1427.3472534568334,
    1448.6090951042854,
    1417.7544156329932,
    1421.7652200699063,
    1471.647029490651,
    1473.5422480862371
  ],
  "EPA Rank": 226,
  "Auto EPA Rank": 261,
  "TeleOp EPA Rank": 213,
  "Endgame EPA Rank": 201
}