{
  "teamNumber": 13917,
  "teamName": "ZooBOTix Hillside",
  "wins": 23,
  "loss": 7,
  "ties": 0,
  "elo": 1500,
  "totalEPA": 114.19013157450281,
  "autonEPA": 41.000261776857926,
  "endgameEPA": 35.09261713063819,
  "unitlessEPA": 1756.0498354371525,
  "teleOpEPA": 73.18986979764489,
  "totalEPAOverTime": [
    23.282608695652176,
    35.68840579710145,
    43.24329904796279,
    78.74311656553542,
    114.20365554143623,
    105.4153129401363,
    104.70069444801437,
    104.70069444801437,
    104.70069444801437,
    104.70069444801437,
    104.70069444801437,
    114.27911752820901,
    137.24347922759745,
    151.67738741502654,
    132.7522706602961,
    122.02220958436148,
    118.10729107054763,
    118.10729107054763,
    118.10729107054763,
    118.10729107054763,
    118.10729107054763,
    118.10729107054763,
    128.36723640994046,
    156.01306702952667,
    150.74409120904855,
    124.842686243184,
    112.26880552055917,
    113.62616253902748,
    114.19013157450281,
    114.19013157450281,
    114.19013157450281,
    114.19013157450281,
    114.19013157450281,
    114.19013157450281
  ],
  "teleOpEPAOverTime": [
    -1.7934782608695627,
    26.481884057971016,
    29.767058646899265,
    48.192462487858705,
    67.01235200156577,
    59.714702937854454,
    59.35363171815991,
    59.35363171815991,
    59.35363171815991,
    59.35363171815991,
    59.35363171815991,
    69.32219141677818,
    97.58557514715147,
    121.93754722741073,
    107.54056227503511,
    89.13346138185577,
    81.03360911932756,
    81.03360911932756,
    81.03360911932756,
    81.03360911932756,
    81.03360911932756,
    81.03360911932756,
    88.87724037042409,
    101.40426753135253,
    95.22847388383394,
    75.31452656344256,
    68.48949571200302,
    74.42671389109219,
    73.18986979764489,
    73.18986979764489,
    73.18986979764489,
    73.18986979764489,
    73.18986979764489,
    73.18986979764489
  ],
  "autonEPAOverTime": [
    7.309782608695652,
    9.206521739130435,
    13.476240401063526,
    30.55065407767671,
    47.19130353987046,
    45.70061000228185,
    45.347062729854464,
    45.347062729854464,
    45.347062729854464,
    45.347062729854464,
    45.347062729854464,
    44.95692611143083,
    39.65790408044598,
    29.739840187615815,
    25.211708385260984,
    32.88874820250571,
    37.07368195122007,
    37.07368195122007,
    37.07368195122007,
    37.07368195122007,
    37.07368195122007,
    37.07368195122007,
    39.48999603951636,
    54.608799498174136,
    55.51561732521461,
    49.52815967974145,
    43.77930980855616,
    39.199448647935284,
    41.000261776857926,
    41.000261776857926,
    41.000261776857926,
    41.000261776857926,
    41.000261776857926,
    41.000261776857926
  ],
  "endGameEPAOverTime": [
    17.766304347826086,
    20.17753623188406,
    20.924581716340626,
    30.7384443524571,
    42.62043809491866,
    29.756107114655315,
    26.83113778380453,
    26.83113778380453,
    26.83113778380453,
    26.83113778380453,
    26.83113778380453,
    34.085078556876454,
    50.42044734296168,
    54.35471948967725,
    51.866969371448015,
    50.44974519375153,
    48.88597173023115,
    48.88597173023115,
    48.88597173023115,
    48.88597173023115,
    48.88597173023115,
    48.88597173023115,
    47.206122755384925,
    44.96828655110953,
    38.802012166723614,
    38.20582618471243,
    40.872489237238916,
    37.21265822441733,
    35.09261713063819,
    35.09261713063819,
    35.09261713063819,
    35.09261713063819,
    35.09261713063819,
    35.09261713063819
  ],
  "unitlessEPAOverTime": [
    1500,
    1615.0397065987697,
    1687.7194729815662,
    2029.2356742217255,
    2370.37400708734,
    2285.8281814952134,
    2278.9533914305985,
    2129.1043551563507,
    2129.1043551563507,
    2129.1043551563507,
    2129.1043551563507,
    1821.1663251726325,
    1915.146360173821,
    1974.2161141872607,
    1896.7664050120861,
    1852.8543847834517,
    1836.8328561308688,
    1811.0716666110884,
    1811.0716666110884,
    1811.0716666110884,
    1811.0716666110884,
    1811.0716666110884,
    1805.3891908134697,
    1901.777103122685,
    1883.4066809663757,
    1793.1007543733626,
    1749.2615900105363,
    1753.9940507952642,
    1755.9603436039165,
    1756.0498354371525,
    1756.0498354371525,
    1756.0498354371525,
    1756.0498354371525,
    1756.0498354371525
  ],
  "EPA Rank": 18,
  "Auto EPA Rank": 11,
  "TeleOp EPA Rank": 30,
  "Endgame EPA Rank": 71
}