{
  "teamNumber": 13996,
  "teamName": "DIA",
  "wins": 2,
  "loss": 3,
  "ties": 0,
  "elo": 1500,
  "totalEPA": -2.591785471184203,
  "autonEPA": -4.5569711202124,
  "endgameEPA": 5.894910946832072,
  "unitlessEPA": 1358.453831191697,
  "teleOpEPA": 1.965185649028197,
  "totalEPAOverTime": [
    23.282608695652176,
    18.855072463768117,
    13.91849430897446,
    10.454500936271138,
    4.3969146278346924,
    -3.1436082188433088,
    -2.591785471184203
  ],
  "teleOpEPAOverTime": [
    -1.7934782608695627,
    12.315217391304348,
    9.345556425573704,
    11.9799163026544,
    11.9948547877269,
    2.591215727663609,
    1.965185649028197
  ],
  "autonEPAOverTime": [
    7.309782608695652,
    6.5398550724637685,
    4.572937883400755,
    -1.5254153663832617,
    -7.597940159892208,
    -5.734823946506918,
    -4.5569711202124
  ],
  "endGameEPAOverTime": [
    17.766304347826086,
    12.844202898550725,
    10.980167036747131,
    6.282477167999957,
    6.4988927776142775,
    8.691806999133378,
    5.894910946832072
  ],
  "unitlessEPAOverTime": [
    1500,
    1425.997858004558,
    1410.4507616297665,
    1399.5413751846716,
    1380.4638127147189,
    1356.7159388357686,
    1358.453831191697
  ],
  "EPA Rank": 345,
  "Auto EPA Rank": 386,
  "TeleOp EPA Rank": 312,
  "Endgame EPA Rank": 342
}