{
  "teamNumber": 14015,
  "teamName": "MC Hammers",
  "wins": 1,
  "loss": 4,
  "ties": 0,
  "elo": 1527.0496979202533,
  "totalEPA": 20.355957107277238,
  "autonEPA": 6.7399810788685315,
  "endgameEPA": 6.138956763124245,
  "unitlessEPA": 1425.268584778712,
  "teleOpEPA": 13.615976028408706,
  "totalEPAOverTime": [
    28.32600360520535,
    27.011774279882808,
    36.03434128132798,
    51.12482355707173,
    40.35418813462737,
    22.091876389030816,
    20.355957107277238
  ],
  "teleOpEPAOverTime": [
    -1.1362273163605892,
    11.227042676216568,
    11.300621202385386,
    29.75911544215755,
    25.15440595397793,
    14.385016686896716,
    13.615976028408706
  ],
  "autonEPAOverTime": [
    8.980320871087573,
    15.78473160366624,
    24.733720078942596,
    21.365708114914177,
    15.199782180649445,
    7.706859702134101,
    6.7399810788685315
  ],
  "endGameEPAOverTime": [
    20.48191005047837,
    11.332501028146233,
    -2.8336489062724812,
    -0.7998861012157432,
    1.9391468245561168,
    4.800738507091161,
    6.138956763124245
  ],
  "unitlessEPAOverTime": [
    1527.0496979202533,
    1446.0917772045716,
    1474.3195130293454,
    1521.5311488176856,
    1487.8344579179657,
    1430.6995304165357,
    1425.268584778712
  ],
  "EPA Rank": 264,
  "Auto EPA Rank": 243,
  "TeleOp EPA Rank": 251,
  "Endgame EPA Rank": 340
}