{
  "teamNumber": 14018,
  "teamName": "Mountie Blackbot",
  "wins": 17,
  "loss": 13,
  "ties": 0,
  "elo": 1538.7442428858747,
  "totalEPA": 58.338486925875905,
  "autonEPA": 18.961531561207977,
  "endgameEPA": 24.6442136329194,
  "unitlessEPA": 1553.281652535927,
  "teleOpEPA": 39.37695536466793,
  "totalEPAOverTime": [
    30.50644231927301,
    25.903410774860316,
    25.52883523217228,
    23.853931813581127,
    18.930904542119745,
    19.041665526425994,
    19.91491893599788,
    24.615993198744803,
    26.39474911683181,
    30.51748179205317,
    40.11522995943155,
    40.55216047244649,
    35.85209185333527,
    43.15925681755321,
    53.46205560989444,
    66.90965802090162,
    79.94833348498327,
    75.53191417666278,
    75.83258491742407,
    76.97587357293128,
    75.36018719104487,
    68.90614497693008,
    47.85594435413963,
    37.710488025177696,
    38.28511237304969,
    38.28511237304969,
    38.28511237304969,
    38.28511237304969,
    38.28511237304969,
    47.80858685396662,
    56.42511773995983,
    53.73123638138117,
    51.39133645690124,
    58.04902730053171,
    56.74067586758932,
    58.338486925875905
  ],
  "teleOpEPAOverTime": [
    -0.8520743935842461,
    19.408001058123695,
    19.17982767076567,
    18.01302130749704,
    12.337249216360075,
    12.387045917900458,
    13.483416103419415,
    18.1915551401636,
    22.74691625663707,
    31.22291201053642,
    41.59564793561661,
    41.16947851308384,
    36.313883640873414,
    43.09249080999441,
    46.54548810658259,
    52.366294649170285,
    54.18099241246398,
    51.53527247312241,
    53.74288753145312,
    56.91513493055437,
    56.50901804933662,
    53.92107651007532,
    37.13789899861601,
    20.21479174591214,
    18.29121174746845,
    18.29121174746845,
    18.29121174746845,
    18.29121174746845,
    18.29121174746845,
    27.2921527928786,
    38.260623862210956,
    39.0040312223386,
    31.44690982621859,
    37.28711257783877,
    38.43220505357919,
    39.37695536466793
  ],
  "autonEPAOverTime": [
    9.70255388396369,
    6.495409716736621,
    6.34900756140661,
    5.840910506084087,
    6.593655325759671,
    6.654619608525537,
    6.431502832578464,
    6.424438058581204,
    3.647832860194738,
    -0.7054302184832475,
    -1.4804179761850587,
    -0.6173180406373528,
    -0.4617917875381452,
    0.06676600755879458,
    6.916567503311856,
    14.543363371731328,
    25.76734107251929,
    23.99664170354037,
    22.089697385970947,
    20.060738642376908,
    18.851169141708258,
    14.985068466854756,
    10.718045355523625,
    17.495696279265555,
    19.993900625581244,
    19.993900625581244,
    19.993900625581244,
    19.993900625581244,
    19.993900625581244,
    20.516434061088017,
    18.164493877748875,
    14.727205159042576,
    19.944426630682653,
    20.761914722692943,
    18.30847081401013,
    18.961531561207977
  ],
  "endGameEPAOverTime": [
    21.655962828893564,
    20.29327580455355,
    18.09466163513062,
    18.550011698368298,
    15.28838548295906,
    16.09794418558923,
    17.320927110897458,
    22.368961990638816,
    25.603918857943572,
    30.48435347304366,
    38.692348773553555,
    34.91762246118311,
    30.380596647623914,
    32.46734564364715,
    31.672525957649427,
    34.67495757644605,
    32.89952542553707,
    27.58463851881021,
    27.90481726469463,
    29.494243261304327,
    32.314998629556236,
    36.67689664398318,
    27.06848563033871,
    20.160685230386306,
    20.340932322949616,
    20.340932322949616,
    20.340932322949616,
    20.340932322949616,
    20.340932322949616,
    25.303549082041513,
    30.49257379699315,
    22.417968404289656,
    21.394543747780823,
    24.848308345817003,
    24.508434330178446,
    24.6442136329194
  ],
  "unitlessEPAOverTime": [
    1538.7442428858747,
    1493.222485346451,
    1491.67808257641,
    1484.7723314409764,
    1464.4743245276811,
    1464.9310002885904,
    1468.531488924374,
    1460.442705443088,
    1467.3912700776814,
    1483.4963883649252,
    1520.9892072556154,
    1522.6960405988746,
    1504.3356066265496,
    1503.698272285442,
    1538.7232217714998,
    1584.439109720728,
    1628.764827295067,
    1613.7509590927527,
    1614.773106348014,
    1616.9756525882185,
    1611.5215288867587,
    1589.7344141317735,
    1518.6745850557877,
    1484.426246735754,
    1486.3660243499623,
    1487.644731383323,
    1487.644731383323,
    1487.644731383323,
    1487.644731383323,
    1517.7104775518562,
    1546.818078365559,
    1537.7178471631794,
    1529.8134046622547,
    1552.3038256891737,
    1547.8840688591913,
    1553.281652535927
  ],
  "EPA Rank": 118,
  "Auto EPA Rank": 130,
  "TeleOp EPA Rank": 111,
  "Endgame EPA Rank": 152
}