{
  "teamNumber": 14066,
  "teamName": "Berkshire Hazards",
  "wins": 6,
  "loss": 9,
  "ties": 0,
  "elo": 1500,
  "totalEPA": 70.76845975561591,
  "autonEPA": 13.220433827145474,
  "endgameEPA": 30.385928789235617,
  "unitlessEPA": 1581.8495917608047,
  "teleOpEPA": 57.54802592847044,
  "totalEPAOverTime": [
    23.282608695652176,
    16.545952049297906,
    13.581432053928747,
    8.114419361813106,
    4.847133680004468,
    4.939873345537397,
    13.07140956611174,
    31.834438660913065,
    39.38258955728713,
    32.8045225172481,
    44.881571241707285,
    53.91255362454113,
    49.45114327573393,
    39.73072966185238,
    40.06466439444508,
    58.664346837237325,
    63.14782221497698,
    70.27172098808852,
    70.76845975561591
  ],
  "teleOpEPAOverTime": [
    -1.7934782608695627,
    11.070551984117706,
    6.934051813316508,
    0.3208041253315903,
    -4.256906768737284,
    -4.3050478926214035,
    0.19884822521991552,
    13.144574988726465,
    17.62219905533357,
    10.454258292913853,
    25.583552674409418,
    35.62988147466507,
    34.81464800288082,
    34.67401992912448,
    38.83495767328406,
    53.726955461346,
    46.86061915189661,
    54.62877354397057,
    57.54802592847044
  ],
  "autonEPAOverTime": [
    7.309782608695652,
    5.4754000651801995,
    6.6473802406122395,
    7.793615236481515,
    9.104040448741753,
    9.2449212381588,
    12.872561340891824,
    18.6898636721866,
    21.760390501953562,
    22.35026422433425,
    19.298018567297866,
    18.282672149876067,
    14.636495272853113,
    5.056709732727895,
    1.2297067211610235,
    4.937391375891323,
    16.287203063080376,
    15.642947444117954,
    13.220433827145474
  ],
  "endGameEPAOverTime": [
    17.766304347826086,
    15.50072365924204,
    12.40911881831247,
    7.241391357987079,
    0.7042074375923324,
    -0.9330937504907586,
    1.4275714103913206,
    7.086022929544224,
    8.18762935371603,
    8.154323820210488,
    11.220175262631747,
    11.673796200154639,
    14.378224002986386,
    23.1591087484442,
    18.29040097801108,
    14.467630906412854,
    24.606507521513326,
    28.812676442511005,
    30.385928789235617
  ],
  "unitlessEPAOverTime": [
    1500,
    1429.921475386712,
    1419.2619253507596,
    1399.6041408089698,
    1387.855933591142,
    1388.1893984038638,
    1403.2855813329952,
    1466.0622864812556,
    1491.3166332523504,
    1469.307960082812,
    1509.7149393080701,
    1539.9304932776247,
    1512.7836026717096,
    1481.2904275700773,
    1482.3723429518507,
    1542.6334675576077,
    1557.1594826783398,
    1580.240207468436,
    1581.8495917608047
  ],
  "EPA Rank": 87,
  "Auto EPA Rank": 169,
  "TeleOp EPA Rank": 59,
  "Endgame EPA Rank": 105
}