{
  "teamNumber": 14066,
  "teamName": "Berkshire Hazards",
  "wins": 6,
  "loss": 9,
  "ties": 0,
  "elo": 1500,
  "totalEPA": 70.76845829444918,
  "autonEPA": 13.220433343430145,
  "endgameEPA": 30.385928008206356,
  "unitlessEPA": 1590.8950887363035,
  "teleOpEPA": 57.54802495101903,
  "totalEPAOverTime": [
    23.282608695652176,
    16.545944035917437,
    13.56369571608616,
    8.111761971007347,
    4.852436637204976,
    4.939316973420851,
    13.060572144209893,
    31.80385728245766,
    39.38004718178991,
    32.802746070195354,
    44.8779565632542,
    53.910625961749275,
    49.450370014215395,
    39.73921180208041,
    40.072106910510556,
    58.6665650861168,
    63.14780582233461,
    70.27170991586793,
    70.76845829444918
  ],
  "teleOpEPAOverTime": [
    -1.7934782608695627,
    11.070546625032396,
    6.922190333884202,
    0.31902694975758816,
    -4.253360325366472,
    -4.3054199759948535,
    0.1916005138756205,
    13.124123168583,
    17.62049899823196,
    10.453070645415202,
    25.581135311801045,
    35.62859232816834,
    34.814133441191686,
    34.67969837907487,
    38.839938290423724,
    53.728440447671325,
    46.8606082813676,
    54.628766144821725,
    57.54802495101903
  ],
  "autonEPAOverTime": [
    7.309782608695652,
    5.475397410885041,
    6.6415053822019585,
    7.792735021249759,
    9.105796962571448,
    9.244736949415705,
    12.868971630334272,
    18.67973411387466,
    21.759548183557953,
    22.349675424780152,
    19.296821251453157,
    18.282033633580934,
    14.636236573023709,
    5.05951342300554,
    1.23216862008683,
    4.938124638445475,
    16.287197540967014,
    15.642943771046207,
    13.220433343430145
  ],
  "endGameEPAOverTime": [
    17.766304347826086,
    15.500719344453666,
    12.399568723375767,
    7.239960491327668,
    0.7070628040811515,
    -0.9333933279221456,
    1.421736022672039,
    7.069556448688013,
    8.186261659744295,
    8.153369668882624,
    11.218229042465655,
    11.672758322293625,
    14.377708357770794,
    23.163457140172206,
    18.294292844315766,
    14.46877799653517,
    24.606495451421267,
    28.812670206275158,
    30.385928008206356
  ],
  "unitlessEPAOverTime": [
    1500,
    1437.3398724428487,
    1422.609002771489,
    1395.6790771440392,
    1379.5795805362181,
    1380.008727532895,
    1405.3389077335066,
    1470.2502165228525,
    1496.4879010255945,
    1473.709544920666,
    1515.5281328165427,
    1546.8098632172253,
    1519.5192135376797,
    1487.0049276658963,
    1488.1195060183827,
    1550.376295120747,
    1565.3801019967998,
    1589.2319072254356,
    1590.8950887363035
  ],
  "EPA Rank": 87,
  "Auto EPA Rank": 168,
  "TeleOp EPA Rank": 59,
  "Endgame EPA Rank": 105
}