{
  "teamNumber": 14109,
  "teamName": "WHCA Lightning Colts",
  "wins": 5,
  "loss": 5,
  "ties": 0,
  "elo": 1500,
  "totalEPA": 60.86606637169942,
  "autonEPA": 19.170210336222183,
  "endgameEPA": 33.42587076646602,
  "unitlessEPA": 1659.489668173535,
  "teleOpEPA": 41.695856035477235,
  "totalEPAOverTime": [
    23.282608695652176,
    3.8550724637681206,
    -22.168869941037727,
    -0.17705286808076437,
    27.81873513436036,
    24.532939842319365,
    20.1528558313547,
    29.246945076853553,
    51.521088935724165,
    55.85941383165259,
    58.89094069953761,
    61.84751898371239,
    60.86606637169942
  ],
  "teleOpEPAOverTime": [
    -1.7934782608695627,
    -3.684782608695648,
    -30.350756123167653,
    -19.928705358505507,
    5.712042539774274,
    5.047932576169643,
    0.9374003380710327,
    7.452362600566438,
    28.638233628056398,
    37.126568364756395,
    40.52616419946955,
    44.083197279367035,
    41.695856035477235
  ],
  "autonEPAOverTime": [
    7.309782608695652,
    7.5398550724637685,
    8.181886182129926,
    19.751652490424743,
    22.106692594586086,
    19.485007266149722,
    19.215455493283667,
    21.794582476287115,
    22.882855307667768,
    18.732845466896197,
    18.36477650006806,
    17.764321704345356,
    19.170210336222183
  ],
  "endGameEPAOverTime": [
    17.766304347826086,
    14.01086956521739,
    6.9786089190280585,
    8.00943371439236,
    15.22426283335231,
    16.96280173419687,
    15.072923059754679,
    14.933051825157884,
    19.399855870209567,
    23.423112708048347,
    28.805032918686546,
    34.53899857347402,
    33.42587076646602
  ],
  "unitlessEPAOverTime": [
    1500,
    1364.5976737299573,
    1215.6814863045522,
    1341.5247387264794,
    1501.7243713741268,
    1482.9221430284044,
    1457.8580923411657,
    1500.254470856825,
    1612.42797686144,
    1634.275959744499,
    1649.5428539278382,
    1664.4323039562807,
    1659.489668173535
  ],
  "EPA Rank": 110,
  "Auto EPA Rank": 127,
  "TeleOp EPA Rank": 102,
  "Endgame EPA Rank": 86
}