{
  "teamNumber": 14403,
  "teamName": "Clare Shockwave",
  "wins": 1,
  "loss": 4,
  "ties": 0,
  "elo": 1500,
  "totalEPA": 18.98167993827881,
  "autonEPA": 8.071336187495476,
  "endgameEPA": 11.760715043367421,
  "unitlessEPA": 1444.2614458843018,
  "teleOpEPA": 10.910343750783333,
  "totalEPAOverTime": [
    23.282608695652176,
    4.349981830111254,
    -22.44399679725811,
    -13.931106841655954,
    14.484966728843547,
    18.752593067860403,
    18.98167993827881
  ],
  "teleOpEPAOverTime": [
    -1.7934782608695627,
    -0.08302720706934519,
    -26.87073636948737,
    -23.33897789949679,
    4.137959297690644,
    11.120734247374832,
    10.910343750783333
  ],
  "autonEPAOverTime": [
    7.309782608695652,
    4.433009037180599,
    4.426739572229263,
    9.407871057840838,
    10.347007431152903,
    7.63185882048557,
    8.071336187495476
  ],
  "endGameEPAOverTime": [
    17.766304347826086,
    11.815859302711548,
    6.59189786177614,
    9.303463539567609,
    8.170230504364604,
    12.387593693208057,
    11.760715043367421
  ],
  "unitlessEPAOverTime": [
    1500,
    1383.9091423793682,
    1273.3903004603271,
    1308.503963584487,
    1425.713564539006,
    1443.3165165787436,
    1444.2614458843018
  ],
  "EPA Rank": 267,
  "Auto EPA Rank": 227,
  "TeleOp EPA Rank": 271,
  "Endgame EPA Rank": 287
}