{
  "teamNumber": 14623,
  "teamName": "Cramer Jr High E-Ville Bounty Hunters",
  "wins": 10,
  "loss": 14,
  "ties": 0,
  "elo": 1500,
  "totalEPA": 42.13860915682284,
  "autonEPA": 7.875833588415575,
  "endgameEPA": 26.023694303116464,
  "unitlessEPA": 1506.9265671917085,
  "teleOpEPA": 34.262775568407264,
  "totalEPAOverTime": [
    23.282608695652176,
    25.483089541833586,
    24.40040729996746,
    30.171234027573902,
    37.59832331268735,
    25.776056130783846,
    22.828557152866573,
    22.828557152866573,
    22.828557152866573,
    27.80946090759726,
    47.657066282626104,
    54.944185826995806,
    34.7080187977512,
    34.16830122976384,
    37.73947584901264,
    36.597422401198045,
    41.403728675955705,
    49.835202308957335,
    48.63750600733652,
    20.454721864254097,
    31.519870236598933,
    38.965481985772826,
    42.13860915682284,
    42.13860915682284,
    42.13860915682284,
    42.13860915682284,
    42.13860915682284,
    42.13860915682284
  ],
  "teleOpEPAOverTime": [
    -1.7934782608695627,
    15.077942519611195,
    14.545681629607264,
    19.37469301012259,
    23.46777295238581,
    13.887351111136564,
    10.953379167099895,
    10.953379167099895,
    10.953379167099895,
    12.83747720186549,
    23.616620601938063,
    30.273364843557406,
    22.229431121836594,
    26.789022986343554,
    30.75712200033165,
    28.2691904606781,
    31.207813627165002,
    39.04631018366692,
    37.362793732054485,
    13.070332891228613,
    21.591699741939607,
    30.18500404190449,
    34.262775568407264,
    34.262775568407264,
    34.262775568407264,
    34.262775568407264,
    34.262775568407264,
    34.262775568407264
  ],
  "autonEPAOverTime": [
    7.309782608695652,
    10.40514702222239,
    9.854725670360194,
    10.796541017451311,
    14.130550360301537,
    11.888705019647283,
    11.875177985766678,
    11.875177985766678,
    11.875177985766678,
    14.97198370573177,
    24.04044568068804,
    24.6708209834384,
    12.478587675914607,
    7.3792782434202895,
    6.982353848680994,
    8.328231940519945,
    10.195915048790702,
    10.788892125290419,
    11.274712275282031,
    7.384388973025485,
    9.928170494659327,
    8.780477943868332,
    7.875833588415575,
    7.875833588415575,
    7.875833588415575,
    7.875833588415575,
    7.875833588415575,
    7.875833588415575
  ],
  "endGameEPAOverTime": [
    17.766304347826086,
    21.100779443354497,
    20.411688939375324,
    14.121001919071672,
    18.784947871885812,
    25.217258041719116,
    26.50255041877724,
    26.50255041877724,
    26.50255041877724,
    25.30949521154325,
    26.308232684738574,
    30.693450205982668,
    24.85524714391522,
    23.94384817034605,
    26.696298225085464,
    23.54482319925472,
    21.893080601613665,
    24.632543668004956,
    24.288387387425562,
    11.997367559554501,
    14.992083538258026,
    22.142890493551604,
    26.023694303116464,
    26.023694303116464,
    26.023694303116464,
    26.023694303116464,
    26.023694303116464,
    26.023694303116464
  ],
  "unitlessEPAOverTime": [
    1500,
    1504.2477097967112,
    1495.7076738483365,
    1541.2270938590084,
    1599.8108657488401,
    1506.5585865291082,
    1483.3091544650665,
    1478.1408721257092,
    1478.1408721257092,
    1501.6713016866292,
    1615.2447824451579,
    1656.9436935086978,
    1541.1467556265156,
    1538.058342608189,
    1558.493590298819,
    1488.5298897925052,
    1503.7728749552894,
    1530.512916089004,
    1526.7144758915888,
    1437.3340377794514,
    1472.4266604342909,
    1496.0400847423853,
    1506.1035154983417,
    1506.9265671917085,
    1506.9265671917085,
    1506.9265671917085,
    1506.9265671917085,
    1506.9265671917085
  ],
  "EPA Rank": 171,
  "Auto EPA Rank": 235,
  "TeleOp EPA Rank": 139,
  "Endgame EPA Rank": 142
}