{
  "teamNumber": 14771,
  "teamName": "Robo Gators",
  "wins": 2,
  "loss": 3,
  "ties": 0,
  "elo": 1500,
  "totalEPA": 29.189081004949372,
  "autonEPA": 1.1439081020440158,
  "endgameEPA": 15.344818975800665,
  "unitlessEPA": 1446.9711292001894,
  "teleOpEPA": 28.045172902905357,
  "totalEPAOverTime": [
    23.282608695652176,
    18.021739130434785,
    22.405230489023445,
    26.041549201314705,
    24.91137204963436,
    28.5760774428524,
    29.189081004949372
  ],
  "teleOpEPAOverTime": [
    -1.7934782608695627,
    13.148550724637683,
    16.612750221488945,
    20.198590260699426,
    21.61315759561222,
    27.0691717768265,
    28.045172902905357
  ],
  "autonEPAOverTime": [
    7.309782608695652,
    4.8731884057971016,
    5.7924802675345015,
    5.8429589406152775,
    3.2982144540221396,
    1.5069056660259001,
    1.1439081020440158
  ],
  "endGameEPAOverTime": [
    17.766304347826086,
    14.01086956521739,
    17.07845473380526,
    18.598450809333873,
    14.0971616046591,
    14.524632708742779,
    15.344818975800665
  ],
  "unitlessEPAOverTime": [
    1500,
    1410.6551087170762,
    1424.9101538079183,
    1436.7354051813063,
    1433.0600868243357,
    1444.9776512385145,
    1446.9711292001894
  ],
  "EPA Rank": 221,
  "Auto EPA Rank": 333,
  "TeleOp EPA Rank": 177,
  "Endgame EPA Rank": 255
}