{
  "teamNumber": 14815,
  "teamName": "HackBytes",
  "wins": 2,
  "loss": 3,
  "ties": 0,
  "elo": 1500,
  "totalEPA": 14.296453107689423,
  "autonEPA": 6.689312116214618,
  "endgameEPA": 27.562288282290957,
  "unitlessEPA": 1407.9091475964958,
  "teleOpEPA": 7.607140991474806,
  "totalEPAOverTime": [
    23.282608695652176,
    26.543347388346504,
    29.911258033256473,
    4.222920986021196,
    3.851340543062025,
    15.813632972407474,
    14.296453107689423
  ],
  "teleOpEPAOverTime": [
    -1.7934782608695627,
    16.54381199336507,
    16.91859566434254,
    -2.8691446470129867,
    -1.0178222464027327,
    8.753432001078167,
    7.607140991474806
  ],
  "autonEPAOverTime": [
    7.309782608695652,
    9.999535394981438,
    12.992662368913933,
    7.092065633034182,
    4.869162789464758,
    7.060200971329307,
    6.689312116214618
  ],
  "endGameEPAOverTime": [
    17.766304347826086,
    16.6086672886226,
    14.339388770187549,
    15.774558622472112,
    18.270008160724007,
    24.824748410942192,
    27.562288282290957
  ],
  "unitlessEPAOverTime": [
    1500,
    1452.6262490918289,
    1464.92350574191,
    1371.1276462641458,
    1369.7708940949262,
    1413.4488284692561,
    1407.9091475964958
  ],
  "EPA Rank": 287,
  "Auto EPA Rank": 244,
  "TeleOp EPA Rank": 291,
  "Endgame EPA Rank": 127
}