{
  "teamNumber": 14944,
  "teamName": "Robo Maniacs",
  "wins": 0,
  "loss": 5,
  "ties": 0,
  "elo": 1368.6010799506664,
  "totalEPA": -11.272479304039118,
  "autonEPA": -2.8236182636497804,
  "endgameEPA": -2.3956567519703733,
  "unitlessEPA": 1312.237065877327,
  "teleOpEPA": -8.448861040389337,
  "totalEPAOverTime": [
    -1.2166166358589834,
    2.819707850428255,
    11.922807996623403,
    6.66207624983132,
    0.7739800180049679,
    -7.868154264458784,
    -11.272479304039118
  ],
  "teleOpEPAOverTime": [
    -4.9861965146738,
    3.2027540980079787,
    11.670216044363483,
    6.5787762265622405,
    0.9432421336781152,
    -6.419566178456865,
    -8.448861040389337
  ],
  "autonEPAOverTime": [
    -0.8051665573367845,
    -0.3830462475797235,
    0.25259195225992037,
    0.08330002326907959,
    -0.16926211567314725,
    -1.4485880860019191,
    -2.8236182636497804
  ],
  "endGameEPAOverTime": [
    4.574746436151601,
    6.466401521276289,
    9.601164124339109,
    1.5616700365576444,
    -4.21752779290385,
    -2.3857875471605285,
    -2.3956567519703733
  ],
  "unitlessEPAOverTime": [
    1368.6010799506664,
    1360.3874670078164,
    1391.4910791558684,
    1373.5161302660051,
    1353.397592784938,
    1323.8690158676022,
    1312.237065877327
  ],
  "EPA Rank": 364,
  "Auto EPA Rank": 371,
  "TeleOp EPA Rank": 356,
  "Endgame EPA Rank": 386
}