{
  "teamNumber": 15120,
  "teamName": "Team AI",
  "wins": 2,
  "loss": 8,
  "ties": 0,
  "elo": 1500,
  "totalEPA": 44.38141252910128,
  "autonEPA": 4.8891937404650205,
  "endgameEPA": -1.8593908750724957,
  "unitlessEPA": 1506.9454979068992,
  "teleOpEPA": 39.492218788636265,
  "totalEPAOverTime": [
    23.282608695652176,
    21.10198538571059,
    23.508519115590005,
    31.767743935692753,
    20.95464699095364,
    7.761901741585148,
    5.917479518783949,
    14.117619165598729,
    24.534462247958544,
    30.054902434868154,
    53.866080598497945,
    46.62798793195577,
    44.38141252910128
  ],
  "teleOpEPAOverTime": [
    -1.7934782608695627,
    13.30141564000227,
    15.176929538536854,
    22.633592911157606,
    17.970991712034127,
    8.342872579933605,
    5.348277306164453,
    10.069569634026223,
    17.550648252877814,
    29.444157414031316,
    46.73175718517215,
    41.077028714833375,
    39.492218788636265
  ],
  "autonEPAOverTime": [
    7.309782608695652,
    7.800569745708321,
    8.331589577053151,
    9.134151024535148,
    2.9836552789195157,
    -0.5809708383484564,
    0.5692022126194956,
    4.048049531572506,
    6.98381399508073,
    0.6107450208368395,
    7.134323413325795,
    5.550959217122399,
    4.8891937404650205
  ],
  "endGameEPAOverTime": [
    17.766304347826086,
    14.755190016258894,
    8.626971943233904,
    3.909193500570714,
    9.142862744614128,
    10.457398153235616,
    9.028500470420642,
    12.035348927510654,
    13.580886661527494,
    6.827717215195914,
    6.780230576573677,
    0.047468552093253624,
    -1.8593908750724957
  ],
  "unitlessEPAOverTime": [
    1500,
    1428.713325644065,
    1436.8944737014433,
    1464.972177435028,
    1428.2124404052352,
    1383.3629538477521,
    1377.0927357753003,
    1404.7830519455474,
    1439.9475191260854,
    1458.5830439429503,
    1538.9631923664992,
    1514.5293336619045,
    1506.9454979068992
  ],
  "EPA Rank": 158,
  "Auto EPA Rank": 278,
  "TeleOp EPA Rank": 110,
  "Endgame EPA Rank": 383
}