{
  "teamNumber": 15301,
  "teamName": "Valkyries",
  "wins": 5,
  "loss": 16,
  "ties": 0,
  "elo": 1500,
  "totalEPA": 37.21497887930945,
  "autonEPA": 9.201168056284079,
  "endgameEPA": 12.525652544310717,
  "unitlessEPA": 1487.5844582826671,
  "teleOpEPA": 28.01381082302537,
  "totalEPAOverTime": [
    23.282608695652176,
    18.753256023737105,
    14.484906229084249,
    13.403285016446366,
    15.335523997989549,
    10.484144669510274,
    1.1968037367288895,
    -1.8260796490532152,
    4.068703929936399,
    1.0208896704726529,
    10.14284186469547,
    18.651090476936787,
    9.493447437195702,
    4.898157983741898,
    -8.890713773008757,
    -20.49849742714259,
    -21.83680496125448,
    -22.415751466315555,
    -9.49972562983331,
    5.354064921279777,
    2.765853930180527,
    0.2144924923200442,
    28.630174534238172,
    40.18499652402383,
    35.607853392246135,
    36.58642530234523,
    37.21497887930945
  ],
  "teleOpEPAOverTime": [
    -1.7934782608695627,
    16.36914217815004,
    12.71890881066984,
    11.988217320252582,
    13.095171439573265,
    9.569907583567078,
    4.886517098539172,
    2.613868360164434,
    7.438967879873221,
    1.5131419005925117,
    6.485988274672859,
    14.30582352626244,
    5.156443399402754,
    0.4848768329256714,
    -13.076864878786925,
    -21.550901952709744,
    -13.074382632404367,
    -18.70986106435609,
    -5.972627757266498,
    8.248298609232375,
    3.2188010870561126,
    -3.6447216962651865,
    16.757844265491315,
    23.009538746395794,
    22.259636031244437,
    27.439278400601452,
    28.01381082302537
  ],
  "autonEPAOverTime": [
    7.309782608695652,
    2.3841138455870667,
    1.7659974184144098,
    1.4150676961937834,
    2.240352558416284,
    0.9142370859431952,
    -3.6897133618102824,
    -4.439948009217649,
    -3.370263949936822,
    -0.49225223011985886,
    3.65685359002261,
    4.345266950674347,
    4.337004037792948,
    4.413281150816227,
    4.186151105778167,
    1.0524045255671566,
    -8.762422328850112,
    -3.7058904019594667,
    -3.527097872566813,
    -2.894233687952597,
    -0.4529471568755854,
    3.8592141885852307,
    11.872330268746857,
    17.175457777628036,
    13.348217361001698,
    9.14714690174378,
    9.201168056284079
  ],
  "endGameEPAOverTime": [
    17.766304347826086,
    22.506897966429595,
    20.974947253083315,
    19.351717194882163,
    18.071699004914944,
    16.981864129373413,
    14.186834300568634,
    12.778988570023296,
    17.90907550567139,
    12.90338339145167,
    13.030345042992252,
    12.701785570941158,
    12.924997332572012,
    12.761055188676403,
    12.981173347570063,
    21.592265761093746,
    31.85453445415541,
    34.95132334904638,
    35.859282299508195,
    41.470234611140874,
    34.179660966011845,
    14.46564634146512,
    10.056499497725287,
    9.541904432866883,
    9.032271566595957,
    10.937077624762015,
    12.525652544310717
  ],
  "unitlessEPAOverTime": [
    1500,
    1422.4591570406571,
    1421.7761846654569,
    1414.4310848648647,
    1427.5525806271532,
    1394.607715158672,
    1331.539013069299,
    1311.0111425960754,
    1371.5083579944512,
    1358.9273765655525,
    1396.581610511886,
    1431.7025557764096,
    1393.900994655117,
    1374.932236603408,
    1326.7527169169414,
    1286.2093647772356,
    1281.534960494434,
    1279.5128318328282,
    1324.6255768095616,
    1376.5064938620383,
    1367.4766821620474,
    1358.5812937063506,
    1457.6533131566364,
    1497.9395025652843,
    1481.9811731924656,
    1485.3929897790892,
    1487.5844582826671
  ],
  "EPA Rank": 192,
  "Auto EPA Rank": 211,
  "TeleOp EPA Rank": 178,
  "Endgame EPA Rank": 276
}