{
  "teamNumber": 15344,
  "teamName": "The ROCK MonsterZ",
  "wins": 2,
  "loss": 3,
  "ties": 0,
  "elo": 1444.7001063074163,
  "totalEPA": 14.489786997623089,
  "autonEPA": -1.6270129439569434,
  "endgameEPA": 7.673512603714651,
  "unitlessEPA": 1401.8613492155314,
  "teleOpEPA": 16.116799941580034,
  "totalEPAOverTime": [
    12.971986995910946,
    10.636396889433811,
    5.648130445615387,
    4.937526353825872,
    3.656722693327299,
    8.797689944514275,
    14.489786997623089
  ],
  "teleOpEPAOverTime": [
    -3.1371497306157217,
    8.095075989553902,
    5.118799581352997,
    4.437516344318057,
    4.652447698546171,
    11.004440311940138,
    16.116799941580034
  ],
  "autonEPAOverTime": [
    3.8945656036104515,
    2.541320899879909,
    0.52933086426239,
    0.500010009507815,
    -0.9957250052188722,
    -2.206750367425864,
    -1.6270129439569434
  ],
  "endGameEPAOverTime": [
    12.214571122916215,
    9.040599995318395,
    5.578209048391166,
    5.079925191683161,
    7.202955922178921,
    7.734679928795364,
    7.673512603714651
  ],
  "unitlessEPAOverTime": [
    1444.7001063074163,
    1389.7872760208243,
    1374.1572223625233,
    1371.930641202601,
    1367.917417337194,
    1384.025938182386,
    1401.8613492155314
  ],
  "EPA Rank": 285,
  "Auto EPA Rank": 359,
  "TeleOp EPA Rank": 240,
  "Endgame EPA Rank": 329
}