{
  "teamNumber": 15354,
  "teamName": "Heritage Hydroflasks",
  "wins": 2,
  "loss": 3,
  "ties": 0,
  "elo": 1580.7327540580523,
  "totalEPA": 4.192856784312074,
  "autonEPA": 8.085884661546693,
  "endgameEPA": 14.867293481638672,
  "unitlessEPA": 1379.821159674536,
  "teleOpEPA": -3.893027877234619,
  "totalEPAOverTime": [
    38.33516721408671,
    34.732204562463565,
    39.172111183570266,
    29.832521068266654,
    5.4108870961452515,
    2.4171714468540024,
    4.192856784312074
  ],
  "teleOpEPAOverTime": [
    0.16815839081872497,
    24.704097462199513,
    29.825236891968025,
    16.967448417285958,
    -4.11901535058344,
    -5.452243370121862,
    -3.893027877234619
  ],
  "autonEPAOverTime": [
    12.295685042055991,
    10.028107100264052,
    9.346874291602239,
    12.865072650980698,
    9.529902446728691,
    7.869414816975865,
    8.085884661546693
  ],
  "endGameEPAOverTime": [
    25.87132378121199,
    21.598385759705646,
    19.89301317448088,
    23.517117643398684,
    14.866795769501833,
    14.974234273036437,
    14.867293481638672
  ],
  "unitlessEPAOverTime": [
    1580.7327540580523,
    1476.0007740232213,
    1489.9836694558383,
    1460.569872475297,
    1383.6571841537796,
    1374.2288748555552,
    1379.821159674536
  ],
  "EPA Rank": 319,
  "Auto EPA Rank": 226,
  "TeleOp EPA Rank": 338,
  "Endgame EPA Rank": 257
}