{
  "teamNumber": 15397,
  "teamName": "TRWTE (This Robot Won't Turn Evil)",
  "wins": 4,
  "loss": 6,
  "ties": 0,
  "elo": 1500,
  "totalEPA": 0.9194996263825281,
  "autonEPA": 8.877487504960824,
  "endgameEPA": 8.571553025411772,
  "unitlessEPA": 1365.0090863508985,
  "teleOpEPA": -7.957987878578296,
  "totalEPAOverTime": [
    23.282608695652176,
    31.18840579710145,
    36.07883892090978,
    -0.47782060316265884,
    -21.54353203363737,
    -8.638326446576666,
    -7.941681413877471,
    0.6283089666963102,
    5.5297948548065845,
    2.900343481625417,
    4.81163500986745,
    2.5131875591896238,
    0.9194996263825281
  ],
  "teleOpEPAOverTime": [
    -1.7934782608695627,
    19.315217391304348,
    19.069703840649353,
    -7.321457990462412,
    -21.13318095202997,
    -11.661833173509164,
    -12.005186383231834,
    -2.3624137734661415,
    3.3040532640046494,
    0.41028817928385664,
    -0.07450954236788476,
    -4.878188786077535,
    -7.957987878578296
  ],
  "autonEPAOverTime": [
    7.309782608695652,
    11.873188405797102,
    17.009135080260428,
    6.843637387299753,
    -0.4103510816073982,
    3.0235067269324976,
    4.063504969354362,
    2.9907227401624517,
    2.225741590801935,
    2.4900553023415606,
    4.886144552235335,
    7.391376345267159,
    8.877487504960824
  ],
  "endGameEPAOverTime": [
    17.766304347826086,
    18.17753623188406,
    16.489778038448733,
    9.398594750332357,
    7.939927409746993,
    14.405875738155084,
    15.75069004289673,
    18.401541219322155,
    13.420079045764687,
    8.307946025187004,
    11.842391495622829,
    10.269573702007463,
    8.571553025411772
  ],
  "unitlessEPAOverTime": [
    1500,
    1571.7486979951345,
    1618.7957607591989,
    1267.1125025421359,
    1064.4556370358296,
    1188.6066072805245,
    1195.3084886370268,
    1364.0821238434542,
    1379.685281080509,
    1371.3148105416753,
    1377.399125160096,
    1370.0823567774655,
    1365.0090863508985
  ],
  "EPA Rank": 331,
  "Auto EPA Rank": 214,
  "TeleOp EPA Rank": 353,
  "Endgame EPA Rank": 324
}