{
  "teamNumber": 15716,
  "teamName": "Bengal Bots",
  "wins": 4,
  "loss": 3,
  "ties": 0,
  "elo": 1505.6190986109393,
  "totalEPA": 41.29586825820699,
  "autonEPA": 1.7292466776843978,
  "endgameEPA": 11.399161822010864,
  "unitlessEPA": 1497.3635770749995,
  "teleOpEPA": 39.566621580522586,
  "totalEPAOverTime": [
    24.330285213676053,
    28.681125591619974,
    29.74231452205096,
    29.171580981068942,
    31.16561436367023,
    37.02563591210048,
    41.29586825820699,
    41.29586825820699,
    41.29586825820699
  ],
  "teleOpEPAOverTime": [
    -1.6569459461569593,
    18.99582780217407,
    20.516643570543575,
    22.97042870923336,
    28.547481716728747,
    36.124952159529464,
    39.566621580522586,
    39.566621580522586,
    39.566621580522586
  ],
  "autonEPAOverTime": [
    7.656807527694804,
    9.685297789445904,
    9.225670951507386,
    6.201152271835583,
    2.618132646941481,
    0.900683752571021,
    1.7292466776843978,
    1.7292466776843978,
    1.7292466776843978
  ],
  "endGameEPAOverTime": [
    18.330423632138206,
    15.601593764412222,
    12.656448596971586,
    9.284762464599124,
    -2.4191762881246186,
    7.334443672930551,
    11.399161822010864,
    11.399161822010864,
    11.399161822010864
  ],
  "unitlessEPAOverTime": [
    1505.6190986109393,
    1452.3941359530031,
    1455.9580908725418,
    1454.0413081463005,
    1460.7381788729483,
    1480.4187956106748,
    1494.7601773769718,
    1497.3635770749995,
    1497.3635770749995
  ],
  "EPA Rank": 177,
  "Auto EPA Rank": 322,
  "TeleOp EPA Rank": 109,
  "Endgame EPA Rank": 294
}