{
  "teamNumber": 15770,
  "teamName": "Spartbots",
  "wins": 6,
  "loss": 12,
  "ties": 0,
  "elo": 1500,
  "totalEPA": 1.5061570460043008,
  "autonEPA": 9.310927619850276,
  "endgameEPA": 15.73625923785063,
  "unitlessEPA": 1358.9954312767618,
  "teleOpEPA": -7.804770573845975,
  "totalEPAOverTime": [
    23.282608695652176,
    16.14130434782609,
    13.579927068216008,
    8.3164758920819,
    9.663617346321063,
    15.943698165358784,
    15.859654308686219,
    15.859654308686219,
    15.859654308686219,
    18.50261047462982,
    18.27505246471241,
    11.391361240530067,
    16.50777194881126,
    12.024622045824533,
    10.691064034667718,
    9.870845075507104,
    10.338769972825396,
    9.946693194274456,
    12.778554011497084,
    17.051975395601314,
    4.4647044384622765,
    1.5061570460043008
  ],
  "teleOpEPAOverTime": [
    -1.7934782608695627,
    10.762647611379498,
    10.12166591321633,
    6.805025776554271,
    9.699639065737648,
    15.86851642863781,
    15.556108406710548,
    15.556108406710548,
    15.556108406710548,
    13.467952657766036,
    7.17435151870713,
    2.6001811636534082,
    8.17652056666857,
    -3.133118063651173,
    -7.997050737046102,
    -7.198009397400595,
    1.6013219069546327,
    5.186066421432687,
    5.246467183771761,
    8.135922251927989,
    -4.806706111514949,
    -7.804770573845975
  ],
  "autonEPAOverTime": [
    7.309782608695652,
    5.378656736446592,
    3.45826115499968,
    1.5114501155276292,
    -0.03602171941658505,
    0.07518173672097506,
    0.303545901975671,
    0.303545901975671,
    0.303545901975671,
    5.034657816863783,
    11.10070094600528,
    8.791180076876659,
    8.33125138214269,
    15.157740109475705,
    18.68811477171382,
    17.0688544729077,
    8.737448065870764,
    4.760626772841769,
    7.532086827725323,
    8.916053143673325,
    9.271410549977226,
    9.310927619850276
  ],
  "endGameEPAOverTime": [
    17.766304347826086,
    11.992720075147613,
    10.476272587288413,
    10.140400034662811,
    8.387330634820737,
    8.17406155680646,
    7.615675956515599,
    7.615675956515599,
    7.615675956515599,
    5.5520125724586515,
    1.8586050142420947,
    2.8152391813459903,
    10.41396035194964,
    14.832954833848442,
    17.867809691501535,
    17.85456051348998,
    24.919376374507078,
    33.0515524452283,
    27.942791981408995,
    26.06730602998513,
    18.560856533287378,
    15.73625923785063
  ],
  "unitlessEPAOverTime": [
    1500,
    1417.6498105026492,
    1407.7670855281099,
    1387.4587768674787,
    1392.656538478011,
    1416.8873739923627,
    1416.563102231265,
    1418.5324946001483,
    1418.5324946001483,
    1421.358872015732,
    1420.515596567359,
    1395.0062866307812,
    1413.9664785205434,
    1397.352999408396,
    1392.411153018555,
    1387.0015508227996,
    1388.5682273762636,
    1387.2555006980426,
    1396.7369580225893,
    1411.0449572846887,
    1368.9010525818903,
    1358.9954312767618
  ],
  "EPA Rank": 328,
  "Auto EPA Rank": 208,
  "TeleOp EPA Rank": 352,
  "Endgame EPA Rank": 250
}