{
  "teamNumber": 15819,
  "teamName": "Brown City DevilBots ",
  "wins": 7,
  "loss": 2,
  "ties": 0,
  "elo": 1500,
  "totalEPA": 88.42332936199335,
  "autonEPA": 19.304666343719035,
  "endgameEPA": 39.31266801884668,
  "unitlessEPA": 1645.0999860741335,
  "teleOpEPA": 69.11866301827432,
  "totalEPAOverTime": [
    23.282608695652176,
    24.68840579710145,
    36.186794278551695,
    52.539978515566204,
    69.85339251170039,
    86.66367715643821,
    88.42332936199335,
    88.42332936199335,
    88.42332936199335,
    88.42332936199335,
    88.42332936199335
  ],
  "teleOpEPAOverTime": [
    -1.7934782608695627,
    16.315217391304348,
    23.09158975721081,
    37.79737130028834,
    54.61581257309606,
    68.1269182288861,
    69.11866301827432,
    69.11866301827432,
    69.11866301827432,
    69.11866301827432,
    69.11866301827432
  ],
  "autonEPAOverTime": [
    7.309782608695652,
    8.373188405797102,
    13.095204521340886,
    14.742607215277864,
    15.237579938604334,
    18.536758927552118,
    19.304666343719035,
    19.304666343719035,
    19.304666343719035,
    19.304666343719035,
    19.304666343719035
  ],
  "endGameEPAOverTime": [
    17.766304347826086,
    16.844202898550723,
    16.593129871998432,
    26.271444683720343,
    39.41776916837688,
    40.600577776426896,
    39.31266801884668,
    39.31266801884668,
    39.31266801884668,
    39.31266801884668,
    39.31266801884668
  ],
  "unitlessEPAOverTime": [
    1500,
    1441.1823006236232,
    1477.455349964497,
    1529.043436387788,
    1583.6606830701285,
    1636.6907477036557,
    1642.2417822140872,
    1645.0999860741335,
    1645.0999860741335,
    1645.0999860741335,
    1645.0999860741335
  ],
  "EPA Rank": 50,
  "Auto EPA Rank": 125,
  "TeleOp EPA Rank": 37,
  "Endgame EPA Rank": 45
}