{
  "teamNumber": 15835,
  "teamName": "Bates Academy Astrobots",
  "wins": 6,
  "loss": 7,
  "ties": 0,
  "elo": 1500,
  "totalEPA": 5.160239475648485,
  "autonEPA": -3.445339867642568,
  "endgameEPA": 24.756264221223333,
  "unitlessEPA": 1372.043729787943,
  "teleOpEPA": 8.605579343291053,
  "totalEPAOverTime": [
    23.282608695652176,
    17.021739130434785,
    14.324318045182814,
    18.64662648309401,
    12.613090834248187,
    7.331802336014452,
    6.148217058250327,
    6.148217058250327,
    6.148217058250327,
    4.034360785856947,
    -13.392137047360508,
    -10.339792700452126,
    9.887427769018897,
    17.89651981129632,
    5.1926180319804605,
    5.160239475648485
  ],
  "teleOpEPAOverTime": [
    -1.7934782608695627,
    11.648550724637683,
    11.805691036258022,
    15.9949131676713,
    10.17792676325024,
    5.832296644754504,
    4.673789053473035,
    4.673789053473035,
    4.673789053473035,
    2.824078185488602,
    -11.8609036723649,
    -12.761075070332868,
    5.4623996908025605,
    19.009936259924444,
    8.260643750199618,
    8.605579343291053
  ],
  "autonEPAOverTime": [
    7.309782608695652,
    5.3731884057971016,
    2.518627008924792,
    2.65171331542271,
    2.435164070997948,
    1.4995056912599483,
    1.4744280047772915,
    1.4744280047772915,
    1.4744280047772915,
    1.2102826003683451,
    -1.531233374995608,
    2.421282369880743,
    4.425028078216337,
    -1.1134164486281266,
    -3.068025718219158,
    -3.445339867642568
  ],
  "endGameEPAOverTime": [
    17.766304347826086,
    11.844202898550725,
    4.64683250351403,
    4.891288241950436,
    2.359046371000675,
    3.2561881626276543,
    3.015301786647034,
    3.015301786647034,
    3.015301786647034,
    -0.6039348059988776,
    -7.6558769724043225,
    -2.7654633653158784,
    13.035822552718875,
    24.361930753445012,
    24.825956170607157,
    24.756264221223333
  ],
  "unitlessEPAOverTime": [
    1500,
    1421.0468480588909,
    1410.6392166106543,
    1427.3162543461924,
    1404.0366797531442,
    1383.6595482174152,
    1379.0928458119668,
    1381.4449744838598,
    1381.4449744838598,
    1368.098879525115,
    1307.0399704429406,
    1317.734765102721,
    1388.6068374749643,
    1416.6690693428059,
    1372.1571776732387,
    1372.043729787943
  ],
  "EPA Rank": 313,
  "Auto EPA Rank": 377,
  "TeleOp EPA Rank": 285,
  "Endgame EPA Rank": 150
}