{
  "teamNumber": 16316,
  "teamName": "Girls S.P.A.R.K.",
  "wins": 5,
  "loss": 13,
  "ties": 0,
  "elo": 1500,
  "totalEPA": 1.299550465205526,
  "autonEPA": 3.522181750576517,
  "endgameEPA": 11.852258043119242,
  "unitlessEPA": 1376.5842693013683,
  "teleOpEPA": -2.222631285370991,
  "totalEPAOverTime": [
    23.282608695652176,
    18.521739130434785,
    -4.415824823431715,
    -17.386535432623514,
    6.940832158669002,
    30.130980468821964,
    34.395987519525164,
    28.746735680818638,
    19.943548347866212,
    7.406652313449282,
    -2.774674829713682,
    2.6720720422168807,
    -18.22997635568151,
    -19.071807642041925,
    -18.773607817643633,
    -12.960194423099967,
    -5.261559214516683,
    1.742852726877759,
    0.16202113222051517,
    1.299550465205526,
    1.299550465205526,
    1.299550465205526
  ],
  "teleOpEPAOverTime": [
    -1.7934782608695627,
    13.648550724637683,
    -1.768362272162972,
    -8.998068126808256,
    8.367170761775437,
    24.45657860605757,
    28.505143234850536,
    25.03430142610636,
    23.89511529871702,
    20.452749901086484,
    8.049012634051868,
    7.949089477294349,
    -12.119700383981261,
    -11.694392298197752,
    -12.407464596324214,
    -11.55606846579495,
    -10.33188359554979,
    -6.31906357672114,
    -3.9795360867243175,
    -2.222631285370991,
    -2.222631285370991,
    -2.222631285370991
  ],
  "autonEPAOverTime": [
    7.309782608695652,
    4.8731884057971016,
    -2.6474625512687426,
    -8.388467305815258,
    -1.4263386031064345,
    5.674401862764395,
    5.89084428467463,
    3.712434254712276,
    -3.9515669508508067,
    -13.046097587637203,
    -10.82368746376555,
    -5.277017435077468,
    -6.110275971700251,
    -7.377415343844173,
    -6.366143221319419,
    -1.4041259573050153,
    5.070324381033107,
    8.061916303598899,
    4.141557218944833,
    3.522181750576517,
    3.522181750576517,
    3.522181750576517
  ],
  "endGameEPAOverTime": [
    17.766304347826086,
    12.844202898550725,
    4.6739970311083985,
    11.25408892155006,
    14.529084543146684,
    19.538295022609873,
    20.813869670691215,
    13.486409798550223,
    4.841594201115607,
    14.79632254110703,
    14.632678872713381,
    12.671963894397209,
    4.3697148258912994,
    4.3939623234736125,
    0.7005845449236627,
    -4.0964320269027645,
    -3.847783990529578,
    6.138136539088735,
    10.794750850214669,
    11.852258043119242,
    11.852258043119242,
    11.852258043119242
  ],
  "unitlessEPAOverTime": [
    1500,
    1423.3340739332739,
    1337.5586999344405,
    1289.054527661756,
    1380.0270937872212,
    1466.7470108800946,
    1482.6960704932912,
    1450.2006141908219,
    1420.7263390040775,
    1378.7510964322398,
    1344.66262067522,
    1362.899074144168,
    1292.9161573726258,
    1290.0975910901477,
    1307.494056185846,
    1325.8028146870429,
    1350.0488889392295,
    1372.1085771076737,
    1367.129907618109,
    1370.7124413951146,
    1376.5842693013683,
    1376.5842693013683
  ],
  "EPA Rank": 330,
  "Auto EPA Rank": 299,
  "TeleOp EPA Rank": 326,
  "Endgame EPA Rank": 283
}