{
  "teamNumber": 16536,
  "teamName": "M3B",
  "wins": 22,
  "loss": 14,
  "ties": 0,
  "elo": 1609.2564729774579,
  "totalEPA": 57.29102834418255,
  "autonEPA": 37.57777414515164,
  "endgameEPA": 34.434236558077856,
  "unitlessEPA": 1535.9732108057729,
  "teleOpEPA": 19.713254199030906,
  "totalEPAOverTime": [
    43.65339217999083,
    36.141791401659944,
    27.43430528212399,
    29.232485093172862,
    37.29070327362867,
    39.81021373235702,
    46.323845063679514,
    60.00184723461459,
    83.70504238158664,
    101.25744271337334,
    111.183154015928,
    93.93886023066463,
    71.91677724373783,
    96.28673960674223,
    94.0464612424786,
    109.24048975603488,
    116.51291231970393,
    116.51291231970393,
    116.51291231970393,
    124.61270055429107,
    126.8852419360299,
    109.78022132475077,
    79.10313523993611,
    57.35551131629893,
    68.27267338649624,
    102.52165344744084,
    115.4667796429941,
    100.9893856900966,
    97.2152471524442,
    103.172979599563,
    103.172979599563,
    103.172979599563,
    103.172979599563,
    103.172979599563,
    84.24511111904137,
    50.41461882576135,
    60.238340193733535,
    72.88948103080769,
    54.81489782406503,
    49.956617367166025,
    57.29102834418255,
    57.29102834418255,
    57.29102834418255
  ],
  "teleOpEPAOverTime": [
    0.8612249550353539,
    25.3018970000493,
    19.08666732275784,
    13.76071047098737,
    17.66922112403272,
    21.031458836633092,
    24.073953464117533,
    33.471418702077585,
    53.77944982801442,
    72.11917522707301,
    81.08136310514746,
    63.238998239796786,
    38.639504940156975,
    58.760938449115244,
    58.05125586208507,
    68.87811911944544,
    75.7047668755904,
    75.7047668755904,
    75.7047668755904,
    82.62175984564851,
    83.66951257757363,
    68.94766920349704,
    44.23158394476215,
    27.817146594412748,
    35.21523971266072,
    59.26087105298724,
    73.79269224617858,
    60.643892688279024,
    58.62241396140991,
    64.7772228397867,
    64.7772228397867,
    64.7772228397867,
    64.7772228397867,
    64.7772228397867,
    44.496177495279206,
    11.475451987524899,
    28.704976837483805,
    41.232081735418134,
    18.191309413278162,
    12.585336112287514,
    19.713254199030906,
    19.713254199030906,
    19.713254199030906
  ],
  "autonEPAOverTime": [
    14.057256057786331,
    10.83989440161064,
    8.34763795936615,
    15.471774622185492,
    19.621482149595952,
    18.778754895723928,
    22.24989159956198,
    26.530428532536998,
    29.925592553572216,
    29.138267486300318,
    30.10179091078054,
    30.69986199086784,
    33.27727230358085,
    37.52580115762699,
    35.99520538039353,
    40.36237063658943,
    40.808145444113535,
    40.808145444113535,
    40.808145444113535,
    41.99094070864256,
    43.21572935845627,
    40.83255212125373,
    34.87155129517396,
    29.538364721886182,
    33.05743367383552,
    43.2607823944536,
    41.67408739681553,
    40.34549300181757,
    38.592833191034295,
    38.39575675977631,
    38.39575675977631,
    38.39575675977631,
    38.39575675977631,
    38.39575675977631,
    39.74893362376216,
    38.93916683823645,
    31.53336335624973,
    31.657399295389556,
    36.623588410786866,
    37.37128125487851,
    37.57777414515164,
    37.57777414515164,
    37.57777414515164
  ],
  "endGameEPAOverTime": [
    28.734911167169145,
    22.395911135987085,
    14.82589979418097,
    18.561434899203917,
    21.827406865222986,
    20.115727663635933,
    21.960206143603177,
    23.810365476558655,
    31.067359939404113,
    41.59192944968068,
    48.19311295050077,
    45.19987673411296,
    45.68285754709906,
    58.21596495988479,
    51.280045579394425,
    49.40018283358547,
    52.78365083474761,
    52.78365083474761,
    52.78365083474761,
    52.995813952175766,
    49.8700270242007,
    42.427577234809085,
    31.502785583293015,
    26.41405903406283,
    29.785939472402355,
    44.96612526459917,
    53.18212171465842,
    44.301490198540236,
    36.64818093266704,
    37.50470899040104,
    37.50470899040104,
    37.50470899040104,
    37.50470899040104,
    37.50470899040104,
    29.753314382733375,
    22.67612122774904,
    28.88735382776882,
    30.69579261010331,
    31.933154848722968,
    32.46691698680544,
    34.434236558077856,
    34.434236558077856,
    34.434236558077856
  ],
  "unitlessEPAOverTime": [
    1609.2564729774579,
    1574.958190559947,
    1514.4691109326877,
    1526.9606889015151,
    1582.9394403436588,
    1600.441951018675,
    1613.8266154546495,
    1678.5769381914702,
    1790.7855426703911,
    1873.8768868656791,
    1920.8642321081447,
    1705.9140281127013,
    1627.0440862139976,
    1714.3227290555837,
    1706.299390639718,
    1760.7153215388441,
    1786.7607935044116,
    1789.3735339354953,
    1789.3735339354953,
    1818.4980121316526,
    1826.6694087170215,
    1765.1647390380353,
    1654.858876844792,
    1576.660758518988,
    1587.9760939978057,
    1702.5651676517116,
    1745.8765309811236,
    1697.4385582580483,
    1684.8111737899117,
    1704.7443525583988,
    1704.8027963374611,
    1704.8027963374611,
    1704.8027963374611,
    1704.8027963374611,
    1625.5126042653242,
    1515.9051678034466,
    1547.7330497723142,
    1588.721490125141,
    1530.1616349142403,
    1514.4212885463185,
    1538.1840519781802,
    1535.9732108057729,
    1535.9732108057729
  ],
  "EPA Rank": 124,
  "Auto EPA Rank": 22,
  "TeleOp EPA Rank": 231,
  "Endgame EPA Rank": 76
}