{
  "teamNumber": 16607,
  "teamName": "Midnight Creators",
  "wins": 7,
  "loss": 13,
  "ties": 0,
  "elo": 1500,
  "totalEPA": 43.259654107841854,
  "autonEPA": 5.679628649642459,
  "endgameEPA": 38.58698760896674,
  "unitlessEPA": 1505.536340659927,
  "teleOpEPA": 37.580025458199394,
  "totalEPAOverTime": [
    23.282608695652176,
    12.855072463768117,
    -8.837031580674894,
    -28.743969999782973,
    -19.632812607811715,
    2.91703027180915,
    15.196670942116217,
    15.196670942116217,
    15.196670942116217,
    13.616791002488151,
    8.006579545142774,
    14.550381716013217,
    26.23105613180228,
    35.245403871095505,
    38.674473894401366,
    38.674473894401366,
    38.674473894401366,
    40.565515156513015,
    53.00349245936204,
    67.05916081675201,
    88.64713943890936,
    72.97755322571086,
    44.88249760101957,
    43.259654107841854
  ],
  "teleOpEPAOverTime": [
    -1.7934782608695627,
    2.9818840579710155,
    -20.053799704996933,
    -38.91487860693916,
    -30.037742004605814,
    -7.309393955978356,
    4.429264490237182,
    4.429264490237182,
    4.429264490237182,
    5.028916060704898,
    0.410403996469519,
    -2.369456110971665,
    0.24693793970066125,
    12.671095571034055,
    17.297648767265713,
    17.297648767265713,
    17.297648767265713,
    24.220360496185638,
    43.880280116741034,
    58.88027420432518,
    74.72580372132826,
    62.34792382799335,
    39.021152251360824,
    37.580025458199394
  ],
  "autonEPAOverTime": [
    7.309782608695652,
    9.873188405797102,
    11.216768124322039,
    10.170908607156191,
    10.404929396794099,
    10.226424227787506,
    10.767406451879035,
    10.767406451879035,
    10.767406451879035,
    8.587874941783253,
    7.596175548673255,
    16.91983782698488,
    25.98411819210162,
    22.57430830006145,
    21.376825127135653,
    21.376825127135653,
    21.376825127135653,
    16.345154660327378,
    9.12321234262101,
    8.17888661242683,
    13.9213357175811,
    10.629629397717515,
    5.8613453496587455,
    5.679628649642459
  ],
  "endGameEPAOverTime": [
    17.766304347826086,
    12.844202898550725,
    1.2089894718870329,
    -6.203338755265284,
    -0.22120573494586893,
    5.645724710595617,
    7.018600356950642,
    7.018600356950642,
    7.018600356950642,
    4.88778290615452,
    -2.3670816249983737,
    -4.840674177165151,
    2.4989101670884226,
    20.527984742658333,
    26.288901647462925,
    26.288901647462925,
    26.288901647462925,
    26.954518931052075,
    28.229043090414947,
    35.28264069930992,
    44.48843046029248,
    46.2972803089008,
    40.10819838973902,
    38.58698760896674
  ],
  "unitlessEPAOverTime": [
    1500,
    1409.3330366415728,
    1318.6124395253223,
    1235.3577521774364,
    1273.462384043773,
    1367.7702117549768,
    1419.1260567989082,
    1419.247285386266,
    1419.247285386266,
    1404.9919447967322,
    1384.0124725679377,
    1408.4831216616997,
    1452.1631837026393,
    1485.8724760341415,
    1498.695536247023,
    1496.1109634758461,
    1496.1109634758461,
    1496.0966249546652,
    1539.6767712680103,
    1588.9249784830695,
    1664.5648710520554,
    1609.6618234573032,
    1511.2224546601626,
    1505.536340659927
  ],
  "EPA Rank": 162,
  "Auto EPA Rank": 268,
  "TeleOp EPA Rank": 124,
  "Endgame EPA Rank": 51
}