{
  "teamNumber": 16646,
  "teamName": "ZooBOTix Linden Grove",
  "wins": 25,
  "loss": 4,
  "ties": 0,
  "elo": 1500,
  "totalEPA": 157.29287935645925,
  "autonEPA": 53.60762318278922,
  "endgameEPA": 45.8219417825965,
  "unitlessEPA": 1906.6976509684189,
  "teleOpEPA": 103.68525617367004,
  "totalEPAOverTime": [
    23.282608695652176,
    31.18840579710145,
    65.49202973312137,
    97.90239393618394,
    128.85953178473014,
    126.79109723199036,
    120.10887932244817,
    120.10887932244817,
    120.10887932244817,
    120.10887932244817,
    120.10887932244817,
    116.04650674265628,
    119.94230522229398,
    148.31086866978285,
    129.2415642345424,
    105.5174653667284,
    103.27332728764466,
    103.27332728764466,
    103.27332728764466,
    103.27332728764466,
    103.27332728764466,
    103.27332728764466,
    110.14619410604335,
    132.1143034561548,
    138.1486895283767,
    152.85064593804586,
    157.85485469961537,
    158.24794406463036,
    157.29287935645925,
    157.29287935645925,
    157.29287935645925,
    157.29287935645925,
    157.29287935645925
  ],
  "teleOpEPAOverTime": [
    -1.7934782608695627,
    19.315217391304348,
    43.03076645631478,
    68.907960452851,
    89.57092859397898,
    89.2559737959516,
    86.29350198477094,
    86.29350198477094,
    86.29350198477094,
    86.29350198477094,
    86.29350198477094,
    83.31530302498886,
    87.2888187513533,
    117.71094789927132,
    105.78818333146964,
    85.41874912886344,
    87.23286579881746,
    87.23286579881746,
    87.23286579881746,
    87.23286579881746,
    87.23286579881746,
    87.23286579881746,
    90.56348848786853,
    101.18370534708282,
    103.87315528751462,
    112.39801324736825,
    104.34501696415232,
    103.56345730047852,
    103.68525617367004,
    103.68525617367004,
    103.68525617367004,
    103.68525617367004,
    103.68525617367004
  ],
  "autonEPAOverTime": [
    7.309782608695652,
    11.873188405797102,
    22.46126327680659,
    28.99443348333294,
    39.288603190751154,
    37.535123436038766,
    33.81537733767723,
    33.81537733767723,
    33.81537733767723,
    33.81537733767723,
    33.81537733767723,
    32.73120371766741,
    32.65348647094068,
    30.599920770511527,
    23.45338090307277,
    20.098716237864966,
    16.040461488827205,
    16.040461488827205,
    16.040461488827205,
    16.040461488827205,
    16.040461488827205,
    16.040461488827205,
    19.58270561817483,
    30.930598109071983,
    34.275534240862086,
    40.452632690677596,
    53.50983773546305,
    54.68448676415184,
    53.60762318278922,
    53.60762318278922,
    53.60762318278922,
    53.60762318278922,
    53.60762318278922
  ],
  "endGameEPAOverTime": [
    17.766304347826086,
    18.17753623188406,
    24.253884876929774,
    26.893066669531628,
    29.855596377333846,
    32.745551504039334,
    32.66601190216573,
    32.66601190216573,
    32.66601190216573,
    32.66601190216573,
    32.66601190216573,
    32.61627901349389,
    35.476695695589626,
    47.31196394493055,
    45.41659009448517,
    40.412082608766596,
    40.89905576245722,
    40.89905576245722,
    40.89905576245722,
    40.89905576245722,
    40.89905576245722,
    40.89905576245722,
    38.2437401064804,
    38.2849053628267,
    40.94847692949294,
    39.32871601347971,
    40.144939170090424,
    45.43709170173761,
    45.8219417825965,
    45.8219417825965,
    45.8219417825965,
    45.8219417825965,
    45.8219417825965
  ],
  "unitlessEPAOverTime": [
    1500,
    1571.7486979951345,
    1901.7572488729356,
    2213.552216775543,
    2511.366821430062,
    2491.468017425903,
    2427.183583422935,
    2250.641817985761,
    2250.641817985761,
    2250.641817985761,
    2250.641817985761,
    1828.3992412191908,
    1844.3425224767611,
    1960.4388730145358,
    1882.3990858986613,
    1785.3098799736301,
    1776.125902731824,
    1753.8368400528457,
    1753.8368400528457,
    1753.8368400528457,
    1753.8368400528457,
    1753.8368400528457,
    1741.8610497372433,
    1818.4534381799924,
    1839.4924832198328,
    1890.7512391851947,
    1908.198544058192,
    1909.5690604216218,
    1906.239202310012,
    1906.6976509684189,
    1906.6976509684189,
    1906.6976509684189,
    1906.6976509684189
  ],
  "EPA Rank": 1,
  "Auto EPA Rank": 1,
  "TeleOp EPA Rank": 4,
  "Endgame EPA Rank": 20
}