{
  "teamNumber": 16692,
  "teamName": "Sabre Star Robotics",
  "wins": 1,
  "loss": 4,
  "ties": 0,
  "elo": 1435.5837769526115,
  "totalEPA": -6.23908725669798,
  "autonEPA": 3.3405921081801684,
  "endgameEPA": 11.88175016471456,
  "unitlessEPA": 1335.1161840226598,
  "teleOpEPA": -9.579679364878148,
  "totalEPAOverTime": [
    11.272254555372033,
    8.595628222097599,
    -10.14226826351047,
    -12.885423866175788,
    5.196295236148206,
    -3.2138786900850285,
    -6.23908725669798
  ],
  "teleOpEPAOverTime": [
    -3.358657419779748,
    7.066253913434108,
    -8.616561811344246,
    -13.270149839045612,
    6.108030530052277,
    -3.7869049194243396,
    -9.579679364878148
  ],
  "autonEPAOverTime": [
    3.33155831810708,
    1.5293743086634912,
    -1.5257064521662245,
    0.38472597286982396,
    -0.9117352939040713,
    0.5730262293393111,
    3.3405921081801684
  ],
  "endGameEPAOverTime": [
    11.299353657044701,
    9.648661438716555,
    1.0119626741656296,
    5.186820904554115,
    13.632772344108682,
    13.684745256445561,
    11.88175016471456
  ],
  "unitlessEPAOverTime": [
    1435.5837769526115,
    1384.9379035058591,
    1322.0075275410763,
    1312.794763795785,
    1373.521397763094,
    1345.2762098620094,
    1335.1161840226598
  ],
  "EPA Rank": 354,
  "Auto EPA Rank": 300,
  "TeleOp EPA Rank": 359,
  "Endgame EPA Rank": 283
}