{
  "teamNumber": 16714,
  "teamName": "Robo Penguins",
  "wins": 0,
  "loss": 5,
  "ties": 0,
  "elo": 1458.619581325654,
  "totalEPA": 26.74917329718411,
  "autonEPA": 18.999849586162533,
  "endgameEPA": 6.242696576221281,
  "unitlessEPA": 1442.1500314323328,
  "teleOpEPA": 7.749323711021578,
  "totalEPAOverTime": [
    15.567262168949764,
    17.786515237015145,
    17.072396130155845,
    20.380885449904973,
    26.48034920071728,
    28.33871551273417,
    26.74917329718411
  ],
  "teleOpEPAOverTime": [
    -2.798935672559427,
    12.59850101591109,
    13.828139426020655,
    16.839380013921513,
    12.33284886263558,
    9.791688330603769,
    7.749323711021578
  ],
  "autonEPAOverTime": [
    4.754206094936019,
    5.188014221104054,
    3.2442567041351884,
    3.541505435983458,
    14.147500338081702,
    18.5470271821304,
    18.999849586162533
  ],
  "endGameEPAOverTime": [
    13.611991746573171,
    12.230392478789119,
    9.302324192279693,
    7.526525031191277,
    3.7030943977869657,
    4.547148829074097,
    6.242696576221281
  ],
  "unitlessEPAOverTime": [
    1458.619581325654,
    1411.52628395707,
    1409.0862708438947,
    1420.3907678772994,
    1441.2315091379198,
    1447.5812036452508,
    1442.1500314323328
  ],
  "EPA Rank": 240,
  "Auto EPA Rank": 129,
  "TeleOp EPA Rank": 288,
  "Endgame EPA Rank": 338
}