{
  "teamNumber": 17104,
  "teamName": "Bionic Bulldogs",
  "wins": 5,
  "loss": 8,
  "ties": 0,
  "elo": 1486.4845988781283,
  "totalEPA": 19.95522197438088,
  "autonEPA": 17.362292862163816,
  "endgameEPA": 18.48833135891519,
  "unitlessEPA": 1424.3880834546555,
  "teleOpEPA": 2.592929112217064,
  "totalEPAOverTime": [
    20.762672782889904,
    17.055276361304692,
    21.351296226488863,
    37.66154481448674,
    38.660636522641845,
    45.56089407281324,
    48.99090717423287,
    48.99090717423287,
    48.99090717423287,
    56.528596238895844,
    68.46627939441295,
    53.766915464432685,
    45.00653966540986,
    43.4202333727566,
    25.274638075413268,
    19.95522197438088
  ],
  "teleOpEPAOverTime": [
    -2.1218741704636876,
    10.835457086151258,
    13.005666128110553,
    25.86873854949529,
    32.56024609267916,
    38.9487826264059,
    41.2750008892192,
    41.2750008892192,
    41.2750008892192,
    46.17245541470835,
    54.39844683871141,
    47.566982407251686,
    38.502612277859754,
    34.184363440195696,
    12.44198450554133,
    2.592929112217064
  ],
  "autonEPAOverTime": [
    6.475096958148839,
    6.219819275153433,
    8.34563009837831,
    11.792806264991448,
    6.100390429962687,
    6.612111446407341,
    7.71590628501367,
    7.71590628501367,
    7.71590628501367,
    10.356140824187488,
    14.067832555701541,
    6.199933057181003,
    6.503927387550104,
    9.235869932560899,
    12.832653569871939,
    17.362292862163816
  ],
  "endGameEPAOverTime": [
    16.409449995204753,
    13.17389198421364,
    16.050641685266633,
    21.93443191972912,
    24.71765162343842,
    31.227034574735267,
    34.81411197045728,
    34.81411197045728,
    34.81411197045728,
    39.10813134608571,
    43.388827461732554,
    32.89650104950009,
    20.17620937372539,
    17.347667525413545,
    17.038255271831336,
    18.48833135891519
  ],
  "unitlessEPAOverTime": [
    1486.4845988781283,
    1430.6008889402121,
    1446.4282906994813,
    1506.5185289425326,
    1510.1993838630317,
    1535.6213213577998,
    1548.2581799151098,
    1536.0946030383773,
    1536.0946030383773,
    1547.6275522436574,
    1587.853365700655,
    1538.3216547580141,
    1508.802254878329,
    1503.4569579574236,
    1442.3126536574916,
    1424.3880834546555
  ],
  "EPA Rank": 266,
  "Auto EPA Rank": 144,
  "TeleOp EPA Rank": 309,
  "Endgame EPA Rank": 224
}