{
  "teamNumber": 17155,
  "teamName": "Baker Dynamics",
  "wins": 17,
  "loss": 16,
  "ties": 1,
  "elo": 1500,
  "totalEPA": 95.27878248195209,
  "autonEPA": 27.57248480410217,
  "endgameEPA": 33.66289706068359,
  "unitlessEPA": 1666.4566009694597,
  "teleOpEPA": 67.70629767784992,
  "totalEPAOverTime": [
    23.282608695652176,
    26.608948140379365,
    21.363293765389763,
    19.57365767965384,
    29.7465481470024,
    7.452719645531113,
    -4.6345536781770615,
    -1.2425628477562478,
    -2.415903822405569,
    5.063660749823418,
    35.17125239489653,
    59.95156268462302,
    57.57869099939275,
    57.57869099939275,
    57.57869099939275,
    57.57869099939275,
    57.57869099939275,
    57.57869099939275,
    55.4351410502186,
    52.35925562655463,
    36.18110300737154,
    37.89510691935938,
    41.85042397143877,
    40.18560897352971,
    40.18560897352971,
    40.18560897352971,
    40.18560897352971,
    40.18560897352971,
    55.66509556782688,
    86.85891963239528,
    84.76350697652283,
    87.25075965076411,
    78.32872434904692,
    90.94556095562892,
    95.27878248195209,
    95.27878248195209,
    95.27878248195209,
    95.27878248195209,
    95.27878248195209
  ],
  "teleOpEPAOverTime": [
    -1.7934782608695627,
    18.877963744450014,
    13.534632970234412,
    10.273940220257213,
    25.32022556431907,
    4.36618623961289,
    -8.461282979525016,
    -3.7132068307636015,
    -3.7564767067957554,
    2.818023804220285,
    18.585941712514483,
    36.69465312059543,
    36.894590314056984,
    36.894590314056984,
    36.894590314056984,
    36.894590314056984,
    36.894590314056984,
    36.894590314056984,
    35.250020913888065,
    31.602620883705267,
    18.285863488145736,
    14.400346655711406,
    13.934192977787916,
    12.892037679245714,
    12.892037679245714,
    12.892037679245714,
    12.892037679245714,
    12.892037679245714,
    23.491638314203982,
    47.37641239736264,
    49.62209098132148,
    55.32949622399684,
    46.49242586615645,
    62.118608939958754,
    67.70629767784992,
    67.70629767784992,
    67.70629767784992,
    67.70629767784992,
    67.70629767784992
  ],
  "autonEPAOverTime": [
    7.309782608695652,
    7.730984395929349,
    7.82866079515535,
    9.299717459396629,
    4.42632258268333,
    3.086533405918223,
    3.826729301347955,
    2.4706439830073537,
    1.3405728843901863,
    2.245636945603133,
    16.585310682382044,
    23.256909564027584,
    20.684100685335768,
    20.684100685335768,
    20.684100685335768,
    20.684100685335768,
    20.684100685335768,
    20.684100685335768,
    20.185120136330532,
    20.75663474284936,
    17.895239519225804,
    23.494760263647972,
    27.916230993650856,
    27.293571294283996,
    27.293571294283996,
    27.293571294283996,
    27.293571294283996,
    27.293571294283996,
    32.1734572536229,
    39.48250723503264,
    35.141415995201356,
    31.921263426767265,
    31.836298482890474,
    28.826952015670166,
    27.57248480410217,
    27.57248480410217,
    27.57248480410217,
    27.57248480410217,
    27.57248480410217
  ],
  "endGameEPAOverTime": [
    17.766304347826086,
    17.73598084896813,
    19.673393585716788,
    27.19219486985034,
    25.668885793048894,
    13.612757972696862,
    8.527150068270949,
    7.811574332254776,
    10.5485945522413,
    21.868231861289487,
    30.6614859297785,
    31.203110658825835,
    24.422907215203615,
    24.422907215203615,
    24.422907215203615,
    24.422907215203615,
    24.422907215203615,
    24.422907215203615,
    23.391371954698666,
    19.453555372980663,
    16.75801088600749,
    21.345440913573498,
    12.380981954104708,
    4.333362525729683,
    4.333362525729683,
    4.333362525729683,
    4.333362525729683,
    4.333362525729683,
    10.59803658628186,
    26.134544128133285,
    29.359653764776386,
    30.73599212420038,
    29.47078560380156,
    31.782022478946864,
    33.66289706068359,
    33.66289706068359,
    33.66289706068359,
    33.66289706068359,
    33.66289706068359
  ],
  "unitlessEPAOverTime": [
    1500,
    1490.4611535727026,
    1462.7553221497767,
    1453.3030494388277,
    1507.0329310177697,
    1389.2842174962825,
    1325.4431915479895,
    1348.808882032386,
    1343.6857988996335,
    1376.343339996562,
    1507.800178423922,
    1615.9968513540698,
    1605.6363345312232,
    1596.3759058090143,
    1596.3759058090143,
    1596.3759058090143,
    1596.3759058090143,
    1596.3759058090143,
    1558.221979106467,
    1546.8234848907468,
    1486.871128527898,
    1493.2228162488414,
    1507.8802733155487,
    1501.7108679216035,
    1502.438257095689,
    1502.438257095689,
    1502.438257095689,
    1502.438257095689,
    1540.3269646679516,
    1644.7681539590603,
    1637.7524258013977,
    1646.08008793181,
    1616.2078934910196,
    1658.4507880317935,
    1672.9590063487992,
    1666.4566009694597,
    1666.4566009694597,
    1666.4566009694597,
    1666.4566009694597
  ],
  "EPA Rank": 40,
  "Auto EPA Rank": 69,
  "TeleOp EPA Rank": 43,
  "Endgame EPA Rank": 85
}