{
  "teamNumber": 17283,
  "teamName": "Red Storm Robotics-Stormy Gray",
  "wins": 5,
  "loss": 5,
  "ties": 0,
  "elo": 1500,
  "totalEPA": 28.601822752171447,
  "autonEPA": -1.597705631530025,
  "endgameEPA": 21.526524846635642,
  "unitlessEPA": 1460.142362945705,
  "teleOpEPA": 30.199528383701473,
  "totalEPAOverTime": [
    23.282608695652176,
    24.68840579710145,
    22.065929769454552,
    10.977559769579294,
    17.45977052389891,
    24.301006302730713,
    25.029464602926602,
    25.422503975548914,
    10.471651863682066,
    0.739101060649574,
    14.070252429443757,
    25.524543652495236,
    27.77058840208529,
    28.601822752171447
  ],
  "teleOpEPAOverTime": [
    -1.7934782608695627,
    13.315217391304348,
    7.07379906297423,
    -2.5762603526514134,
    -1.4535564489718134,
    9.419723936949795,
    12.761866981716011,
    13.173951544528226,
    -3.017178060719232,
    -14.34743484021964,
    6.402221047967039,
    23.746371417042425,
    29.681287105972594,
    30.199528383701473
  ],
  "autonEPAOverTime": [
    7.309782608695652,
    11.373188405797102,
    14.992130706480323,
    13.553820122230707,
    18.913326972870724,
    14.881282365780917,
    12.26759762121059,
    12.248552431020688,
    13.488829924401298,
    15.086535900869213,
    7.668031381476718,
    1.778172235452809,
    -1.910698703887303,
    -1.597705631530025
  ],
  "endGameEPAOverTime": [
    17.766304347826086,
    20.844202898550723,
    31.395866881374126,
    31.727519023486124,
    27.618352913578555,
    24.519052775038094,
    23.293702143077926,
    23.41145969643153,
    22.548499022388594,
    25.612563216078456,
    28.12645713599006,
    24.190120792383482,
    21.8972189278073,
    21.526524846635642
  ],
  "unitlessEPAOverTime": [
    1500,
    1509.217241123217,
    1483.9884339508417,
    1377.3158292697549,
    1439.6761496110498,
    1505.4903711579175,
    1512.4983032781774,
    1516.2794301363463,
    1393.943645689789,
    1358.40716990302,
    1407.083220756954,
    1448.9062896461235,
    1457.1072758495488,
    1460.142362945705
  ],
  "EPA Rank": 225,
  "Auto EPA Rank": 359,
  "TeleOp EPA Rank": 164,
  "Endgame EPA Rank": 188
}