{
  "teamNumber": 17291,
  "teamName": "Menominee Jr High III",
  "wins": 2,
  "loss": 3,
  "ties": 0,
  "elo": 1500,
  "totalEPA": 22.697322385425043,
  "autonEPA": 10.999710991543427,
  "endgameEPA": 6.242317298907291,
  "unitlessEPA": 1431.5309405441649,
  "teleOpEPA": 11.697611393881616,
  "totalEPAOverTime": [
    23.282608695652176,
    32.35507246376812,
    45.71549109525938,
    40.17986950669029,
    29.76498848232927,
    25.724379578572957,
    22.697322385425043
  ],
  "teleOpEPAOverTime": [
    -1.7934782608695627,
    23.14855072463768,
    34.4391743700678,
    25.665744943408093,
    12.542408811082002,
    12.069779924812623,
    11.697611393881616
  ],
  "autonEPAOverTime": [
    7.309782608695652,
    9.206521739130435,
    11.276316725191576,
    14.514124563282193,
    17.222579671247267,
    13.654599653760334,
    10.999710991543427
  ],
  "endGameEPAOverTime": [
    17.766304347826086,
    20.344202898550723,
    22.497972643817477,
    17.21872256192387,
    11.303404331509462,
    7.845335326029595,
    6.242317298907291
  ],
  "unitlessEPAOverTime": [
    1500,
    1463.464861365329,
    1507.6418743605589,
    1489.338014758549,
    1454.9005957638708,
    1441.540083868746,
    1431.5309405441649
  ],
  "EPA Rank": 255,
  "Auto EPA Rank": 194,
  "TeleOp EPA Rank": 265,
  "Endgame EPA Rank": 339
}