{
  "teamNumber": 17775,
  "teamName": "Cyber Cubs",
  "wins": 1,
  "loss": 5,
  "ties": 1,
  "elo": 1500,
  "totalEPA": 37.908698307284816,
  "autonEPA": 5.994059359579884,
  "endgameEPA": 22.257758421259776,
  "unitlessEPA": 1502.7367520911032,
  "teleOpEPA": 31.91463894770493,
  "totalEPAOverTime": [
    23.282608695652176,
    18.021739130434785,
    15.81759598881401,
    12.838402226490436,
    27.266084462447242,
    38.8069142926713,
    37.908698307284816,
    37.908698307284816,
    37.908698307284816
  ],
  "teleOpEPAOverTime": [
    -1.7934782608695627,
    13.148550724637683,
    11.850811218317583,
    9.034126559298642,
    19.263963366638258,
    31.00503960059348,
    31.91463894770493,
    31.91463894770493,
    31.91463894770493
  ],
  "autonEPAOverTime": [
    7.309782608695652,
    4.8731884057971016,
    3.9667847704964263,
    3.8042756671917943,
    8.002121095808983,
    7.801874692077821,
    5.994059359579884,
    5.994059359579884,
    5.994059359579884
  ],
  "endGameEPAOverTime": [
    17.766304347826086,
    14.01086956521739,
    12.546296618431118,
    11.658590313459367,
    18.777940980397723,
    22.11636589917613,
    22.257758421259776,
    22.257758421259776,
    22.257758421259776
  ],
  "unitlessEPAOverTime": [
    1500,
    1424.9052117030176,
    1416.400825938937,
    1404.9060130375792,
    1460.5732576458054,
    1505.101975885793,
    1501.6363319832046,
    1502.7367520911032,
    1502.7367520911032
  ],
  "EPA Rank": 188,
  "Auto EPA Rank": 257,
  "TeleOp EPA Rank": 150,
  "Endgame EPA Rank": 180
}