{
  "teamNumber": 18964,
  "teamName": "Avondale Voyager",
  "wins": 2,
  "loss": 3,
  "ties": 0,
  "elo": 1500,
  "totalEPA": 41.06398036261079,
  "autonEPA": 3.1075851770781115,
  "endgameEPA": 22.006289778034194,
  "unitlessEPA": 1507.6311325202596,
  "teleOpEPA": 37.95639518553268,
  "totalEPAOverTime": [
    23.282608695652176,
    23.855072463768117,
    21.508485690295572,
    23.670683640984503,
    35.73478139656907,
    39.79741366137282,
    41.06398036261079
  ],
  "teleOpEPAOverTime": [
    -1.7934782608695627,
    17.315217391304348,
    18.157119026921933,
    22.320396683660206,
    26.22610963328686,
    34.48886488078739,
    37.95639518553268
  ],
  "autonEPAOverTime": [
    7.309782608695652,
    6.5398550724637685,
    3.3513666633736374,
    1.3502869573242973,
    9.50867176328221,
    5.30854878058543,
    3.1075851770781115
  ],
  "endGameEPAOverTime": [
    17.766304347826086,
    14.51086956521739,
    5.894668075583106,
    6.115776106811518,
    11.687491373686584,
    19.798091151368872,
    22.006289778034194
  ],
  "unitlessEPAOverTime": [
    1500,
    1443.2781561491186,
    1434.503058735978,
    1442.5886313038786,
    1487.702510834635,
    1502.8947868162581,
    1507.6311325202596
  ],
  "EPA Rank": 178,
  "Auto EPA Rank": 305,
  "TeleOp EPA Rank": 120,
  "Endgame EPA Rank": 185
}