{
  "teamNumber": 18975,
  "teamName": "RoboSquires",
  "wins": 2,
  "loss": 3,
  "ties": 0,
  "elo": 1500,
  "totalEPA": -1.4396164074972528,
  "autonEPA": 2.48073581137976,
  "endgameEPA": 7.2125836287768585,
  "unitlessEPA": 1351.9487327242264,
  "teleOpEPA": -3.920352218877013,
  "totalEPAOverTime": [
    23.282608695652176,
    20.965985067279483,
    16.851408371985265,
    12.829570213914582,
    8.661303921768763,
    1.9221895263806577,
    -1.4396164074972528
  ],
  "teleOpEPAOverTime": [
    -1.7934782608695627,
    14.679847672229343,
    10.349603393222218,
    6.3786734675080545,
    3.636077494595117,
    -0.941254763664026,
    -3.920352218877013
  ],
  "autonEPAOverTime": [
    7.309782608695652,
    6.286137395050141,
    6.501804978763047,
    6.450896746406528,
    5.025226427173646,
    2.8634442900446837,
    2.48073581137976
  ],
  "endGameEPAOverTime": [
    17.766304347826086,
    15.3361199736621,
    9.58943809396428,
    9.396477182806528,
    9.545648930276156,
    6.841283642133049,
    7.2125836287768585
  ],
  "unitlessEPAOverTime": [
    1500,
    1422.1536340143825,
    1409.261168214297,
    1396.6592859925588,
    1383.598591151556,
    1362.4824938468748,
    1351.9487327242264
  ],
  "EPA Rank": 340,
  "Auto EPA Rank": 313,
  "TeleOp EPA Rank": 339,
  "Endgame EPA Rank": 332
}