{
  "teamNumber": 18980,
  "teamName": "RaiderBots",
  "wins": 1,
  "loss": 4,
  "ties": 0,
  "elo": 1500,
  "totalEPA": 12.618351108642278,
  "autonEPA": 7.686729076134284,
  "endgameEPA": 4.341930631134679,
  "unitlessEPA": 1395.9974596875195,
  "teleOpEPA": 4.931622032507994,
  "totalEPAOverTime": [
    23.282608695652176,
    22.68840579710145,
    30.262949896120865,
    22.739276064296547,
    8.105635289881402,
    10.323419015888621,
    12.618351108642278
  ],
  "teleOpEPAOverTime": [
    -1.7934782608695627,
    15.481884057971016,
    18.71170674771879,
    7.887187659549747,
    -4.729322615251721,
    1.3319680332444044,
    4.931622032507994
  ],
  "autonEPAOverTime": [
    7.309782608695652,
    7.206521739130435,
    11.551243148402076,
    14.8520884047468,
    12.834957905133123,
    8.991450982644217,
    7.686729076134284
  ],
  "endGameEPAOverTime": [
    17.766304347826086,
    16.344202898550723,
    15.11415881113514,
    12.432021579548811,
    6.51853105974822,
    4.730083685339994,
    4.341930631134679
  ],
  "unitlessEPAOverTime": [
    1500,
    1427.5506048323007,
    1451.2844073543279,
    1427.7099998876422,
    1381.8574791579501,
    1388.806602471713,
    1395.9974596875195
  ],
  "EPA Rank": 293,
  "Auto EPA Rank": 236,
  "TeleOp EPA Rank": 301,
  "Endgame EPA Rank": 353
}