{
  "teamNumber": 19250,
  "teamName": "Vikingbots",
  "wins": 2,
  "loss": 8,
  "ties": 0,
  "elo": 1500,
  "totalEPA": 60.969291127310065,
  "autonEPA": 22.792459649826572,
  "endgameEPA": 30.049467726666578,
  "unitlessEPA": 1586.1213917380273,
  "teleOpEPA": 38.17683147748349,
  "totalEPAOverTime": [
    23.282608695652176,
    22.18840579710145,
    18.710433713035957,
    16.650018537561177,
    15.862737134818843,
    11.664689362337992,
    12.122088709308212,
    10.887972475148148,
    25.38904127325492,
    71.109526740804,
    85.24456884031255,
    68.52497214356133,
    60.969291127310065
  ],
  "teleOpEPAOverTime": [
    -1.7934782608695627,
    15.64855072463768,
    12.90679534175667,
    16.396363032652804,
    19.634715657820248,
    14.582720806195503,
    9.84479295921783,
    9.708523118188772,
    17.38659560510915,
    49.21366738803626,
    60.15857797133461,
    43.20814033928092,
    38.17683147748349
  ],
  "autonEPAOverTime": [
    7.309782608695652,
    6.5398550724637685,
    5.803638371279288,
    0.2536555049083746,
    -3.7719785230014047,
    -2.918031443857511,
    2.277295750090382,
    1.1794493569593762,
    8.002445668145771,
    21.895859352767744,
    25.085990868977945,
    25.316831804280408,
    22.792459649826572
  ],
  "endGameEPAOverTime": [
    17.766304347826086,
    14.844202898550725,
    13.394426101371668,
    13.697950123194083,
    14.017628067689625,
    7.711426656853179,
    4.414403548131835,
    2.8842855654721813,
    12.835674669475928,
    40.565722425498656,
    45.9627795833344,
    34.27700654305758,
    30.049467726666578
  ],
  "unitlessEPAOverTime": [
    1500,
    1464.7073762839507,
    1447.1921656016584,
    1436.8158299039756,
    1432.8510483295463,
    1411.7095068185579,
    1414.0129887713979,
    1398.6697345721113,
    1452.946447926278,
    1624.0757431999814,
    1676.982438490212,
    1614.4018956391003,
    1586.1213917380273
  ],
  "EPA Rank": 109,
  "Auto EPA Rank": 104,
  "TeleOp EPA Rank": 118,
  "Endgame EPA Rank": 109
}