{
  "teamNumber": 19429,
  "teamName": "Infrared",
  "wins": 4,
  "loss": 6,
  "ties": 0,
  "elo": 1500,
  "totalEPA": 58.417006562794455,
  "autonEPA": 15.312520661489922,
  "endgameEPA": 14.112183308214203,
  "unitlessEPA": 1592.5545652424728,
  "teleOpEPA": 43.104485901304535,
  "totalEPAOverTime": [
    23.282608695652176,
    37.35507246376812,
    67.4294003869734,
    61.83705600099193,
    81.24250770233236,
    87.38968239544866,
    88.26535615630324,
    84.20298357651134,
    56.57777926882045,
    43.53792548487161,
    41.28722337327905,
    57.640984560829644,
    58.417006562794455
  ],
  "teleOpEPAOverTime": [
    -1.7934782608695627,
    27.31521739130435,
    49.391576857461324,
    45.04287601138248,
    65.91395171741294,
    69.16890209624282,
    67.57569177392156,
    64.59749281413949,
    42.64746928049559,
    35.84497784100786,
    32.192150081353816,
    42.66542789127203,
    43.104485901304535
  ],
  "autonEPAOverTime": [
    7.309782608695652,
    10.039855072463768,
    18.037823529512075,
    16.794179989609447,
    15.328555984919422,
    18.220780299205842,
    20.689664382381675,
    19.605490762371858,
    13.930309988324858,
    7.692947643863746,
    9.095073291925232,
    14.97555666955761,
    15.312520661489922
  ],
  "endGameEPAOverTime": [
    17.766304347826086,
    19.17753623188406,
    21.654269990358916,
    23.149656284365825,
    25.508528881855533,
    25.77040877579733,
    27.63238542986531,
    27.582652541193468,
    22.027651569667523,
    18.41995637645839,
    12.573243813443671,
    12.36087110499933,
    14.112183308214203
  ],
  "unitlessEPAOverTime": [
    1500,
    1571.6276392159125,
    1767.427676331969,
    1731.0185089804334,
    1857.3584282989475,
    1897.379839122973,
    1903.0809459046338,
    1698.0818624524577,
    1585.0276569083553,
    1531.6629724869924,
    1522.452132403841,
    1589.378749782804,
    1592.5545652424728
  ],
  "EPA Rank": 117,
  "Auto EPA Rank": 155,
  "TeleOp EPA Rank": 100,
  "Endgame EPA Rank": 267
}