{
  "teamNumber": 19561,
  "teamName": "Tiger Tech Black 19561",
  "wins": 33,
  "loss": 4,
  "ties": 0,
  "elo": 1500,
  "totalEPA": 68.40177910954095,
  "autonEPA": 30.554447606675275,
  "endgameEPA": 29.238599886716873,
  "unitlessEPA": 1593.629240294941,
  "teleOpEPA": 37.84733150286568,
  "totalEPAOverTime": [
    23.282608695652176,
    38.85507246376812,
    72.10652711622907,
    90.11104327547703,
    98.90987721561932,
    100.9061969913004,
    103.77778445244807,
    103.77778445244807,
    103.77778445244807,
    103.77778445244807,
    103.77778445244807,
    111.60105226109803,
    140.0385156531553,
    143.08188355194847,
    144.5339988715211,
    133.83267645018614,
    127.48818595127287,
    127.48818595127287,
    127.48818595127287,
    127.48818595127287,
    127.48818595127287,
    123.35972017678536,
    103.99721315067809,
    103.37163864499027,
    113.15906626593234,
    118.70897235222326,
    119.6339883466078,
    119.6339883466078,
    119.6339883466078,
    119.6339883466078,
    119.6339883466078,
    112.64973430010593,
    129.2458186306489,
    159.29637727990314,
    139.02904781611204,
    96.26064327050995,
    73.23093216314493,
    68.40177910954095,
    68.40177910954095,
    68.40177910954095,
    68.40177910954095,
    68.40177910954095
  ],
  "teleOpEPAOverTime": [
    -1.7934782608695627,
    23.648550724637683,
    39.60133269891861,
    53.69829341915629,
    59.762757388604264,
    61.49411913963902,
    64.71992368503109,
    64.71992368503109,
    64.71992368503109,
    64.71992368503109,
    64.71992368503109,
    73.27113205636648,
    106.72967641349604,
    111.37431058488858,
    109.04442950172486,
    98.72322304031246,
    91.4294703545462,
    91.4294703545462,
    91.4294703545462,
    91.4294703545462,
    91.4294703545462,
    87.6957542809624,
    74.82298215171349,
    78.56425534857996,
    85.80611670897444,
    88.0311499917929,
    87.28850593942929,
    87.28850593942929,
    87.28850593942929,
    87.28850593942929,
    87.28850593942929,
    81.29989432280705,
    95.77414798855786,
    122.51110519242421,
    101.10959455619971,
    58.337655552058486,
    40.749175444942416,
    37.84733150286568,
    37.84733150286568,
    37.84733150286568,
    37.84733150286568,
    37.84733150286568
  ],
  "autonEPAOverTime": [
    7.309782608695652,
    15.206521739130434,
    32.50519441731046,
    36.41274985632074,
    39.147119827015054,
    39.41207785166139,
    39.05786076741699,
    39.05786076741699,
    39.05786076741699,
    39.05786076741699,
    39.05786076741699,
    38.32992020473155,
    33.30883923965925,
    31.707572967059892,
    35.48956936979624,
    35.10945340987367,
    36.058715596726664,
    36.058715596726664,
    36.058715596726664,
    36.058715596726664,
    36.058715596726664,
    35.66396589582295,
    29.1742309989646,
    24.807383296410315,
    27.352949556957896,
    30.677822360430355,
    32.34548240717851,
    32.34548240717851,
    32.34548240717851,
    32.34548240717851,
    32.34548240717851,
    31.34983997729888,
    33.47167064209104,
    36.78527208747893,
    37.91945325991233,
    37.92298771845146,
    32.48175671820251,
    30.554447606675275,
    30.554447606675275,
    30.554447606675275,
    30.554447606675275,
    30.554447606675275
  ],
  "endGameEPAOverTime": [
    17.766304347826086,
    17.844202898550723,
    20.193468096658215,
    27.768981270769128,
    33.28342687550331,
    35.24102801608838,
    36.65917288378566,
    36.65917288378566,
    36.65917288378566,
    36.65917288378566,
    36.65917288378566,
    40.9215933451837,
    54.895098080989314,
    61.18340726685966,
    66.37116108956742,
    63.327235075915084,
    63.00738732371964,
    63.00738732371964,
    63.00738732371964,
    63.00738732371964,
    63.00738732371964,
    59.54510537846202,
    49.81158259888757,
    56.48330483180609,
    65.37372094103237,
    68.00562820764875,
    67.00902307164334,
    67.00902307164334,
    67.00902307164334,
    67.00902307164334,
    67.00902307164334,
    60.63100879457908,
    51.75140780255605,
    48.042184515840916,
    43.77901849999993,
    41.711474591699606,
    33.17951174949795,
    29.238599886716873,
    29.238599886716873,
    29.238599886716873,
    29.238599886716873,
    29.238599886716873
  ],
  "unitlessEPAOverTime": [
    1500,
    1609.7239155000027,
    1872.0064274753659,
    2014.023364012579,
    2083.4272530272146,
    2099.173925494459,
    2121.8245788429745,
    2035.8419579738566,
    2035.8419579738566,
    2035.8419579738566,
    2035.8419579738566,
    2055.008868454228,
    2240.1520378001674,
    2259.9659983669044,
    2269.4200494830307,
    2199.7486894899275,
    2158.442646730077,
    2072.0605021402935,
    2072.0605021402935,
    2072.0605021402935,
    2072.0605021402935,
    1974.2102830160834,
    1876.6999000393448,
    1873.5494810596201,
    1922.83936972891,
    1950.7889253948924,
    1955.4473440464867,
    1915.6270113310472,
    1915.6270113310472,
    1915.6270113310472,
    1915.6270113310472,
    1750.6660143032398,
    1808.6707583027764,
    1913.7000487532441,
    1842.8639868432715,
    1693.3847297168945,
    1612.8939060647415,
    1596.0156002529684,
    1593.629240294941,
    1593.629240294941,
    1593.629240294941,
    1593.629240294941
  ],
  "EPA Rank": 93,
  "Auto EPA Rank": 53,
  "TeleOp EPA Rank": 121,
  "Endgame EPA Rank": 115
}