{
  "teamNumber": 19787,
  "teamName": "Rollin' Rebels 00697",
  "wins": 5,
  "loss": 5,
  "ties": 0,
  "elo": 1500,
  "totalEPA": 53.06836160720327,
  "autonEPA": 22.297178427572536,
  "endgameEPA": 12.022749276883967,
  "unitlessEPA": 1550.7323718449177,
  "teleOpEPA": 30.771183179630736,
  "totalEPAOverTime": [
    23.282608695652176,
    19.855072463768117,
    11.350985983166368,
    17.30225911113925,
    26.13791263454263,
    32.16591718401949,
    36.08529013552281,
    44.92663311975853,
    37.85713331810764,
    23.830881745481644,
    35.03194895994626,
    44.92325350886628,
    53.06836160720327
  ],
  "teleOpEPAOverTime": [
    -1.7934782608695627,
    12.315217391304348,
    2.4579516000049146,
    3.97295195161235,
    10.44784175164835,
    14.641628032818147,
    17.87171392327466,
    23.250619324754936,
    17.484113902212837,
    3.556528845026591,
    11.237418140627536,
    22.31664838247048,
    30.771183179630736
  ],
  "autonEPAOverTime": [
    7.309782608695652,
    7.5398550724637685,
    8.893034383161453,
    13.3293071595269,
    15.69007088289428,
    17.524289151201344,
    18.213576212248153,
    21.67601379500359,
    20.373019415894806,
    20.274352900455053,
    23.794530819318727,
    22.606605126395802,
    22.297178427572536
  ],
  "endGameEPAOverTime": [
    17.766304347826086,
    11.844202898550725,
    -1.4329697410835167,
    -1.628232336913353,
    5.833403818572725,
    7.572541364030293,
    8.102763010250852,
    9.806934010612691,
    13.004826292183237,
    14.611972381305566,
    11.702130927068161,
    11.759740393924808,
    12.022749276883967
  ],
  "unitlessEPAOverTime": [
    1500,
    1440.5901693169799,
    1410.1336131853564,
    1431.4475173289916,
    1463.091548479069,
    1484.6802587234447,
    1498.7171106028934,
    1521.5041508447825,
    1496.1251538809677,
    1445.7719172923973,
    1485.9829447771142,
    1521.4920182842081,
    1550.7323718449177
  ],
  "EPA Rank": 133,
  "Auto EPA Rank": 110,
  "TeleOp EPA Rank": 161,
  "Endgame EPA Rank": 279
}