{
  "teamNumber": 19920,
  "teamName": "Creek Robotics",
  "wins": 13,
  "loss": 8,
  "ties": 0,
  "elo": 1500,
  "totalEPA": 56.85925762312288,
  "autonEPA": 35.327725765593165,
  "endgameEPA": 22.328404032928333,
  "unitlessEPA": 1544.3251825524685,
  "teleOpEPA": 21.531531857529714,
  "totalEPAOverTime": [
    23.282608695652176,
    20.18840579710145,
    30.53373481763242,
    40.93492365214583,
    35.69382357929612,
    48.72415636316282,
    51.87014402898994,
    51.87014402898994,
    51.87014402898994,
    51.87014402898994,
    51.87014402898994,
    51.87014402898994,
    47.864932314424806,
    20.926572618620035,
    2.606945218695385,
    16.070782732746753,
    15.241762924384625,
    20.555562830945796,
    29.546790480624008,
    32.056079646077045,
    18.457061606511285,
    19.957834868945426,
    25.273415260356874,
    47.67300508175719,
    56.85925762312288
  ],
  "teleOpEPAOverTime": [
    -1.7934782608695627,
    15.315217391304348,
    22.048623827766722,
    27.515156632276742,
    25.166647287926725,
    31.10195810927665,
    32.83014719097824,
    32.83014719097824,
    32.83014719097824,
    32.83014719097824,
    32.83014719097824,
    32.83014719097824,
    25.269460950951622,
    -12.165074973064378,
    -38.49012470693072,
    -22.923434287995317,
    -20.664773356377815,
    -13.189649920588742,
    -4.821940021299749,
    1.2437693722774803,
    -3.306406414930855,
    -7.62448623426306,
    -7.676463951238485,
    12.658778958248249,
    21.531531857529714
  ],
  "autonEPAOverTime": [
    7.309782608695652,
    4.8731884057971016,
    8.4851109898657,
    13.419767019869086,
    10.527176291369397,
    17.622198253886168,
    19.039996838011703,
    19.039996838011703,
    19.039996838011703,
    19.039996838011703,
    19.039996838011703,
    19.039996838011703,
    22.595471363473184,
    33.09164759168441,
    41.09706992562611,
    38.99421702074207,
    35.90653628076244,
    33.74521275153454,
    34.36873050192376,
    30.812310273799564,
    21.76346802144214,
    27.582321103208486,
    32.94987921159536,
    35.01422612350894,
    35.327725765593165
  ],
  "endGameEPAOverTime": [
    17.766304347826086,
    12.844202898550725,
    8.628084364226124,
    16.82930800005519,
    20.36229823276444,
    25.584525838629204,
    28.275400874205992,
    28.275400874205992,
    28.275400874205992,
    28.275400874205992,
    28.275400874205992,
    28.275400874205992,
    29.8968627112389,
    25.692390727892906,
    15.979510876486646,
    24.10785929427003,
    29.60735402431709,
    30.698276373411733,
    30.03033308879037,
    26.793493683148117,
    26.228299454205903,
    21.84376233310896,
    18.816877043877163,
    20.842026074910486,
    22.328404032928333
  ],
  "unitlessEPAOverTime": [
    1500,
    1458.0615190656704,
    1517.2603495670157,
    1576.7788253549652,
    1546.7878029102005,
    1621.3509666643347,
    1639.3531771516978,
    1623.882531498072,
    1623.882531498072,
    1623.882531498072,
    1623.882531498072,
    1623.882531498072,
    1533.063397183945,
    1432.3269858339831,
    1363.820456766282,
    1414.1686847014723,
    1411.0685523483714,
    1430.9395890136848,
    1452.879307082619,
    1461.2807503994995,
    1415.7493780899167,
    1420.7741722305925,
    1438.57146238336,
    1513.5683526568205,
    1544.3251825524685
  ],
  "EPA Rank": 126,
  "Auto EPA Rank": 31,
  "TeleOp EPA Rank": 219,
  "Endgame EPA Rank": 177
}