{
  "teamNumber": 19920,
  "teamName": "Creek Robotics",
  "wins": 13,
  "loss": 8,
  "ties": 0,
  "elo": 1500,
  "totalEPA": 56.85925718526366,
  "autonEPA": 35.32772562056958,
  "endgameEPA": 22.328403797164512,
  "unitlessEPA": 1536.7851562879548,
  "teleOpEPA": 21.531531564694077,
  "totalEPAOverTime": [
    23.282608695652176,
    20.18840579710145,
    33.50822023850541,
    46.33607842833557,
    38.795987724316575,
    48.74149690852967,
    51.852246260024515,
    51.852246260024515,
    51.852246260024515,
    51.852246260024515,
    51.852246260024515,
    51.852246260024515,
    47.856624368238904,
    20.929219331438382,
    2.407827252367227,
    16.739398619240013,
    16.157004492034133,
    20.72254204158668,
    29.680054054805026,
    32.112495032076794,
    18.46791302021272,
    19.957933974872276,
    25.273250723851696,
    47.67299953741691,
    56.85925718526366
  ],
  "teleOpEPAOverTime": [
    -1.7934782608695627,
    15.315217391304348,
    24.037861851676404,
    31.127271312154605,
    27.241272643418576,
    31.1135548957181,
    32.818177751720164,
    32.818177751720164,
    32.818177751720164,
    32.818177751720164,
    32.818177751720164,
    32.818177751720164,
    25.263904869776166,
    -12.163304938577177,
    -38.623287649606425,
    -22.476285490416068,
    -20.05268973054232,
    -13.07797970029171,
    -4.732817711668218,
    1.2815005305469818,
    -3.2991471306896614,
    -7.624419688409468,
    -7.676573961838457,
    12.6587752499481,
    21.531531564694077
  ],
  "autonEPAOverTime": [
    7.309782608695652,
    4.8731884057971016,
    9.470358386829007,
    15.208807116180964,
    11.554715080898,
    17.62794201281157,
    19.03406850830435,
    19.03406850830435,
    19.03406850830435,
    19.03406850830435,
    19.03406850830435,
    19.03406850830435,
    22.59271949846274,
    33.09252427001556,
    41.03111490197365,
    39.21568410965608,
    36.20969422257645,
    33.80052174187839,
    34.412871766473245,
    30.830994501529812,
    21.76706015090238,
    27.582353663281744,
    32.94982468569015,
    35.014224287468814,
    35.32772562056958
  ],
  "endGameEPAOverTime": [
    17.766304347826086,
    12.844202898550725,
    10.22968997240056,
    19.737548773218826,
    22.032652189545374,
    25.59386281991459,
    28.265763857010455,
    28.265763857010455,
    28.265763857010455,
    28.265763857010455,
    28.265763857010455,
    28.265763857010455,
    29.892389314559804,
    25.693815845011773,
    15.872277687239633,
    24.467858227960456,
    30.10015798615335,
    30.788185239764747,
    30.10208795512431,
    26.82383801567624,
    26.234107900505794,
    21.843807977678395,
    18.81678752079482,
    20.84202310129897,
    22.328403797164512
  ],
  "unitlessEPAOverTime": [
    1500,
    1441.367013999306,
    1489.3796076073172,
    1535.6188960627949,
    1508.4398905044075,
    1544.289465795941,
    1555.5024706832646,
    1555.1849258498469,
    1555.1849258498469,
    1555.1849258498469,
    1555.1849258498469,
    1555.1849258498469,
    1512.1622500272786,
    1421.7984400708492,
    1359.6437856704574,
    1407.7381114921695,
    1405.783695455472,
    1421.1048660960473,
    1448.7272363977984,
    1456.608103680257,
    1412.4010125463412,
    1417.228532515572,
    1434.4496310969319,
    1507.022593487212,
    1536.7851562879548
  ],
  "EPA Rank": 126,
  "Auto EPA Rank": 31,
  "TeleOp EPA Rank": 219,
  "Endgame EPA Rank": 177
}