{
  "teamNumber": 19940,
  "teamName": "TechoRaptors",
  "wins": 14,
  "loss": 13,
  "ties": 0,
  "elo": 1500,
  "totalEPA": 100.54986721324161,
  "autonEPA": 31.35370411159024,
  "endgameEPA": 38.87119138707753,
  "unitlessEPA": 1690.6073189458875,
  "teleOpEPA": 69.19616310165136,
  "totalEPAOverTime": [
    23.282608695652176,
    21.021739130434785,
    23.264805850408475,
    15.26177367743783,
    11.709643027122471,
    3.2221539632816274,
    3.1915707821463535,
    5.475296601935936,
    5.475296601935936,
    5.475296601935936,
    5.475296601935936,
    5.475296601935936,
    18.01564571900458,
    17.285541940522887,
    3.625720064711814,
    -29.55588812352631,
    -12.019910137564878,
    15.979278532928715,
    15.979278532928715,
    15.979278532928715,
    15.979278532928715,
    15.979278532928715,
    15.979278532928715,
    17.870319795040366,
    22.012440029956466,
    37.824569881336615,
    34.494504226811614,
    71.58923513699335,
    96.70329769757036,
    100.54986721324161,
    100.54986721324161,
    100.54986721324161
  ],
  "teleOpEPAOverTime": [
    -1.7934782608695627,
    15.31521739130435,
    18.436662165613633,
    8.20620634693136,
    5.156939079872517,
    -2.2661690248078123,
    -2.6671406441293364,
    -0.3774968120549582,
    -0.3774968120549582,
    -0.3774968120549582,
    -0.3774968120549582,
    -0.3774968120549582,
    11.68994830879478,
    8.212913559170731,
    -10.002901890019926,
    -40.33427889410362,
    -34.95418393657984,
    -8.833919140785296,
    -8.833919140785296,
    -8.833919140785296,
    -8.833919140785296,
    -8.833919140785296,
    -8.833919140785296,
    -1.9112074118653695,
    9.257072956793966,
    17.930118160303877,
    15.950673875098111,
    47.56743842760622,
    66.61527658042326,
    69.19616310165136,
    69.19616310165136,
    69.19616310165136
  ],
  "autonEPAOverTime": [
    7.309782608695652,
    5.7065217391304355,
    4.828143684794841,
    7.055567330506471,
    6.552703947249954,
    5.48832298808944,
    5.85871142627569,
    5.852793413990894,
    5.852793413990894,
    5.852793413990894,
    5.852793413990894,
    5.852793413990894,
    6.325697410209803,
    9.072628381352155,
    13.62862195473174,
    10.778390770577312,
    22.934273799014957,
    24.81319767371401,
    24.81319767371401,
    24.81319767371401,
    24.81319767371401,
    24.81319767371401,
    24.81319767371401,
    19.781527206905736,
    12.7553670731625,
    19.894451721032738,
    18.543830351713503,
    24.021796709387132,
    30.0880211171471,
    31.35370411159024,
    31.35370411159024,
    31.35370411159024
  ],
  "endGameEPAOverTime": [
    17.766304347826086,
    12.844202898550725,
    -1.457948416280043,
    -5.637412616267577,
    -3.143174231488639,
    -3.3873562165019098,
    7.745765486198424,
    10.823155050482683,
    10.823155050482683,
    10.823155050482683,
    10.823155050482683,
    10.823155050482683,
    17.058245150764556,
    10.612039839068405,
    -2.1372799039037957,
    17.471924051571264,
    24.555615200945468,
    29.71739465100217,
    29.71739465100217,
    29.71739465100217,
    29.71739465100217,
    29.71739465100217,
    29.71739465100217,
    30.38301193459132,
    28.80514850461692,
    24.241183436831115,
    19.313308546302668,
    30.309915823795176,
    37.66790592364218,
    38.87119138707753,
    38.87119138707753,
    38.87119138707753
  ],
  "unitlessEPAOverTime": [
    1500,
    1443.4876246396502,
    1452.868565824087,
    1419.3983290971682,
    1404.5426280102054,
    1369.0462983636332,
    1368.9183935532644,
    1378.469378999242,
    1379.060244084195,
    1379.060244084195,
    1379.060244084195,
    1379.060244084195,
    1421.4890405611593,
    1418.8232116565973,
    1368.9470857400402,
    1247.7910353056593,
    1311.8201752204764,
    1414.053650326319,
    1413.6179519880918,
    1413.6179519880918,
    1413.6179519880918,
    1413.6179519880918,
    1413.6179519880918,
    1416.577269807074,
    1431.0904178447186,
    1486.4929093970159,
    1474.8250356806036,
    1604.7974388421364,
    1692.7920133829464,
    1706.269611726771,
    1690.6073189458875,
    1690.6073189458875
  ],
  "EPA Rank": 31,
  "Auto EPA Rank": 49,
  "TeleOp EPA Rank": 36,
  "Endgame EPA Rank": 48
}