{
  "teamNumber": 19948,
  "teamName": "Jr. Byting Bulldogs Black",
  "wins": 3,
  "loss": 7,
  "ties": 0,
  "elo": 1500,
  "totalEPA": 36.71366382442336,
  "autonEPA": 9.28245048820108,
  "endgameEPA": 17.510566160071765,
  "unitlessEPA": 1525.4490374978718,
  "teleOpEPA": 27.431213336222278,
  "totalEPAOverTime": [
    23.282608695652176,
    19.855072463768117,
    11.144718539162591,
    3.354507703153727,
    0.7525868540569665,
    13.320317568477936,
    16.203433507020012,
    19.28909313990798,
    30.803469828975544,
    43.351642200646296,
    49.60469454204896,
    40.768003292755665,
    36.71366382442336
  ],
  "teleOpEPAOverTime": [
    -1.7934782608695627,
    12.315217391304348,
    6.540168440885255,
    1.677544605341387,
    2.068236112402631,
    15.482878933270467,
    19.7278946048031,
    19.111107822843163,
    24.55445933396656,
    35.4819487600259,
    34.360952719743494,
    30.200341441925687,
    27.431213336222278
  ],
  "autonEPAOverTime": [
    7.309782608695652,
    7.5398550724637685,
    4.604550098277336,
    1.6769630978123402,
    -1.3156492583456647,
    -2.16256136479253,
    -3.5244610977830897,
    0.17798531706481624,
    6.249010495008984,
    7.869693440620395,
    15.243741822305466,
    10.56766185082998,
    9.28245048820108
  ],
  "endGameEPAOverTime": [
    17.766304347826086,
    11.844202898550725,
    0.6631282444660219,
    1.230588024327282,
    -2.6323106388238457,
    11.470826754116086,
    19.79561909818299,
    15.20196519051481,
    10.468562372047248,
    18.416252252379827,
    19.53569014027955,
    17.301813871092488,
    17.510566160071765
  ],
  "unitlessEPAOverTime": [
    1500,
    1454.7893903242973,
    1408.784148610365,
    1367.6388018638136,
    1353.8963065967641,
    1420.274951404671,
    1435.502627201774,
    1443.4584794076386,
    1497.638877185633,
    1556.683755501058,
    1586.10722082033,
    1544.526555200574,
    1525.4490374978718
  ],
  "EPA Rank": 196,
  "Auto EPA Rank": 210,
  "TeleOp EPA Rank": 182,
  "Endgame EPA Rank": 233
}