{
  "teamNumber": 20033,
  "teamName": "Red Storm Robotics-Green",
  "wins": 7,
  "loss": 9,
  "ties": 0,
  "elo": 1500,
  "totalEPA": 68.68337512472277,
  "autonEPA": 23.480268528241687,
  "endgameEPA": 41.7573807378756,
  "unitlessEPA": 1588.5849023176006,
  "teleOpEPA": 45.203106596481085,
  "totalEPAOverTime": [
    23.282608695652176,
    1.6870757312623645,
    -32.97391973293813,
    -35.57112181611524,
    -29.115865768429938,
    -8.58777017797225,
    -1.9850853961144814,
    -6.370337031799135,
    -3.3834659624964907,
    2.6962496491435113,
    12.918254450055015,
    33.045363237572104,
    36.26395618214563,
    42.175271518305784,
    61.8513709116194,
    70.98731576604209,
    73.80764258924484,
    63.199511370586784,
    66.29532011313147,
    68.68337512472277
  ],
  "teleOpEPAOverTime": [
    -1.7934782608695627,
    -4.58261270809138,
    -37.065725085837435,
    -33.2192774660267,
    -24.25222819510344,
    -8.496050302073922,
    -4.4583413480578375,
    -8.754636340771036,
    -5.609337353108758,
    5.007067184549061,
    15.80501181728511,
    25.593500292459225,
    24.22663730576093,
    26.32881720498558,
    39.67602291405402,
    51.219682419745894,
    53.40701428812953,
    45.92183941977191,
    44.20154359068261,
    45.203106596481085
  ],
  "autonEPAOverTime": [
    7.309782608695652,
    6.269688439353745,
    4.091805352899309,
    -2.3518443500885353,
    -4.8636375733264945,
    -0.09171987589832664,
    2.4732559519433566,
    2.384299308971901,
    2.2258713906122676,
    -2.3108175354055494,
    -2.8867573672300946,
    7.45186294511288,
    12.037318876384694,
    15.846454313320205,
    22.175347997565375,
    19.767633346296194,
    20.400628301115304,
    17.27767195081487,
    22.093776522448856,
    23.480268528241687
  ],
  "endGameEPAOverTime": [
    17.766304347826086,
    11.779436212360924,
    3.753026068506407,
    -0.7448413360373061,
    1.5178565540723299,
    6.056235233589085,
    5.704665701307853,
    2.261622233924031,
    1.5504532349652407,
    6.237019686680284,
    20.30727048846478,
    26.08781719863844,
    22.97913569479689,
    21.681562384014555,
    26.147611234620825,
    30.28842338241235,
    28.668417358099113,
    32.78211127234199,
    40.28971759233202,
    41.7573807378756
  ],
  "unitlessEPAOverTime": [
    1500,
    1386.4738232113107,
    1235.1806564182746,
    1223.8440250635526,
    1252.0208306294205,
    1341.6247369372552,
    1370.4450600873852,
    1335.1682616848166,
    1345.0598410372806,
    1365.193950618044,
    1399.046021659427,
    1465.7006877257074,
    1476.3596571876744,
    1499.2618723058938,
    1565.5634396574271,
    1596.3483757861418,
    1605.8518899270316,
    1570.106201088584,
    1580.5379928654156,
    1588.5849023176006
  ],
  "EPA Rank": 92,
  "Auto EPA Rank": 97,
  "TeleOp EPA Rank": 94,
  "Endgame EPA Rank": 33
}