{
  "teamNumber": 20348,
  "teamName": "Mastodons",
  "wins": 1,
  "loss": 8,
  "ties": 1,
  "elo": 1500,
  "totalEPA": -81.52373195178372,
  "autonEPA": 1.4072446712169113,
  "endgameEPA": 17.866793964945007,
  "unitlessEPA": 1101.0160615783325,
  "teleOpEPA": -82.93097662300063,
  "totalEPAOverTime": [
    23.282608695652176,
    24.85771986125169,
    25.396183276538938,
    14.44122228628367,
    13.084234592407501,
    13.963596409943785,
    14.041553642951865,
    11.70596353647473,
    -0.45575247911380323,
    -8.694316269341183,
    -44.747629003208324,
    -74.02082069688961,
    -81.52373195178372
  ],
  "teleOpEPAOverTime": [
    -1.7934782608695627,
    17.709727588578936,
    17.78625139806807,
    7.765429328211143,
    6.533572673385095,
    8.106634111575714,
    9.81665102417906,
    8.834305621432469,
    -0.46459720363371226,
    -8.127183672460257,
    -46.06700193597611,
    -75.60482666845961,
    -82.93097662300063
  ],
  "autonEPAOverTime": [
    7.309782608695652,
    7.147992272672755,
    7.609931878470868,
    6.6757929580725275,
    6.5506619190224065,
    5.856962298368071,
    4.224902618772804,
    2.8716579150422614,
    0.00884472451990903,
    -0.5671325968809257,
    1.319372932767784,
    1.5840059715699877,
    1.4072446712169113
  ],
  "endGameEPAOverTime": [
    17.766304347826086,
    19.33278297843343,
    19.134758334714142,
    8.665600293621491,
    8.874912680218364,
    17.381787955112344,
    19.829255642670716,
    16.655284515072896,
    9.707439221785451,
    5.495265163833389,
    12.625085896028216,
    16.968846338088905,
    17.866793964945007
  ],
  "unitlessEPAOverTime": [
    1500,
    1487.612295436705,
    1489.9626559560716,
    1442.1449081357082,
    1436.2217382222027,
    1440.0600998257912,
    1440.4003784732524,
    1393.1386174683316,
    1355.0315363728078,
    1329.2171185667653,
    1216.2489724309116,
    1124.5254123374107,
    1101.0160615783325
  ],
  "EPA Rank": 392,
  "Auto EPA Rank": 329,
  "TeleOp EPA Rank": 392,
  "Endgame EPA Rank": 231
}