{
  "teamNumber": 20862,
  "teamName": "Eagle Robotics G.I.R.L.S.",
  "wins": 4,
  "loss": 4,
  "ties": 0,
  "elo": 1500,
  "totalEPA": 14.771370196832741,
  "autonEPA": 4.147808639130827,
  "endgameEPA": 1.3638245420235997,
  "unitlessEPA": 1409.1044728259162,
  "teleOpEPA": 10.623561557701915,
  "totalEPAOverTime": [
    23.282608695652176,
    23.18840579710145,
    22.36938664013646,
    18.65973749594938,
    24.618117903240712,
    17.054810529955326,
    14.771370196832741,
    14.771370196832741,
    14.771370196832741,
    14.771370196832741
  ],
  "teleOpEPAOverTime": [
    -1.7934782608695627,
    17.481884057971016,
    17.65400960871623,
    15.159699510861962,
    21.389032395303072,
    13.416771252072369,
    10.623561557701915,
    10.623561557701915,
    10.623561557701915,
    10.623561557701915
  ],
  "autonEPAOverTime": [
    7.309782608695652,
    5.7065217391304355,
    4.715377031420233,
    3.500037985087416,
    3.2290855079376413,
    3.6380392778829576,
    4.147808639130827,
    4.147808639130827,
    4.147808639130827,
    4.147808639130827
  ],
  "endGameEPAOverTime": [
    17.766304347826086,
    15.01086956521739,
    7.105421839429338,
    0.5118733384364187,
    2.7548402984617315,
    1.9875002755727487,
    1.3638245420235997,
    1.3638245420235997,
    1.3638245420235997,
    1.3638245420235997
  ],
  "unitlessEPAOverTime": [
    1500,
    1432.8975187291983,
    1430.2440527406077,
    1418.2254964589927,
    1437.5295134937346,
    1413.0258389391147,
    1405.6279274136145,
    1409.1044728259162,
    1409.1044728259162,
    1409.1044728259162
  ],
  "EPA Rank": 284,
  "Auto EPA Rank": 288,
  "TeleOp EPA Rank": 273,
  "Endgame EPA Rank": 371
}