{
  "teamNumber": 20881,
  "teamName": "LCMS Trojans",
  "wins": 6,
  "loss": 2,
  "ties": 0,
  "elo": 1500,
  "totalEPA": 60.114931840911694,
  "autonEPA": 18.34939759733021,
  "endgameEPA": 35.228271659101544,
  "unitlessEPA": 1553.4490120475575,
  "teleOpEPA": 41.765534243581484,
  "totalEPAOverTime": [
    23.282608695652176,
    30.208854365762118,
    43.06216702792611,
    47.60732607616133,
    54.4608786618281,
    56.69714674405379,
    60.114931840911694,
    60.114931840911694,
    60.114931840911694,
    60.114931840911694
  ],
  "teleOpEPAOverTime": [
    -1.7934782608695627,
    20.437592000984985,
    29.726118233135075,
    34.81227942613385,
    38.42532420739986,
    38.64707232179624,
    41.765534243581484,
    41.765534243581484,
    41.765534243581484,
    41.765534243581484
  ],
  "autonEPAOverTime": [
    7.309782608695652,
    9.771262364777131,
    13.336048794791031,
    12.795046650027482,
    16.035554454428237,
    18.050074422257552,
    18.34939759733021,
    18.34939759733021,
    18.34939759733021,
    18.34939759733021
  ],
  "endGameEPAOverTime": [
    17.766304347826086,
    16.328878311642868,
    19.342095001739544,
    28.43030495141529,
    32.81064552646626,
    35.374435810548434,
    35.228271659101544,
    35.228271659101544,
    35.228271659101544,
    35.228271659101544
  ],
  "unitlessEPAOverTime": [
    1500,
    1455.6424342091018,
    1497.2847177866408,
    1512.0101669347644,
    1534.2143712350323,
    1541.4594536572133,
    1552.5324260458335,
    1553.4490120475575,
    1553.4490120475575,
    1553.4490120475575
  ],
  "EPA Rank": 113,
  "Auto EPA Rank": 139,
  "TeleOp EPA Rank": 101,
  "Endgame EPA Rank": 69
}