{
  "teamNumber": 5292,
  "teamName": "Red Storm Robotics-White",
  "wins": 20,
  "loss": 10,
  "ties": 0,
  "elo": 1500,
  "totalEPA": 77.71306589511276,
  "autonEPA": 15.367335554537568,
  "endgameEPA": 37.152048810669825,
  "unitlessEPA": 1620.2472802449922,
  "teleOpEPA": 62.345730340575194,
  "totalEPAOverTime": [
    23.282608695652176,
    26.52956734236905,
    29.313351777335043,
    25.782100878451008,
    17.836339259231316,
    6.407693894412691,
    7.756327897303691,
    19.427296380493615,
    41.69633796714187,
    54.462080791131285,
    53.29563171798842,
    56.4870125071753,
    72.29561877622852,
    75.37369256304135,
    75.37369256304135,
    75.37369256304135,
    71.60123044214006,
    69.16170527176028,
    64.40551377366336,
    74.04623733457508,
    77.03731289909113,
    84.25133939515204,
    87.38967521902357,
    76.18662426776174,
    82.36466618312122,
    80.58448257198486,
    73.64632366855456,
    70.80605507658561,
    65.3333382325092,
    72.8642702891974,
    77.71306589511276,
    77.71306589511276,
    77.71306589511276,
    77.71306589511276,
    77.71306589511276,
    77.71306589511276
  ],
  "teleOpEPAOverTime": [
    -1.7934782608695627,
    16.821502864539994,
    14.98961108447123,
    9.514432823181139,
    0.7667996765812646,
    -5.282471926266166,
    -3.1921684830764603,
    3.052809820875993,
    17.295736144223735,
    31.86041998833423,
    36.525991611318815,
    43.05404331282648,
    60.55188801976048,
    63.20475346105223,
    63.20475346105223,
    63.20475346105223,
    57.18314551098888,
    49.694536893183376,
    33.74913974767456,
    38.28856410139983,
    46.72326889701836,
    51.290740702462145,
    52.52137341887817,
    45.0359487318502,
    51.365113070917296,
    52.57879963946714,
    52.96959438841006,
    56.495392779872496,
    52.04693419376316,
    57.51063232384445,
    62.345730340575194,
    62.345730340575194,
    62.345730340575194,
    62.345730340575194,
    62.345730340575194,
    62.345730340575194
  ],
  "autonEPAOverTime": [
    7.309782608695652,
    9.708064477829057,
    14.323740692863813,
    16.26766805526987,
    17.06953958265005,
    11.690165820678857,
    10.948496380380151,
    16.374486559617623,
    24.400601822918137,
    22.601660802797056,
    16.769640106669605,
    13.432969194348821,
    11.743730756468038,
    12.16893910198912,
    12.16893910198912,
    12.16893910198912,
    14.418084931151187,
    19.467168378576908,
    30.656374025988796,
    35.757673233175254,
    30.314044002072777,
    32.9605986926899,
    34.8683018001454,
    31.15067553591155,
    30.99955311220392,
    28.005682932517722,
    20.6767292801445,
    14.31066229671311,
    13.286404038746047,
    15.353637965352958,
    15.367335554537568,
    15.367335554537568,
    15.367335554537568,
    15.367335554537568,
    15.367335554537568,
    15.367335554537568
  ],
  "endGameEPAOverTime": [
    17.766304347826086,
    15.784308630178217,
    9.455710612071615,
    4.38778012854754,
    4.062579238087179,
    3.24543514413837,
    4.589655462729326,
    10.864728604170061,
    17.48518857914542,
    18.54893783457962,
    16.614474858563543,
    17.791750781318342,
    31.472094291001163,
    33.85037116905113,
    33.85037116905113,
    33.85037116905113,
    27.181893430874876,
    26.756127586116662,
    22.663565679640605,
    16.606715818630533,
    18.378066519998384,
    22.86928752824392,
    25.97352649535775,
    23.294432689750963,
    27.114336526925715,
    34.58757097352775,
    38.45943079370477,
    43.87105634645976,
    33.19330959805055,
    34.05741068110878,
    37.152048810669825,
    37.152048810669825,
    37.152048810669825,
    37.152048810669825,
    37.152048810669825,
    37.152048810669825
  ],
  "unitlessEPAOverTime": [
    1500,
    1494.9098094412998,
    1507.0608615733763,
    1491.6471631472962,
    1456.9643901381962,
    1407.0790384268228,
    1412.965744980098,
    1420.601925235299,
    1494.3500003435697,
    1536.626133195237,
    1532.7632200329708,
    1543.3320713786507,
    1595.6852127543543,
    1605.878826877145,
    1603.6047347372742,
    1603.6047347372742,
    1598.4170533442168,
    1590.1967074740055,
    1574.1700070267093,
    1606.6558706988817,
    1616.734748327528,
    1641.0434923546527,
    1651.6185855089827,
    1614.0801761922635,
    1633.6735724317932,
    1628.0277960919798,
    1606.0237212685702,
    1597.0159306592536,
    1579.659442778174,
    1603.5434723560284,
    1618.921220660875,
    1620.2472802449922,
    1620.2472802449922,
    1620.2472802449922,
    1620.2472802449922,
    1620.2472802449922
  ],
  "EPA Rank": 75,
  "Auto EPA Rank": 154,
  "TeleOp EPA Rank": 53,
  "Endgame EPA Rank": 57
}