{
  "teamNumber": 5385,
  "teamName": "Enigma Riddlers",
  "wins": 22,
  "loss": 6,
  "ties": 0,
  "elo": 1500,
  "totalEPA": 133.01717542763427,
  "autonEPA": 17.212649376393507,
  "endgameEPA": 75.0171932391102,
  "unitlessEPA": 1821.851975099648,
  "teleOpEPA": 115.80452605124077,
  "totalEPAOverTime": [
    23.282608695652176,
    23.521739130434785,
    31.538715267423445,
    53.00964319566223,
    72.70838405028071,
    85.50690068213325,
    93.65828836741497,
    93.65828836741497,
    93.65828836741497,
    93.65828836741497,
    105.65761119357727,
    129.22940282522268,
    129.2214129092529,
    154.66771500757665,
    167.35245746391607,
    172.40034418791836,
    172.40034418791836,
    172.40034418791836,
    172.40034418791836,
    172.40034418791836,
    172.40034418791836,
    159.81631096727796,
    141.24756680164666,
    153.0061159995315,
    152.6993076192933,
    153.13835953704998,
    137.47836541982647,
    133.01717542763427,
    133.01717542763427,
    133.01717542763427,
    133.01717542763427,
    133.01717542763427
  ],
  "teleOpEPAOverTime": [
    -1.7934782608695627,
    15.981884057971016,
    24.269603100446425,
    39.863444149237,
    58.53130887812851,
    69.88242172202887,
    74.79534573707645,
    74.79534573707645,
    74.79534573707645,
    74.79534573707645,
    82.2649761349418,
    96.48612459501871,
    98.09484748608179,
    125.79910087211707,
    132.11168237671518,
    135.7787646103408,
    135.7787646103408,
    135.7787646103408,
    135.7787646103408,
    135.7787646103408,
    135.7787646103408,
    123.46540602881409,
    105.35861263743595,
    113.42279411501349,
    108.8930526398723,
    115.00808821552037,
    115.9950739618217,
    115.80452605124077,
    115.80452605124077,
    115.80452605124077,
    115.80452605124077,
    115.80452605124077
  ],
  "autonEPAOverTime": [
    7.309782608695652,
    7.5398550724637685,
    7.2691121669770205,
    13.146199046425231,
    14.177075172152204,
    15.624478960104389,
    18.862942630338516,
    18.862942630338516,
    18.862942630338516,
    18.862942630338516,
    23.39263505863547,
    32.74327823020397,
    31.126565423171122,
    28.868614135459573,
    35.24077508720089,
    36.62157957757757,
    36.62157957757757,
    36.62157957757757,
    36.62157957757757,
    36.62157957757757,
    36.62157957757757,
    36.35090493846387,
    35.88895416421071,
    39.58332188451801,
    43.80625497942101,
    38.130271321529605,
    21.48329145800478,
    17.212649376393507,
    17.212649376393507,
    17.212649376393507,
    17.212649376393507,
    17.212649376393507
  ],
  "endGameEPAOverTime": [
    17.766304347826086,
    15.51086956521739,
    15.569788208319252,
    24.111289959007273,
    32.452774037754274,
    41.44875888316851,
    44.890304740820326,
    44.890304740820326,
    44.890304740820326,
    44.890304740820326,
    47.31453684123559,
    55.35800387597192,
    60.313854825272664,
    72.29408627622024,
    73.92595884616073,
    75.66677709939897,
    75.66677709939897,
    75.66677709939897,
    75.66677709939897,
    75.66677709939897,
    75.66677709939897,
    67.72123025122391,
    58.79142268234124,
    70.77495818167172,
    67.3732870701948,
    73.6577828892837,
    75.46566264996699,
    75.0171932391102,
    75.0171932391102,
    75.0171932391102,
    75.0171932391102,
    75.0171932391102
  ],
  "unitlessEPAOverTime": [
    1500,
    1497.9936463000522,
    1575.1187536159443,
    1781.6738926535927,
    1971.180194835386,
    2094.3047934183405,
    2172.722969955029,
    2042.0035039201393,
    2042.0035039201393,
    2042.0035039201393,
    1785.8834169125157,
    1882.3493161864221,
    1882.3166180173057,
    1986.4538195278956,
    2038.365235818625,
    2059.023357181363,
    2020.5540088877833,
    2020.5540088877833,
    2020.5540088877833,
    2020.5540088877833,
    2020.5540088877833,
    1915.0372126924374,
    1850.296799971356,
    1891.293289625255,
    1890.2235941743547,
    1891.7543601813613,
    1837.1553806641978,
    1821.6013249485584,
    1821.851975099648,
    1821.851975099648,
    1821.851975099648,
    1821.851975099648
  ],
  "EPA Rank": 5,
  "Auto EPA Rank": 146,
  "TeleOp EPA Rank": 1,
  "Endgame EPA Rank": 1
}