{
  "teamNumber": 5641,
  "teamName": "Red Devil Robotics ",
  "wins": 1,
  "loss": 4,
  "ties": 0,
  "elo": 1500,
  "totalEPA": -2.6589665406951193,
  "autonEPA": 0.6968523794869639,
  "endgameEPA": -0.47703813556845365,
  "unitlessEPA": 1311.11474123052,
  "teleOpEPA": -3.355818920182083,
  "totalEPAOverTime": [
    23.282608695652176,
    16.855072463768117,
    -9.084661821691945,
    -22.137094809608556,
    -23.75365636501675,
    -6.500185308849149,
    -2.6589665406951193
  ],
  "teleOpEPAOverTime": [
    -1.7934782608695627,
    11.148550724637682,
    -10.285491272547354,
    -22.301533163623972,
    -24.625437657572043,
    -6.770137050422242,
    -3.355818920182083
  ],
  "autonEPAOverTime": [
    7.309782608695652,
    5.7065217391304355,
    1.2008294508554083,
    0.16443835401541518,
    0.8717812925552934,
    0.2699517415730929,
    0.6968523794869639
  ],
  "endGameEPAOverTime": [
    17.766304347826086,
    12.344202898550725,
    -0.14917547144828847,
    -1.9343335041346146,
    -0.5939454424269988,
    -0.1323044183344092,
    -0.47703813556845365
  ],
  "unitlessEPAOverTime": [
    1500,
    1438.1616222485961,
    1269.2800116987964,
    1184.30165839977,
    1173.7769739128034,
    1286.1063427287822,
    1311.11474123052
  ],
  "EPA Rank": 345,
  "Auto EPA Rank": 339,
  "TeleOp EPA Rank": 334,
  "Endgame EPA Rank": 378
}