{
  "teamNumber": 7031,
  "teamName": "Battle Blazers",
  "wins": 13,
  "loss": 9,
  "ties": 0,
  "elo": 1441.0411198976253,
  "totalEPA": 93.70387925325943,
  "autonEPA": 31.06705737762163,
  "endgameEPA": 21.047605576604802,
  "unitlessEPA": 1672.7498858778192,
  "teleOpEPA": 62.6368218756378,
  "totalEPAOverTime": [
    12.289771856663613,
    20.685751758638766,
    37.1276103226709,
    40.63318633741252,
    45.11854220335393,
    41.61046826439442,
    42.17540854169494,
    42.17540854169494,
    42.17540854169494,
    42.17540854169494,
    65.67735028039692,
    119.39877670260127,
    149.59038937062004,
    119.58418523689981,
    104.6361242989257,
    105.48955947342355,
    105.48955947342355,
    105.48955947342355,
    105.48955947342355,
    102.39981525339655,
    96.22422590139553,
    116.07241875131487,
    121.2521960645631,
    94.65107095711188,
    92.10951701602204,
    93.70387925325943
  ],
  "teleOpEPAOverTime": [
    -3.226055428596915,
    15.27983533606502,
    23.071986334993973,
    12.294840551076646,
    12.481483021687104,
    11.956085389602507,
    14.663511050715105,
    14.663511050715105,
    14.663511050715105,
    14.663511050715105,
    32.351771805303486,
    76.85953500954933,
    111.25622263673355,
    89.95620589601148,
    79.65206604247935,
    81.66657571175017,
    81.66657571175017,
    81.66657571175017,
    81.66657571175017,
    76.66406200099075,
    66.83613727489372,
    82.65863979929011,
    91.32175659870403,
    69.92685120978292,
    62.346600400020655,
    62.6368218756378
  ],
  "autonEPAOverTime": [
    3.668593512641142,
    5.405916422573746,
    14.055623987676922,
    28.33834578633587,
    32.63705918166683,
    29.654382874791914,
    27.511897490979837,
    27.511897490979837,
    27.511897490979837,
    27.511897490979837,
    33.32557847509344,
    42.539241693051935,
    38.33416673388649,
    29.627979340888334,
    24.984058256446346,
    23.822983761673385,
    23.822983761673385,
    23.822983761673385,
    23.822983761673385,
    25.735753252405793,
    29.388088626501812,
    33.41377895202476,
    29.93043946585907,
    24.72421974732896,
    29.762916616001384,
    31.06705737762163
  ],
  "endGameEPAOverTime": [
    11.847233772619386,
    8.560939803532785,
    3.8160376542645817,
    -3.0617367915459597,
    -7.6296536689379195,
    -4.517233280927202,
    -1.5277138255607534,
    -1.5277138255607534,
    -1.5277138255607534,
    -1.5277138255607534,
    9.584995869020297,
    35.09745539112197,
    43.609773023358024,
    36.36200379656088,
    32.536163350490106,
    36.41830076727609,
    36.41830076727609,
    36.41830076727609,
    36.41830076727609,
    36.696543529461664,
    37.2760059195181,
    39.348915371530985,
    37.288805799329275,
    25.98806279070277,
    20.632708734237553,
    21.047605576604802
  ],
  "unitlessEPAOverTime": [
    1441.0411198976253,
    1443.1597468965188,
    1502.426058515802,
    1515.062255311051,
    1531.2301658571125,
    1518.5849650460143,
    1520.621348365478,
    1520.528275565634,
    1520.528275565634,
    1520.528275565634,
    1584.1066106877315,
    1771.4949042580847,
    1876.807721783323,
    1772.141636691854,
    1720.0005857573824,
    1722.9774940726086,
    1713.2302053463352,
    1713.2302053463352,
    1713.2302053463352,
    1702.125726009137,
    1681.2638975046275,
    1748.313303117272,
    1765.811167667725,
    1675.9496049265383,
    1667.3639527026262,
    1672.7498858778192
  ],
  "EPA Rank": 45,
  "Auto EPA Rank": 50,
  "TeleOp EPA Rank": 52,
  "Endgame EPA Rank": 197
}