{
  "teamNumber": 7045,
  "teamName": "BLOWNFUSES",
  "wins": 4,
  "loss": 6,
  "ties": 0,
  "elo": 1499.7222405711163,
  "totalEPA": 10.737976792609953,
  "autonEPA": 3.538100045919526,
  "endgameEPA": 4.649893912542089,
  "unitlessEPA": 1392.4699373278158,
  "teleOpEPA": 7.1998767466904265,
  "totalEPAOverTime": [
    23.23082066852366,
    31.111130490493352,
    48.4790743457753,
    51.96558085518544,
    45.60604240287438,
    34.665894140692345,
    22.793188409815183,
    12.632556238200458,
    -9.612919749828173,
    5.886546575164516,
    7.415544547564691,
    8.807986504141205,
    10.737976792609953
  ],
  "teleOpEPAOverTime": [
    -1.8002272326147661,
    22.212293392403193,
    37.53359298735542,
    41.27229992670698,
    34.67895221162851,
    28.418896563958565,
    17.66838644820543,
    6.72040919266535,
    -14.896199827156302,
    0.547680165192606,
    2.3933059466207967,
    4.8890853112285475,
    7.1998767466904265
  ],
  "autonEPAOverTime": [
    7.2926287108939745,
    8.898837098090159,
    10.945481358419887,
    10.693280928478462,
    10.927090191245867,
    6.246997576733778,
    5.124801961609756,
    5.912147045535107,
    5.283280077328128,
    5.33886640997191,
    5.022238600943894,
    3.9189011929126574,
    3.538100045919526
  ],
  "endGameEPAOverTime": [
    17.73841919024445,
    16.287637219771312,
    15.681632036703022,
    21.670450889674193,
    19.382171613905108,
    11.783897506545504,
    9.97773393308582,
    10.045016452029989,
    9.139023261408276,
    7.358148019941711,
    0.6045900996731195,
    4.554703724026559,
    4.649893912542089
  ],
  "unitlessEPAOverTime": [
    1499.7222405711163,
    1460.5551972546182,
    1518.8846494099125,
    1530.593923479676,
    1509.235701863188,
    1472.4937098376492,
    1432.619765825994,
    1399.0785110941283,
    1321.4829954371949,
    1375.5474300459355,
    1380.8808014770816,
    1385.737845295836,
    1392.4699373278158
  ],
  "EPA Rank": 296,
  "Auto EPA Rank": 298,
  "TeleOp EPA Rank": 293,
  "Endgame EPA Rank": 352
}