{
  "teamNumber": 7065,
  "teamName": "JunkYard Bots",
  "wins": 18,
  "loss": 15,
  "ties": 0,
  "elo": 1500,
  "totalEPA": 55.94648800237761,
  "autonEPA": 26.04280105193857,
  "endgameEPA": 20.007700293182985,
  "unitlessEPA": 1550.9124605913414,
  "teleOpEPA": 29.90368695043904,
  "totalEPAOverTime": [
    23.282608695652176,
    30.636349543576575,
    42.06288875219115,
    49.97216122053099,
    73.2091027083324,
    92.15686434742942,
    96.44127752540155,
    96.44127752540155,
    96.44127752540155,
    96.44127752540155,
    96.44127752540155,
    95.5614593969915,
    71.29609672185188,
    61.38223934188389,
    76.05660910640087,
    67.88583141386393,
    70.43240667528524,
    69.80980164144185,
    60.794399918592845,
    61.97804211986565,
    72.32425393985437,
    72.76524039143374,
    62.88188695560127,
    58.112844837874945,
    58.112844837874945,
    58.112844837874945,
    58.112844837874945,
    56.97079139006035,
    60.15603160544179,
    59.88174684065478,
    60.86788779622671,
    63.50754017986794,
    62.80774711437355,
    58.76521817042812,
    55.94648800237761,
    55.94648800237761,
    55.94648800237761,
    55.94648800237761
  ],
  "teleOpEPAOverTime": [
    -1.7934782608695627,
    22.854999782362363,
    35.80721812310046,
    46.387314092987346,
    67.08115037144478,
    76.37883160421221,
    78.3464249769971,
    78.3464249769971,
    78.3464249769971,
    78.3464249769971,
    78.3464249769971,
    80.28167016155321,
    62.36105423007749,
    51.04145495203636,
    57.493068319135205,
    45.62149118650798,
    50.84594262744225,
    51.74530736183255,
    44.29228512036771,
    44.12695304216675,
    52.221679864763416,
    54.66501558714826,
    47.36233321412144,
    44.17046723758965,
    44.17046723758965,
    44.17046723758965,
    44.17046723758965,
    41.6825356979361,
    37.7450007777587,
    34.56308181797072,
    39.391806758998634,
    45.84203613599979,
    40.169436633913264,
    32.72008013207326,
    29.90368695043904,
    29.90368695043904,
    29.90368695043904,
    29.90368695043904
  ],
  "autonEPAOverTime": [
    7.309782608695652,
    7.781349761214212,
    6.2556706290906865,
    3.5848471275436444,
    6.127952336887616,
    15.778032743217215,
    18.09485254840445,
    18.09485254840445,
    18.09485254840445,
    18.09485254840445,
    18.09485254840445,
    15.279789235438283,
    8.935042491774388,
    10.340784389847524,
    18.563540787265666,
    22.264340227355945,
    19.586464047842988,
    18.0644942796093,
    16.50211479822514,
    17.851089077698898,
    20.102574075090953,
    18.100224804285475,
    15.519553741479825,
    13.942377600285294,
    13.942377600285294,
    13.942377600285294,
    13.942377600285294,
    15.288255692124245,
    22.411030827683092,
    25.31866502268406,
    21.476081037228077,
    17.665504043868143,
    22.638310480460284,
    26.045138038354864,
    26.04280105193857,
    26.04280105193857,
    26.04280105193857,
    26.04280105193857
  ],
  "endGameEPAOverTime": [
    17.766304347826086,
    23.31322564889873,
    34.21989161482877,
    36.69264367575358,
    48.847685683581396,
    49.63559749615871,
    48.016968724939886,
    48.016968724939886,
    48.016968724939886,
    48.016968724939886,
    48.016968724939886,
    48.96886853809197,
    45.13449437866503,
    46.50711064570519,
    49.878431413342184,
    46.411536474851566,
    34.99425129598096,
    32.25109300125798,
    26.41486010974397,
    23.390454425404993,
    27.27883457211314,
    34.419654324418445,
    37.906836094283356,
    40.21255192989899,
    40.21255192989899,
    40.21255192989899,
    40.21255192989899,
    37.06107690406825,
    29.984925045730222,
    23.05696535478355,
    24.5305759975456,
    27.657118435403383,
    27.453738548877265,
    22.481825651077653,
    20.007700293182985,
    20.007700293182985,
    20.007700293182985,
    20.007700293182985
  ],
  "unitlessEPAOverTime": [
    1500,
    1467.5710333450183,
    1509.2927712666922,
    1538.1719084271724,
    1623.0169840144,
    1692.2009714734163,
    1707.844655050396,
    1694.6534412957099,
    1694.6534412957099,
    1694.6534412957099,
    1694.6534412957099,
    1691.010990300313,
    1606.4091679906,
    1571.8442446596503,
    1623.0068190643844,
    1594.5191887029232,
    1603.3978900291474,
    1601.2271612769118,
    1555.0830014377407,
    1558.816943114696,
    1591.4553126082137,
    1592.8464574058173,
    1561.6682303516877,
    1546.623713433159,
    1549.6401755388622,
    1549.6401755388622,
    1549.6401755388622,
    1553.143117385625,
    1563.244964119354,
    1562.3750822680904,
    1565.5025841572526,
    1573.8741235096381,
    1571.654761133509,
    1558.8340615796105,
    1549.894585051629,
    1550.9124605913414,
    1550.9124605913414,
    1550.9124605913414
  ],
  "EPA Rank": 128,
  "Auto EPA Rank": 85,
  "TeleOp EPA Rank": 165,
  "Endgame EPA Rank": 209
}