{
  "teamNumber": 7253,
  "teamName": "Raging Robots",
  "wins": 11,
  "loss": 14,
  "ties": 1,
  "elo": 1500,
  "totalEPA": 130.02900993223534,
  "autonEPA": 51.932816931906785,
  "endgameEPA": 24.744160112749586,
  "unitlessEPA": 1789.3075205781438,
  "teleOpEPA": 78.09619300032855,
  "totalEPAOverTime": [
    23.282608695652176,
    6.060675514606263,
    -29.852035692049405,
    -22.192227461116637,
    -25.46858241237563,
    -33.269993698818844,
    -34.13874182785301,
    -34.13874182785301,
    -34.13874182785301,
    -3.82938630581954,
    65.19922475544169,
    84.56153018555305,
    88.84192189866157,
    62.6485158853637,
    46.831439613072334,
    46.831439613072334,
    46.831439613072334,
    67.4322740252455,
    100.10349874713637,
    125.8423826068172,
    116.36795778667268,
    129.62954853700887,
    134.98064815272693,
    130.02900993223534,
    130.02900993223534,
    130.02900993223534,
    130.02900993223534,
    130.02900993223534,
    130.02900993223534,
    130.02900993223534
  ],
  "teleOpEPAOverTime": [
    -1.7934782608695627,
    -1.8545847416942776,
    -35.61294928876636,
    -23.85298467977288,
    -23.56028854941684,
    -32.88832441798854,
    -35.875276272379395,
    -35.875276272379395,
    -35.875276272379395,
    -13.724867908142247,
    38.47275925546641,
    56.2605444391433,
    60.493495416598186,
    35.09738725027805,
    20.818111899014845,
    20.818111899014845,
    20.818111899014845,
    37.78104906597045,
    67.58198645526318,
    87.66477752631607,
    71.57993599310777,
    79.92891138005534,
    81.7071866945023,
    78.09619300032855,
    78.09619300032855,
    78.09619300032855,
    78.09619300032855,
    78.09619300032855,
    78.09619300032855,
    78.09619300032855
  ],
  "autonEPAOverTime": [
    7.309782608695652,
    7.915260256300541,
    5.760913596716954,
    1.6607572186562432,
    -1.9082938629587876,
    -0.3816692808303008,
    1.7365344445263808,
    1.7365344445263808,
    1.7365344445263808,
    9.895481602322707,
    26.726465499975284,
    28.300985746409747,
    28.34842648206338,
    27.551128635085654,
    26.01332771405749,
    26.01332771405749,
    26.01332771405749,
    29.651224959275055,
    32.52151229187319,
    38.177605080501124,
    44.78802179356491,
    49.70063715695353,
    53.273461458224624,
    51.932816931906785,
    51.932816931906785,
    51.932816931906785,
    51.932816931906785,
    51.932816931906785,
    51.932816931906785,
    51.932816931906785
  ],
  "endGameEPAOverTime": [
    17.766304347826086,
    14.785108153172969,
    5.237008063116163,
    7.880218163500684,
    10.689476181796188,
    10.597266752732244,
    9.221203524032209,
    9.221203524032209,
    9.221203524032209,
    14.22328554538916,
    26.3608187404575,
    29.7162990949325,
    28.702617375309018,
    28.126696882355198,
    24.95613598384904,
    24.95613598384904,
    24.95613598384904,
    29.86465226798695,
    33.75407822056782,
    32.24499361273591,
    23.808941143178732,
    22.76170355233856,
    24.975263374202395,
    24.744160112749586,
    24.744160112749586,
    24.744160112749586,
    24.744160112749586,
    24.744160112749586,
    24.744160112749586,
    24.744160112749586
  ],
  "unitlessEPAOverTime": [
    1500,
    1381.9318955040899,
    1192.2526960174105,
    1232.70929883707,
    1215.4046631382246,
    1174.2001592742931,
    1169.6117156805326,
    1186.9819472398772,
    1186.9819472398772,
    1334.6754817503563,
    1659.486603216668,
    1750.5950877166142,
    1770.7362844070126,
    1647.4843537742038,
    1573.0577905950363,
    1558.7113029416926,
    1558.7113029416926,
    1590.2322913862586,
    1704.7056272790687,
    1794.8894487505995,
    1761.6929884385108,
    1808.1589089957847,
    1826.9080752397897,
    1809.5585405939637,
    1789.3075205781438,
    1789.3075205781438,
    1789.3075205781438,
    1789.3075205781438,
    1789.3075205781438,
    1789.3075205781438
  ],
  "EPA Rank": 8,
  "Auto EPA Rank": 2,
  "TeleOp EPA Rank": 21,
  "Endgame EPA Rank": 151
}