{
  "teamNumber": 7792,
  "teamName": "Q^2",
  "wins": 4,
  "loss": 6,
  "ties": 0,
  "elo": 1543.2669403238915,
  "totalEPA": 14.483154307794624,
  "autonEPA": -1.3468992507070372,
  "endgameEPA": 22.29054263394649,
  "unitlessEPA": 1401.0640011171595,
  "teleOpEPA": 15.830053558501662,
  "totalEPAOverTime": [
    31.349695700644958,
    28.419305631579075,
    20.85602267101509,
    37.85410659905817,
    51.72156453292658,
    36.674661898776776,
    36.77416810570141,
    46.34228431733031,
    55.424453514757445,
    34.14969137216827,
    12.909217239457405,
    9.583972980915437,
    14.483154307794624
  ],
  "teleOpEPAOverTime": [
    -0.7421823285553337,
    20.703060202804977,
    20.82954310720919,
    36.1959404737733,
    40.56011763418996,
    26.59942437247242,
    26.798496097924136,
    36.76016290182034,
    45.085884212714205,
    21.8403337802918,
    6.028169932469697,
    8.62762242942173,
    15.830053558501662
  ],
  "autonEPAOverTime": [
    9.981867136987933,
    7.716245428774098,
    0.02647956380590033,
    1.6581661252848692,
    11.161446898736623,
    10.075237526304354,
    9.975672007777275,
    9.582121415509974,
    10.338569302043236,
    12.309357591876472,
    6.881047306987708,
    0.9563505514937058,
    -1.3468992507070372
  ],
  "endGameEPAOverTime": [
    22.110010892212358,
    17.506919565738396,
    8.33823581094267,
    14.674630940281801,
    13.323960292098215,
    9.819201603191788,
    9.615818876355842,
    16.864209937070207,
    27.54217877509604,
    22.976637562206434,
    22.55259116247514,
    22.209229667858672,
    22.29054263394649
  ],
  "unitlessEPAOverTime": [
    1543.2669403238915,
    1503.1584037576383,
    1470.1451271586616,
    1544.3407442332955,
    1604.8713665678772,
    1539.1925388406623,
    1539.626877467109,
    1509.14933066742,
    1539.9615107376642,
    1467.7847225894348,
    1395.7242599920353,
    1384.4430316153644,
    1401.0640011171595
  ],
  "EPA Rank": 286,
  "Auto EPA Rank": 356,
  "TeleOp EPA Rank": 243,
  "Endgame EPA Rank": 179
}