{
  "teamNumber": 8133,
  "teamName": "Laker Robotics, Bionic Sailors Team 8133",
  "wins": 3,
  "loss": 7,
  "ties": 0,
  "elo": 1500,
  "totalEPA": 16.245474282735284,
  "autonEPA": 5.280056190353276,
  "endgameEPA": 5.305336846612164,
  "unitlessEPA": 1423.5123563078696,
  "teleOpEPA": 10.965418092382007,
  "totalEPAOverTime": [
    23.282608695652176,
    21.440763481821246,
    29.488929335812294,
    44.72993419488713,
    27.710440266394272,
    13.545183843662667,
    15.5889582149657,
    20.277030396529387,
    20.857898123354392,
    20.01884850702952,
    13.738260837462867,
    12.837917233156134,
    16.245474282735284
  ],
  "teleOpEPAOverTime": [
    -1.7934782608695627,
    14.233701696192256,
    22.559947491248312,
    40.66229524526078,
    25.918864383784026,
    11.48140418187352,
    13.774773471693532,
    12.983506878585189,
    9.924797131450141,
    9.819506895837968,
    2.9596465674235723,
    5.236542484157081,
    10.965418092382007
  ],
  "autonEPAOverTime": [
    7.309782608695652,
    7.20706178562899,
    6.928981844563983,
    4.067638949626346,
    1.7915758826102461,
    2.0637796617891464,
    1.8141847432721674,
    7.293523517944197,
    10.93310099190425,
    10.199341611191553,
    10.778614270039295,
    7.601374748999053,
    5.280056190353276
  ],
  "endGameEPAOverTime": [
    17.766304347826086,
    12.565455535127084,
    2.7445172823571746,
    4.377839966538558,
    3.3867724002811643,
    3.7083964591087466,
    6.470067930429397,
    6.93067255072015,
    4.740995493824252,
    2.0173676668974903,
    0.2276323997622366,
    2.745685186036215,
    5.305336846612164
  ],
  "unitlessEPAOverTime": [
    1500,
    1465.2278556952404,
    1511.281683977705,
    1598.494924033384,
    1501.1046782237045,
    1420.047167890955,
    1431.7422094260914,
    1440.3731079067798,
    1442.802409689362,
    1439.2933410417472,
    1413.0267021552345,
    1409.2612901313405,
    1423.5123563078696
  ],
  "EPA Rank": 279,
  "Auto EPA Rank": 277,
  "TeleOp EPA Rank": 269,
  "Endgame EPA Rank": 348
}