{
  "teamNumber": 8487,
  "teamName": "Robo Toasters",
  "wins": 11,
  "loss": 13,
  "ties": 0,
  "elo": 1497.95261878188,
  "totalEPA": 37.12074117983845,
  "autonEPA": 22.871920063255136,
  "endgameEPA": 42.09067937649823,
  "unitlessEPA": 1480.6659072652603,
  "teleOpEPA": 14.248821116583311,
  "totalEPAOverTime": [
    22.900876077276042,
    31.00307493151895,
    43.68766832623474,
    41.33213452501191,
    43.12477833308118,
    35.82054830430868,
    34.27216887089621,
    39.52167780744821,
    52.3130115564704,
    76.17514007195408,
    99.30376346943852,
    98.02749937078418,
    91.3519880335618,
    79.4706532831305,
    58.099655649769446,
    46.706876623909274,
    54.80097924345387,
    59.3220909233568,
    73.19466251703643,
    75.35245972439886,
    33.91328165439035,
    -8.6004694863432,
    -16.768207700331708,
    -2.058800879003364,
    28.102395079054652,
    37.12074117983845,
    37.12074117983845,
    37.12074117983845,
    37.12074117983845
  ],
  "teleOpEPAOverTime": [
    -1.8432253317369192,
    22.299584721251765,
    34.38694161344361,
    40.850379834878076,
    51.43957290533995,
    40.345800842983415,
    37.8527615416998,
    38.423587819855726,
    46.48669604528713,
    59.10957095634616,
    67.95491915373816,
    61.251243865602476,
    54.76965212136296,
    42.848349718658895,
    25.06724240578727,
    22.856634852275032,
    30.840343740692642,
    35.72293179239428,
    46.67071545954327,
    46.29456970669993,
    8.083337074423856,
    -28.561659355784865,
    -34.711453142691596,
    -20.339741387453987,
    6.2987157064804045,
    14.248821116583311,
    14.248821116583311,
    14.248821116583311,
    14.248821116583311
  ],
  "autonEPAOverTime": [
    7.183340210978104,
    8.703490210267184,
    9.300726712791135,
    0.4817546901338341,
    -8.31479457225877,
    -4.525252538674738,
    -3.58059267080359,
    1.098089987592484,
    5.826315511183266,
    17.065569115607918,
    31.348844315700354,
    36.77625550518171,
    36.582335912198836,
    36.62230356447161,
    33.03241324398218,
    23.85024177163424,
    23.960635502761225,
    23.599159130962523,
    26.523947057493167,
    29.057890017698927,
    25.829944579966497,
    19.961189869441665,
    17.943245442359885,
    18.280940508450623,
    21.803679372574248,
    22.871920063255136,
    22.871920063255136,
    22.871920063255136,
    22.871920063255136
  ],
  "endGameEPAOverTime": [
    17.560761198034857,
    21.693147924745045,
    27.922118194786158,
    22.057902920171625,
    20.04631933902052,
    14.12774668825475,
    12.700610437876623,
    15.856492582691281,
    23.291969013233192,
    37.52534150085332,
    52.75744825938723,
    48.28391806419292,
    42.54723722097079,
    41.81795242332542,
    37.24054389957614,
    25.611808506924405,
    29.532966510198445,
    34.60417429076796,
    42.51244920765346,
    44.518669438993975,
    41.63784047452396,
    37.653996590481775,
    38.14199223516508,
    38.71538414553605,
    40.69514585155294,
    42.09067937649823,
    42.09067937649823,
    42.09067937649823,
    42.09067937649823
  ],
  "unitlessEPAOverTime": [
    1497.95261878188,
    1481.9873858736194,
    1528.7199807198804,
    1520.0417201439382,
    1526.6461807032383,
    1499.7359272976605,
    1494.0313858529114,
    1491.7819899933027,
    1534.5787997812192,
    1614.4158984958112,
    1691.7988607122545,
    1687.5287796604307,
    1665.1940806726861,
    1610.0438348677985,
    1540.803924170701,
    1503.8924511606194,
    1530.1165400948462,
    1544.764493098192,
    1589.710247843213,
    1596.7012965768008,
    1467.683628717464,
    1334.6763663797517,
    1309.1230225748845,
    1355.1424369860024,
    1449.5038611269292,
    1477.7183915669393,
    1480.6659072652603,
    1480.6659072652603,
    1480.6659072652603
  ],
  "EPA Rank": 193,
  "Auto EPA Rank": 102,
  "TeleOp EPA Rank": 249,
  "Endgame EPA Rank": 29
}