{
  "teamNumber": 8646,
  "teamName": "Team KAOS",
  "wins": 17,
  "loss": 10,
  "ties": 0,
  "elo": 1596.5211122916894,
  "totalEPA": 121.43676537744645,
  "autonEPA": 26.078899727403993,
  "endgameEPA": 51.01211702426415,
  "unitlessEPA": 1764.4937730395636,
  "teleOpEPA": 95.35786565004246,
  "totalEPAOverTime": [
    41.27889419323746,
    43.18531037842252,
    51.47766124028026,
    74.24318669341429,
    81.95404231346208,
    72.26563238317068,
    68.16371035236082,
    68.16371035236082,
    68.16371035236082,
    68.16371035236082,
    68.16371035236082,
    82.02968581079634,
    94.7285283186921,
    80.72884682397456,
    95.46788155473267,
    104.88563996769844,
    100.90047019745612,
    100.90047019745612,
    100.90047019745612,
    100.90047019745612,
    113.64965075735621,
    128.8374608878385,
    111.16151124342761,
    130.77073095256503,
    131.07165743382387,
    125.78691121109044,
    121.43676537744645,
    121.43676537744645,
    121.43676537744645,
    121.43676537744645,
    121.43676537744645
  ],
  "teleOpEPAOverTime": [
    0.5517823925320435,
    31.677987286930055,
    43.91709128648861,
    63.656282357277206,
    70.03571376338489,
    60.09105368084151,
    56.20037756622062,
    56.20037756622062,
    56.20037756622062,
    56.20037756622062,
    56.20037756622062,
    64.33903726622047,
    71.65528145000305,
    68.81203869212602,
    81.34601385998249,
    85.70167989040982,
    80.5343391852868,
    80.5343391852868,
    80.5343391852868,
    80.5343391852868,
    89.81031239434756,
    101.65858783668092,
    94.94686821547674,
    107.14634682666615,
    107.34392803625683,
    100.02010092406857,
    95.35786565004246,
    95.35786565004246,
    95.35786565004246,
    95.35786565004246,
    95.35786565004246
  ],
  "autonEPAOverTime": [
    13.270744231530092,
    11.507323091492468,
    7.560569953791653,
    10.586904336137081,
    11.918328550077192,
    12.174578702329168,
    11.963332786140205,
    11.963332786140205,
    11.963332786140205,
    11.963332786140205,
    11.963332786140205,
    17.690648544575865,
    23.073246868689058,
    11.916808131848544,
    14.121867694750186,
    19.183960077288617,
    20.366131012169316,
    20.366131012169316,
    20.366131012169316,
    20.366131012169316,
    23.839338363008643,
    27.17887305115757,
    16.214643027950878,
    23.62438412589888,
    23.72772939756705,
    25.766810287021872,
    26.078899727403993,
    26.078899727403993,
    26.078899727403993,
    26.078899727403993,
    26.078899727403993
  ],
  "endGameEPAOverTime": [
    27.456367569175328,
    28.919255583008425,
    34.254763251802935,
    41.87696776549254,
    43.782586272171045,
    40.26563839035506,
    39.5008969437045,
    39.5008969437045,
    39.5008969437045,
    39.5008969437045,
    39.5008969437045,
    40.72309630831485,
    35.11304110016021,
    34.94028506925925,
    42.77005832386552,
    47.59447444352107,
    46.951284728241866,
    46.951284728241866,
    46.951284728241866,
    46.951284728241866,
    50.829732678325385,
    54.12865850724317,
    52.846707963823675,
    59.176216528956886,
    56.55553755871075,
    51.00782035297061,
    51.01211702426415,
    51.01211702426415,
    51.01211702426415,
    51.01211702426415,
    51.01211702426415
  ],
  "unitlessEPAOverTime": [
    1596.5211122916894,
    1530.0931322987676,
    1561.603658649487,
    1648.1115382157705,
    1677.4124111828937,
    1640.5969288798901,
    1625.0098264533685,
    1614.2987624831424,
    1614.2987624831424,
    1614.2987624831424,
    1614.2987624831424,
    1669.9796894812757,
    1716.7647809281323,
    1665.187136859393,
    1719.4887070448772,
    1754.1856243663613,
    1739.5034569155791,
    1722.446209138103,
    1722.446209138103,
    1722.446209138103,
    1740.1289230499992,
    1791.4350368864875,
    1731.7237107089209,
    1797.9658384415097,
    1798.9824016044172,
    1781.1299403890685,
    1766.4346633590826,
    1764.4937730395636,
    1764.4937730395636,
    1764.4937730395636,
    1764.4937730395636
  ],
  "EPA Rank": 12,
  "Auto EPA Rank": 84,
  "TeleOp EPA Rank": 8,
  "Endgame EPA Rank": 13
}