{
  "teamNumber": 8688,
  "teamName": "Marysville Jr Vi-Bots",
  "wins": 7,
  "loss": 5,
  "ties": 0,
  "elo": 1446.0281319296325,
  "totalEPA": 68.83331179747125,
  "autonEPA": 4.835945719756921,
  "endgameEPA": 34.3750155926887,
  "unitlessEPA": 1590.9786799589724,
  "teleOpEPA": 63.99736607771433,
  "totalEPAOverTime": [
    13.219596329020238,
    8.765254421185142,
    -0.9592502953463653,
    -11.001814683465815,
    -9.892946965903452,
    12.538360764647809,
    22.356369660811172,
    35.261344533520564,
    61.13923821587334,
    76.47837179831899,
    71.1399740454131,
    67.53520372071227,
    68.83331179747125,
    68.83331179747125,
    68.83331179747125
  ],
  "teleOpEPAOverTime": [
    -3.1048814924598993,
    7.562227807963261,
    1.7577863907300648,
    -13.207074670563138,
    -22.21844179922052,
    -7.820630746375674,
    -0.7989641493263555,
    13.272717363406063,
    45.41745723031406,
    64.60896499091187,
    59.22561299637833,
    60.89491686582974,
    63.99736607771433,
    63.99736607771433,
    63.99736607771433
  ],
  "autonEPAOverTime": [
    3.976581958169739,
    1.2030266132218812,
    -2.71703668607643,
    2.205259987097322,
    12.32549483331707,
    20.358991511023483,
    23.155333810137527,
    21.9886271701145,
    15.721780985559288,
    11.869406807407112,
    11.91436104903477,
    6.640286854882535,
    4.835945719756921,
    4.835945719756921,
    4.835945719756921
  ],
  "endGameEPAOverTime": [
    12.347895863310399,
    9.065241051436129,
    7.265599975439885,
    9.538029125165188,
    7.78166239899052,
    10.643425635733188,
    12.599906735330109,
    20.771782000966873,
    34.71288022554174,
    35.552930608295235,
    31.60795687639689,
    33.22953118721653,
    34.3750155926887,
    34.3750155926887,
    34.3750155926887
  ],
  "unitlessEPAOverTime": [
    1446.0281319296325,
    1400.8730678418406,
    1366.0457028536232,
    1330.0792381792703,
    1334.0505397364122,
    1414.3860801333294,
    1449.5483212192903,
    1474.49350299041,
    1561.403235886946,
    1612.9190207061622,
    1594.9902538406845,
    1582.8837961081238,
    1587.2434332411449,
    1590.9786799589724,
    1590.9786799589724
  ],
  "EPA Rank": 91,
  "Auto EPA Rank": 281,
  "TeleOp EPA Rank": 49,
  "Endgame EPA Rank": 77
}