{
  "teamNumber": 8987,
  "teamName": "Robobucs",
  "wins": 1,
  "loss": 4,
  "ties": 0,
  "elo": 1500,
  "totalEPA": 18.602510098706908,
  "autonEPA": -1.661553042026077,
  "endgameEPA": 9.421006299700027,
  "unitlessEPA": 1423.3063751649515,
  "teleOpEPA": 20.264063140732986,
  "totalEPAOverTime": [
    23.282608695652176,
    17.355072463768117,
    22.25051002993561,
    27.464592604174037,
    23.81281750937608,
    20.984390251259047,
    18.602510098706908
  ],
  "teleOpEPAOverTime": [
    -1.7934782608695627,
    12.481884057971016,
    17.34904512437904,
    23.524674622492807,
    24.280262737600495,
    23.162260227131593,
    20.264063140732986
  ],
  "autonEPAOverTime": [
    7.309782608695652,
    4.8731884057971016,
    4.901464905556572,
    3.9399179816812304,
    -0.46744522822441237,
    -2.1778699758725457,
    -1.661553042026077
  ],
  "endGameEPAOverTime": [
    17.766304347826086,
    13.51086956521739,
    17.511350855257795,
    22.81923841175142,
    15.455379247544554,
    11.308162245650799,
    9.421006299700027
  ],
  "unitlessEPAOverTime": [
    1500,
    1419.3708155753316,
    1434.8155045275462,
    1451.2654913656622,
    1439.744451683248,
    1430.8210043641593,
    1423.3063751649515
  ],
  "EPA Rank": 270,
  "Auto EPA Rank": 360,
  "TeleOp EPA Rank": 226,
  "Endgame EPA Rank": 315
}