{
  "teamNumber": 9412,
  "teamName": "Johnny 5's",
  "wins": 0,
  "loss": 5,
  "ties": 0,
  "elo": 1500,
  "totalEPA": 17.56284418179341,
  "autonEPA": -2.3449125152490833,
  "endgameEPA": 11.081442742590426,
  "unitlessEPA": 1441.41285745005,
  "teleOpEPA": 19.907756697042494,
  "totalEPAOverTime": [
    23.282608695652176,
    24.717921447539073,
    23.85090376749836,
    23.842950936238967,
    19.19541425503194,
    16.668860006963193,
    17.56284418179341
  ],
  "teleOpEPAOverTime": [
    -1.7934782608695627,
    17.64942939473563,
    17.906544399320218,
    21.51958687110721,
    20.426406538470903,
    19.224119818026228,
    19.907756697042494
  ],
  "autonEPAOverTime": [
    7.309782608695652,
    7.068492052803443,
    5.944359368178139,
    2.323364065131756,
    -1.230992283438963,
    -2.555259811063034,
    -2.3449125152490833
  ],
  "endGameEPAOverTime": [
    17.766304347826086,
    14.004733792748592,
    3.193645403375375,
    3.8338357457078294,
    10.432845969049136,
    10.613443655177456,
    11.081442742590426
  ],
  "unitlessEPAOverTime": [
    1500,
    1477.4461212970448,
    1473.079784545591,
    1473.0397337597706,
    1449.634547588791,
    1436.9107163200144,
    1441.41285745005
  ],
  "EPA Rank": 275,
  "Auto EPA Rank": 365,
  "TeleOp EPA Rank": 229,
  "Endgame EPA Rank": 299
}