{
  "teamNumber": 9458,
  "teamName": "Quarter Metal Jackets",
  "wins": 3,
  "loss": 17,
  "ties": 0,
  "elo": 1500,
  "totalEPA": -31.44027537406638,
  "autonEPA": -3.3698029933141846,
  "endgameEPA": 5.714912341368114,
  "unitlessEPA": 1247.9922193208233,
  "teleOpEPA": -28.070472380752197,
  "totalEPAOverTime": [
    23.282608695652176,
    20.021739130434785,
    14.830515297906604,
    23.096560580306555,
    25.02892088949858,
    19.61185389702408,
    15.40209589301835,
    12.621311794906596,
    11.68091398193917,
    12.073784263512993,
    18.140223329476854,
    37.583442592612755,
    42.435649316200404,
    41.56858939094748,
    36.445401412249645,
    30.69917752144218,
    40.18147189188306,
    45.13117403562829,
    46.5727725865427,
    43.89032369001203,
    29.63820700692132,
    10.064820536069181,
    -12.870266904875393,
    -28.557514253209725,
    -31.44027537406638
  ],
  "teleOpEPAOverTime": [
    -1.7934782608695627,
    14.31521739130435,
    11.125805152979067,
    22.085506500864795,
    25.530381349952705,
    20.595549049550684,
    17.071463204531145,
    14.730748322616535,
    10.488039037080023,
    7.278230227213177,
    12.994043702981585,
    30.92801454149439,
    35.239630692088994,
    34.70601780258263,
    31.79965706039836,
    28.73549978551706,
    34.58184557865249,
    38.69906711100216,
    39.67393962508768,
    37.39416234742961,
    25.403859719717595,
    11.236446615168688,
    -5.860661984865377,
    -24.341977746873514,
    -28.070472380752197
  ],
  "autonEPAOverTime": [
    7.309782608695652,
    5.7065217391304355,
    3.704710144927537,
    1.0110540794417613,
    -0.5014604604541248,
    -0.9836951525266042,
    -1.6693673115127952,
    -2.109436527709938,
    1.1928749448591467,
    4.795554036299816,
    5.146179626495268,
    6.655428051118362,
    7.196018624111412,
    6.862571588364851,
    4.645744351851285,
    1.9636777359251196,
    5.599626313230569,
    6.432106924626135,
    6.898832961455024,
    6.496161342582427,
    4.234347287203725,
    -1.1716260790995068,
    -7.009604920010016,
    -4.2155365063362105,
    -3.3698029933141846
  ],
  "endGameEPAOverTime": [
    17.766304347826086,
    13.51086956521739,
    10.359702093397747,
    17.010407347766446,
    16.646443858854397,
    10.593050389996753,
    6.219131782391152,
    2.7215590940216123,
    -2.0475227870527166,
    -3.486052894229456,
    3.1459556803223343,
    18.39047797647306,
    22.490677359512713,
    22.226783264125338,
    22.391529276747704,
    20.967732231573674,
    19.08650723859667,
    17.244643449037955,
    14.27447418488849,
    13.682781466856374,
    7.530599750250573,
    -6.31517948339291,
    -10.195177023796832,
    -0.2550314727015133,
    5.714912341368114
  ],
  "unitlessEPAOverTime": [
    1500,
    1464.6029310683932,
    1413.7402680762914,
    1494.7294700524671,
    1513.6623834379188,
    1460.5869504123916,
    1419.3405103543894,
    1407.8178806710127,
    1401.3389938561925,
    1404.0456803798365,
    1445.8405160710868,
    1579.7949076961513,
    1613.2242688991892,
    1528.2657573463096,
    1507.0870886011674,
    1483.3328611894756,
    1522.531573446475,
    1542.9930717411646,
    1548.9524740313484,
    1511.1048940356259,
    1461.3254871621232,
    1392.9600933970785,
    1312.8530415963664,
    1258.0610492318565,
    1247.9922193208233
  ],
  "EPA Rank": 387,
  "Auto EPA Rank": 376,
  "TeleOp EPA Rank": 386,
  "Endgame EPA Rank": 344
}