{
  "winProbability": 0.6406153799299134,
  "predictedWinner": "Red",
  "redTeams": [
    15638,
    5289
  ],
  "blueTeams": [
    7047,
    16668
  ],
  "actualWinner": "Red",
  "pointBreakdown": {
    "redData": {
      "redScore": 107,
      "redPenaltyFreeScore": 107,
      "redAuto": 43,
      "redTeleOp": 49,
      "redEndgame": 15
    },
    "blueData": {
      "blueScore": 98,
      "bluePenaltyFreeScore": 83,
      "blueAuto": 24,
      "blueTeleOp": 49,
      "blueEndgame": 10
    }
  },
  "predictedScores": {
    "redEPA": 87.28211336808633,
    "redAutonEPA": 25.826784347229033,
    "redTeleOpEPA": 48.78585788826213,
    "redEndgameEPA": 12.66947113259516,
    "blueEPA": 71.10786230890753,
    "blueAutonEPA": 18.12077643807111,
    "blueTeleOpEPA": 40.73463382089044,
    "blueEndgameEPA": 12.252452049945981
  }
}