{
  "winProbability": 0.7022991494340131,
  "predictedWinner": "Blue",
  "redTeams": [
    23587,
    11691
  ],
  "blueTeams": [
    10262,
    5237
  ],
  "actualWinner": "Blue",
  "pointBreakdown": {
    "redData": {
      "redScore": 74,
      "redPenaltyFreeScore": 69,
      "redAuto": 28,
      "redTeleOp": 36,
      "redEndgame": 5
    },
    "blueData": {
      "blueScore": 107,
      "bluePenaltyFreeScore": 107,
      "blueAuto": 27,
      "blueTeleOp": 70,
      "blueEndgame": 10
    }
  },
  "predictedScores": {
    "redEPA": 64.74596990624937,
    "redAutonEPA": 16.157789945359415,
    "redTeleOpEPA": 36.58906276321739,
    "redEndgameEPA": 11.999117197672568,
    "blueEPA": 88.76156438924534,
    "blueAutonEPA": 28.362472687490012,
    "blueTeleOpEPA": 50.040515801552644,
    "blueEndgameEPA": 10.35857590020268
  }
}