{
  "winProbability": 0.717702452908255,
  "predictedWinner": "Red",
  "redTeams": [
    5237,
    7065
  ],
  "blueTeams": [
    31875,
    30434
  ],
  "actualWinner": "Red",
  "pointBreakdown": {
    "redData": {
      "redScore": 84,
      "redPenaltyFreeScore": 84,
      "redAuto": 24,
      "redTeleOp": 45,
      "redEndgame": 15
    },
    "blueData": {
      "blueScore": 70,
      "bluePenaltyFreeScore": 70,
      "blueAuto": 17,
      "blueTeleOp": 43,
      "blueEndgame": 10
    }
  },
  "predictedScores": {
    "redEPA": 93.16135248940944,
    "redAutonEPA": 19.72504207142665,
    "redTeleOpEPA": 60.52632285381274,
    "redEndgameEPA": 12.909987564170045,
    "blueEPA": 67.0521038879132,
    "blueAutonEPA": 24.266911202979735,
    "blueTeleOpEPA": 30.29797300423841,
    "blueEndgameEPA": 12.487219680695059
  }
}