{
  "predictedWinner": "Blue",
  "redTeams": [
    23446,
    25912
  ],
  "blueTeams": [
    32421,
    7047
  ],
  "actualWinner": "Red",
  "pointBreakdown": {
    "redData": {
      "redScore": 137,
      "redPenaltyFreeScore": 137,
      "redAuto": 47,
      "redTeleOp": 90,
      "redEndgame": 0
    },
    "blueData": {
      "blueScore": 76,
      "bluePenaltyFreeScore": 46,
      "blueAuto": 0,
      "blueTeleOp": 46,
      "blueEndgame": 0
    }
  },
  "predictedScores": {
    "redEPA": 75.35901200441296,
    "redAutonEPA": 50.39465066170848,
    "redTeleOpEPA": 20.68871029037394,
    "redEndgameEPA": 4.27565105233054,
    "blueEPA": 80.7459759532882,
    "blueAutonEPA": 2.995938347402433,
    "blueTeleOpEPA": 83.24723077426457,
    "blueEndgameEPA": -5.497193168378803
  }
}