{
  "winProbability": 0.8280038813826253,
  "predictedWinner": "Blue",
  "redTeams": [
    11520,
    16668
  ],
  "blueTeams": [
    11231,
    23554
  ],
  "actualWinner": "Blue",
  "pointBreakdown": {
    "redData": {
      "redScore": 59,
      "redPenaltyFreeScore": 44,
      "redAuto": 5,
      "redTeleOp": 29,
      "redEndgame": 10
    },
    "blueData": {
      "blueScore": 160,
      "bluePenaltyFreeScore": 115,
      "blueAuto": 47,
      "blueTeleOp": 53,
      "blueEndgame": 15
    }
  },
  "predictedScores": {
    "redEPA": 49.017471232922084,
    "redAutonEPA": 12.926164913184824,
    "redTeleOpEPA": 23.713602403358003,
    "redEndgameEPA": 12.377703916379255,
    "blueEPA": 92.99150671193351,
    "blueAutonEPA": 26.537716625933363,
    "blueTeleOpEPA": 52.83914904163421,
    "blueEndgameEPA": 13.614641044365932
  }
}