{
  "winProbability": 0.6665513405267454,
  "predictedWinner": "Red",
  "redTeams": [
    17768,
    11691
  ],
  "blueTeams": [
    23168,
    14706
  ],
  "actualWinner": "Blue",
  "pointBreakdown": {
    "redData": {
      "redScore": 97,
      "redPenaltyFreeScore": 97,
      "redAuto": 36,
      "redTeleOp": 46,
      "redEndgame": 15
    },
    "blueData": {
      "blueScore": 124,
      "bluePenaltyFreeScore": 104,
      "blueAuto": 43,
      "blueTeleOp": 51,
      "blueEndgame": 10
    }
  },
  "predictedScores": {
    "redEPA": 98.95999392003017,
    "redAutonEPA": 34.22263992502004,
    "redTeleOpEPA": 51.214411988315746,
    "redEndgameEPA": 13.522942006694377,
    "blueEPA": 79.579294336957,
    "blueAutonEPA": 25.790661187911937,
    "blueTeleOpEPA": 41.76030591733274,
    "blueEndgameEPA": 12.028327231712332
  }
}