{
  "winProbability": 0.5728494975078197,
  "predictedWinner": "Red",
  "redTeams": [
    10262,
    16668
  ],
  "blueTeams": [
    6155,
    5957
  ],
  "actualWinner": "Red",
  "pointBreakdown": {
    "redData": {
      "redScore": 165,
      "redPenaltyFreeScore": 85,
      "redAuto": 17,
      "redTeleOp": 53,
      "redEndgame": 15
    },
    "blueData": {
      "blueScore": 62,
      "bluePenaltyFreeScore": 62,
      "blueAuto": 27,
      "blueTeleOp": 25,
      "blueEndgame": 10
    }
  },
  "predictedScores": {
    "redEPA": 69.53487112740677,
    "redAutonEPA": 22.048319160414877,
    "redTeleOpEPA": 37.43110756232907,
    "redEndgameEPA": 10.055444404662829,
    "blueEPA": 61.32270862885581,
    "blueAutonEPA": 21.298228447290413,
    "blueTeleOpEPA": 29.328380288508775,
    "blueEndgameEPA": 10.69609989305662
  }
}