{
  "winProbability": 0.5412100028061643,
  "predictedWinner": "Red",
  "redTeams": [
    5289,
    7215
  ],
  "blueTeams": [
    23554,
    7065
  ],
  "actualWinner": "Blue",
  "pointBreakdown": {
    "redData": {
      "redScore": 138,
      "redPenaltyFreeScore": 138,
      "redAuto": 49,
      "redTeleOp": 74,
      "redEndgame": 15
    },
    "blueData": {
      "blueScore": 208,
      "bluePenaltyFreeScore": 58,
      "blueAuto": 18,
      "blueTeleOp": 30,
      "blueEndgame": 10
    }
  },
  "predictedScores": {
    "redEPA": 83.36921348848493,
    "redAutonEPA": 31.106745390032852,
    "redTeleOpEPA": 39.89508123367429,
    "redEndgameEPA": 12.367386864777782,
    "blueEPA": 78.7462742868187,
    "blueAutonEPA": 17.618522343341326,
    "blueTeleOpEPA": 46.020120311735084,
    "blueEndgameEPA": 15.107631631742297
  }
}