{
  "predictedWinner": "Red",
  "redTeams": [
    11617,
    9499
  ],
  "blueTeams": [
    7215,
    11254
  ],
  "actualWinner": "Blue",
  "pointBreakdown": {
    "redData": {
      "redScore": 89,
      "redPenaltyFreeScore": 49,
      "redAuto": 36,
      "redTeleOp": -26,
      "redEndgame": 39
    },
    "blueData": {
      "blueScore": 152,
      "bluePenaltyFreeScore": 152,
      "blueAuto": 49,
      "blueTeleOp": 44,
      "blueEndgame": 59
    }
  },
  "predictedScores": {
    "redEPA": 170.71762102294258,
    "redAutonEPA": 29.298563395931893,
    "redTeleOpEPA": 67.51571420273353,
    "redEndgameEPA": 73.90334342427715,
    "blueEPA": 76.90794633709565,
    "blueAutonEPA": 17.311046958973947,
    "blueTeleOpEPA": 24.633938317945265,
    "blueEndgameEPA": 34.96296106017644
  }
}