{
  "predictedWinner": "Blue",
  "redTeams": [
    11846,
    11729
  ],
  "blueTeams": [
    5618,
    8492
  ],
  "actualWinner": "Blue",
  "pointBreakdown": {
    "redData": {
      "redScore": 62,
      "redPenaltyFreeScore": 62,
      "redAuto": 3,
      "redTeleOp": 16,
      "redEndgame": 43
    },
    "blueData": {
      "blueScore": 145,
      "bluePenaltyFreeScore": 135,
      "blueAuto": 52,
      "blueTeleOp": 12,
      "blueEndgame": 71
    }
  },
  "predictedScores": {
    "redEPA": 66.42515385383774,
    "redAutonEPA": 15.074405589441394,
    "redTeleOpEPA": 3.495922626455119,
    "redEndgameEPA": 47.854825637941225,
    "blueEPA": 107.74740798939538,
    "blueAutonEPA": 21.944603923656288,
    "blueTeleOpEPA": 13.271019463676907,
    "blueEndgameEPA": 72.53178460206219
  }
}