{
  "predictedWinner": "Blue",
  "redTeams": [
    5957,
    6134
  ],
  "blueTeams": [
    11729,
    8579
  ],
  "actualWinner": "Blue",
  "pointBreakdown": {
    "redData": {
      "redScore": 115,
      "redPenaltyFreeScore": 85,
      "redAuto": 39,
      "redTeleOp": -16,
      "redEndgame": 62
    },
    "blueData": {
      "blueScore": 116,
      "bluePenaltyFreeScore": 116,
      "blueAuto": 42,
      "blueTeleOp": 20,
      "blueEndgame": 54
    }
  },
  "predictedScores": {
    "redEPA": -29.24534208313449,
    "redAutonEPA": 32.24364736509757,
    "redTeleOpEPA": -75.01567696718867,
    "redEndgameEPA": 13.526687518956606,
    "blueEPA": 131.56488770458228,
    "blueAutonEPA": 20.878736339512805,
    "blueTeleOpEPA": 42.63056668045155,
    "blueEndgameEPA": 68.05558468461791
  }
}