{
  "predictedWinner": "Red",
  "redTeams": [
    5237,
    7215
  ],
  "blueTeams": [
    8733,
    20294
  ],
  "actualWinner": "Red",
  "pointBreakdown": {
    "redData": {
      "redScore": 182,
      "redPenaltyFreeScore": 182,
      "redAuto": 29,
      "redTeleOp": 64,
      "redEndgame": 89
    },
    "blueData": {
      "blueScore": 63,
      "bluePenaltyFreeScore": 63,
      "blueAuto": 6,
      "blueTeleOp": 11,
      "blueEndgame": 46
    }
  },
  "predictedScores": {
    "redEPA": 218.8571451679558,
    "redAutonEPA": 43.914561837157315,
    "redTeleOpEPA": 103.8068063717897,
    "redEndgameEPA": 71.13577695900877,
    "blueEPA": 57.87271695693533,
    "blueAutonEPA": 12.189247112116746,
    "blueTeleOpEPA": 6.603247910964342,
    "blueEndgameEPA": 39.08022193385424
  }
}