{
  "predictedWinner": "Red",
  "redTeams": [
    11617,
    8733
  ],
  "blueTeams": [
    19847,
    6494
  ],
  "actualWinner": "Red",
  "pointBreakdown": {
    "redData": {
      "redScore": 145,
      "redPenaltyFreeScore": 145,
      "redAuto": 16,
      "redTeleOp": 46,
      "redEndgame": 83
    },
    "blueData": {
      "blueScore": 67,
      "bluePenaltyFreeScore": 37,
      "blueAuto": 29,
      "blueTeleOp": -44,
      "blueEndgame": 52
    }
  },
  "predictedScores": {
    "redEPA": 117.7903929163332,
    "redAutonEPA": 22.778824079794635,
    "redTeleOpEPA": 39.72101985935778,
    "redEndgameEPA": 55.29054897718079,
    "blueEPA": 38.24855377412139,
    "blueAutonEPA": 9.702565232539115,
    "blueTeleOpEPA": 4.280764537176353,
    "blueEndgameEPA": 24.265224004405923
  }
}