{
  "predictedWinner": "Blue",
  "redTeams": [
    5618,
    8777
  ],
  "blueTeams": [
    14670,
    19847
  ],
  "actualWinner": "Red",
  "pointBreakdown": {
    "redData": {
      "redScore": 108,
      "redPenaltyFreeScore": 108,
      "redAuto": 26,
      "redTeleOp": 32,
      "redEndgame": 50
    },
    "blueData": {
      "blueScore": 50,
      "bluePenaltyFreeScore": 20,
      "blueAuto": 13,
      "blueTeleOp": -35,
      "blueEndgame": 42
    }
  },
  "predictedScores": {
    "redEPA": -32.77462996021782,
    "redAutonEPA": 13.925425384684235,
    "redTeleOpEPA": -60.68928824208246,
    "redEndgameEPA": 13.98923289718041,
    "blueEPA": 31.42265532088755,
    "blueAutonEPA": 14.674954523765356,
    "blueTeleOpEPA": -25.353832020546548,
    "blueEndgameEPA": 42.10153281766874
  }
}