{
  "predictedWinner": "Tie",
  "redTeams": [
    10644,
    7085
  ],
  "blueTeams": [
    10645,
    16355
  ],
  "actualWinner": "Blue",
  "pointBreakdown": {
    "redData": {
      "redScore": 29,
      "redPenaltyFreeScore": 29,
      "redAuto": 12,
      "redTeleOp": 4,
      "redEndgame": 13
    },
    "blueData": {
      "blueScore": 128,
      "bluePenaltyFreeScore": 128,
      "blueAuto": 48,
      "blueTeleOp": 42,
      "blueEndgame": 38
    }
  },
  "predictedScores": {
    "redEPA": 58.877902485015284,
    "redAutonEPA": 32.04436541967897,
    "redTeleOpEPA": -9.062947353462732,
    "redEndgameEPA": 35.89648441879905,
    "blueEPA": 59.434465812890664,
    "blueAutonEPA": 45.794301400167214,
    "blueTeleOpEPA": -16.47131146035329,
    "blueEndgameEPA": 30.111475873076742
  }
}