{
  "predictedWinner": "Blue",
  "redTeams": [
    6079,
    6134
  ],
  "blueTeams": [
    11276,
    14353
  ],
  "actualWinner": "Blue",
  "pointBreakdown": {
    "redData": {
      "redScore": 3,
      "redPenaltyFreeScore": -47,
      "redAuto": 21,
      "redTeleOp": -78,
      "redEndgame": 10
    },
    "blueData": {
      "blueScore": 154,
      "bluePenaltyFreeScore": 154,
      "blueAuto": 46,
      "blueTeleOp": 40,
      "blueEndgame": 68
    }
  },
  "predictedScores": {
    "redEPA": 60.18570807782625,
    "redAutonEPA": 19.131119686641366,
    "redTeleOpEPA": -1.8119457345736976,
    "redEndgameEPA": 42.86653412575858,
    "blueEPA": 137.0466746137044,
    "blueAutonEPA": 37.06070964382846,
    "blueTeleOpEPA": 59.152053551064846,
    "blueEndgameEPA": 40.83391141881109
  }
}