{
  "predictedWinner": "Blue",
  "redTeams": [
    13550,
    11617
  ],
  "blueTeams": [
    8492,
    6134
  ],
  "actualWinner": "Blue",
  "pointBreakdown": {
    "redData": {
      "redScore": 29,
      "redPenaltyFreeScore": 29,
      "redAuto": 9,
      "redTeleOp": 14,
      "redEndgame": 6
    },
    "blueData": {
      "blueScore": 152,
      "bluePenaltyFreeScore": 152,
      "blueAuto": 26,
      "blueTeleOp": 40,
      "blueEndgame": 86
    }
  },
  "predictedScores": {
    "redEPA": 65.8143903759519,
    "redAutonEPA": 13.940895133592486,
    "redTeleOpEPA": 13.714672285158223,
    "redEndgameEPA": 38.158822957201195,
    "blueEPA": 154.4718728026035,
    "blueAutonEPA": 65.16106376113972,
    "blueTeleOpEPA": 8.168191242620665,
    "blueEndgameEPA": 81.14261779884313
  }
}