{
  "predictedWinner": "Red",
  "redTeams": [
    8492,
    14353
  ],
  "blueTeams": [
    10653,
    10644
  ],
  "actualWinner": "Red",
  "pointBreakdown": {
    "redData": {
      "redScore": 188,
      "redPenaltyFreeScore": 178,
      "redAuto": 52,
      "redTeleOp": 40,
      "redEndgame": 86
    },
    "blueData": {
      "blueScore": 69,
      "bluePenaltyFreeScore": 39,
      "blueAuto": 19,
      "blueTeleOp": -28,
      "blueEndgame": 48
    }
  },
  "predictedScores": {
    "redEPA": 220.88633654147304,
    "redAutonEPA": 37.62525682956372,
    "redTeleOpEPA": 68.18313982859893,
    "redEndgameEPA": 115.0779398833104,
    "blueEPA": 102.37064360084399,
    "blueAutonEPA": 17.745430628938273,
    "blueTeleOpEPA": 49.75895529712869,
    "blueEndgameEPA": 34.86625767477702
  }
}