{
  "winProbability": 0.6159695471158844,
  "predictedWinner": "Red",
  "redTeams": [
    22415,
    13106
  ],
  "blueTeams": [
    25721,
    8845
  ],
  "actualWinner": "Blue",
  "pointBreakdown": {
    "redData": {
      "redScore": 67,
      "redPenaltyFreeScore": 67,
      "redAuto": 13,
      "redTeleOp": 39,
      "redEndgame": 15
    },
    "blueData": {
      "blueScore": 103,
      "bluePenaltyFreeScore": 73,
      "blueAuto": 29,
      "blueTeleOp": 29,
      "blueEndgame": 15
    }
  },
  "predictedScores": {
    "redEPA": 67.56605211609988,
    "redAutonEPA": 15.682489240969588,
    "redTeleOpEPA": 36.46627303258326,
    "redEndgameEPA": 15.417289842547033,
    "blueEPA": 55.25126401411688,
    "blueAutonEPA": 13.9188030306527,
    "blueTeleOpEPA": 30.486079560543182,
    "blueEndgameEPA": 10.846381422920992
  }
}