{
  "winProbability": 0.5430616383381752,
  "predictedWinner": "Blue",
  "redTeams": [
    15358,
    31873
  ],
  "blueTeams": [
    6294,
    15229
  ],
  "actualWinner": "Blue",
  "pointBreakdown": {
    "redData": {
      "redScore": 87,
      "redPenaltyFreeScore": 87,
      "redAuto": 19,
      "redTeleOp": 53,
      "redEndgame": 15
    },
    "blueData": {
      "blueScore": 88,
      "bluePenaltyFreeScore": 88,
      "blueAuto": 37,
      "blueTeleOp": 36,
      "blueEndgame": 15
    }
  },
  "predictedScores": {
    "redEPA": 72.53760439386137,
    "redAutonEPA": 15.824835373538956,
    "redTeleOpEPA": 46.93769282321851,
    "redEndgameEPA": 9.775076197103898,
    "blueEPA": 77.03825450970083,
    "blueAutonEPA": 30.496784137339723,
    "blueTeleOpEPA": 32.9141089499706,
    "blueEndgameEPA": 13.627361422390512
  }
}