{
  "winProbability": 0.5179964366746063,
  "predictedWinner": "Red",
  "redTeams": [
    31124,
    27106
  ],
  "blueTeams": [
    21340,
    17155
  ],
  "actualWinner": "Red",
  "pointBreakdown": {
    "redData": {
      "redScore": 81,
      "redPenaltyFreeScore": 81,
      "redAuto": 14,
      "redTeleOp": 52,
      "redEndgame": 15
    },
    "blueData": {
      "blueScore": 66,
      "bluePenaltyFreeScore": 66,
      "blueAuto": 18,
      "blueTeleOp": 43,
      "blueEndgame": 5
    }
  },
  "predictedScores": {
    "redEPA": 51.973593100939766,
    "redAutonEPA": 8.544533544568148,
    "redTeleOpEPA": 29.22702496215425,
    "redEndgameEPA": 14.20203459421737,
    "blueEPA": 50.09651798552197,
    "blueAutonEPA": 15.876205590818511,
    "blueTeleOpEPA": 24.777627036256128,
    "blueEndgameEPA": 9.44268535844733
  }
}