{
  "predictedWinner": "Blue",
  "redTeams": [
    13733,
    20142
  ],
  "blueTeams": [
    11254,
    31873
  ],
  "actualWinner": "Red",
  "pointBreakdown": {
    "redData": {
      "redScore": 85,
      "redPenaltyFreeScore": 85,
      "redAuto": 22,
      "redTeleOp": 63,
      "redEndgame": 0
    },
    "blueData": {
      "blueScore": 82,
      "bluePenaltyFreeScore": 82,
      "blueAuto": 9,
      "blueTeleOp": 73,
      "blueEndgame": 0
    }
  },
  "predictedScores": {
    "redEPA": 17.332281180677896,
    "redAutonEPA": 2.3400600960864644,
    "redTeleOpEPA": 15.948946633012131,
    "redEndgameEPA": -0.9567255484207002,
    "blueEPA": 87.6178471720717,
    "blueAutonEPA": 8.914165699315529,
    "blueTeleOpEPA": 80.60068835910913,
    "blueEndgameEPA": -1.8970068863529568
  }
}