{
  "predictedWinner": "Blue",
  "redTeams": [
    23439,
    7643
  ],
  "blueTeams": [
    23416,
    19940
  ],
  "actualWinner": "Blue",
  "pointBreakdown": {
    "redData": {
      "redScore": 83,
      "redPenaltyFreeScore": 63,
      "redAuto": 13,
      "redTeleOp": 50,
      "redEndgame": 0
    },
    "blueData": {
      "blueScore": 99,
      "bluePenaltyFreeScore": 99,
      "blueAuto": 17,
      "blueTeleOp": 82,
      "blueEndgame": 0
    }
  },
  "predictedScores": {
    "redEPA": 85.60410252096804,
    "redAutonEPA": 15.717334443414895,
    "redTeleOpEPA": 70.00838114908062,
    "redEndgameEPA": -0.12161307152748257,
    "blueEPA": 91.72184732799056,
    "blueAutonEPA": 23.062378883523134,
    "blueTeleOpEPA": 69.75490949189533,
    "blueEndgameEPA": -1.0954410474279062
  }
}