{
  "winProbability": 0.5950235199097018,
  "predictedWinner": "Blue",
  "redTeams": [
    31873,
    8845
  ],
  "blueTeams": [
    27404,
    15182
  ],
  "actualWinner": "Blue",
  "pointBreakdown": {
    "redData": {
      "redScore": 72,
      "redPenaltyFreeScore": 72,
      "redAuto": 14,
      "redTeleOp": 48,
      "redEndgame": 10
    },
    "blueData": {
      "blueScore": 87,
      "bluePenaltyFreeScore": 87,
      "blueAuto": 29,
      "blueTeleOp": 48,
      "blueEndgame": 10
    }
  },
  "predictedScores": {
    "redEPA": 53.638574013452,
    "redAutonEPA": 9.567463604077899,
    "redTeleOpEPA": 34.28459171661207,
    "redEndgameEPA": 9.786518692762026,
    "blueEPA": 63.667418290333686,
    "blueAutonEPA": 15.144917954889653,
    "blueTeleOpEPA": 39.502801540970616,
    "blueEndgameEPA": 9.01969879447342
  }
}