{
  "winProbability": 0.7916647450321788,
  "predictedWinner": "Red",
  "redTeams": [
    32490,
    15229
  ],
  "blueTeams": [
    22415
  ],
  "actualWinner": "Blue",
  "pointBreakdown": {
    "redData": {
      "redScore": 62,
      "redPenaltyFreeScore": 47,
      "redAuto": 36,
      "redTeleOp": 6,
      "redEndgame": 5
    },
    "blueData": {
      "blueScore": 65,
      "bluePenaltyFreeScore": 65,
      "blueAuto": 21,
      "blueTeleOp": 34,
      "blueEndgame": 10
    }
  },
  "predictedScores": {
    "redEPA": 56.88438857981015,
    "redAutonEPA": 12.422150131841075,
    "redTeleOpEPA": 29.573462583871045,
    "redEndgameEPA": 14.888775864098026,
    "blueEPA": 22.088709677419356,
    "blueAutonEPA": 3.4274193548387095,
    "blueTeleOpEPA": 12.733870967741938,
    "blueEndgameEPA": 5.92741935483871
  }
}