{
  "predictedWinner": "Red",
  "redTeams": [
    10164,
    21790
  ],
  "blueTeams": [
    32490,
    11254
  ],
  "actualWinner": "Red",
  "pointBreakdown": {
    "redData": {
      "redScore": 171,
      "redPenaltyFreeScore": 171,
      "redAuto": 45,
      "redTeleOp": 116,
      "redEndgame": 10
    },
    "blueData": {
      "blueScore": 91,
      "bluePenaltyFreeScore": 61,
      "blueAuto": 29,
      "blueTeleOp": 32,
      "blueEndgame": 0
    }
  },
  "predictedScores": {
    "redEPA": 120.82995975365668,
    "redAutonEPA": 31.002930331835362,
    "redTeleOpEPA": 84.32502142642656,
    "redEndgameEPA": 5.502007995394768,
    "blueEPA": 93.31735296287664,
    "blueAutonEPA": 20.694024703871932,
    "blueTeleOpEPA": 71.01610405108816,
    "blueEndgameEPA": 1.607224207916548
  }
}