{
  "predictedWinner": "Blue",
  "redTeams": [
    11129,
    29694
  ],
  "blueTeams": [
    27106,
    8845
  ],
  "actualWinner": "Red",
  "pointBreakdown": {
    "redData": {
      "redScore": 69,
      "redPenaltyFreeScore": 69,
      "redAuto": 27,
      "redTeleOp": 42,
      "redEndgame": 0
    },
    "blueData": {
      "blueScore": 45,
      "bluePenaltyFreeScore": 45,
      "blueAuto": 13,
      "blueTeleOp": 32,
      "blueEndgame": 0
    }
  },
  "predictedScores": {
    "redEPA": 57.29385037709646,
    "redAutonEPA": 21.498287223612103,
    "redTeleOpEPA": 31.22245814187303,
    "redEndgameEPA": 4.573105011611329,
    "blueEPA": 71.95101422791677,
    "blueAutonEPA": -0.12085035530209964,
    "blueTeleOpEPA": 65.61262718017917,
    "blueEndgameEPA": 6.459237403039687
  }
}