{
  "winProbability": 0.7407861709313514,
  "predictedWinner": "Blue",
  "redTeams": [
    15182,
    25721
  ],
  "blueTeams": [
    21790,
    29694
  ],
  "actualWinner": "Blue",
  "pointBreakdown": {
    "redData": {
      "redScore": 102,
      "redPenaltyFreeScore": 102,
      "redAuto": 33,
      "redTeleOp": 59,
      "redEndgame": 10
    },
    "blueData": {
      "blueScore": 129,
      "bluePenaltyFreeScore": 129,
      "blueAuto": 36,
      "blueTeleOp": 78,
      "blueEndgame": 15
    }
  },
  "predictedScores": {
    "redEPA": 87.15682467724261,
    "redAutonEPA": 28.35836753465766,
    "redTeleOpEPA": 47.146505627406974,
    "redEndgameEPA": 11.651951515177977,
    "blueEPA": 115.2347018904355,
    "blueAutonEPA": 30.982400437554396,
    "blueTeleOpEPA": 64.37750339759013,
    "blueEndgameEPA": 19.87479805529098
  }
}