{
  "predictedWinner": "Blue",
  "redTeams": [
    10137,
    24705
  ],
  "blueTeams": [
    23584,
    15397
  ],
  "actualWinner": "Blue",
  "pointBreakdown": {
    "redData": {
      "redScore": 9,
      "redPenaltyFreeScore": 9,
      "redAuto": 0,
      "redTeleOp": 9,
      "redEndgame": 0
    },
    "blueData": {
      "blueScore": 14,
      "bluePenaltyFreeScore": 14,
      "blueAuto": 0,
      "blueTeleOp": 9,
      "blueEndgame": 5
    }
  },
  "predictedScores": {
    "redEPA": -7.232014441597851,
    "redAutonEPA": -7.7641032997268224,
    "redTeleOpEPA": 3.8665510390900275,
    "redEndgameEPA": -3.334462180961056,
    "blueEPA": -2.700274875910533,
    "blueAutonEPA": -8.811742526662066,
    "blueTeleOpEPA": 12.244978161145498,
    "blueEndgameEPA": -6.1335105103939656
  }
}