{
  "predictedWinner": "Blue",
  "redTeams": [
    13885,
    18092
  ],
  "blueTeams": [
    12845,
    11531
  ],
  "actualWinner": "Blue",
  "pointBreakdown": {
    "redData": {
      "redScore": 133,
      "redPenaltyFreeScore": 133,
      "redAuto": 29,
      "redTeleOp": 104,
      "redEndgame": null
    },
    "blueData": {
      "blueScore": 207,
      "bluePenaltyFreeScore": 207,
      "blueAuto": 37,
      "blueTeleOp": 170,
      "blueEndgame": null
    }
  },
  "predictedScores": {
    "redEPA": 147.86570460093543,
    "redAutonEPA": 24.25293056063694,
    "redTeleOpEPA": 123.61277404029849,
    "redEndgameEPA": 0,
    "blueEPA": 150.10892766079306,
    "blueAutonEPA": 32.12901194816681,
    "blueTeleOpEPA": 117.97991571262625,
    "blueEndgameEPA": 0
  }
}