{
  "predictedWinner": "Red",
  "redTeams": [
    8603,
    7255
  ],
  "blueTeams": [
    22300,
    10164
  ],
  "actualWinner": "Red",
  "pointBreakdown": {
    "redData": {
      "redScore": 68,
      "redPenaltyFreeScore": 68,
      "redAuto": 0,
      "redTeleOp": 39,
      "redEndgame": 29
    },
    "blueData": {
      "blueScore": 66,
      "bluePenaltyFreeScore": 66,
      "blueAuto": 23,
      "blueTeleOp": 21,
      "blueEndgame": 22
    }
  },
  "predictedScores": {
    "redEPA": 71.48914259283984,
    "redAutonEPA": 6.524321575950469,
    "redTeleOpEPA": 55.55325840285974,
    "redEndgameEPA": 9.411562614029634,
    "blueEPA": 24.144718010227727,
    "blueAutonEPA": 9.472864312804194,
    "blueTeleOpEPA": -6.809983340114318,
    "blueEndgameEPA": 21.48183703753785
  }
}