{
  "predictedWinner": "Red",
  "redTeams": [
    10477,
    21456
  ],
  "blueTeams": [
    10210,
    19847
  ],
  "actualWinner": "Red",
  "pointBreakdown": {
    "redData": {
      "redScore": 144,
      "redPenaltyFreeScore": 114,
      "redAuto": 44,
      "redTeleOp": 51,
      "redEndgame": 19
    },
    "blueData": {
      "blueScore": 79,
      "bluePenaltyFreeScore": 59,
      "blueAuto": 0,
      "blueTeleOp": 47,
      "blueEndgame": 12
    }
  },
  "predictedScores": {
    "redEPA": 156.61516477418922,
    "redAutonEPA": 44.3680018021018,
    "redTeleOpEPA": 83.25723530718187,
    "redEndgameEPA": 28.989927664905547,
    "blueEPA": 64.24813008532573,
    "blueAutonEPA": 23.142182614437694,
    "blueTeleOpEPA": 22.32069190201998,
    "blueEndgameEPA": 18.785255568868052
  }
}