{
  "predictedWinner": "Red",
  "redTeams": [
    10137,
    14353
  ],
  "blueTeams": [
    14010,
    14790
  ],
  "actualWinner": "Red",
  "pointBreakdown": {
    "redData": {
      "redScore": 121,
      "redPenaltyFreeScore": 121,
      "redAuto": 47,
      "redTeleOp": 50,
      "redEndgame": 24
    },
    "blueData": {
      "blueScore": 103,
      "bluePenaltyFreeScore": 103,
      "blueAuto": 20,
      "blueTeleOp": 45,
      "blueEndgame": 38
    }
  },
  "predictedScores": {
    "redEPA": 154.94611500669387,
    "redAutonEPA": 40.77581181482154,
    "redTeleOpEPA": 70.45504164576732,
    "redEndgameEPA": 43.71526154610502,
    "blueEPA": 104.79097231322797,
    "blueAutonEPA": 24.276951662746804,
    "blueTeleOpEPA": 53.919188144586826,
    "blueEndgameEPA": 26.594832505894342
  }
}