{
  "winProbability": 0.7022365405096618,
  "predictedWinner": "Red",
  "redTeams": [
    26606,
    6811
  ],
  "blueTeams": [
    9458,
    11729
  ],
  "actualWinner": "Red",
  "pointBreakdown": {
    "redData": {
      "redScore": 108,
      "redPenaltyFreeScore": 108,
      "redAuto": 39,
      "redTeleOp": 54,
      "redEndgame": 15
    },
    "blueData": {
      "blueScore": 47,
      "bluePenaltyFreeScore": 47,
      "blueAuto": 14,
      "blueTeleOp": 23,
      "blueEndgame": 10
    }
  },
  "predictedScores": {
    "redEPA": 62.76888254943621,
    "redAutonEPA": 14.013966350133297,
    "redTeleOpEPA": 36.51620420678924,
    "redEndgameEPA": 12.238711992513675,
    "blueEPA": 41.35978396892134,
    "blueAutonEPA": 10.94921612157395,
    "blueTeleOpEPA": 17.829929597085446,
    "blueEndgameEPA": 12.580638250261945
  }
}