{
  "predictedWinner": "Blue",
  "redTeams": [
    25078,
    25094
  ],
  "blueTeams": [
    20804,
    25098
  ],
  "actualWinner": "Red",
  "pointBreakdown": {
    "redData": {
      "redScore": 5,
      "redPenaltyFreeScore": 5,
      "redAuto": 0,
      "redTeleOp": 5,
      "redEndgame": 0
    },
    "blueData": {
      "blueScore": 0,
      "bluePenaltyFreeScore": 0,
      "blueAuto": 0,
      "blueTeleOp": 0,
      "blueEndgame": 0
    }
  },
  "predictedScores": {
    "redEPA": 0.8458683933810212,
    "redAutonEPA": -1.042925571714562,
    "redTeleOpEPA": -0.957358116826788,
    "redEndgameEPA": 2.846152081922371,
    "blueEPA": 2.472271580495198,
    "blueAutonEPA": 6.744565122873574,
    "blueTeleOpEPA": 3.1671959298287184,
    "blueEndgameEPA": -7.439489472207095
  }
}