{
  "winProbability": 0.6233747780947941,
  "predictedWinner": "Blue",
  "redTeams": [
    27470,
    23596
  ],
  "blueTeams": [
    27583,
    14790
  ],
  "actualWinner": "Red",
  "pointBreakdown": {
    "redData": {
      "redScore": 126,
      "redPenaltyFreeScore": 111,
      "redAuto": 23,
      "redTeleOp": 78,
      "redEndgame": 10
    },
    "blueData": {
      "blueScore": 100,
      "bluePenaltyFreeScore": 100,
      "blueAuto": 19,
      "blueTeleOp": 66,
      "blueEndgame": 15
    }
  },
  "predictedScores": {
    "redEPA": 90.45092420988846,
    "redAutonEPA": 21.483487066749348,
    "redTeleOpEPA": 58.204192434981465,
    "redEndgameEPA": 10.763244708157643,
    "blueEPA": 106.42999544258623,
    "blueAutonEPA": 19.98051548439509,
    "blueTeleOpEPA": 74.71862317593857,
    "blueEndgameEPA": 11.730856782252571
  }
}