{
  "predictedWinner": "Red",
  "redTeams": [
    23391,
    27277
  ],
  "blueTeams": [
    31038,
    22881
  ],
  "actualWinner": "Red",
  "pointBreakdown": {
    "redData": {
      "redScore": 110,
      "redPenaltyFreeScore": 105,
      "redAuto": 37,
      "redTeleOp": 68,
      "redEndgame": 0
    },
    "blueData": {
      "blueScore": 80,
      "bluePenaltyFreeScore": 75,
      "blueAuto": 20,
      "blueTeleOp": 55,
      "blueEndgame": 0
    }
  },
  "predictedScores": {
    "redEPA": 124.65095860520772,
    "redAutonEPA": 42.92440192441032,
    "redTeleOpEPA": 74.38302992318607,
    "redEndgameEPA": 7.343526757611329,
    "blueEPA": 65.04583678766912,
    "blueAutonEPA": 30.513585379597554,
    "blueTeleOpEPA": 29.475933473190643,
    "blueEndgameEPA": 5.056317934880914
  }
}