{
  "winProbability": 0.5640661586310115,
  "predictedWinner": "Red",
  "redTeams": [
    9297,
    26616
  ],
  "blueTeams": [
    27277,
    13666
  ],
  "actualWinner": "Blue",
  "pointBreakdown": {
    "redData": {
      "redScore": 57,
      "redPenaltyFreeScore": 47,
      "redAuto": 16,
      "redTeleOp": 21,
      "redEndgame": 10
    },
    "blueData": {
      "blueScore": 93,
      "bluePenaltyFreeScore": 78,
      "blueAuto": 27,
      "blueTeleOp": 36,
      "blueEndgame": 15
    }
  },
  "predictedScores": {
    "redEPA": 65.07888462490486,
    "redAutonEPA": 20.376952299745895,
    "redTeleOpEPA": 32.861860491901666,
    "redEndgameEPA": 11.840071833257298,
    "blueEPA": 57.81597003180701,
    "blueAutonEPA": 14.618570450665445,
    "blueTeleOpEPA": 31.979967698743074,
    "blueEndgameEPA": 11.217431882398492
  }
}