{
  "winProbability": 0.6836883810737858,
  "predictedWinner": "Red",
  "redTeams": [
    14018,
    32484
  ],
  "blueTeams": [
    23578,
    15411
  ],
  "actualWinner": "Red",
  "pointBreakdown": {
    "redData": {
      "redScore": 117,
      "redPenaltyFreeScore": 92,
      "redAuto": 36,
      "redTeleOp": 46,
      "redEndgame": 10
    },
    "blueData": {
      "blueScore": 47,
      "bluePenaltyFreeScore": 42,
      "blueAuto": 6,
      "blueTeleOp": 26,
      "blueEndgame": 10
    }
  },
  "predictedScores": {
    "redEPA": 65.44786223372658,
    "redAutonEPA": 19.03094319312105,
    "redTeleOpEPA": 35.186869092634296,
    "redEndgameEPA": 11.230049947971242,
    "blueEPA": 43.72306608188124,
    "blueAutonEPA": 8.080832936347678,
    "blueTeleOpEPA": 21.94975169749522,
    "blueEndgameEPA": 13.692481448038347
  }
}