{
  "winProbability": 0.7307033750463543,
  "predictedWinner": "Red",
  "redTeams": [
    23391,
    27277
  ],
  "blueTeams": [
    26617,
    21537
  ],
  "actualWinner": "Red",
  "pointBreakdown": {
    "redData": {
      "redScore": 138,
      "redPenaltyFreeScore": 133,
      "redAuto": 43,
      "redTeleOp": 75,
      "redEndgame": 15
    },
    "blueData": {
      "blueScore": 54,
      "bluePenaltyFreeScore": 54,
      "blueAuto": 11,
      "blueTeleOp": 28,
      "blueEndgame": 15
    }
  },
  "predictedScores": {
    "redEPA": 77.63448931786905,
    "redAutonEPA": 34.05115975074986,
    "redTeleOpEPA": 31.207639354122254,
    "redEndgameEPA": 12.37569021299694,
    "blueEPA": 49.49971352039013,
    "blueAutonEPA": 15.420800395079635,
    "blueTeleOpEPA": 20.670731873638033,
    "blueEndgameEPA": 13.40818125167246
  }
}