{
  "winProbability": 0.6268064037455164,
  "predictedWinner": "Red",
  "redTeams": [
    31160,
    23709
  ],
  "blueTeams": [
    15119,
    26617
  ],
  "actualWinner": "Blue",
  "pointBreakdown": {
    "redData": {
      "redScore": 41,
      "redPenaltyFreeScore": 41,
      "redAuto": 8,
      "redTeleOp": 23,
      "redEndgame": 10
    },
    "blueData": {
      "blueScore": 65,
      "bluePenaltyFreeScore": 50,
      "blueAuto": 14,
      "blueTeleOp": 26,
      "blueEndgame": 10
    }
  },
  "predictedScores": {
    "redEPA": 44.45103321601236,
    "redAutonEPA": 8.246472263206016,
    "redTeleOpEPA": 21.375120138844803,
    "redEndgameEPA": 14.829440813961543,
    "blueEPA": 29.835621311778574,
    "blueAutonEPA": 10.119000906472065,
    "blueTeleOpEPA": 12.518640404220964,
    "blueEndgameEPA": 7.1979800010855435
  }
}