{
  "winProbability": 0.7371683926714235,
  "predictedWinner": "Red",
  "redTeams": [
    23391,
    27277
  ],
  "blueTeams": [
    31038,
    22881
  ],
  "actualWinner": "Red",
  "pointBreakdown": {
    "redData": {
      "redScore": 120,
      "redPenaltyFreeScore": 120,
      "redAuto": 49,
      "redTeleOp": 61,
      "redEndgame": 10
    },
    "blueData": {
      "blueScore": 50,
      "bluePenaltyFreeScore": 50,
      "blueAuto": 16,
      "blueTeleOp": 19,
      "blueEndgame": 15
    }
  },
  "predictedScores": {
    "redEPA": 96.08965954524604,
    "redAutonEPA": 37.03410650049992,
    "redTeleOpEPA": 45.80509290274816,
    "redEndgameEPA": 13.25046014199796,
    "blueEPA": 66.96072410497611,
    "blueAutonEPA": 26.7918878720292,
    "blueTeleOpEPA": 28.241575687101932,
    "blueEndgameEPA": 11.927260545844977
  }
}