{
  "predictedWinner": "Red",
  "redTeams": [
    28035,
    18966
  ],
  "blueTeams": [
    28038,
    18967
  ],
  "actualWinner": "Red",
  "pointBreakdown": {
    "redData": {
      "redScore": 50,
      "redPenaltyFreeScore": 50,
      "redAuto": 11,
      "redTeleOp": 39,
      "redEndgame": 0
    },
    "blueData": {
      "blueScore": 29,
      "bluePenaltyFreeScore": 19,
      "blueAuto": 3,
      "blueTeleOp": 16,
      "blueEndgame": 0
    }
  },
  "predictedScores": {
    "redEPA": 67.3944913162018,
    "redAutonEPA": 14.253724867242196,
    "redTeleOpEPA": 49.55999733648043,
    "redEndgameEPA": 3.5807691124791687,
    "blueEPA": -2.742375400303901,
    "blueAutonEPA": 7.260760631882244,
    "blueTeleOpEPA": -9.851833777735866,
    "blueEndgameEPA": -0.15130225445027837
  }
}