{
  "predictedWinner": "Blue",
  "redTeams": [
    18969,
    28038
  ],
  "blueTeams": [
    28040,
    28032
  ],
  "actualWinner": "Red",
  "pointBreakdown": {
    "redData": {
      "redScore": 31,
      "redPenaltyFreeScore": 16,
      "redAuto": 3,
      "redTeleOp": 13,
      "redEndgame": 0
    },
    "blueData": {
      "blueScore": 21,
      "bluePenaltyFreeScore": 21,
      "blueAuto": 0,
      "blueTeleOp": 21,
      "blueEndgame": 0
    }
  },
  "predictedScores": {
    "redEPA": -10.623314799244293,
    "redAutonEPA": 2.5662563247257557,
    "redTeleOpEPA": -12.94981613307685,
    "redEndgameEPA": -0.2397549908931979,
    "blueEPA": -8.430169798833532,
    "blueAutonEPA": 1.9214977889675855,
    "blueTeleOpEPA": -14.00404708273139,
    "blueEndgameEPA": 3.6523794949302717
  }
}