{
  "winProbability": 0.6445886570716991,
  "predictedWinner": "Red",
  "redTeams": [
    28035,
    18966
  ],
  "blueTeams": [
    28038,
    18967
  ],
  "actualWinner": "Red",
  "pointBreakdown": {
    "redData": {
      "redScore": 50,
      "redPenaltyFreeScore": 40,
      "redAuto": 11,
      "redTeleOp": 19,
      "redEndgame": 10
    },
    "blueData": {
      "blueScore": 29,
      "bluePenaltyFreeScore": 29,
      "blueAuto": 3,
      "blueTeleOp": 21,
      "blueEndgame": 5
    }
  },
  "predictedScores": {
    "redEPA": 55.92405581346618,
    "redAutonEPA": 12.213365378135538,
    "redTeleOpEPA": 29.297962502075002,
    "redEndgameEPA": 14.412727933255645,
    "blueEPA": 41.06722243583853,
    "blueAutonEPA": 9.865949434683888,
    "blueTeleOpEPA": 22.114278837709605,
    "blueEndgameEPA": 9.086994163445036
  }
}