{
  "predictedWinner": "Blue",
  "redTeams": [
    8603,
    11616
  ],
  "blueTeams": [
    7031,
    8533
  ],
  "actualWinner": "Blue",
  "pointBreakdown": {
    "redData": {
      "redScore": 7,
      "redPenaltyFreeScore": 7,
      "redAuto": 0,
      "redTeleOp": 7
    },
    "blueData": {
      "blueScore": 15,
      "bluePenaltyFreeScore": 15,
      "blueAuto": 0,
      "blueTeleOp": 15
    }
  },
  "predictedScores": {
    "redEPA": 19.333792040842308,
    "redAutonEPA": 3.046232286768735,
    "redTeleOpEPA": 16.287559754073573,
    "blueEPA": 32.970752547427736,
    "blueAutonEPA": 8.224178424244819,
    "blueTeleOpEPA": 24.746574123182917
  }
}