{
  "predictedWinner": "Tie",
  "redTeams": [
    14638,
    17104
  ],
  "blueTeams": [
    15447,
    10035
  ],
  "actualWinner": "Blue",
  "pointBreakdown": {
    "redData": {
      "redScore": 28,
      "redPenaltyFreeScore": 28,
      "redAuto": 20,
      "redTeleOp": 8,
      "redEndgame": 0
    },
    "blueData": {
      "blueScore": 49,
      "bluePenaltyFreeScore": 49,
      "blueAuto": 15,
      "blueTeleOp": 19,
      "blueEndgame": 15
    }
  },
  "predictedScores": {
    "redEPA": 29.37560975609756,
    "redAutonEPA": 9.517073170731708,
    "redTeleOpEPA": 10.480487804878049,
    "redEndgameEPA": 9.378048780487806,
    "blueEPA": 29.37560975609756,
    "blueAutonEPA": 9.517073170731708,
    "blueTeleOpEPA": 10.480487804878049,
    "blueEndgameEPA": 9.378048780487806
  }
}