{
  "predictedWinner": "Blue",
  "redTeams": [
    16478,
    17095
  ],
  "blueTeams": [
    10024,
    10262
  ],
  "actualWinner": "Blue",
  "pointBreakdown": {
    "redData": {
      "redScore": 35,
      "redPenaltyFreeScore": 35,
      "redAuto": 5,
      "redTeleOp": 15,
      "redEndgame": 15
    },
    "blueData": {
      "blueScore": 71,
      "bluePenaltyFreeScore": 71,
      "blueAuto": 22,
      "blueTeleOp": 34,
      "blueEndgame": 15
    }
  },
  "predictedScores": {
    "redEPA": 22.654166619470885,
    "redAutonEPA": 9.097742778830447,
    "redTeleOpEPA": 9.840731993365191,
    "redEndgameEPA": 3.715691847275247,
    "blueEPA": 60.28199829040919,
    "blueAutonEPA": 12.434484220174784,
    "blueTeleOpEPA": 26.720632626283134,
    "blueEndgameEPA": 21.126881443951277
  }
}