{
  "predictedWinner": "Blue",
  "redTeams": [
    13647,
    15229
  ],
  "blueTeams": [
    10024,
    12337
  ],
  "actualWinner": "Blue",
  "pointBreakdown": {
    "redData": {
      "redScore": 10,
      "redPenaltyFreeScore": 10,
      "redAuto": 2,
      "redTeleOp": 8
    },
    "blueData": {
      "blueScore": 30,
      "bluePenaltyFreeScore": 30,
      "blueAuto": 0,
      "blueTeleOp": 30
    }
  },
  "predictedScores": {
    "redEPA": 28.83000446667083,
    "redAutonEPA": 7.405019806164175,
    "redTeleOpEPA": 21.424984660506652,
    "blueEPA": 34.5610294057482,
    "blueAutonEPA": 8.850750323229317,
    "blueTeleOpEPA": 25.710279082518884
  }
}