{
  "predictedWinner": "Blue",
  "redTeams": [
    12337,
    10601
  ],
  "blueTeams": [
    5386,
    16478
  ],
  "actualWinner": "Blue",
  "pointBreakdown": {
    "redData": {
      "redScore": 52,
      "redPenaltyFreeScore": 52,
      "redAuto": 15,
      "redTeleOp": 37
    },
    "blueData": {
      "blueScore": 48,
      "bluePenaltyFreeScore": 48,
      "blueAuto": 20,
      "blueTeleOp": 28
    }
  },
  "predictedScores": {
    "redEPA": 21.427010800624437,
    "redAutonEPA": 5.444823157365243,
    "redTeleOpEPA": 15.982187643259195,
    "blueEPA": 65.02735957918807,
    "blueAutonEPA": 10.193276025989983,
    "blueTeleOpEPA": 54.83408355319809
  }
}