{
  "predictedWinner": "Blue",
  "redTeams": [
    13550,
    7138
  ],
  "blueTeams": [
    9895,
    17095
  ],
  "actualWinner": "Blue",
  "pointBreakdown": {
    "redData": {
      "redScore": 61,
      "redPenaltyFreeScore": 61,
      "redAuto": 10,
      "redTeleOp": 51
    },
    "blueData": {
      "blueScore": 11,
      "bluePenaltyFreeScore": 11,
      "blueAuto": 5,
      "blueTeleOp": 6
    }
  },
  "predictedScores": {
    "redEPA": 32.74538448314664,
    "redAutonEPA": 12.489697775595703,
    "redTeleOpEPA": 20.255686707550936,
    "blueEPA": 36.81024606798174,
    "blueAutonEPA": 12.511230567443931,
    "blueTeleOpEPA": 24.299015500537806
  }
}