{
  "predictedWinner": "Red",
  "redTeams": [
    5957,
    8603
  ],
  "blueTeams": [
    13748,
    11230
  ],
  "actualWinner": "Tie",
  "pointBreakdown": {
    "redData": {
      "redScore": 32,
      "redPenaltyFreeScore": 32,
      "redAuto": 20,
      "redTeleOp": 12
    },
    "blueData": {
      "blueScore": 20,
      "bluePenaltyFreeScore": 20,
      "blueAuto": 5,
      "blueTeleOp": 15
    }
  },
  "predictedScores": {
    "redEPA": 26.618540972356858,
    "redAutonEPA": 18.966929401217094,
    "redTeleOpEPA": 7.651611571139764,
    "blueEPA": 15.447999834237052,
    "blueAutonEPA": -0.7377487783921495,
    "blueTeleOpEPA": 16.1857486126292
  }
}