{
  "predictedWinner": "Blue",
  "redTeams": [
    13647,
    11616
  ],
  "blueTeams": [
    12955,
    10035
  ],
  "actualWinner": "Blue",
  "pointBreakdown": {
    "redData": {
      "redScore": 14,
      "redPenaltyFreeScore": 14,
      "redAuto": 0,
      "redTeleOp": 9,
      "redEndgame": 5
    },
    "blueData": {
      "blueScore": 55,
      "bluePenaltyFreeScore": 55,
      "blueAuto": 20,
      "blueTeleOp": 20,
      "blueEndgame": 15
    }
  },
  "predictedScores": {
    "redEPA": 12.85331186264362,
    "redAutonEPA": -4.868446500930357,
    "redTeleOpEPA": 4.927217868954797,
    "redEndgameEPA": 12.794540494619179,
    "blueEPA": 43.780058538347674,
    "blueAutonEPA": 15.013216711532202,
    "blueTeleOpEPA": 18.026133834365044,
    "blueEndgameEPA": 10.740707992450428
  }
}