{
  "predictedWinner": "Red",
  "redTeams": [
    8133,
    13748
  ],
  "blueTeams": [
    17207,
    13647
  ],
  "actualWinner": "Blue",
  "pointBreakdown": {
    "redData": {
      "redScore": 40,
      "redPenaltyFreeScore": 40,
      "redAuto": 20,
      "redTeleOp": 20
    },
    "blueData": {
      "blueScore": 35,
      "bluePenaltyFreeScore": 20,
      "blueAuto": 10,
      "blueTeleOp": 10
    }
  },
  "predictedScores": {
    "redEPA": 26.005494032872665,
    "redAutonEPA": 6.4180041648357635,
    "redTeleOpEPA": 19.5874898680369,
    "blueEPA": 19.51495220049293,
    "blueAutonEPA": 4.237147258204643,
    "blueTeleOpEPA": 15.277804942288288
  }
}