{
  "predictedWinner": "Tie",
  "redTeams": [
    16714,
    9895
  ],
  "blueTeams": [
    16478,
    7043
  ],
  "actualWinner": "Red",
  "pointBreakdown": {
    "redData": {
      "redScore": 21,
      "redPenaltyFreeScore": 21,
      "redAuto": 9,
      "redTeleOp": 7,
      "redEndgame": 5
    },
    "blueData": {
      "blueScore": 18,
      "bluePenaltyFreeScore": 18,
      "blueAuto": 5,
      "blueTeleOp": 8,
      "blueEndgame": 5
    }
  },
  "predictedScores": {
    "redEPA": 29.37560975609756,
    "redAutonEPA": 9.517073170731708,
    "redTeleOpEPA": 10.480487804878049,
    "redEndgameEPA": 9.378048780487806,
    "blueEPA": 29.37560975609756,
    "blueAutonEPA": 9.517073170731708,
    "blueTeleOpEPA": 10.480487804878049,
    "blueEndgameEPA": 9.378048780487806
  }
}