{
  "predictedWinner": "Blue",
  "redTeams": [
    22056,
    25081
  ],
  "blueTeams": [
    25105,
    22305
  ],
  "actualWinner": "Blue",
  "pointBreakdown": {
    "redData": {
      "redScore": 29,
      "redPenaltyFreeScore": 29,
      "redAuto": 11,
      "redTeleOp": 8,
      "redEndgame": 10
    },
    "blueData": {
      "blueScore": 62,
      "bluePenaltyFreeScore": 62,
      "blueAuto": 0,
      "blueTeleOp": 7,
      "blueEndgame": 55
    }
  },
  "predictedScores": {
    "redEPA": 26.457323707103445,
    "redAutonEPA": 10.938718018757054,
    "redTeleOpEPA": 7.847947641956319,
    "redEndgameEPA": 7.670658046390072,
    "blueEPA": 65.88507046055426,
    "blueAutonEPA": 8.268935404851504,
    "blueTeleOpEPA": 21.974239179826576,
    "blueEndgameEPA": 35.64189587587618
  }
}