{
  "predictedWinner": "Red",
  "redTeams": [
    18967,
    20803
  ],
  "blueTeams": [
    28036,
    28030
  ],
  "actualWinner": "Red",
  "pointBreakdown": {
    "redData": {
      "redScore": 67,
      "redPenaltyFreeScore": 67,
      "redAuto": 14,
      "redTeleOp": 53,
      "redEndgame": 0
    },
    "blueData": {
      "blueScore": 54,
      "bluePenaltyFreeScore": 39,
      "blueAuto": 16,
      "blueTeleOp": 23,
      "blueEndgame": 0
    }
  },
  "predictedScores": {
    "redEPA": -3.997509389114967,
    "redAutonEPA": 12.435138159190963,
    "redTeleOpEPA": -20.688991376907893,
    "redEndgameEPA": 4.2563438286019615,
    "blueEPA": -7.446113696138635,
    "blueAutonEPA": 8.587082465881272,
    "blueTeleOpEPA": -24.609949252198078,
    "blueEndgameEPA": 8.576753090178174
  }
}