{
  "winProbability": 0.6008045113861514,
  "predictedWinner": "Blue",
  "redTeams": [
    28040,
    18969
  ],
  "blueTeams": [
    18968,
    28037
  ],
  "actualWinner": "Blue",
  "pointBreakdown": {
    "redData": {
      "redScore": 95,
      "redPenaltyFreeScore": 35,
      "redAuto": 3,
      "redTeleOp": 22,
      "redEndgame": 10
    },
    "blueData": {
      "blueScore": 204,
      "bluePenaltyFreeScore": 34,
      "blueAuto": 8,
      "blueTeleOp": 26,
      "blueEndgame": 0
    }
  },
  "predictedScores": {
    "redEPA": 24.496575941802686,
    "redAutonEPA": 0.23705471159638924,
    "redTeleOpEPA": 20.77292283541744,
    "redEndgameEPA": 3.486598394788858,
    "blueEPA": 34.70653171230028,
    "blueAutonEPA": 3.98798776275527,
    "blueTeleOpEPA": 19.777392873177334,
    "blueEndgameEPA": 10.941151076367678
  }
}