{
  "predictedWinner": "Red",
  "redTeams": [
    18966,
    28035
  ],
  "blueTeams": [
    18967,
    18969
  ],
  "actualWinner": "Red",
  "pointBreakdown": {
    "redData": {
      "redScore": 102,
      "redPenaltyFreeScore": 97,
      "redAuto": 17,
      "redTeleOp": 70,
      "redEndgame": 10
    },
    "blueData": {
      "blueScore": 55,
      "bluePenaltyFreeScore": 35,
      "blueAuto": 17,
      "blueTeleOp": 18,
      "blueEndgame": 0
    }
  },
  "predictedScores": {
    "redEPA": 149.26805424505437,
    "redAutonEPA": 18.971156023810064,
    "redTeleOpEPA": 127.43213778997304,
    "redEndgameEPA": 2.8647604312712684,
    "blueEPA": 21.42589558272121,
    "blueAutonEPA": 5.867090691384349,
    "blueTeleOpEPA": 16.203486377623307,
    "blueEndgameEPA": -0.6446814862864438
  }
}