{
  "winProbability": 0.5347109995489322,
  "predictedWinner": "Red",
  "redTeams": [
    28035,
    18966
  ],
  "blueTeams": [
    28030,
    28037
  ],
  "actualWinner": "Red",
  "pointBreakdown": {
    "redData": {
      "redScore": 94,
      "redPenaltyFreeScore": 74,
      "redAuto": 17,
      "redTeleOp": 47,
      "redEndgame": 10
    },
    "blueData": {
      "blueScore": 57,
      "bluePenaltyFreeScore": 42,
      "blueAuto": 13,
      "blueTeleOp": 24,
      "blueEndgame": 5
    }
  },
  "predictedScores": {
    "redEPA": 52.88366601696413,
    "redAutonEPA": 14.656059146234359,
    "redTeleOpEPA": 28.814289223351725,
    "redEndgameEPA": 9.413317647378047,
    "blueEPA": 49.413182652607404,
    "blueAutonEPA": 15.731584204699967,
    "blueTeleOpEPA": 22.92412349965743,
    "blueEndgameEPA": 10.757474948250003
  }
}