{
  "predictedWinner": "Red",
  "redTeams": [
    13917,
    7643,
    17064
  ],
  "blueTeams": [
    16646,
    11228,
    22291
  ],
  "actualWinner": "Blue",
  "pointBreakdown": {
    "redData": {
      "redScore": 233,
      "redPenaltyFreeScore": 233,
      "redAuto": 105,
      "redTeleOp": 88,
      "redEndgame": 40
    },
    "blueData": {
      "blueScore": 243,
      "bluePenaltyFreeScore": 233,
      "blueAuto": 70,
      "blueTeleOp": 63,
      "blueEndgame": 100
    }
  },
  "predictedScores": {
    "redEPA": 303.006574495852,
    "redAutonEPA": 140.30720648702362,
    "redTeleOpEPA": 45.61704718675523,
    "redEndgameEPA": 117.08232082207317,
    "blueEPA": 283.05518262588606,
    "blueAutonEPA": 106.3328875457369,
    "blueTeleOpEPA": 81.01087287879045,
    "blueEndgameEPA": 95.71142220135872
  }
}