{
  "predictedWinner": "Blue",
  "redTeams": [
    10309,
    9933
  ],
  "blueTeams": [
    22291,
    11266
  ],
  "actualWinner": "Blue",
  "pointBreakdown": {
    "redData": {
      "redScore": 115,
      "redPenaltyFreeScore": 115,
      "redAuto": 48,
      "redTeleOp": 27,
      "redEndgame": 40
    },
    "blueData": {
      "blueScore": 128,
      "bluePenaltyFreeScore": 118,
      "blueAuto": 75,
      "blueTeleOp": 23,
      "blueEndgame": 20
    }
  },
  "predictedScores": {
    "redEPA": 119.75685334718611,
    "redAutonEPA": 69.97432693789625,
    "redTeleOpEPA": 5.1804627975964195,
    "redEndgameEPA": 44.60206361169344,
    "blueEPA": 176.75873893958763,
    "blueAutonEPA": 50.46737088906778,
    "blueTeleOpEPA": 69.54602308492464,
    "blueEndgameEPA": 56.74534496559521
  }
}