{
  "predictedWinner": "Blue",
  "redTeams": [
    10031,
    19679
  ],
  "blueTeams": [
    23623,
    11228
  ],
  "actualWinner": "Blue",
  "pointBreakdown": {
    "redData": {
      "redScore": 163,
      "redPenaltyFreeScore": 163,
      "redAuto": 38,
      "redTeleOp": 55,
      "redEndgame": 70
    },
    "blueData": {
      "blueScore": 193,
      "bluePenaltyFreeScore": 163,
      "blueAuto": 58,
      "blueTeleOp": 15,
      "blueEndgame": 90
    }
  },
  "predictedScores": {
    "redEPA": 112.83212156085766,
    "redAutonEPA": 46.67572222007602,
    "redTeleOpEPA": 19.52971759322959,
    "redEndgameEPA": 46.62668174755204,
    "blueEPA": 178.88322283170305,
    "blueAutonEPA": 68.4880449282719,
    "blueTeleOpEPA": 53.61642294950806,
    "blueEndgameEPA": 56.778754953923084
  }
}