{
  "predictedWinner": "Blue",
  "redTeams": [
    7643,
    21331
  ],
  "blueTeams": [
    11228,
    23391
  ],
  "actualWinner": "Red",
  "pointBreakdown": {
    "redData": {
      "redScore": 233,
      "redPenaltyFreeScore": 233,
      "redAuto": 75,
      "redTeleOp": 78,
      "redEndgame": 80
    },
    "blueData": {
      "blueScore": 162,
      "bluePenaltyFreeScore": 162,
      "blueAuto": 55,
      "blueTeleOp": 22,
      "blueEndgame": 85
    }
  },
  "predictedScores": {
    "redEPA": 133.29071858216184,
    "redAutonEPA": 54.133717910104366,
    "redTeleOpEPA": 12.747131557846615,
    "redEndgameEPA": 66.40986911421086,
    "blueEPA": 156.6275522077089,
    "blueAutonEPA": 47.74767319892664,
    "blueTeleOpEPA": 34.95848837701227,
    "blueEndgameEPA": 73.92139063177
  }
}