{
  "predictedWinner": "Red",
  "redTeams": [
    21331,
    11855
  ],
  "blueTeams": [
    11846,
    9933
  ],
  "actualWinner": "Red",
  "pointBreakdown": {
    "redData": {
      "redScore": 106,
      "redPenaltyFreeScore": 106,
      "redAuto": 13,
      "redTeleOp": 23,
      "redEndgame": 70
    },
    "blueData": {
      "blueScore": 104,
      "bluePenaltyFreeScore": 104,
      "blueAuto": 50,
      "blueTeleOp": 14,
      "blueEndgame": 40
    }
  },
  "predictedScores": {
    "redEPA": 156.96638508793978,
    "redAutonEPA": 62.79857279430188,
    "redTeleOpEPA": 23.87941969073141,
    "redEndgameEPA": 70.28839260290648,
    "blueEPA": 43.47519758242674,
    "blueAutonEPA": 16.494700002630754,
    "blueTeleOpEPA": 3.8652227470703373,
    "blueEndgameEPA": 23.115274832725646
  }
}