{
  "predictedWinner": "Blue",
  "redTeams": [
    11846,
    8656
  ],
  "blueTeams": [
    16464,
    23600
  ],
  "actualWinner": "Blue",
  "pointBreakdown": {
    "redData": {
      "redScore": 85,
      "redPenaltyFreeScore": 55,
      "redAuto": 30,
      "redTeleOp": -25,
      "redEndgame": 50
    },
    "blueData": {
      "blueScore": 112,
      "bluePenaltyFreeScore": 112,
      "blueAuto": 30,
      "blueTeleOp": 47,
      "blueEndgame": 35
    }
  },
  "predictedScores": {
    "redEPA": 48.05501999935103,
    "redAutonEPA": 16.9072771983609,
    "redTeleOpEPA": -16.233755581285635,
    "redEndgameEPA": 47.381498382275765,
    "blueEPA": 108.51428409526395,
    "blueAutonEPA": 7.922330404219461,
    "blueTeleOpEPA": 37.53826855575777,
    "blueEndgameEPA": 63.05368513528671
  }
}