{
  "predictedWinner": "Blue",
  "redTeams": [
    16646,
    16464
  ],
  "blueTeams": [
    19940,
    11531
  ],
  "actualWinner": "Blue",
  "pointBreakdown": {
    "redData": {
      "redScore": 170,
      "redPenaltyFreeScore": 170,
      "redAuto": 10,
      "redTeleOp": 70,
      "redEndgame": 90
    },
    "blueData": {
      "blueScore": 198,
      "bluePenaltyFreeScore": 168,
      "blueAuto": 58,
      "blueTeleOp": 30,
      "blueEndgame": 80
    }
  },
  "predictedScores": {
    "redEPA": 64.98942650379037,
    "redAutonEPA": 25.99116080789588,
    "redTeleOpEPA": 33.43606594508008,
    "redEndgameEPA": 5.562199750814405,
    "blueEPA": 131.73122615212318,
    "blueAutonEPA": 25.53297493210151,
    "blueTeleOpEPA": 40.901560138851266,
    "blueEndgameEPA": 65.29669108117041
  }
}