{
  "predictedWinner": "Red",
  "redTeams": [
    22291,
    16464
  ],
  "blueTeams": [
    5954,
    15270
  ],
  "actualWinner": "Red",
  "pointBreakdown": {
    "redData": {
      "redScore": 136,
      "redPenaltyFreeScore": 136,
      "redAuto": 50,
      "redTeleOp": 46,
      "redEndgame": 40
    },
    "blueData": {
      "blueScore": 94,
      "bluePenaltyFreeScore": 94,
      "blueAuto": 18,
      "blueTeleOp": 16,
      "blueEndgame": 60
    }
  },
  "predictedScores": {
    "redEPA": 115.8537601257371,
    "redAutonEPA": 36.11486217163244,
    "redTeleOpEPA": 22.02654377583947,
    "redEndgameEPA": 57.71235417826519,
    "blueEPA": 101.26918500257719,
    "blueAutonEPA": 39.53054588011029,
    "blueTeleOpEPA": 4.688310236509018,
    "blueEndgameEPA": 57.05032888595788
  }
}