{
  "predictedWinner": "Blue",
  "redTeams": [
    11193,
    11228,
    9499
  ],
  "blueTeams": [
    13917,
    11855,
    10024
  ],
  "actualWinner": "Blue",
  "pointBreakdown": {
    "redData": {
      "redScore": 107,
      "redPenaltyFreeScore": 107,
      "redAuto": 50,
      "redTeleOp": 27,
      "redEndgame": 30
    },
    "blueData": {
      "blueScore": 163,
      "bluePenaltyFreeScore": 163,
      "blueAuto": 50,
      "blueTeleOp": 33,
      "blueEndgame": 80
    }
  },
  "predictedScores": {
    "redEPA": 170.85424804996597,
    "redAutonEPA": 68.35404547374124,
    "redTeleOpEPA": 30.911489627250745,
    "redEndgameEPA": 71.58871294897399,
    "blueEPA": 195.97416109672506,
    "blueAutonEPA": 77.00284465397809,
    "blueTeleOpEPA": 37.16987354582491,
    "blueEndgameEPA": 81.80144289692205
  }
}