{
  "predictedWinner": "Blue",
  "redTeams": [
    23832,
    15722
  ],
  "blueTeams": [
    14951,
    5618
  ],
  "actualWinner": "Blue",
  "pointBreakdown": {
    "redData": {
      "redScore": 11,
      "redPenaltyFreeScore": 11,
      "redAuto": 0,
      "redTeleOp": 6,
      "redEndgame": 5
    },
    "blueData": {
      "blueScore": 26,
      "bluePenaltyFreeScore": 26,
      "blueAuto": 0,
      "blueTeleOp": 6,
      "blueEndgame": 20
    }
  },
  "predictedScores": {
    "redEPA": 9.391317534435963,
    "redAutonEPA": 2.509442594414397,
    "redTeleOpEPA": 1.62084878660096,
    "redEndgameEPA": 5.261026153420606,
    "blueEPA": 18.224789991072136,
    "blueAutonEPA": 1.705949762221047,
    "blueTeleOpEPA": 7.167679967912852,
    "blueEndgameEPA": 9.351160260938238
  }
}