{
  "predictedWinner": "Tie",
  "redTeams": [
    23832,
    23618
  ],
  "blueTeams": [
    5960,
    11855
  ],
  "actualWinner": "Blue",
  "pointBreakdown": {
    "redData": {
      "redScore": 8,
      "redPenaltyFreeScore": 8,
      "redAuto": 5,
      "redTeleOp": 3,
      "redEndgame": 0
    },
    "blueData": {
      "blueScore": 155,
      "bluePenaltyFreeScore": 155,
      "blueAuto": 75,
      "blueTeleOp": 10,
      "blueEndgame": 70
    }
  },
  "predictedScores": {
    "redEPA": 18.772727272727273,
    "redAutonEPA": 4.106060606060606,
    "redTeleOpEPA": 5.500000000000002,
    "redEndgameEPA": 9.166666666666666,
    "blueEPA": 18.772727272727273,
    "blueAutonEPA": 4.106060606060606,
    "blueTeleOpEPA": 5.500000000000002,
    "blueEndgameEPA": 9.166666666666666
  }
}