{
  "predictedWinner": "Blue",
  "redTeams": [
    11714,
    15229
  ],
  "blueTeams": [
    13917,
    11855
  ],
  "actualWinner": "Blue",
  "pointBreakdown": {
    "redData": {
      "redScore": 53,
      "redPenaltyFreeScore": 53,
      "redAuto": 25,
      "redTeleOp": 3,
      "redEndgame": 25
    },
    "blueData": {
      "blueScore": 174,
      "bluePenaltyFreeScore": 174,
      "blueAuto": 75,
      "blueTeleOp": 39,
      "blueEndgame": 60
    }
  },
  "predictedScores": {
    "redEPA": 25.947332485762008,
    "redAutonEPA": 20.32907738012166,
    "redTeleOpEPA": 7.5714181817428,
    "redEndgameEPA": -1.9531630761024528,
    "blueEPA": 137.60725150622804,
    "blueAutonEPA": 68.50498396800856,
    "blueTeleOpEPA": 23.283157935625304,
    "blueEndgameEPA": 45.819109602594175
  }
}