{
  "predictedWinner": "Blue",
  "redTeams": [
    15322,
    16220
  ],
  "blueTeams": [
    9087,
    23392
  ],
  "actualWinner": "Blue",
  "pointBreakdown": {
    "redData": {
      "redScore": 27,
      "redPenaltyFreeScore": 27,
      "redAuto": 11,
      "redTeleOp": 6,
      "redEndgame": 10
    },
    "blueData": {
      "blueScore": 101,
      "bluePenaltyFreeScore": 101,
      "blueAuto": 35,
      "blueTeleOp": 11,
      "blueEndgame": 55
    }
  },
  "predictedScores": {
    "redEPA": 18.772727272727273,
    "redAutonEPA": 4.106060606060606,
    "redTeleOpEPA": 5.500000000000002,
    "redEndgameEPA": 9.166666666666666,
    "blueEPA": 42.929185592858666,
    "blueAutonEPA": 12.188010179072236,
    "blueTeleOpEPA": 13.457421401758754,
    "blueEndgameEPA": 17.283754012027675
  }
}