{
  "predictedWinner": "Red",
  "redTeams": [
    11193,
    11228,
    9499
  ],
  "blueTeams": [
    9087,
    5960,
    15229
  ],
  "actualWinner": "Blue",
  "pointBreakdown": {
    "redData": {
      "redScore": 79,
      "redPenaltyFreeScore": 79,
      "redAuto": 10,
      "redTeleOp": 24,
      "redEndgame": 45
    },
    "blueData": {
      "blueScore": 89,
      "bluePenaltyFreeScore": 89,
      "blueAuto": 53,
      "blueTeleOp": 11,
      "blueEndgame": 25
    }
  },
  "predictedScores": {
    "redEPA": 170.85424804996597,
    "redAutonEPA": 68.35404547374124,
    "redTeleOpEPA": 30.911489627250745,
    "redEndgameEPA": 71.58871294897399,
    "blueEPA": 152.03497584778685,
    "blueAutonEPA": 60.643606286559184,
    "blueTeleOpEPA": 28.126287805485347,
    "blueEndgameEPA": 63.265081755742315
  }
}