{
  "predictedWinner": "Blue",
  "redTeams": [
    22308,
    17349
  ],
  "blueTeams": [
    20511,
    22307
  ],
  "actualWinner": "Blue",
  "pointBreakdown": {
    "redData": {
      "redScore": 83,
      "redPenaltyFreeScore": 73,
      "redAuto": 20,
      "redTeleOp": 34,
      "redEndgame": 19
    },
    "blueData": {
      "blueScore": 117,
      "bluePenaltyFreeScore": 117,
      "blueAuto": 20,
      "blueTeleOp": 72,
      "blueEndgame": 25
    }
  },
  "predictedScores": {
    "redEPA": 87.7805309675248,
    "redAutonEPA": 18.591485543329533,
    "redTeleOpEPA": 53.42509004975756,
    "redEndgameEPA": 15.7639553744377,
    "blueEPA": 98.21602412619717,
    "blueAutonEPA": 17.230924480773062,
    "blueTeleOpEPA": 53.57294664077553,
    "blueEndgameEPA": 27.412153004648573
  }
}