{
  "predictedWinner": "Blue",
  "redTeams": [
    21491,
    27277
  ],
  "blueTeams": [
    12362,
    32118
  ],
  "actualWinner": "Red",
  "pointBreakdown": {
    "redData": {
      "redScore": 67,
      "redPenaltyFreeScore": 52,
      "redAuto": 23,
      "redTeleOp": 29,
      "redEndgame": 0
    },
    "blueData": {
      "blueScore": 57,
      "bluePenaltyFreeScore": 57,
      "blueAuto": 3,
      "blueTeleOp": 44,
      "blueEndgame": 10
    }
  },
  "predictedScores": {
    "redEPA": 27.322711981740532,
    "redAutonEPA": 14.096007119236045,
    "redTeleOpEPA": 8.794688520689656,
    "redEndgameEPA": 4.4320163418148315,
    "blueEPA": 46.60171327226703,
    "blueAutonEPA": 5.069645591348731,
    "blueTeleOpEPA": 36.36807455263116,
    "blueEndgameEPA": 5.16399312828714
  }
}