{
  "winProbability": 0.5397397403794285,
  "predictedWinner": "Red",
  "redTeams": [
    31038,
    15411
  ],
  "blueTeams": [
    13666,
    27277
  ],
  "actualWinner": "Blue",
  "pointBreakdown": {
    "redData": {
      "redScore": 41,
      "redPenaltyFreeScore": 41,
      "redAuto": 6,
      "redTeleOp": 25,
      "redEndgame": 10
    },
    "blueData": {
      "blueScore": 69,
      "bluePenaltyFreeScore": 69,
      "blueAuto": 21,
      "blueTeleOp": 33,
      "blueEndgame": 15
    }
  },
  "predictedScores": {
    "redEPA": 51.99107684225703,
    "redAutonEPA": 10.054726269707118,
    "redTeleOpEPA": 24.606415706924484,
    "redEndgameEPA": 17.32993486562543,
    "blueEPA": 48.01023202413192,
    "blueAutonEPA": 10.216367990014394,
    "blueTeleOpEPA": 27.457666076968778,
    "blueEndgameEPA": 10.336197957148753
  }
}