{
  "predictedWinner": "Red",
  "redTeams": [
    21491,
    8142
  ],
  "blueTeams": [
    14018,
    23859
  ],
  "actualWinner": "Red",
  "pointBreakdown": {
    "redData": {
      "redScore": 117,
      "redPenaltyFreeScore": 112,
      "redAuto": 31,
      "redTeleOp": 81,
      "redEndgame": 0
    },
    "blueData": {
      "blueScore": 67,
      "bluePenaltyFreeScore": 52,
      "blueAuto": 16,
      "blueTeleOp": 36,
      "blueEndgame": 0
    }
  },
  "predictedScores": {
    "redEPA": 71.34185538443228,
    "redAutonEPA": 19.926224035924193,
    "redTeleOpEPA": 54.506042758964654,
    "redEndgameEPA": -3.090411410456571,
    "blueEPA": 70.16717959171646,
    "blueAutonEPA": 32.31178437827211,
    "blueTeleOpEPA": 30.666775572115046,
    "blueEndgameEPA": 7.188619641329308
  }
}