{
  "predictedWinner": "Blue",
  "redTeams": [
    21512,
    21115
  ],
  "blueTeams": [
    21790,
    17064
  ],
  "actualWinner": "Blue",
  "pointBreakdown": {
    "redData": {
      "redScore": 10,
      "redPenaltyFreeScore": 10,
      "redAuto": 0,
      "redTeleOp": 5,
      "redEndgame": 5
    },
    "blueData": {
      "blueScore": 122,
      "bluePenaltyFreeScore": 122,
      "blueAuto": 24,
      "blueTeleOp": 56,
      "blueEndgame": 42
    }
  },
  "predictedScores": {
    "redEPA": 28.883333333333333,
    "redAutonEPA": 5.333333333333333,
    "redTeleOpEPA": 15.766666666666667,
    "redEndgameEPA": 7.783333333333333,
    "blueEPA": 93.96302709445482,
    "blueAutonEPA": 17.55322903998244,
    "blueTeleOpEPA": 55.279087435552675,
    "blueEndgameEPA": 21.1307106189197
  }
}