{
  "predictedWinner": "Blue",
  "redTeams": [
    15397,
    7689
  ],
  "blueTeams": [
    9933,
    17064
  ],
  "actualWinner": "Blue",
  "pointBreakdown": {
    "redData": {
      "redScore": 28,
      "redPenaltyFreeScore": 28,
      "redAuto": 0,
      "redTeleOp": 17,
      "redEndgame": 11
    },
    "blueData": {
      "blueScore": 34,
      "bluePenaltyFreeScore": 34,
      "blueAuto": 4,
      "blueTeleOp": 21,
      "blueEndgame": 9
    }
  },
  "predictedScores": {
    "redEPA": 35.48878039590657,
    "redAutonEPA": 4.5619668491257945,
    "redTeleOpEPA": 18.62263896860083,
    "redEndgameEPA": 12.30417457817995,
    "blueEPA": 39.1449075795695,
    "blueAutonEPA": 12.26573801524373,
    "blueTeleOpEPA": 2.085430458473354,
    "blueEndgameEPA": 24.793739105852413
  }
}