{
  "predictedWinner": "Blue",
  "redTeams": [
    17283,
    6482
  ],
  "blueTeams": [
    20033,
    5292
  ],
  "actualWinner": "Blue",
  "pointBreakdown": {
    "redData": {
      "redScore": 28,
      "redPenaltyFreeScore": 28,
      "redAuto": 0,
      "redTeleOp": 3,
      "redEndgame": 25
    },
    "blueData": {
      "blueScore": 48,
      "bluePenaltyFreeScore": 48,
      "blueAuto": 5,
      "blueTeleOp": 3,
      "blueEndgame": 40
    }
  },
  "predictedScores": {
    "redEPA": 20.408675229662883,
    "redAutonEPA": 1.4888459353479933,
    "redTeleOpEPA": 4.5146319158664845,
    "redEndgameEPA": 14.405197378448406,
    "blueEPA": 46.15278348695511,
    "blueAutonEPA": 17.684513255640624,
    "blueTeleOpEPA": 9.111222600439184,
    "blueEndgameEPA": 19.3570476308753
  }
}