{
  "predictedWinner": "Red",
  "redTeams": [
    14938,
    14033
  ],
  "blueTeams": [
    14939,
    10803
  ],
  "actualWinner": "Blue",
  "pointBreakdown": {
    "redData": {
      "redScore": 10,
      "redPenaltyFreeScore": 10,
      "redAuto": 0,
      "redTeleOp": 4,
      "redEndgame": 6
    },
    "blueData": {
      "blueScore": 24,
      "bluePenaltyFreeScore": 24,
      "blueAuto": 10,
      "blueTeleOp": 1,
      "blueEndgame": 13
    }
  },
  "predictedScores": {
    "redEPA": 35.95296279183611,
    "redAutonEPA": 3.3303169416571388,
    "redTeleOpEPA": 13.388326240036527,
    "redEndgameEPA": 19.234319610142443,
    "blueEPA": 15.637834269625754,
    "blueAutonEPA": 1.611900937694982,
    "blueTeleOpEPA": -3.432545335959311,
    "blueEndgameEPA": 17.458478667890084
  }
}