{
  "predictedWinner": "Red",
  "redTeams": [
    17155,
    20415
  ],
  "blueTeams": [
    19692,
    14936
  ],
  "actualWinner": "Red",
  "pointBreakdown": {
    "redData": {
      "redScore": 111,
      "redPenaltyFreeScore": 111,
      "redAuto": 49,
      "redTeleOp": 29,
      "redEndgame": 33
    },
    "blueData": {
      "blueScore": 24,
      "bluePenaltyFreeScore": 24,
      "blueAuto": 0,
      "blueTeleOp": 2,
      "blueEndgame": 22
    }
  },
  "predictedScores": {
    "redEPA": 82.2781238333989,
    "redAutonEPA": 33.154316717671364,
    "redTeleOpEPA": 13.108186421422857,
    "redEndgameEPA": 36.01562069430467,
    "blueEPA": 18.95763887333013,
    "blueAutonEPA": 5.161935020776868,
    "blueTeleOpEPA": 3.4905447025363685,
    "blueEndgameEPA": 10.305159150016893
  }
}