{
  "predictedWinner": "Tie",
  "redTeams": [
    10136,
    7043
  ],
  "blueTeams": [
    24361,
    13417
  ],
  "actualWinner": "Red",
  "pointBreakdown": {
    "redData": {
      "redScore": 58,
      "redPenaltyFreeScore": 58,
      "redAuto": 25,
      "redTeleOp": 8,
      "redEndgame": 25
    },
    "blueData": {
      "blueScore": 33,
      "bluePenaltyFreeScore": 33,
      "blueAuto": 8,
      "blueTeleOp": 5,
      "blueEndgame": 20
    }
  },
  "predictedScores": {
    "redEPA": 18.772727272727273,
    "redAutonEPA": 4.106060606060606,
    "redTeleOpEPA": 5.500000000000002,
    "redEndgameEPA": 9.166666666666666,
    "blueEPA": 18.772727272727273,
    "blueAutonEPA": 4.106060606060606,
    "blueTeleOpEPA": 5.500000000000002,
    "blueEndgameEPA": 9.166666666666666
  }
}