{
  "predictedWinner": "Blue",
  "redTeams": [
    16883,
    5957
  ],
  "blueTeams": [
    14757,
    8593
  ],
  "actualWinner": "Blue",
  "pointBreakdown": {
    "redData": {
      "redScore": 119,
      "redPenaltyFreeScore": 79,
      "redAuto": 45,
      "redTeleOp": 9,
      "redEndgame": 25
    },
    "blueData": {
      "blueScore": 168,
      "bluePenaltyFreeScore": 168,
      "blueAuto": 50,
      "blueTeleOp": 73,
      "blueEndgame": 45
    }
  },
  "predictedScores": {
    "redEPA": 87.48925333391134,
    "redAutonEPA": 24.212512009663236,
    "redTeleOpEPA": 12.318665044042461,
    "redEndgameEPA": 50.95807628020564,
    "blueEPA": 128.0231817825518,
    "blueAutonEPA": 25.62368617597472,
    "blueTeleOpEPA": 26.366145932566027,
    "blueEndgameEPA": 76.03334967401106
  }
}