{
  "winProbability": 0.5318673106876342,
  "predictedWinner": "Blue",
  "redTeams": [
    21518,
    21522
  ],
  "blueTeams": [
    21615,
    23870
  ],
  "actualWinner": "Red",
  "pointBreakdown": {
    "redData": {
      "redScore": 66,
      "redPenaltyFreeScore": 66,
      "redAuto": 14,
      "redTeleOp": 37,
      "redEndgame": 15
    },
    "blueData": {
      "blueScore": 53,
      "bluePenaltyFreeScore": 53,
      "blueAuto": 16,
      "blueTeleOp": 22,
      "blueEndgame": 15
    }
  },
  "predictedScores": {
    "redEPA": 38.391605102972825,
    "redAutonEPA": 10.456563694606082,
    "redTeleOpEPA": 15.604189257572086,
    "redEndgameEPA": 12.330852150794657,
    "blueEPA": 41.318722861132926,
    "blueAutonEPA": 10.45034086696443,
    "blueTeleOpEPA": 14.88808681577768,
    "blueEndgameEPA": 15.980295178390815
  }
}