{
  "predictedWinner": "Blue",
  "redTeams": [
    23870,
    21518
  ],
  "blueTeams": [
    5559,
    24053
  ],
  "actualWinner": "Blue",
  "pointBreakdown": {
    "redData": {
      "redScore": 46,
      "redPenaltyFreeScore": 41,
      "redAuto": 16,
      "redTeleOp": 25,
      "redEndgame": 0
    },
    "blueData": {
      "blueScore": 54,
      "bluePenaltyFreeScore": 54,
      "blueAuto": 11,
      "blueTeleOp": 33,
      "blueEndgame": 10
    }
  },
  "predictedScores": {
    "redEPA": 40.614782822498974,
    "redAutonEPA": 13.367880097002566,
    "redTeleOpEPA": 24.616880864488014,
    "redEndgameEPA": 2.6300218610083954,
    "blueEPA": 56.943639028321506,
    "blueAutonEPA": 1.175762203541487,
    "blueTeleOpEPA": 55.132808445690316,
    "blueEndgameEPA": 0.6350683790897023
  }
}