{
  "winProbability": 0.7399294892927264,
  "predictedWinner": "Blue",
  "redTeams": [
    26859,
    15555
  ],
  "blueTeams": [
    26606,
    10645
  ],
  "actualWinner": "Red",
  "pointBreakdown": {
    "redData": {
      "redScore": 96,
      "redPenaltyFreeScore": 91,
      "redAuto": 33,
      "redTeleOp": 48,
      "redEndgame": 10
    },
    "blueData": {
      "blueScore": 83,
      "bluePenaltyFreeScore": 68,
      "blueAuto": 14,
      "blueTeleOp": 44,
      "blueEndgame": 10
    }
  },
  "predictedScores": {
    "redEPA": 77.74879628985366,
    "redAutonEPA": 28.975309175128768,
    "redTeleOpEPA": 37.86756511049628,
    "redEndgameEPA": 10.905922004228609,
    "blueEPA": 102.05450025900905,
    "blueAutonEPA": 22.925850655808794,
    "blueTeleOpEPA": 64.56089895807837,
    "blueEndgameEPA": 14.567750645121873
  }
}