{
  "predictedWinner": "Blue",
  "redTeams": [
    26606,
    8511
  ],
  "blueTeams": [
    10645,
    12326
  ],
  "actualWinner": "Blue",
  "pointBreakdown": {
    "redData": {
      "redScore": 75,
      "redPenaltyFreeScore": 35,
      "redAuto": 6,
      "redTeleOp": 19,
      "redEndgame": 10
    },
    "blueData": {
      "blueScore": 91,
      "bluePenaltyFreeScore": 91,
      "blueAuto": 14,
      "blueTeleOp": 77,
      "blueEndgame": 0
    }
  },
  "predictedScores": {
    "redEPA": 25.78703947725915,
    "redAutonEPA": 7.8595564841655055,
    "redTeleOpEPA": 16.90604855129538,
    "redEndgameEPA": 1.0214344417982637,
    "blueEPA": 87.14489632516322,
    "blueAutonEPA": 12.647858201647553,
    "blueTeleOpEPA": 69.2403329990424,
    "blueEndgameEPA": 5.256705124473269
  }
}