{
  "winProbability": 0.855635846596332,
  "predictedWinner": "Red",
  "redTeams": [
    10016,
    10136
  ],
  "blueTeams": [
    7253,
    31799
  ],
  "actualWinner": "Red",
  "pointBreakdown": {
    "redData": {
      "redScore": 189,
      "redPenaltyFreeScore": 189,
      "redAuto": 60,
      "redTeleOp": 114,
      "redEndgame": 15
    },
    "blueData": {
      "blueScore": 135,
      "bluePenaltyFreeScore": 135,
      "blueAuto": 39,
      "blueTeleOp": 81,
      "blueEndgame": 15
    }
  },
  "predictedScores": {
    "redEPA": 168.39862769748328,
    "redAutonEPA": 54.63764717433188,
    "redTeleOpEPA": 99.80524042595395,
    "redEndgameEPA": 13.955740097197452,
    "blueEPA": 120.54431164964691,
    "blueAutonEPA": 38.50019516125745,
    "blueTeleOpEPA": 70.91487646000525,
    "blueEndgameEPA": 11.129240028384224
  }
}