{
  "predictedWinner": "Blue",
  "redTeams": [
    16808,
    13417
  ],
  "blueTeams": [
    18954,
    8580
  ],
  "actualWinner": "Red",
  "pointBreakdown": {
    "redData": {
      "redScore": 102,
      "redPenaltyFreeScore": 102,
      "redAuto": 32,
      "redTeleOp": 70,
      "redEndgame": 0
    },
    "blueData": {
      "blueScore": 87,
      "bluePenaltyFreeScore": 72,
      "blueAuto": 22,
      "blueTeleOp": 50,
      "blueEndgame": 0
    }
  },
  "predictedScores": {
    "redEPA": 94.53395876625363,
    "redAutonEPA": 18.485850876237265,
    "redTeleOpEPA": 76.47320319553467,
    "redEndgameEPA": -0.4250953055182932,
    "blueEPA": 123.61549938223104,
    "blueAutonEPA": 26.471300345391594,
    "blueTeleOpEPA": 93.4587199656868,
    "blueEndgameEPA": 3.685479071152642
  }
}