{
  "winProbability": 0.5662740743624679,
  "predictedWinner": "Red",
  "redTeams": [
    16808,
    13417
  ],
  "blueTeams": [
    18954,
    8580
  ],
  "actualWinner": "Red",
  "pointBreakdown": {
    "redData": {
      "redScore": 102,
      "redPenaltyFreeScore": 87,
      "redAuto": 32,
      "redTeleOp": 40,
      "redEndgame": 15
    },
    "blueData": {
      "blueScore": 87,
      "bluePenaltyFreeScore": 87,
      "blueAuto": 22,
      "blueTeleOp": 55,
      "blueEndgame": 10
    }
  },
  "predictedScores": {
    "redEPA": 75.3784476525814,
    "redAutonEPA": 17.889833189231325,
    "redTeleOpEPA": 45.546007025006574,
    "redEndgameEPA": 11.942607438343497,
    "blueEPA": 68.20730623064563,
    "blueAutonEPA": 21.032701737362252,
    "blueTeleOpEPA": 31.396851955028097,
    "blueEndgameEPA": 15.777752538255278
  }
}