{
  "winProbability": 0.8255135126218301,
  "predictedWinner": "Red",
  "redTeams": [
    31722,
    10016
  ],
  "blueTeams": [
    25901,
    20252
  ],
  "actualWinner": "Red",
  "pointBreakdown": {
    "redData": {
      "redScore": 165,
      "redPenaltyFreeScore": 150,
      "redAuto": 51,
      "redTeleOp": 84,
      "redEndgame": 15
    },
    "blueData": {
      "blueScore": 58,
      "bluePenaltyFreeScore": 58,
      "blueAuto": 13,
      "blueTeleOp": 30,
      "blueEndgame": 15
    }
  },
  "predictedScores": {
    "redEPA": 85.65024226094307,
    "redAutonEPA": 20.661456672007013,
    "redTeleOpEPA": 50.805959818943776,
    "redEndgameEPA": 14.182825769992279,
    "blueEPA": 44.093073336084956,
    "blueAutonEPA": 12.307245866548897,
    "blueTeleOpEPA": 20.684605920864552,
    "blueEndgameEPA": 11.101221548671507
  }
}