{
  "winProbability": 0.6899337901957106,
  "predictedWinner": "Blue",
  "redTeams": [
    31799,
    18989
  ],
  "blueTeams": [
    30612,
    13019
  ],
  "actualWinner": "Blue",
  "pointBreakdown": {
    "redData": {
      "redScore": 43,
      "redPenaltyFreeScore": 38,
      "redAuto": 12,
      "redTeleOp": 26,
      "redEndgame": 0
    },
    "blueData": {
      "blueScore": 103,
      "bluePenaltyFreeScore": 73,
      "blueAuto": 22,
      "blueTeleOp": 36,
      "blueEndgame": 15
    }
  },
  "predictedScores": {
    "redEPA": 62.34201014728947,
    "redAutonEPA": 17.569940649442138,
    "redTeleOpEPA": 34.918716917886314,
    "redEndgameEPA": 9.853352579961022,
    "blueEPA": 83.72839632365918,
    "blueAutonEPA": 28.502255648001494,
    "blueTeleOpEPA": 44.29778748039614,
    "blueEndgameEPA": 10.928353195261554
  }
}