{
  "winProbability": 0.7557996264242058,
  "predictedWinner": "Blue",
  "redTeams": [
    18954,
    19692
  ],
  "blueTeams": [
    7252,
    21857
  ],
  "actualWinner": "Red",
  "pointBreakdown": {
    "redData": {
      "redScore": 99,
      "redPenaltyFreeScore": 74,
      "redAuto": 25,
      "redTeleOp": 44,
      "redEndgame": 5
    },
    "blueData": {
      "blueScore": 83,
      "bluePenaltyFreeScore": 83,
      "blueAuto": 29,
      "blueTeleOp": 44,
      "blueEndgame": 10
    }
  },
  "predictedScores": {
    "redEPA": 52.63867408654393,
    "redAutonEPA": 10.925293322807043,
    "redTeleOpEPA": 28.80402182287437,
    "redEndgameEPA": 12.909358940862518,
    "blueEPA": 82.84843896908225,
    "blueAutonEPA": 28.393869308465433,
    "blueTeleOpEPA": 44.20891370764622,
    "blueEndgameEPA": 10.245655952970605
  }
}