{
  "predictedWinner": "Blue",
  "redTeams": [
    7253,
    20252
  ],
  "blueTeams": [
    18954,
    32148
  ],
  "actualWinner": "Red",
  "pointBreakdown": {
    "redData": {
      "redScore": 157,
      "redPenaltyFreeScore": 152,
      "redAuto": 33,
      "redTeleOp": 119,
      "redEndgame": 0
    },
    "blueData": {
      "blueScore": 70,
      "bluePenaltyFreeScore": 25,
      "blueAuto": 24,
      "blueTeleOp": -9,
      "blueEndgame": 10
    }
  },
  "predictedScores": {
    "redEPA": 77.15217985840273,
    "redAutonEPA": 47.068305215447914,
    "redTeleOpEPA": 25.651073880005523,
    "redEndgameEPA": 4.432800762949296,
    "blueEPA": 91.17578989224936,
    "blueAutonEPA": 11.236580864209737,
    "blueTeleOpEPA": 82.77202443339681,
    "blueEndgameEPA": -2.8328154053571915
  }
}