{
  "predictedWinner": "Red",
  "redTeams": [
    22918,
    19692
  ],
  "blueTeams": [
    19949,
    29566
  ],
  "actualWinner": "Red",
  "pointBreakdown": {
    "redData": {
      "redScore": 65,
      "redPenaltyFreeScore": 65,
      "redAuto": 3,
      "redTeleOp": 52,
      "redEndgame": 10
    },
    "blueData": {
      "blueScore": 21,
      "bluePenaltyFreeScore": 6,
      "blueAuto": 3,
      "blueTeleOp": 3,
      "blueEndgame": 0
    }
  },
  "predictedScores": {
    "redEPA": 44.17741935483871,
    "redAutonEPA": 6.854838709677419,
    "redTeleOpEPA": 29.822147081557148,
    "redEndgameEPA": 7.500433563604146,
    "blueEPA": 36.64204428867714,
    "blueAutonEPA": 5.613575055109788,
    "blueTeleOpEPA": 28.59391549464446,
    "blueEndgameEPA": 2.434553738922895
  }
}