{
  "winProbability": 0.5558260113039472,
  "predictedWinner": "Blue",
  "redTeams": [
    13417,
    16808
  ],
  "blueTeams": [
    30612,
    21766
  ],
  "actualWinner": "Red",
  "pointBreakdown": {
    "redData": {
      "redScore": 135,
      "redPenaltyFreeScore": 105,
      "redAuto": 32,
      "redTeleOp": 58,
      "redEndgame": 15
    },
    "blueData": {
      "blueScore": 113,
      "bluePenaltyFreeScore": 68,
      "blueAuto": 30,
      "blueTeleOp": 28,
      "blueEndgame": 10
    }
  },
  "predictedScores": {
    "redEPA": 75.3784476525814,
    "redAutonEPA": 17.889833189231325,
    "redTeleOpEPA": 45.546007025006574,
    "redEndgameEPA": 11.942607438343497,
    "blueEPA": 81.40866205801142,
    "blueAutonEPA": 26.422104909338948,
    "blueTeleOpEPA": 40.2779623464891,
    "blueEndgameEPA": 14.708594802183368
  }
}