{
  "winProbability": 0.7970157261432145,
  "predictedWinner": "Blue",
  "redTeams": [
    23410,
    15229
  ],
  "blueTeams": [
    10477,
    5292
  ],
  "actualWinner": "Red",
  "pointBreakdown": {
    "redData": {
      "redScore": 132,
      "redPenaltyFreeScore": 132,
      "redAuto": 43,
      "redTeleOp": 79,
      "redEndgame": 10
    },
    "blueData": {
      "blueScore": 99,
      "bluePenaltyFreeScore": 94,
      "blueAuto": 28,
      "blueTeleOp": 51,
      "blueEndgame": 15
    }
  },
  "predictedScores": {
    "redEPA": 86.9548068671466,
    "redAutonEPA": 30.174148217280585,
    "redTeleOpEPA": 41.35592387505364,
    "redEndgameEPA": 15.42473477481237,
    "blueEPA": 127.37141304332957,
    "blueAutonEPA": 33.127931561057885,
    "blueTeleOpEPA": 81.34865173381152,
    "blueEndgameEPA": 12.894829748460154
  }
}