{
  "winProbability": 0.6772742646034954,
  "predictedWinner": "Red",
  "redTeams": [
    31738,
    23410
  ],
  "blueTeams": [
    12876,
    31577
  ],
  "actualWinner": "Red",
  "pointBreakdown": {
    "redData": {
      "redScore": 95,
      "redPenaltyFreeScore": 80,
      "redAuto": 30,
      "redTeleOp": 35,
      "redEndgame": 15
    },
    "blueData": {
      "blueScore": 69,
      "bluePenaltyFreeScore": 69,
      "blueAuto": 19,
      "blueTeleOp": 40,
      "blueEndgame": 10
    }
  },
  "predictedScores": {
    "redEPA": 83.35055922295771,
    "redAutonEPA": 29.481564617926175,
    "redTeleOpEPA": 40.961060504833924,
    "redEndgameEPA": 12.907934100197618,
    "blueEPA": 61.60449754543445,
    "blueAutonEPA": 14.918049351860942,
    "blueTeleOpEPA": 35.52027430626761,
    "blueEndgameEPA": 11.166173887305899
  }
}