{
  "predictedWinner": "Red",
  "redTeams": [
    8580,
    14638
  ],
  "blueTeams": [
    8621,
    23411
  ],
  "actualWinner": "Red",
  "pointBreakdown": {
    "redData": {
      "redScore": 92,
      "redPenaltyFreeScore": 77,
      "redAuto": 30,
      "redTeleOp": 47,
      "redEndgame": 0
    },
    "blueData": {
      "blueScore": 85,
      "bluePenaltyFreeScore": 85,
      "blueAuto": 10,
      "blueTeleOp": 75,
      "blueEndgame": 0
    }
  },
  "predictedScores": {
    "redEPA": 82.63933136094083,
    "redAutonEPA": 28.712222009215257,
    "redTeleOpEPA": 54.23341182505847,
    "redEndgameEPA": -0.3063024733328917,
    "blueEPA": 79.80205301440905,
    "blueAutonEPA": 19.63800807545694,
    "blueTeleOpEPA": 66.5344205581892,
    "blueEndgameEPA": -6.370375619237084
  }
}