{
  "winProbability": 0.6056231160721016,
  "predictedWinner": "Blue",
  "redTeams": [
    23588,
    31738
  ],
  "blueTeams": [
    14791,
    19940
  ],
  "actualWinner": "Blue",
  "pointBreakdown": {
    "redData": {
      "redScore": 51,
      "redPenaltyFreeScore": 51,
      "redAuto": 6,
      "redTeleOp": 35,
      "redEndgame": 10
    },
    "blueData": {
      "blueScore": 112,
      "bluePenaltyFreeScore": 112,
      "blueAuto": 30,
      "blueTeleOp": 67,
      "blueEndgame": 15
    }
  },
  "predictedScores": {
    "redEPA": 75.20023579708935,
    "redAutonEPA": 17.29122168568314,
    "redTeleOpEPA": 44.77615972917492,
    "redEndgameEPA": 13.13285438223129,
    "blueEPA": 87.783974953555,
    "blueAutonEPA": 26.216791392587847,
    "blueTeleOpEPA": 47.67283233840223,
    "blueEndgameEPA": 13.894351222564921
  }
}