{
  "predictedWinner": "Red",
  "redTeams": [
    20159,
    14791
  ],
  "blueTeams": [
    23410,
    27461
  ],
  "actualWinner": "Red",
  "pointBreakdown": {
    "redData": {
      "redScore": 118,
      "redPenaltyFreeScore": 118,
      "redAuto": 30,
      "redTeleOp": 78,
      "redEndgame": 10
    },
    "blueData": {
      "blueScore": 78,
      "bluePenaltyFreeScore": 78,
      "blueAuto": 37,
      "blueTeleOp": 41,
      "blueEndgame": 0
    }
  },
  "predictedScores": {
    "redEPA": 118.80346915822946,
    "redAutonEPA": 31.66396954262489,
    "redTeleOpEPA": 79.26035221087398,
    "redEndgameEPA": 7.8791474047305865,
    "blueEPA": 113.29494490729894,
    "blueAutonEPA": 29.32126304892988,
    "blueTeleOpEPA": 75.51561969713639,
    "blueEndgameEPA": 8.458062161232672
  }
}