{
  "winProbability": 0.6933007291394708,
  "predictedWinner": "Red",
  "redTeams": [
    20159,
    14791
  ],
  "blueTeams": [
    23410,
    27461
  ],
  "actualWinner": "Red",
  "pointBreakdown": {
    "redData": {
      "redScore": 118,
      "redPenaltyFreeScore": 118,
      "redAuto": 30,
      "redTeleOp": 58,
      "redEndgame": 30
    },
    "blueData": {
      "blueScore": 78,
      "bluePenaltyFreeScore": 78,
      "blueAuto": 37,
      "blueTeleOp": 31,
      "blueEndgame": 10
    }
  },
  "predictedScores": {
    "redEPA": 84.78177098204839,
    "redAutonEPA": 22.600949179063598,
    "redTeleOpEPA": 47.65127782652808,
    "redEndgameEPA": 14.52954397645671,
    "blueEPA": 60.85537217693723,
    "blueAutonEPA": 15.43772319775752,
    "blueTeleOpEPA": 34.462119349641526,
    "blueEndgameEPA": 10.955529629538187
  }
}