{
  "winProbability": 0.6002353837119517,
  "predictedWinner": "Red",
  "redTeams": [
    12876,
    31908
  ],
  "blueTeams": [
    10474,
    14638
  ],
  "actualWinner": "Red",
  "pointBreakdown": {
    "redData": {
      "redScore": 270,
      "redPenaltyFreeScore": 100,
      "redAuto": 21,
      "redTeleOp": 69,
      "redEndgame": 10
    },
    "blueData": {
      "blueScore": 69,
      "bluePenaltyFreeScore": 59,
      "blueAuto": 14,
      "blueTeleOp": 35,
      "blueEndgame": 10
    }
  },
  "predictedScores": {
    "redEPA": 61.37344847254913,
    "redAutonEPA": 15.408980668532049,
    "redTeleOpEPA": 34.96232766328911,
    "redEndgameEPA": 11.002140140727969,
    "blueEPA": 49.4499147460197,
    "blueAutonEPA": 11.772309680904385,
    "blueTeleOpEPA": 26.628330894901072,
    "blueEndgameEPA": 11.049274170214243
  }
}