{
  "predictedWinner": "Red",
  "redTeams": [
    15229,
    23410
  ],
  "blueTeams": [
    8580,
    20159
  ],
  "actualWinner": "Red",
  "pointBreakdown": {
    "redData": {
      "redScore": 125,
      "redPenaltyFreeScore": 125,
      "redAuto": 38,
      "redTeleOp": 87,
      "redEndgame": 0
    },
    "blueData": {
      "blueScore": 121,
      "bluePenaltyFreeScore": 116,
      "blueAuto": 49,
      "blueTeleOp": 67,
      "blueEndgame": 0
    }
  },
  "predictedScores": {
    "redEPA": 121.37991027401684,
    "redAutonEPA": 36.12507848217436,
    "redTeleOpEPA": 74.01464491042856,
    "redEndgameEPA": 11.24018688141392,
    "blueEPA": 114.04321034108604,
    "blueAutonEPA": 36.98781726478733,
    "blueTeleOpEPA": 74.90821284801483,
    "blueEndgameEPA": 2.147180228283887
  }
}