{
  "teamNumber": 10538,
  "teamName": "Team KILTS",
  "wins": 9,
  "loss": 9,
  "ties": 1,
  "elo": 1500,
  "totalEPA": 87.91076745668391,
  "autonEPA": 21.447555020878216,
  "endgameEPA": 0,
  "unitlessEPA": 1666.5989699423149,
  "teleOpEPA": 66.4632124358057,
  "totalEPAOverTime": [
    10.56875,
    10.7125,
    20.333855676976064,
    37.7372463429498,
    32.859709370139925,
    17.80626534008142,
    13.910526090650587,
    38.419104113503856,
    45.6179643064736,
    56.65853512311748,
    57.28331061482224,
    64.5708778149277,
    66.80035270822661,
    66.80035270822661,
    66.80035270822661,
    73.92486979160843,
    73.77987567975994,
    63.91899491257658,
    77.42291333833997,
    80.54562768545709,
    83.62385895748258,
    86.66045801945569,
    87.91076745668391
  ],
  "teleOpEPAOverTime": [
    9.63125,
    8.254166666666666,
    14.69279382470996,
    30.214789203081722,
    26.147102518131213,
    12.795689382585921,
    10.08624854846627,
    28.390557941735075,
    37.29022775642321,
    56.47638592567275,
    58.181195987177375,
    61.44427495021825,
    61.81964170357255,
    61.81964170357255,
    61.81964170357255,
    67.85742336677023,
    67.74661689769249,
    55.307268416177344,
    60.59353221309999,
    60.00259023270287,
    59.92301421002165,
    64.37729730363006,
    66.4632124358057
  ],
  "autonEPAOverTime": [
    0.9375,
    2.458333333333333,
    5.641061852266104,
    7.52245713986808,
    6.71260685200871,
    5.010575957495499,
    3.8242775421843183,
    10.028546171768781,
    8.327736550050393,
    0.1821491974447279,
    -0.8978853723551359,
    3.1266028647094455,
    4.980711004654063,
    4.980711004654063,
    4.980711004654063,
    6.0674464248382005,
    6.033258782067446,
    8.611726496399237,
    16.829381125239976,
    20.543037452754223,
    23.700844747460938,
    22.283160715825627,
    21.447555020878216
  ],
  "endGameEPAOverTime": [
    0,
    0,
    0,
    0,
    0,
    0,
    0,
    0,
    0,
    0,
    0,
    0,
    0,
    0,
    0,
    0,
    0,
    0,
    0,
    0,
    0,
    0,
    0
  ],
  "unitlessEPAOverTime": [
    1500,
    1439.9715409345297,
    1496.9691682510202,
    1600.0681501955505,
    1571.173258048086,
    1481.9955349224201,
    1458.9168855806602,
    1513.8556452160342,
    1544.003782638915,
    1590.2406364303367,
    1592.8571363869212,
    1623.3767702647701,
    1632.7135977155488,
    1625.1960105392013,
    1625.1960105392013,
    1616.5373111457602,
    1616.0183136578125,
    1580.7218986387786,
    1629.0583424506908,
    1640.2359060156562,
    1651.2542451546474,
    1662.1235643633843,
    1666.5989699423149
  ],
  "EPA Rank": 56,
  "Auto EPA Rank": 46,
  "TeleOp EPA Rank": 72,
  "Endgame EPA Rank": 103
}