{
  "teamNumber": 10645,
  "teamName": "Hornet Hackers",
  "wins": 32,
  "loss": 15,
  "ties": 0,
  "elo": 1500,
  "totalEPA": 112.7183463848666,
  "autonEPA": 32.827562910661726,
  "endgameEPA": 0,
  "unitlessEPA": 1777.973040417127,
  "teleOpEPA": 79.89078347420488,
  "totalEPAOverTime": [
    10.56875,
    16.379166666666666,
    29.217792629363107,
    36.68447313545372,
    49.41367768857308,
    60.60576978329953,
    63.83032643794012,
    72.06994628416625,
    73.08324617521501,
    71.42660079436567,
    68.85092848712293,
    69.80315551459108,
    61.073040310115424,
    58.62622085780341,
    58.852506408457074,
    61.60611459571312,
    62.25992436103902,
    59.13243811463865,
    52.036030941280146,
    51.526542812482035,
    58.98818193550009,
    83.38897339562166,
    103.45194117763118,
    112.66672629493776,
    107.74973606297405,
    100.1782801412695,
    100.1782801412695,
    100.1782801412695,
    100.1782801412695,
    108.32593721731055,
    111.10080514453588,
    102.27526155728306,
    97.45416460973179,
    106.11553703361545,
    109.54539385379024,
    104.55960379435159,
    102.0199534506465,
    111.04519209296234,
    119.17264267715439,
    107.33095917453981,
    100.15180565184902,
    100.15180565184902,
    100.15180565184902,
    100.15180565184902,
    101.26719914934304,
    103.76188316032328,
    80.44852088090425,
    72.81822323259651,
    94.35800633289793,
    109.40386039928197,
    114.36262633446903,
    112.7183463848666,
    112.7183463848666,
    112.7183463848666,
    112.7183463848666,
    112.7183463848666
  ],
  "teleOpEPAOverTime": [
    9.63125,
    15.254166666666666,
    28.757464528539675,
    37.2724308801024,
    50.110009154888665,
    58.55787387185238,
    60.82553606100562,
    68.8946440697336,
    69.66064774299934,
    66.98311529705006,
    62.96909005841229,
    63.22912000369553,
    55.823823802767826,
    53.67531218324391,
    52.819811247261214,
    53.9001208598666,
    51.9870649255986,
    49.327395916956156,
    44.05873252566529,
    44.21085483809013,
    47.24688628439992,
    62.37223707987688,
    80.49523905675134,
    87.84357494026374,
    82.90827050006514,
    75.65734611174118,
    75.65734611174118,
    75.65734611174118,
    75.65734611174118,
    83.91073593215411,
    87.85619733549841,
    78.48694671322272,
    70.13701820411352,
    76.79447566331353,
    80.12861119951285,
    73.71940203298504,
    69.62152581314714,
    80.5991932099198,
    89.8789746335823,
    79.23424525004378,
    71.71076705631751,
    71.71076705631751,
    71.71076705631751,
    71.71076705631751,
    71.14731575159702,
    73.50080204522646,
    60.43430454223807,
    54.56685678047813,
    68.70865995712602,
    78.84449210796083,
    81.2737869156901,
    79.89078347420488,
    79.89078347420488,
    79.89078347420488,
    79.89078347420488,
    79.89078347420488
  ],
  "autonEPAOverTime": [
    0.9375,
    1.125,
    0.4603281008234329,
    -0.5879577446486755,
    -0.6963314663155851,
    2.047895911447146,
    3.0047903769345,
    3.1753022144326435,
    3.422598432215658,
    4.4434854973156135,
    5.881838428710633,
    6.574035510895555,
    5.249216507347597,
    4.950908674559498,
    6.032695161195859,
    7.7059937358465245,
    10.272859435440417,
    9.805042197682496,
    7.977298415614855,
    7.315687974391909,
    11.741295651100167,
    21.016736315744783,
    22.956702120879836,
    24.823151354674025,
    24.841465562908912,
    24.52093402952832,
    24.52093402952832,
    24.52093402952832,
    24.52093402952832,
    24.415201285156442,
    23.244607809037475,
    23.78831484406033,
    27.317146405618274,
    29.32106137030192,
    29.416782654277398,
    30.840201761366544,
    32.39842763749935,
    30.44599888304253,
    29.293668043572083,
    28.096713924496026,
    28.44103859553151,
    28.44103859553151,
    28.44103859553151,
    28.44103859553151,
    30.119883397746023,
    30.261081115096808,
    20.01421633866619,
    18.251366452118376,
    25.649346375771916,
    30.55936829132113,
    33.08883941877894,
    32.827562910661726,
    32.827562910661726,
    32.827562910661726,
    32.827562910661726,
    32.827562910661726
  ],
  "endGameEPAOverTime": [
    0,
    0,
    0,
    0,
    0,
    0,
    0,
    0,
    0,
    0,
    0,
    0,
    0,
    0,
    0,
    0,
    0,
    0,
    0,
    0,
    0,
    0,
    0,
    0,
    0,
    0,
    0,
    0,
    0,
    0,
    0,
    0,
    0,
    0,
    0,
    0,
    0,
    0,
    0,
    0,
    0,
    0,
    0,
    0,
    0,
    0,
    0,
    0,
    0,
    0,
    0,
    0,
    0,
    0,
    0,
    0
  ],
  "unitlessEPAOverTime": [
    1500,
    1554.5309760230552,
    1697.0376495149499,
    1779.9165965332236,
    1921.2087100610745,
    2045.4391236947947,
    2081.2311814799623,
    1942.349290948488,
    1950.0732123112107,
    1937.4453626877844,
    1917.8121913699679,
    1925.0705822418063,
    1858.5249091172507,
    1839.8739241468709,
    1673.8840210272006,
    1688.2702936530684,
    1691.6861338488393,
    1675.346528968741,
    1638.2712294644089,
    1635.6094001037702,
    1655.4944305656097,
    1776.3372699463907,
    1875.6974073888787,
    1921.332845062241,
    1896.9818701436961,
    1859.4848802070983,
    1851.1215944464955,
    1851.1215944464955,
    1851.1215944464955,
    1871.7292812167589,
    1884.8988453796292,
    1843.0126851756888,
    1820.131687862897,
    1861.2386893009477,
    1877.5168404228707,
    1768.161215792838,
    1758.0479801179806,
    1793.987717112802,
    1826.3523390370065,
    1779.197132673324,
    1750.6087595923937,
    1744.1625603890166,
    1744.1625603890166,
    1744.1625603890166,
    1745.424236081176,
    1755.0861149832706,
    1664.7937644679444,
    1635.2417203852474,
    1718.6650216837243,
    1776.9374198424275,
    1796.1426561604267,
    1789.7743811868124,
    1777.973040417127,
    1777.973040417127,
    1777.973040417127,
    1777.973040417127
  ],
  "EPA Rank": 26,
  "Auto EPA Rank": 9,
  "TeleOp EPA Rank": 38,
  "Endgame EPA Rank": 109
}