{
  "teamNumber": 11228,
  "teamName": "OverClucked Bots",
  "wins": 21,
  "loss": 6,
  "ties": 0,
  "elo": 1500,
  "totalEPA": 172.56120319468508,
  "autonEPA": 41.73560491672796,
  "endgameEPA": 0,
  "unitlessEPA": 1969.5999879947815,
  "teleOpEPA": 130.8255982779571,
  "totalEPAOverTime": [
    10.56875,
    15.879166666666666,
    21.84023927397397,
    11.096913806206116,
    6.102897134178679,
    16.570451052414143,
    20.038005772229802,
    20.038005772229802,
    20.038005772229802,
    44.54658379508307,
    52.22317152020109,
    81.95663396034026,
    125.46673561280424,
    127.53230106712726,
    127.49370339957383,
    127.49370339957383,
    127.49370339957383,
    127.49370339957383,
    134.2253496928227,
    157.02820840751616,
    165.69746587212055,
    160.6351059714258,
    180.00289352613188,
    176.57851284934983,
    172.81871876902298,
    172.56120319468508,
    172.56120319468508,
    172.56120319468508,
    172.56120319468508,
    172.56120319468508,
    172.56120319468508
  ],
  "teleOpEPAOverTime": [
    9.63125,
    14.754166666666666,
    20.357445323187335,
    12.63059128624107,
    7.911939508767945,
    16.65077926857226,
    20.08789509192089,
    20.08789509192089,
    20.08789509192089,
    38.392204485189694,
    43.90167007460106,
    65.51600077884781,
    96.64062699090027,
    100.92123277040055,
    103.39562435569366,
    103.39562435569366,
    103.39562435569366,
    103.39562435569366,
    111.5280384208649,
    130.20222195328768,
    132.9822434867683,
    133.05842893059585,
    143.9538413561009,
    136.7788620813024,
    131.3399438802881,
    130.8255982779571,
    130.8255982779571,
    130.8255982779571,
    130.8255982779571,
    130.8255982779571,
    130.8255982779571
  ],
  "autonEPAOverTime": [
    0.9375,
    1.125,
    1.4827939507866348,
    -1.533677480034955,
    -1.809042374589266,
    -0.08032821615812025,
    -0.04988931969108673,
    -0.04988931969108673,
    -0.04988931969108673,
    6.1543793098933754,
    8.321501445600033,
    16.440633181492448,
    28.826108621903977,
    26.61106829672671,
    24.098079043880176,
    24.098079043880176,
    24.098079043880176,
    24.098079043880176,
    22.69731127195781,
    26.82598645422847,
    32.71522238535225,
    27.576677040829935,
    36.049052170031004,
    39.799650768047435,
    41.47877488873488,
    41.73560491672796,
    41.73560491672796,
    41.73560491672796,
    41.73560491672796,
    41.73560491672796,
    41.73560491672796
  ],
  "endGameEPAOverTime": [
    0,
    0,
    0,
    0,
    0,
    0,
    0,
    0,
    0,
    0,
    0,
    0,
    0,
    0,
    0,
    0,
    0,
    0,
    0,
    0,
    0,
    0,
    0,
    0,
    0,
    0,
    0,
    0,
    0,
    0,
    0
  ],
  "unitlessEPAOverTime": [
    1500,
    1462.5998245982098,
    1494.4535414661816,
    1437.0452744956956,
    1410.3591386969654,
    1466.293786834445,
    1484.823087439475,
    1476.1410616177197,
    1476.1410616177197,
    1539.5169436083222,
    1571.665758208399,
    1696.1866528604155,
    1878.4027938521551,
    1887.0531842616954,
    1886.8915409244987,
    1874.4146033990191,
    1874.4146033990191,
    1874.4146033990191,
    1839.8381112972027,
    1922.9500490591463,
    1954.5477884415418,
    1936.0964816883236,
    2006.6882602882606,
    1994.2070658361579,
    1980.5033554588053,
    1979.5647618089963,
    1969.5999879947815,
    1969.5999879947815,
    1969.5999879947815,
    1969.5999879947815,
    1969.5999879947815
  ],
  "EPA Rank": 2,
  "Auto EPA Rank": 2,
  "TeleOp EPA Rank": 2,
  "Endgame EPA Rank": 121
}