{
  "teamNumber": 11231,
  "teamName": "Cyborg Cats",
  "wins": 12,
  "loss": 10,
  "ties": 0,
  "elo": 1500,
  "totalEPA": 121.04099550284661,
  "autonEPA": 28.880903903281588,
  "endgameEPA": 0,
  "unitlessEPA": 1802.8660049690982,
  "teleOpEPA": 92.16009159956502,
  "totalEPAOverTime": [
    10.56875,
    18.340036895021388,
    44.79852001829636,
    68.0512689601017,
    75.7528131002237,
    77.90745820389482,
    79.79870600848864,
    79.79870600848864,
    79.79870600848864,
    79.79870600848864,
    84.57079667374053,
    78.57578504955465,
    62.63996867429389,
    74.57422138096256,
    74.13567743587858,
    76.04979366885169,
    82.55441979832247,
    98.2913305159262,
    102.44982443274347,
    91.52005536147507,
    106.18621867475397,
    124.26876625875532,
    122.19076360688332,
    121.04099550284661,
    121.04099550284661,
    121.04099550284661
  ],
  "teleOpEPAOverTime": [
    9.63125,
    14.454436876043106,
    31.965268571423636,
    51.205001126975375,
    59.941853653731755,
    63.777685799004956,
    65.72298002762368,
    65.72298002762368,
    65.72298002762368,
    65.72298002762368,
    69.1639416896864,
    61.77471702626015,
    47.331628286170044,
    56.602394633864606,
    56.808651402931694,
    60.09049242707806,
    66.4336273047294,
    81.30870612535956,
    80.70755107510485,
    69.0783718847888,
    80.89577767548134,
    93.13259198452258,
    92.57793622996908,
    92.16009159956502,
    92.16009159956502,
    92.16009159956502
  ],
  "autonEPAOverTime": [
    0.9375,
    3.8856000189782827,
    12.833251446872724,
    16.846267833126316,
    15.810959446491951,
    14.129772404889861,
    14.075725980864956,
    14.075725980864956,
    14.075725980864956,
    14.075725980864956,
    15.40685498405413,
    16.80106802329451,
    15.308340388123845,
    17.971826747097953,
    17.327026032946883,
    15.95930124177363,
    16.12079249359307,
    16.982624390566645,
    21.74227335763862,
    22.441683476686283,
    25.29044099927263,
    31.136174274232737,
    29.612827376914247,
    28.880903903281588,
    28.880903903281588,
    28.880903903281588
  ],
  "endGameEPAOverTime": [
    0,
    0,
    0,
    0,
    0,
    0,
    0,
    0,
    0,
    0,
    0,
    0,
    0,
    0,
    0,
    0,
    0,
    0,
    0,
    0,
    0,
    0,
    0,
    0,
    0,
    0
  ],
  "unitlessEPAOverTime": [
    1500,
    1467.2359412744001,
    1605.9993659031375,
    1727.9500862132809,
    1768.3413903872006,
    1779.6415821650858,
    1789.5603677947938,
    1775.5507911596737,
    1775.5507911596737,
    1775.5507911596737,
    1732.2184807165995,
    1705.535025753969,
    1634.6056155712552,
    1687.7242939948833,
    1685.7723598967787,
    1694.2919821256537,
    1664.3529339247114,
    1723.6300133349696,
    1739.294039048638,
    1698.1242821122516,
    1753.3681189087933,
    1821.4806365630739,
    1813.6533107034975,
    1809.322416512802,
    1802.8660049690982,
    1802.8660049690982
  ],
  "EPA Rank": 18,
  "Auto EPA Rank": 17,
  "TeleOp EPA Rank": 23,
  "Endgame EPA Rank": 122
}