{
  "teamNumber": 11317,
  "teamName": "Alpha Wolfpack ",
  "wins": 1,
  "loss": 9,
  "ties": 0,
  "elo": 1500,
  "totalEPA": 3.6422948788332214,
  "autonEPA": -1.1445978248750819,
  "endgameEPA": 0,
  "unitlessEPA": 1366.5177628238216,
  "teleOpEPA": 4.786892703708303,
  "totalEPAOverTime": [
    10.56875,
    9.2125,
    15.442652236395414,
    31.150389262797173,
    6.857942639089901,
    18.822142516695912,
    24.933464986478956,
    20.193072431301005,
    10.717571328145103,
    1.6086365194495853,
    0.2615035368346237,
    3.594741859786725,
    3.6422948788332214
  ],
  "teleOpEPAOverTime": [
    9.63125,
    8.5875,
    12.075996807407051,
    22.1190594144244,
    2.675037250269602,
    15.228033385897755,
    21.591675606675423,
    14.684855932484652,
    2.7612557904520516,
    -0.23478817146172837,
    1.2803151454922563,
    5.0653142431311045,
    4.786892703708303
  ],
  "autonEPAOverTime": [
    0.9375,
    0.625,
    3.3666554289883637,
    9.031329848372776,
    4.182905388820299,
    3.594109130798158,
    3.341789379803533,
    5.508216498816353,
    7.956315537693052,
    1.8434246909113137,
    -1.0188116086576327,
    -1.4705723833443793,
    -1.1445978248750819
  ],
  "endGameEPAOverTime": [
    0,
    0,
    0,
    0,
    0,
    0,
    0,
    0,
    0,
    0,
    0,
    0,
    0
  ],
  "unitlessEPAOverTime": [
    1500,
    1391.5411828057915,
    1417.63246402997,
    1483.4149631729456,
    1381.6805219533837,
    1431.7854458435754,
    1457.3790793794078,
    1431.2814839149855,
    1394.2035455100734,
    1358.5599927212202,
    1353.288618341243,
    1366.3316863417467,
    1366.5177628238216
  ],
  "EPA Rank": 563,
  "Auto EPA Rank": 585,
  "TeleOp EPA Rank": 555,
  "Endgame EPA Rank": 127
}