{
  "teamNumber": 11714,
  "teamName": "Burr Oak BossCats",
  "wins": 2,
  "loss": 3,
  "ties": 0,
  "elo": 1500,
  "totalEPA": 5.620406039830817,
  "autonEPA": 2.8741606646543807,
  "endgameEPA": 0,
  "unitlessEPA": 1382.5471365241594,
  "teleOpEPA": 2.746245375176436,
  "totalEPAOverTime": [
    10.56875,
    19.332141067094078,
    32.456513072256506,
    13.987753514581097,
    1.4547111021112382,
    1.516728590486442,
    5.620406039830817
  ],
  "teleOpEPAOverTime": [
    9.63125,
    15.527996617658957,
    23.589893744746718,
    8.96706068921595,
    -2.0500680527604125,
    -1.1659734652177707,
    2.746245375176436
  ],
  "autonEPAOverTime": [
    0.9375,
    3.804144449435122,
    8.866619327509786,
    5.020692825365147,
    3.5047791548716507,
    2.6827020557042127,
    2.8741606646543807
  ],
  "endGameEPAOverTime": [
    0,
    0,
    0,
    0,
    0,
    0,
    0
  ],
  "unitlessEPAOverTime": [
    1500,
    1445.783921674965,
    1506.311862966094,
    1421.136283228851,
    1363.335479118543,
    1363.621495919493,
    1382.5471365241594
  ],
  "EPA Rank": 544,
  "Auto EPA Rank": 355,
  "TeleOp EPA Rank": 572,
  "Endgame EPA Rank": 134
}