{
  "teamNumber": 12111,
  "teamName": "Bulldog Automatons",
  "wins": 4,
  "loss": 6,
  "ties": 0,
  "elo": 1500,
  "totalEPA": 24.10853046120328,
  "autonEPA": 2.0550259262234327,
  "endgameEPA": 0,
  "unitlessEPA": 1449.0257029566326,
  "teleOpEPA": 22.053504534979847,
  "totalEPAOverTime": [
    10.56875,
    14.879166666666666,
    26.076033146284797,
    16.54081923165872,
    18.388832311989535,
    24.445323023422187,
    19.801807244573748,
    23.915835454997342,
    34.48752663655892,
    25.80029523468846,
    22.121680957057382,
    24.488654086855604,
    24.10853046120328
  ],
  "teleOpEPAOverTime": [
    9.63125,
    14.254166666666666,
    24.675100402818952,
    14.51193351376858,
    18.178617931612884,
    24.203635897139872,
    19.508011045170782,
    22.82198076760018,
    32.097490783637525,
    24.561731866537222,
    20.350008793744706,
    22.468382540017352,
    22.053504534979847
  ],
  "autonEPAOverTime": [
    0.9375,
    0.625,
    1.4009327434658438,
    2.028885717890139,
    0.2102143803766514,
    0.2416871262823157,
    0.29379619940296386,
    1.0938546873971635,
    2.3900358529213954,
    1.2385633681512367,
    1.7716721633126746,
    2.0202715468382513,
    2.0550259262234327
  ],
  "endGameEPAOverTime": [
    0,
    0,
    0,
    0,
    0,
    0,
    0,
    0,
    0,
    0,
    0,
    0,
    0
  ],
  "unitlessEPAOverTime": [
    1500,
    1434.583648738042,
    1489.260884782009,
    1442.697934077116,
    1451.7222666963821,
    1481.2976995042932,
    1458.6221939263576,
    1448.2389763901917,
    1491.400605061853,
    1455.932764627174,
    1440.913882524913,
    1450.5776547208259,
    1449.0257029566326
  ],
  "EPA Rank": 363,
  "Auto EPA Rank": 400,
  "TeleOp EPA Rank": 357,
  "Endgame EPA Rank": 142
}