{
  "teamNumber": 12113,
  "teamName": "Armadillo Pups",
  "wins": 1,
  "loss": 4,
  "ties": 0,
  "elo": 1500,
  "totalEPA": 20.767290001653677,
  "autonEPA": 2.6989827414225633,
  "endgameEPA": 0,
  "unitlessEPA": 1447.9279049344134,
  "teleOpEPA": 18.068307260231116,
  "totalEPAOverTime": [
    10.56875,
    11.280675115402635,
    22.842490018901135,
    23.119152428803545,
    18.541297591692008,
    20.154109285793158,
    20.767290001653677
  ],
  "teleOpEPAOverTime": [
    9.63125,
    10.300596580525097,
    19.85496827848168,
    19.318241019900952,
    15.838249871711891,
    17.513555164638994,
    18.068307260231116
  ],
  "autonEPAOverTime": [
    0.9375,
    0.980078534877539,
    2.9875217404194516,
    3.8009114089025915,
    2.7030477199801157,
    2.6405541211541648,
    2.6989827414225633
  ],
  "endGameEPAOverTime": [
    0,
    0,
    0,
    0,
    0,
    0,
    0
  ],
  "unitlessEPAOverTime": [
    1500,
    1405.9481842273733,
    1457.1109821626828,
    1458.3352556087011,
    1438.0775483228454,
    1445.2144865545786,
    1447.9279049344134
  ],
  "EPA Rank": 394,
  "Auto EPA Rank": 368,
  "TeleOp EPA Rank": 397,
  "Endgame EPA Rank": 143
}