{
  "teamNumber": 13462,
  "teamName": "Digital Owls",
  "wins": 12,
  "loss": 12,
  "ties": 0,
  "elo": 1500,
  "totalEPA": 62.51809373912966,
  "autonEPA": 12.081832504287759,
  "endgameEPA": 0,
  "unitlessEPA": 1583.814226596966,
  "teleOpEPA": 50.4362612348419,
  "totalEPAOverTime": [
    10.56875,
    26.045833333333334,
    60.864260640714136,
    53.706026205951005,
    44.19310176953735,
    40.127356618043954,
    43.87750392969792,
    43.87750392969792,
    43.87750392969792,
    38.93094227897398,
    30.308972237509145,
    26.42487108887826,
    23.295049146921393,
    33.28779838491128,
    37.62266697478104,
    45.878091922072876,
    60.37191585108742,
    64.73281238435169,
    66.16581022353152,
    62.29815079717435,
    57.67886137363527,
    62.15335232802247,
    63.74111703492205,
    63.670410845080156,
    67.11564300890063,
    52.14760794341809,
    58.526997270733276,
    66.65408908890336,
    62.51809373912966
  ],
  "teleOpEPAOverTime": [
    9.63125,
    22.420833333333334,
    52.01859731045989,
    46.69787172040078,
    38.70799464942712,
    33.2332295623483,
    36.26975688732349,
    36.26975688732349,
    36.26975688732349,
    31.082469989181483,
    22.187809521264676,
    18.64080904400677,
    16.94590684312047,
    28.62521448342652,
    33.688838055200854,
    39.25954366459344,
    45.78897451130109,
    45.26938253529671,
    52.2774505180944,
    53.657996531070026,
    49.5748235480998,
    52.9909980071798,
    54.727608273455935,
    54.24387586091971,
    54.546685082911274,
    39.06687419373147,
    42.4175345446627,
    52.3548970051923,
    50.4362612348419
  ],
  "autonEPAOverTime": [
    0.9375,
    3.625,
    8.845663330254247,
    7.008154485550231,
    5.485107120110226,
    6.894127055695652,
    7.607747042374436,
    7.607747042374436,
    7.607747042374436,
    7.848472289792499,
    8.12116271624447,
    7.784062044871489,
    6.349142303800925,
    4.662583901484755,
    3.9338289195801854,
    6.618548257479441,
    14.582941339786327,
    19.463429849054982,
    13.888359705437122,
    8.640154266104325,
    8.104037825535471,
    9.162354320842676,
    9.013508761466113,
    9.426534984160448,
    12.568957925989357,
    13.080733749686614,
    16.10946272607057,
    14.299192083711063,
    12.081832504287759
  ],
  "endGameEPAOverTime": [
    0,
    0,
    0,
    0,
    0,
    0,
    0,
    0,
    0,
    0,
    0,
    0,
    0,
    0,
    0,
    0,
    0,
    0,
    0,
    0,
    0,
    0,
    0,
    0,
    0,
    0,
    0,
    0,
    0
  ],
  "unitlessEPAOverTime": [
    1500,
    1507.6495469331262,
    1690.2573022926433,
    1652.7154250869428,
    1602.8242061957908,
    1581.5011122655642,
    1601.1690305435243,
    1592.4160629341272,
    1592.4160629341272,
    1509.5419840236475,
    1474.3405897569523,
    1458.4827550338975,
    1445.7044577731176,
    1486.5024081305207,
    1504.2006160334088,
    1530.902940330081,
    1587.0373329080792,
    1603.9270287667575,
    1609.4770108599519,
    1594.4976159355726,
    1576.6071677555547,
    1593.93681333773,
    1600.0862055074645,
    1587.9680228573716,
    1600.3871672095702,
    1546.4313873642834,
    1569.4273868115158,
    1598.7233882576134,
    1583.814226596966
  ],
  "EPA Rank": 134,
  "Auto EPA Rank": 122,
  "TeleOp EPA Rank": 150,
  "Endgame EPA Rank": 169
}