{
  "teamNumber": 13647,
  "teamName": "Code Red Robotics - M.E.D.I.C.S.",
  "wins": 3,
  "loss": 7,
  "ties": 0,
  "elo": 1500,
  "totalEPA": 16.292555876806293,
  "autonEPA": 4.2692664308647075,
  "endgameEPA": 0,
  "unitlessEPA": 1424.7077546908815,
  "teleOpEPA": 12.023289445941586,
  "totalEPAOverTime": [
    10.56875,
    5.0458333333333325,
    2.6464810683050617,
    10.554607624782822,
    17.008477521162217,
    14.004154942902247,
    5.836359213235667,
    7.353003848766812,
    7.04231312858433,
    2.065950584709061,
    9.364556435366506,
    14.90799314363713,
    16.292555876806293
  ],
  "teleOpEPAOverTime": [
    9.63125,
    4.4208333333333325,
    3.62684343448294,
    14.079405857793674,
    17.820941407671867,
    14.269199767689088,
    7.631581928247105,
    8.88152361575529,
    8.162850840745794,
    2.550094907410127,
    8.36227246295,
    12.036914452350612,
    12.023289445941586
  ],
  "autonEPAOverTime": [
    0.9375,
    0.625,
    -0.9803623661778782,
    -3.524798233010853,
    -0.812463886509649,
    -0.2650448247868402,
    -1.795222715011437,
    -1.5285197669884778,
    -1.1205377121614633,
    -0.484144322701066,
    1.0022839724165058,
    2.871078691286518,
    4.2692664308647075
  ],
  "endGameEPAOverTime": [
    0,
    0,
    0,
    0,
    0,
    0,
    0,
    0,
    0,
    0,
    0,
    0,
    0
  ],
  "unitlessEPAOverTime": [
    1500,
    1388.0127159850847,
    1375.6607154883914,
    1416.37219607308,
    1449.5970815255432,
    1434.1306598084066,
    1392.0823877058763,
    1386.5701564328751,
    1385.2446987553938,
    1364.0147182273731,
    1395.151770386457,
    1418.8009825042004,
    1424.7077546908815
  ],
  "EPA Rank": 441,
  "Auto EPA Rank": 300,
  "TeleOp EPA Rank": 466,
  "Endgame EPA Rank": 175
}