{
  "teamNumber": 13989,
  "teamName": "Robo Revolution",
  "wins": 1,
  "loss": 4,
  "ties": 0,
  "elo": 1500,
  "totalEPA": 29.26336152116665,
  "autonEPA": 4.475634371046831,
  "endgameEPA": 0,
  "unitlessEPA": 1471.0618917721488,
  "teleOpEPA": 24.78772715011982,
  "totalEPAOverTime": [
    10.56875,
    11.045833333333333,
    11.224185528120714,
    13.697484023631953,
    31.043121987404195,
    33.92429593469571,
    29.26336152116665
  ],
  "teleOpEPAOverTime": [
    9.63125,
    9.420833333333333,
    8.332467421124829,
    10.950514500537109,
    26.77229580622498,
    29.26041131924225,
    24.78772715011982
  ],
  "autonEPAOverTime": [
    0.9375,
    1.625,
    2.891718106995885,
    2.746969523094844,
    4.270826181179215,
    4.663884615453457,
    4.475634371046831
  ],
  "endGameEPAOverTime": [
    0,
    0,
    0,
    0,
    0,
    0,
    0
  ],
  "unitlessEPAOverTime": [
    1500,
    1396.257210721591,
    1396.9895591998354,
    1407.1453993990074,
    1478.369931186201,
    1490.2005865833617,
    1471.0618917721488
  ],
  "EPA Rank": 323,
  "Auto EPA Rank": 291,
  "TeleOp EPA Rank": 334,
  "Endgame EPA Rank": 186
}