{
  "teamNumber": 13998,
  "teamName": "GFU-PantherBots",
  "wins": 1,
  "loss": 6,
  "ties": 0,
  "elo": 1500,
  "totalEPA": -0.49758132442606184,
  "autonEPA": 0.04857444513835801,
  "endgameEPA": 0,
  "unitlessEPA": 1353.193172014753,
  "teleOpEPA": -0.5461557695644199,
  "totalEPAOverTime": [
    10.56875,
    10.749576948839703,
    12.964400686847942,
    10.741415224416713,
    6.605600573590944,
    1.6076986464779903,
    -0.49758132442606184,
    -0.49758132442606184,
    -0.49758132442606184
  ],
  "teleOpEPAOverTime": [
    9.63125,
    10.395361579741703,
    13.328785388168702,
    11.612982134790496,
    7.033064311048703,
    1.5872509905896652,
    -0.5461557695644199,
    -0.5461557695644199,
    -0.5461557695644199
  ],
  "autonEPAOverTime": [
    0.9375,
    0.35421536909800033,
    -0.3643847013207614,
    -0.8715669103737826,
    -0.4274637374577582,
    0.020447655888325006,
    0.04857444513835801,
    0.04857444513835801,
    0.04857444513835801
  ],
  "endGameEPAOverTime": [
    0,
    0,
    0,
    0,
    0,
    0,
    0,
    0,
    0
  ],
  "unitlessEPAOverTime": [
    1500,
    1391.3368571157923,
    1399.1486575065542,
    1391.308070282356,
    1376.720833406119,
    1359.0929691398994,
    1351.6675354057636,
    1353.193172014753,
    1353.193172014753
  ],
  "EPA Rank": 595,
  "Auto EPA Rank": 513,
  "TeleOp EPA Rank": 593,
  "Endgame EPA Rank": 188
}