{
  "teamNumber": 14649,
  "teamName": "Robogators",
  "wins": 6,
  "loss": 18,
  "ties": 0,
  "elo": 1500,
  "totalEPA": 32.53358148397495,
  "autonEPA": 6.95957810608366,
  "endgameEPA": 0,
  "unitlessEPA": 1475.7280459506972,
  "teleOpEPA": 25.574003377891287,
  "totalEPAOverTime": [
    10.56875,
    12.379166666666666,
    11.998703570214843,
    10.81041683932775,
    13.709104863729257,
    15.338120287354897,
    11.699814758761963,
    12.988387298968304,
    21.14913492256318,
    21.049381881158087,
    16.921997342277045,
    17.274073180771396,
    23.85352705317939,
    23.85352705317939,
    23.85352705317939,
    20.547826093475546,
    11.578914638701296,
    -1.4147767764209913,
    -12.697979465026144,
    5.835027368274735,
    18.816677641646237,
    18.18419390565777,
    17.420806123020494,
    10.546282036984291,
    22.99645289331129,
    49.786202695207095,
    33.35978010683072,
    30.67603552575353,
    32.53358148397495
  ],
  "teleOpEPAOverTime": [
    9.63125,
    11.420833333333333,
    12.122188028542729,
    11.191423920663574,
    13.999415394189594,
    14.608839875896184,
    10.636851042328981,
    10.092167535274154,
    12.653207518221365,
    13.073082859004032,
    10.116769610394446,
    11.944222181968591,
    15.990059663037481,
    15.990059663037481,
    15.990059663037481,
    12.626960085062056,
    4.945907637945552,
    -5.553826351084964,
    -11.732573084088955,
    5.908005224712503,
    17.563814866346345,
    15.310880270185107,
    14.548555501898452,
    8.414203794088404,
    16.27877837339796,
    37.7311071185264,
    25.060642711066095,
    23.462757771234834,
    25.574003377891287
  ],
  "autonEPAOverTime": [
    0.9375,
    0.9583333333333334,
    -0.1234844583278849,
    -0.3810070813358244,
    -0.2903105304603377,
    0.7292804114587136,
    1.0629637164329815,
    2.896219763694151,
    8.495927404341817,
    7.976299022154055,
    6.805227731882599,
    5.3298509988028036,
    7.86346739014191,
    7.86346739014191,
    7.86346739014191,
    7.920866008413491,
    6.633007000755743,
    4.139049574663972,
    -0.9654063809371891,
    -0.07297785643776789,
    1.2528627752998933,
    2.873313635472664,
    2.872250621122043,
    2.132078242895886,
    6.717674519913331,
    12.05509557668069,
    8.299137395764626,
    7.213277754518698,
    6.95957810608366
  ],
  "endGameEPAOverTime": [
    0,
    0,
    0,
    0,
    0,
    0,
    0,
    0,
    0,
    0,
    0,
    0,
    0,
    0,
    0,
    0,
    0,
    0,
    0,
    0,
    0,
    0,
    0,
    0,
    0,
    0,
    0,
    0,
    0
  ],
  "unitlessEPAOverTime": [
    1500,
    1435.9737270801797,
    1433.9783609073525,
    1427.7463053714955,
    1442.9486839554147,
    1451.4921729340583,
    1432.4108169605897,
    1402.1719959786994,
    1432.434686866153,
    1432.0647703344375,
    1416.7590939142187,
    1418.064704963688,
    1442.4634473256326,
    1439.8156966042116,
    1439.8156966042116,
    1425.477472644483,
    1393.373806810675,
    1346.863689140079,
    1306.476160455393,
    1372.8139162992484,
    1419.2809334449953,
    1417.0169968894968,
    1414.2844973661179,
    1396.4696875112506,
    1441.3492374870061,
    1537.9191503778939,
    1478.7062719374926,
    1469.0320875075329,
    1475.7280459506972
  ],
  "EPA Rank": 299,
  "Auto EPA Rank": 235,
  "TeleOp EPA Rank": 320,
  "Endgame EPA Rank": 205
}