{
  "teamNumber": 14706,
  "teamName": "Armada Pi-Gears",
  "wins": 20,
  "loss": 16,
  "ties": 0,
  "elo": 1500,
  "totalEPA": 81.12647319539902,
  "autonEPA": 18.88345701999705,
  "endgameEPA": 0,
  "unitlessEPA": 1649.4208790121988,
  "teleOpEPA": 62.24301617540196,
  "totalEPAOverTime": [
    10.56875,
    19.879166666666663,
    39.69983004933756,
    40.188850092663095,
    41.990275936083286,
    39.599573790931224,
    37.230382029812645,
    52.5971933581772,
    61.04238821029609,
    91.23359509874666,
    96.0764541314738,
    92.69760537563744,
    96.01165258087902,
    96.01165258087902,
    96.01165258087902,
    96.01165258087902,
    96.01165258087902,
    96.01165258087902,
    88.2088375977131,
    67.09977869411183,
    65.64206156885896,
    76.56891108873042,
    85.04602109086473,
    96.64585947225117,
    106.3006218858819,
    106.97245544556085,
    106.97245544556085,
    106.97245544556085,
    106.97245544556085,
    106.97245544556085,
    111.16157850076303,
    111.29873405459901,
    87.15263523466875,
    71.96167184796417,
    74.52423915018665,
    81.12647319539902,
    81.12647319539902,
    81.12647319539902,
    81.12647319539902,
    81.12647319539902,
    81.12647319539902
  ],
  "teleOpEPAOverTime": [
    9.63125,
    17.087499999999995,
    31.134381932801574,
    24.891187519104292,
    24.43154551144322,
    26.288260584314397,
    26.27212941515937,
    39.788232845966135,
    46.48514032855093,
    72.20165460999925,
    75.95857907211011,
    75.13039727323489,
    76.97565901901473,
    76.97565901901473,
    76.97565901901473,
    76.97565901901473,
    76.97565901901473,
    76.97565901901473,
    69.92458017964995,
    54.66483354920066,
    56.54239870536813,
    60.78587207767033,
    64.57081980804229,
    74.00869660029565,
    82.65397434277968,
    83.32229044624353,
    83.32229044624353,
    83.32229044624353,
    83.32229044624353,
    83.32229044624353,
    83.45034576849446,
    79.67383558831467,
    65.48524942955794,
    53.25635860727802,
    56.67836024169571,
    62.24301617540196,
    62.24301617540196,
    62.24301617540196,
    62.24301617540196,
    62.24301617540196,
    62.24301617540196
  ],
  "autonEPAOverTime": [
    0.9375,
    2.7916666666666665,
    8.565448116535984,
    15.297662573558801,
    17.558730424640068,
    13.311313206616827,
    10.958252614653277,
    12.808960512211065,
    14.557247881745155,
    19.031940488747406,
    20.11787505936368,
    17.56720810240255,
    19.03599356186429,
    19.03599356186429,
    19.03599356186429,
    19.03599356186429,
    19.03599356186429,
    19.03599356186429,
    18.284257418063156,
    12.434945144911174,
    9.099662863490831,
    15.783039011060092,
    20.47520128282244,
    22.63716287195552,
    23.646647543102215,
    23.650164999317326,
    23.650164999317326,
    23.650164999317326,
    23.650164999317326,
    23.650164999317326,
    27.711232732268567,
    31.62489846628434,
    21.66738580511081,
    18.70531324068615,
    17.84587890849094,
    18.88345701999705,
    18.88345701999705,
    18.88345701999705,
    18.88345701999705,
    18.88345701999705,
    18.88345701999705
  ],
  "endGameEPAOverTime": [
    0,
    0,
    0,
    0,
    0,
    0,
    0,
    0,
    0,
    0,
    0,
    0,
    0,
    0,
    0,
    0,
    0,
    0,
    0,
    0,
    0,
    0,
    0,
    0,
    0,
    0,
    0,
    0,
    0,
    0,
    0,
    0,
    0,
    0,
    0,
    0,
    0,
    0,
    0,
    0,
    0
  ],
  "unitlessEPAOverTime": [
    1500,
    1458.9999602764074,
    1555.7894586860791,
    1558.1774718313475,
    1566.9743067525894,
    1555.2998810782951,
    1543.7304962515755,
    1565.3379436562034,
    1599.8176080738258,
    1723.0809193538018,
    1742.8531279522083,
    1729.0581151361444,
    1742.5885590751873,
    1734.122102741979,
    1734.122102741979,
    1734.122102741979,
    1734.122102741979,
    1734.122102741979,
    1685.6517376688487,
    1606.1390948535807,
    1600.64823229854,
    1641.8069920015364,
    1673.7381843291323,
    1717.4319278610465,
    1753.7990477202045,
    1756.3296798107212,
    1750.6953095097217,
    1750.6953095097217,
    1750.6953095097217,
    1750.6953095097217,
    1759.161033524134,
    1759.655442765892,
    1672.6151875586402,
    1617.855810489769,
    1627.0931831036464,
    1650.892478406744,
    1649.4208790121988,
    1649.4208790121988,
    1649.4208790121988,
    1649.4208790121988,
    1649.4208790121988
  ],
  "EPA Rank": 80,
  "Auto EPA Rank": 65,
  "TeleOp EPA Rank": 89,
  "Endgame EPA Rank": 207
}