{
  "teamNumber": 15004,
  "teamName": "Tech KNOW Logic",
  "wins": 24,
  "loss": 18,
  "ties": 1,
  "elo": 1500,
  "totalEPA": 84.33544059311697,
  "autonEPA": 19.37830506374278,
  "endgameEPA": 0,
  "unitlessEPA": 1660.905531153685,
  "teleOpEPA": 64.9571355293742,
  "totalEPAOverTime": [
    10.56875,
    9.2125,
    9.399382716049383,
    9.897744734011537,
    9.112088257739408,
    11.344652587958134,
    16.29351462811135,
    16.493907869403625,
    19.98346489116969,
    17.667584140912936,
    11.552435494235315,
    5.223281027590749,
    4.604092148964411,
    1.202622418045098,
    3.7407270150375815,
    11.528731080506875,
    19.09764837247399,
    26.749799194012514,
    41.290643217920646,
    42.47411557185859,
    48.37703204774416,
    58.162042142831936,
    62.46055625612621,
    64.07026007619694,
    71.69436410199054,
    71.85011946276225,
    69.922647600081,
    66.44808713279978,
    64.52829950151082,
    55.57020708866424,
    52.02523618354142,
    54.55123015377148,
    54.208217882058,
    47.46220373031836,
    45.81550394380929,
    60.631261553937875,
    59.331227573373695,
    81.1893551976109,
    79.75177854876836,
    82.34097136564338,
    82.34097136564338,
    82.34097136564338,
    88.15702577423966,
    100.6442751802045,
    87.9438993572337,
    87.62057322760185,
    86.86846222206488,
    84.33544059311697,
    84.33544059311697,
    84.33544059311697,
    84.33544059311697,
    84.33544059311697
  ],
  "teleOpEPAOverTime": [
    9.63125,
    8.254166666666666,
    7.294444444444444,
    6.911536745812696,
    7.10649165988851,
    9.197301849110437,
    13.822563627303332,
    14.147127605653989,
    17.51739800471166,
    15.685215614799915,
    10.022197973745772,
    3.2188740477560933,
    3.132650794834083,
    0.5858864594075582,
    3.3830303828396318,
    11.934902180099954,
    19.766384495879038,
    23.217685218273363,
    33.23178675454733,
    34.593919481195236,
    39.25117591969996,
    44.97462596207919,
    47.612044369188766,
    50.535660698148234,
    58.828536732627526,
    59.42649704035458,
    57.55619914151339,
    56.19857515004481,
    58.17902045073878,
    51.23409622367745,
    45.32615456891065,
    45.35287572804529,
    42.248685783670524,
    31.621853258894816,
    30.82079482407298,
    45.36720959868562,
    45.703886516175814,
    63.971132554128104,
    64.68100527648049,
    66.84214003794028,
    66.84214003794028,
    66.84214003794028,
    70.75511450162503,
    78.59450927439342,
    69.06202300746587,
    70.61663740991892,
    67.30167980420123,
    64.9571355293742,
    64.9571355293742,
    64.9571355293742,
    64.9571355293742,
    64.9571355293742
  ],
  "autonEPAOverTime": [
    0.9375,
    0.9583333333333334,
    2.1049382716049383,
    2.9862079881988413,
    2.0055965978508983,
    2.1473507388476976,
    2.4709510008080184,
    2.346780263749636,
    2.46606688645803,
    1.98236852611302,
    1.530237520489543,
    2.004406979834656,
    1.4714413541303282,
    0.6167359586375397,
    0.3576966321979498,
    -0.40617109959307884,
    -0.6687361234050486,
    3.53211397573915,
    8.058856463373314,
    7.880196090663356,
    9.125856128044196,
    13.18741618075275,
    14.848511886937445,
    13.534599378048707,
    12.865827369363014,
    12.42362242240767,
    12.366448458567621,
    10.249511982754973,
    6.349279050772032,
    4.33611086498679,
    6.699081614630767,
    9.198354425726183,
    11.95953209838748,
    15.840350471423541,
    14.99470911973631,
    15.264051955252256,
    13.627341057197885,
    17.218222643482786,
    15.070773272287866,
    15.498831327703105,
    15.498831327703105,
    15.498831327703105,
    17.401911272614633,
    22.049765905811082,
    18.881876349767836,
    17.003935817682923,
    19.566782417863646,
    19.37830506374278,
    19.37830506374278,
    19.37830506374278,
    19.37830506374278,
    19.37830506374278
  ],
  "endGameEPAOverTime": [
    0,
    0,
    0,
    0,
    0,
    0,
    0,
    0,
    0,
    0,
    0,
    0,
    0,
    0,
    0,
    0,
    0,
    0,
    0,
    0,
    0,
    0,
    0,
    0,
    0,
    0,
    0,
    0,
    0,
    0,
    0,
    0,
    0,
    0,
    0,
    0,
    0,
    0,
    0,
    0,
    0,
    0,
    0,
    0,
    0,
    0,
    0,
    0,
    0,
    0,
    0,
    0
  ],
  "unitlessEPAOverTime": [
    1500,
    1470.579283090363,
    1472.6113464391108,
    1478.030270203261,
    1469.4874591617247,
    1493.763177350454,
    1547.5744734531247,
    1549.7534430741528,
    1494.8934271501776,
    1481.1739771740745,
    1444.9473813334955,
    1407.4529990832293,
    1403.7848780691695,
    1383.6343181522125,
    1381.8861202752873,
    1420.4555464317489,
    1457.939964021007,
    1495.83658856927,
    1567.8488788965676,
    1573.709924830764,
    1583.6637151480982,
    1629.4406897638241,
    1649.5503237383866,
    1657.080961948684,
    1692.748622284734,
    1693.4772887988224,
    1659.4522597228884,
    1644.3618055293955,
    1636.0239257935252,
    1597.1178009785747,
    1581.7215453759547,
    1592.6922556743489,
    1557.5797500309998,
    1532.1691708041585,
    1525.9664569576244,
    1581.7737787464118,
    1576.8768698876906,
    1659.211070684298,
    1653.7960723595984,
    1663.5489260783834,
    1659.3538021881886,
    1659.3538021881886,
    1676.2357479458049,
    1721.2489562175551,
    1675.4674839762938,
    1674.3019793932056,
    1671.5908195344507,
    1662.4599512035743,
    1660.905531153685,
    1660.905531153685,
    1660.905531153685,
    1660.905531153685
  ],
  "EPA Rank": 67,
  "Auto EPA Rank": 63,
  "TeleOp EPA Rank": 79,
  "Endgame EPA Rank": 221
}