{
  "teamNumber": 15256,
  "teamName": "Techno Knights",
  "wins": 9,
  "loss": 8,
  "ties": 0,
  "elo": 1500,
  "totalEPA": 25.0303805301891,
  "autonEPA": -1.3219874230891482,
  "endgameEPA": 0,
  "unitlessEPA": 1443.474553341706,
  "teleOpEPA": 26.352367953278247,
  "totalEPAOverTime": [
    10.56875,
    12.379166666666666,
    21.025538654209,
    29.14625981494479,
    26.038971091934922,
    24.101751873127952,
    24.891937026527906,
    24.891937026527906,
    24.891937026527906,
    27.981822522106587,
    36.84719190694393,
    39.414153727790335,
    33.22772320655972,
    30.256528161543994,
    30.339565559723663,
    20.642506276940765,
    13.007682943382399,
    23.623458138044796,
    25.215497274762797,
    22.429043646299693,
    25.0303805301891
  ],
  "teleOpEPAOverTime": [
    9.63125,
    11.754166666666666,
    20.12888591735796,
    27.423545232700906,
    22.19067712005615,
    21.277722096939964,
    22.451595190918756,
    22.451595190918756,
    22.451595190918756,
    23.60445432576563,
    27.730277423314135,
    29.59188015606953,
    23.860739646057233,
    21.791922094069243,
    21.691860676652666,
    15.847619656878894,
    13.594305270707837,
    26.430491584346797,
    28.158100240633193,
    24.542677805725724,
    26.352367953278247
  ],
  "autonEPAOverTime": [
    0.9375,
    0.625,
    0.8966527368510431,
    1.722714582243885,
    3.8482939718787708,
    2.8240297761879884,
    2.44034183560915,
    2.44034183560915,
    2.44034183560915,
    4.377368196340958,
    9.11691448362979,
    9.822273571720807,
    9.366983560502492,
    8.464606067474751,
    8.647704883070995,
    4.79488662006187,
    -0.5866223273254383,
    -2.8070334463020012,
    -2.942602965870396,
    -2.1136341594260326,
    -1.3219874230891482
  ],
  "endGameEPAOverTime": [
    0,
    0,
    0,
    0,
    0,
    0,
    0,
    0,
    0,
    0,
    0,
    0,
    0,
    0,
    0,
    0,
    0,
    0,
    0,
    0,
    0
  ],
  "unitlessEPAOverTime": [
    1500,
    1424.6672561670648,
    1467.4876762761696,
    1507.7048554806518,
    1492.3162729964292,
    1482.72235997577,
    1486.6356845795822,
    1483.4786328317382,
    1483.4786328317382,
    1464.8394068189987,
    1501.0345410556897,
    1511.514818148814,
    1486.2571358750356,
    1474.1264734255196,
    1474.4654948067289,
    1427.956536238409,
    1400.9554618609695,
    1438.4988761722557,
    1444.1292313572108,
    1434.27474771242,
    1443.474553341706
  ],
  "EPA Rank": 358,
  "Auto EPA Rank": 588,
  "TeleOp EPA Rank": 316,
  "Endgame EPA Rank": 230
}