{
  "teamNumber": 15301,
  "teamName": "Valkyries",
  "wins": 2,
  "loss": 8,
  "ties": 0,
  "elo": 1500,
  "totalEPA": 12.187990867042206,
  "autonEPA": 0.4109164350570531,
  "endgameEPA": 0,
  "unitlessEPA": 1405.52460442599,
  "teleOpEPA": 11.777074431985152,
  "totalEPAOverTime": [
    10.56875,
    12.632799340012113,
    17.12248959198721,
    22.30367858906903,
    15.920064086379295,
    9.418889789971368,
    9.40460932253108,
    24.569493529663095,
    45.108818221324974,
    21.17053021231419,
    8.64195380942677,
    11.91813353307593,
    12.187990867042206
  ],
  "teleOpEPAOverTime": [
    9.63125,
    12.569511768614426,
    18.424030462694564,
    23.544494954798257,
    18.92603303140569,
    11.562951403092018,
    10.211185638738643,
    23.315742825612865,
    40.76237780406479,
    20.26136872460809,
    8.877345155395293,
    11.483516977822601,
    11.777074431985152
  ],
  "autonEPAOverTime": [
    0.9375,
    0.06328757139768637,
    -1.3015408707073517,
    -1.2408163657292275,
    -3.0059689450263956,
    -2.14406161312065,
    -0.806576316207563,
    1.253750704050229,
    4.346440417260184,
    0.9091614877061001,
    -0.23539134596852374,
    0.43461655525332765,
    0.4109164350570531
  ],
  "endGameEPAOverTime": [
    0,
    0,
    0,
    0,
    0,
    0,
    0,
    0,
    0,
    0,
    0,
    0,
    0
  ],
  "unitlessEPAOverTime": [
    1500,
    1427.0708439843877,
    1450.1840220827867,
    1476.85707463877,
    1443.9938679070176,
    1410.5254567409006,
    1410.4519400908086,
    1458.3346987782163,
    1545.9398711433025,
    1443.837300652959,
    1390.399901335265,
    1404.3735978271366,
    1405.52460442599
  ],
  "EPA Rank": 486,
  "Auto EPA Rank": 483,
  "TeleOp EPA Rank": 468,
  "Endgame EPA Rank": 232
}