{
  "teamNumber": 15339,
  "teamName": "Team R.O.B.O.T.I.C.S.",
  "wins": 4,
  "loss": 6,
  "ties": 0,
  "elo": 1500,
  "totalEPA": 54.74227805026857,
  "autonEPA": 12.462714457461296,
  "endgameEPA": 0,
  "unitlessEPA": 1582.2155352308114,
  "teleOpEPA": 42.27956359280727,
  "totalEPAOverTime": [
    10.56875,
    16.407617720974574,
    16.64028393008136,
    16.608870614785275,
    23.698971768857326,
    27.13386414045451,
    23.540235233667957,
    38.688737694723294,
    65.53711952544867,
    62.756724013867675,
    67.72259981881659,
    58.0897273824913,
    54.74227805026857
  ],
  "teleOpEPAOverTime": [
    9.63125,
    13.515082980966612,
    13.544114490667004,
    11.625986321796905,
    16.785143819973385,
    20.40359932444024,
    18.750934314114453,
    30.18723692842871,
    50.72156914318491,
    46.39581433597992,
    51.36804753721256,
    45.24321174177082,
    42.27956359280727
  ],
  "autonEPAOverTime": [
    0.9375,
    2.892534740007962,
    3.0961694394143557,
    4.98288429298837,
    6.91382794888394,
    6.7302648160142695,
    4.789300919553503,
    8.501500766294585,
    14.815550382263764,
    16.360909677887758,
    16.354552281604025,
    12.846515640720472,
    12.462714457461296
  ],
  "endGameEPAOverTime": [
    0,
    0,
    0,
    0,
    0,
    0,
    0,
    0,
    0,
    0,
    0,
    0,
    0
  ],
  "unitlessEPAOverTime": [
    1500,
    1430.2350988825217,
    1431.282447710707,
    1431.1410404170088,
    1463.0571882922836,
    1478.5193841742966,
    1462.342634491115,
    1514.984844845215,
    1627.4232980610668,
    1615.779267794308,
    1636.5758803384388,
    1596.2343326207838,
    1582.2155352308114
  ],
  "EPA Rank": 175,
  "Auto EPA Rank": 119,
  "TeleOp EPA Rank": 194,
  "Endgame EPA Rank": 234
}