{
  "teamNumber": 15815,
  "teamName": "DCS Defender Robotics",
  "wins": 16,
  "loss": 12,
  "ties": 0,
  "elo": 1500,
  "totalEPA": 105.17777555885094,
  "autonEPA": 13.830495900824051,
  "endgameEPA": 0,
  "unitlessEPA": 1719.5869903875034,
  "teleOpEPA": 91.34727965802689,
  "totalEPAOverTime": [
    10.56875,
    32.2125,
    65.30125022758465,
    61.26064465648477,
    69.37877966849396,
    68.39833670079926,
    65.08845315013221,
    65.08845315013221,
    65.08845315013221,
    65.08845315013221,
    65.08845315013221,
    70.47891929177685,
    76.3570501827076,
    58.08220647375788,
    49.93873019197752,
    48.22479071392348,
    55.21384215025799,
    55.21384215025799,
    55.21384215025799,
    55.21384215025799,
    55.21384215025799,
    55.21384215025799,
    63.523228930093026,
    76.12314896619479,
    76.17725238199661,
    94.30258890202207,
    100.90014822531104,
    101.38443471621098,
    103.66939695989268,
    105.17777555885094,
    105.17777555885094,
    105.17777555885094
  ],
  "teleOpEPAOverTime": [
    9.63125,
    29.42083333333333,
    61.88366494182514,
    60.168330296636945,
    66.42131147430197,
    64.80647213896394,
    61.655293635932516,
    61.655293635932516,
    61.655293635932516,
    61.655293635932516,
    61.655293635932516,
    64.6075363632771,
    66.04242471990845,
    50.29037404203591,
    42.03307891426226,
    38.72627367270181,
    43.656425977512754,
    43.656425977512754,
    43.656425977512754,
    43.656425977512754,
    43.656425977512754,
    43.656425977512754,
    54.94180885105867,
    73.83303749987397,
    72.14597158465268,
    84.14283692604282,
    91.16613204421527,
    90.7777233848568,
    90.31881671496015,
    91.34727965802689,
    91.34727965802689,
    91.34727965802689
  ],
  "autonEPAOverTime": [
    0.9375,
    2.7916666666666665,
    3.4175852857595106,
    1.0923143598478284,
    2.9574681941919954,
    3.5918645618353198,
    3.433159514199695,
    3.433159514199695,
    3.433159514199695,
    3.433159514199695,
    3.433159514199695,
    5.871382928499746,
    10.314625462799142,
    7.791832431721971,
    7.905651277715254,
    9.498517041221676,
    11.557416172745237,
    11.557416172745237,
    11.557416172745237,
    11.557416172745237,
    11.557416172745237,
    11.557416172745237,
    8.581420079034363,
    2.2901114663208193,
    4.031280797343931,
    10.159751975979244,
    9.734016181095768,
    10.606711331354171,
    13.350580244932525,
    13.830495900824051,
    13.830495900824051,
    13.830495900824051
  ],
  "endGameEPAOverTime": [
    0,
    0,
    0,
    0,
    0,
    0,
    0,
    0,
    0,
    0,
    0,
    0,
    0,
    0,
    0,
    0,
    0,
    0,
    0,
    0,
    0,
    0,
    0,
    0,
    0,
    0,
    0,
    0,
    0,
    0,
    0,
    0
  ],
  "unitlessEPAOverTime": [
    1500,
    1549.878978835055,
    1726.6927421790028,
    1705.1012746167405,
    1748.4815169327826,
    1743.2424006267913,
    1725.5556351007913,
    1712.4113848289273,
    1712.4113848289273,
    1712.4113848289273,
    1712.4113848289273,
    1648.1190824599803,
    1672.7361319843653,
    1596.2028357748995,
    1562.0987365894696,
    1554.9209221113754,
    1584.1904005440815,
    1577.619565598849,
    1577.619565598849,
    1577.619565598849,
    1577.619565598849,
    1577.619565598849,
    1579.3052786939718,
    1624.4059159799372,
    1624.59957582262,
    1689.4781009032158,
    1713.0936579194295,
    1714.827131568944,
    1723.0060131070127,
    1728.4051613465735,
    1719.5869903875034,
    1719.5869903875034
  ],
  "EPA Rank": 34,
  "Auto EPA Rank": 100,
  "TeleOp EPA Rank": 26,
  "Endgame EPA Rank": 255
}