{
  "teamNumber": 15839,
  "teamName": "TC WMS 06",
  "wins": 3,
  "loss": 2,
  "ties": 0,
  "elo": 1500,
  "totalEPA": 5.243635607970705,
  "autonEPA": 0.03396341580323459,
  "endgameEPA": 0,
  "unitlessEPA": 1375.302719957794,
  "teleOpEPA": 5.209672192167471,
  "totalEPAOverTime": [
    10.56875,
    10.7125,
    13.639840534979424,
    15.413820105601754,
    5.924576792826961,
    4.411178039897353,
    5.243635607970705
  ],
  "teleOpEPAOverTime": [
    9.63125,
    10.0875,
    13.149871399176956,
    15.124638310562908,
    5.519228165676919,
    4.200162614943286,
    5.209672192167471
  ],
  "autonEPAOverTime": [
    0.9375,
    0.625,
    0.48996913580246915,
    0.28918179503884645,
    0.40534862715004083,
    0.21101542495406622,
    0.03396341580323459
  ],
  "endGameEPAOverTime": [
    0,
    0,
    0,
    0,
    0,
    0,
    0
  ],
  "unitlessEPAOverTime": [
    1500,
    1394.9022545388452,
    1405.393374437423,
    1411.751033257994,
    1377.7431041662055,
    1372.3193252851281,
    1375.302719957794
  ],
  "EPA Rank": 547,
  "Auto EPA Rank": 517,
  "TeleOp EPA Rank": 549,
  "Endgame EPA Rank": 263
}