{
  "teamNumber": 15843,
  "teamName": "TC WMS 10",
  "wins": 8,
  "loss": 0,
  "ties": 0,
  "elo": 1500,
  "totalEPA": 43.22681705330112,
  "autonEPA": 0.07721530216655279,
  "endgameEPA": 0,
  "unitlessEPA": 1514.2685984890654,
  "teleOpEPA": 43.14960175113457,
  "totalEPAOverTime": [
    10.56875,
    15.379166666666666,
    29.99286717916476,
    56.20349595092986,
    57.00714931239425,
    45.287740637130824,
    43.22681705330112,
    43.22681705330112,
    43.22681705330112,
    43.22681705330112
  ],
  "teleOpEPAOverTime": [
    9.63125,
    14.754166666666666,
    29.48921634468831,
    55.96864012310917,
    56.85148616426891,
    45.188078246767816,
    43.14960175113457,
    43.14960175113457,
    43.14960175113457,
    43.14960175113457
  ],
  "autonEPAOverTime": [
    0.9375,
    0.625,
    0.5036508344764518,
    0.23485582782069203,
    0.15566314812533127,
    0.0996623903630106,
    0.07721530216655279,
    0.07721530216655279,
    0.07721530216655279,
    0.07721530216655279
  ],
  "endGameEPAOverTime": [
    0,
    0,
    0,
    0,
    0,
    0,
    0,
    0,
    0,
    0
  ],
  "unitlessEPAOverTime": [
    1500,
    1411.6268408798194,
    1464.000004304622,
    1557.9347022927518,
    1560.8148672996144,
    1518.8143825307707,
    1511.4283622979328,
    1514.2685984890654,
    1514.2685984890654,
    1514.2685984890654
  ],
  "EPA Rank": 231,
  "Auto EPA Rank": 508,
  "TeleOp EPA Rank": 186,
  "Endgame EPA Rank": 267
}