{
  "teamNumber": 16523,
  "teamName": "Automated Eagles",
  "wins": 14,
  "loss": 8,
  "ties": 0,
  "elo": 1500,
  "totalEPA": 86.79824656399461,
  "autonEPA": 11.329962432454577,
  "endgameEPA": 0,
  "unitlessEPA": 1666.9756429202664,
  "teleOpEPA": 75.46828413154003,
  "totalEPAOverTime": [
    10.56875,
    25.2125,
    36.487614053112196,
    22.81249043845021,
    38.99715115560851,
    48.047559607734016,
    49.52587187881459,
    49.52587187881459,
    49.52587187881459,
    51.04911104295803,
    65.12453042921321,
    86.12980490796271,
    86.5258778181906,
    102.36329353161416,
    104.31310528730062,
    104.31310528730062,
    104.31310528730062,
    104.31310528730062,
    92.09729948712561,
    68.72169145002952,
    57.50076330253043,
    47.78174256571059,
    54.61461809233139,
    73.60577129297879,
    86.06872147364646,
    86.79824656399461
  ],
  "teleOpEPAOverTime": [
    9.63125,
    21.0875,
    30.93329569980487,
    21.490848143653984,
    34.222312511126106,
    41.537040678814385,
    42.47685095299098,
    42.47685095299098,
    42.47685095299098,
    44.24999169441678,
    56.16235159836766,
    72.27468126444082,
    71.84876179134939,
    85.42982415295208,
    87.5229985379654,
    87.5229985379654,
    87.5229985379654,
    87.5229985379654,
    77.53165636687872,
    58.01696631861647,
    49.065408403178026,
    45.03761278558946,
    49.90546500091938,
    64.2754722110474,
    74.90741062819154,
    75.46828413154003
  ],
  "autonEPAOverTime": [
    0.9375,
    4.125,
    5.554318353307328,
    1.3216422947962267,
    4.774838644482411,
    6.510518928919633,
    7.049020925823615,
    7.049020925823615,
    7.049020925823615,
    6.7991193485412555,
    8.96217883084555,
    13.855123643521898,
    14.677116026841208,
    16.93346937866209,
    16.7901067493352,
    16.7901067493352,
    16.7901067493352,
    16.7901067493352,
    14.565643120246891,
    10.704725131413058,
    8.4353548993524,
    2.744129780121129,
    4.7091530914120145,
    9.33029908193138,
    11.161310845454922,
    11.329962432454577
  ],
  "endGameEPAOverTime": [
    0,
    0,
    0,
    0,
    0,
    0,
    0,
    0,
    0,
    0,
    0,
    0,
    0,
    0,
    0,
    0,
    0,
    0,
    0,
    0,
    0,
    0,
    0,
    0,
    0,
    0
  ],
  "unitlessEPAOverTime": [
    1500,
    1491.83185097166,
    1549.8767726841766,
    1479.476466675481,
    1562.796010925394,
    1609.3880229968747,
    1616.998457768294,
    1608.6331467330772,
    1608.6331467330772,
    1571.2766523837058,
    1631.3117100087668,
    1720.9042705681618,
    1722.5936170335665,
    1790.1440138562643,
    1798.4604311436217,
    1789.8134148461693,
    1789.8134148461693,
    1789.8134148461693,
    1686.2896492146053,
    1601.0901527552053,
    1560.192075303835,
    1524.7681551413552,
    1549.6726433289562,
    1618.8916637416326,
    1664.316667365341,
    1666.9756429202664
  ],
  "EPA Rank": 59,
  "Auto EPA Rank": 133,
  "TeleOp EPA Rank": 45,
  "Endgame EPA Rank": 280
}