{
  "teamNumber": 17975,
  "teamName": "Botmasterz",
  "wins": 6,
  "loss": 6,
  "ties": 0,
  "elo": 1500,
  "totalEPA": 42.12680432700175,
  "autonEPA": 5.476294702195399,
  "endgameEPA": 0,
  "unitlessEPA": 1510.226667945218,
  "teleOpEPA": 36.650509624806354,
  "totalEPAOverTime": [
    10.56875,
    7.787865061741436,
    15.406358449518308,
    33.8838574149562,
    37.69957597048485,
    33.43929471798823,
    32.712373348305235,
    32.712373348305235,
    32.712373348305235,
    32.34975682518437,
    33.00456383169998,
    29.284548422584184,
    29.030809996940388,
    37.74961168051303,
    42.12680432700175
  ],
  "teleOpEPAOverTime": [
    9.63125,
    7.140831885576244,
    15.505471399458191,
    33.62824928560342,
    36.56908925839637,
    31.705992607535425,
    30.98571949351124,
    30.98571949351124,
    30.98571949351124,
    30.770685401617325,
    31.63472946599456,
    26.361784163529315,
    24.97800406082756,
    33.23903473614937,
    36.650509624806354
  ],
  "autonEPAOverTime": [
    0.9375,
    0.6470331761651917,
    -0.09911294993988384,
    0.255608129352789,
    1.1304867120884816,
    1.7333021104528086,
    1.726653854793994,
    1.726653854793994,
    1.726653854793994,
    1.5790714235670487,
    1.3698343657054224,
    2.9227642590548686,
    4.05280593611283,
    4.510576944363657,
    5.476294702195399
  ],
  "endGameEPAOverTime": [
    0,
    0,
    0,
    0,
    0,
    0,
    0,
    0,
    0,
    0,
    0,
    0,
    0,
    0,
    0
  ],
  "unitlessEPAOverTime": [
    1500,
    1390.491965935225,
    1424.2049635072908,
    1505.9707203377804,
    1522.8558581006632,
    1504.0034624613666,
    1500.7867243054307,
    1501.3995949525226,
    1501.3995949525226,
    1473.970214494313,
    1476.3984506000133,
    1462.6034306318497,
    1461.6624865056858,
    1493.9946222889437,
    1510.226667945218
  ],
  "EPA Rank": 237,
  "Auto EPA Rank": 262,
  "TeleOp EPA Rank": 237,
  "Endgame EPA Rank": 310
}