{
  "teamNumber": 17993,
  "teamName": "Robot Crusaders",
  "wins": 5,
  "loss": 5,
  "ties": 0,
  "elo": 1500,
  "totalEPA": 58.92129710776608,
  "autonEPA": 3.6073706326275223,
  "endgameEPA": 0,
  "unitlessEPA": 1591.1577120388527,
  "teleOpEPA": 55.31392647513856,
  "totalEPAOverTime": [
    10.56875,
    15.379166666666666,
    28.38136489496639,
    32.08153051887483,
    28.19793178548194,
    25.375882872723544,
    24.247947820694844,
    21.611831517245705,
    20.75716662562966,
    35.40498660370084,
    49.55855648585141,
    58.31421467945726,
    58.92129710776608
  ],
  "teleOpEPAOverTime": [
    9.63125,
    14.754166666666666,
    29.36344397531899,
    32.61229581786925,
    28.559084475605303,
    27.175200935111707,
    26.251275369126134,
    23.437521140938447,
    21.80353973684778,
    33.80906187626952,
    48.048180013846434,
    55.180160550892914,
    55.31392647513856
  ],
  "autonEPAOverTime": [
    0.9375,
    0.625,
    -0.9820790803526009,
    -0.5307652989944279,
    -0.3611526901233627,
    -1.799318062388165,
    -2.0033275484312907,
    -1.8256896236927422,
    -1.046373111218121,
    1.5959247274313264,
    1.5103764720049777,
    3.1340541285643426,
    3.6073706326275223
  ],
  "endGameEPAOverTime": [
    0,
    0,
    0,
    0,
    0,
    0,
    0,
    0,
    0,
    0,
    0,
    0,
    0
  ],
  "unitlessEPAOverTime": [
    1500,
    1437.0252798918787,
    1500.5184244170277,
    1518.5873037404074,
    1499.6226724275032,
    1485.8418673414203,
    1480.3338646163454,
    1438.8322919996444,
    1435.3429043456638,
    1495.1463696460435,
    1552.931932725796,
    1588.679143010138,
    1591.1577120388527
  ],
  "EPA Rank": 150,
  "Auto EPA Rank": 325,
  "TeleOp EPA Rank": 122,
  "Endgame EPA Rank": 311
}