{
  "teamNumber": 18965,
  "teamName": "Avondale RoboJackets [3]",
  "wins": 6,
  "loss": 19,
  "ties": 0,
  "elo": 1500,
  "totalEPA": 23.237135769003853,
  "autonEPA": 2.1959154545984254,
  "endgameEPA": 0,
  "unitlessEPA": 1442.239309166379,
  "teleOpEPA": 21.04122031440543,
  "totalEPAOverTime": [
    10.56875,
    7.379166666666666,
    7.628042123914037,
    6.997701817257114,
    4.665572511483402,
    7.790450823757791,
    9.929824962819216,
    6.262693181499781,
    4.240226508768019,
    8.728830640443643,
    10.024643431397031,
    9.115951096259563,
    8.468821395482092,
    8.350614644242583,
    9.534484285140303,
    5.83576550443162,
    -1.244074720369989,
    -0.6770788348240471,
    1.6740025735060249,
    3.0429983644513032,
    4.762000079139591,
    8.075255081444613,
    7.424189757835414,
    9.804286683008575,
    8.707002398189683,
    7.222049044182811,
    9.757156438180548,
    10.584025727208846,
    18.071684745645562,
    21.703204944113,
    22.76240405827016,
    23.237135769003853
  ],
  "teleOpEPAOverTime": [
    9.63125,
    6.754166666666666,
    6.632190691205609,
    5.361458652496616,
    2.5072187750835546,
    5.41063918330701,
    7.483255654204665,
    4.211828803240006,
    3.09288419389823,
    7.356527525404955,
    8.012224526448804,
    7.10677245101687,
    6.60065649623743,
    6.459516937221565,
    8.059680741011372,
    4.427443091409673,
    -2.486538959029721,
    -2.230477820346307,
    -0.3465729658849981,
    0.8672108872382474,
    2.527235317534098,
    5.702688552749414,
    5.202852091637855,
    7.493084737417147,
    6.612197214815348,
    5.08346748638123,
    7.8932758010873,
    9.650865062350546,
    16.186949030072228,
    19.77122186077257,
    20.70210347533942,
    21.04122031440543
  ],
  "autonEPAOverTime": [
    0.9375,
    0.625,
    0.9958514327084286,
    1.6362431647604976,
    2.1583537363998477,
    2.379811640450781,
    2.4465693086145515,
    2.0508643782597753,
    1.1473423148697885,
    1.3723031150386886,
    2.012418904948227,
    2.0091786452426925,
    1.8681648992446618,
    1.8910977070210178,
    1.474803544128932,
    1.408322413021947,
    1.242464238659732,
    1.5533989855222596,
    2.020575539391023,
    2.175787477213056,
    2.2347647616054935,
    2.3725665286951987,
    2.22133766619756,
    2.311201945591428,
    2.094805183374335,
    2.138581557801581,
    1.8638806370932484,
    0.9331606648583011,
    1.8847357155733366,
    1.9319830833404303,
    2.06030058293074,
    2.1959154545984254
  ],
  "endGameEPAOverTime": [
    0,
    0,
    0,
    0,
    0,
    0,
    0,
    0,
    0,
    0,
    0,
    0,
    0,
    0,
    0,
    0,
    0,
    0,
    0,
    0,
    0,
    0,
    0,
    0,
    0,
    0,
    0,
    0,
    0,
    0,
    0,
    0
  ],
  "unitlessEPAOverTime": [
    1500,
    1446.7385582097231,
    1449.2642110216002,
    1442.8673537920622,
    1419.200299579748,
    1450.912376710457,
    1472.6233014024272,
    1398.2698595695888,
    1387.9728678884767,
    1410.8257138843226,
    1417.4230901024944,
    1412.7966616219883,
    1409.501927901355,
    1408.9001014531987,
    1401.325272480071,
    1384.2895914091976,
    1351.6810295656958,
    1354.292517934327,
    1365.1212063041673,
    1371.4265723145684,
    1371.8171421905358,
    1385.7974599598379,
    1383.0502823033346,
    1393.093128782857,
    1388.4631250631444,
    1382.197347226194,
    1393.9954804509414,
    1396.9547832340488,
    1423.752549780995,
    1436.7494865070703,
    1440.5402802008039,
    1442.239309166379
  ],
  "EPA Rank": 371,
  "Auto EPA Rank": 393,
  "TeleOp EPA Rank": 361,
  "Endgame EPA Rank": 316
}