{
  "teamNumber": 19561,
  "teamName": "Chromium Tigers",
  "wins": 9,
  "loss": 10,
  "ties": 0,
  "elo": 1500,
  "totalEPA": 68.60259211072928,
  "autonEPA": 12.2785732326803,
  "endgameEPA": 0,
  "unitlessEPA": 1611.799824067478,
  "teleOpEPA": 56.324018878048975,
  "totalEPAOverTime": [
    10.56875,
    10.545833333333333,
    3.987276186052082,
    23.83754270726553,
    53.88041793963499,
    56.154411450948125,
    56.96774150396297,
    66.6949567403992,
    73.99200936830057,
    40.191910168839925,
    42.216816520626466,
    42.4545076712939,
    44.11932475150369,
    44.11932475150369,
    44.11932475150369,
    41.13378862643111,
    45.5985435562855,
    48.941339698753,
    53.206112813086115,
    65.83545533660102,
    55.724370142692415,
    65.495521228839,
    68.60259211072928
  ],
  "teleOpEPAOverTime": [
    9.63125,
    9.420833333333333,
    5.55674821836792,
    21.033582287280584,
    41.77785110211649,
    41.621029238414,
    42.642241658729354,
    50.21525105246154,
    55.372100264221274,
    30.94720074933743,
    30.648003352792237,
    30.589366706970928,
    32.51768712876316,
    32.51768712876316,
    32.51768712876316,
    28.94712917368605,
    27.556460344517987,
    35.7581111852608,
    43.916674103931506,
    52.025623961587144,
    45.93666308905744,
    54.42314623781346,
    56.324018878048975
  ],
  "autonEPAOverTime": [
    0.9375,
    1.125,
    -1.5694720323158382,
    2.8039604199849464,
    12.102566837518493,
    14.533382212534123,
    14.325499845233615,
    16.479705687937663,
    18.6199091040793,
    9.244709419502495,
    11.568813167834229,
    11.865140964322967,
    11.60163762274053,
    11.60163762274053,
    11.60163762274053,
    12.186659452745063,
    18.042083211767512,
    13.1832285134922,
    9.289438709154608,
    13.809831375013871,
    9.787707053634973,
    11.072374991025532,
    12.2785732326803
  ],
  "endGameEPAOverTime": [
    0,
    0,
    0,
    0,
    0,
    0,
    0,
    0,
    0,
    0,
    0,
    0,
    0,
    0,
    0,
    0,
    0,
    0,
    0,
    0,
    0,
    0,
    0
  ],
  "unitlessEPAOverTime": [
    1500,
    1416.327025526878,
    1382.5632042149396,
    1484.7534934456182,
    1639.4159059646695,
    1651.122552542006,
    1655.309621429407,
    1656.6039635180064,
    1689.4517051319613,
    1537.300284326156,
    1546.4154166991386,
    1547.4853853425323,
    1554.9795729376897,
    1551.2642275841888,
    1551.2642275841888,
    1508.3315846739551,
    1525.1492204395483,
    1537.7407128833413,
    1553.8050662435128,
    1601.3766991452808,
    1563.290723395749,
    1600.0962508119544,
    1611.799824067478
  ],
  "EPA Rank": 117,
  "Auto EPA Rank": 121,
  "TeleOp EPA Rank": 117,
  "Endgame EPA Rank": 328
}