{
  "teamNumber": 20033,
  "teamName": "Red Storm Robotics-Green",
  "wins": 7,
  "loss": 5,
  "ties": 0,
  "elo": 1500,
  "totalEPA": 24.071829737527167,
  "autonEPA": 7.485346024175783,
  "endgameEPA": 0,
  "unitlessEPA": 1462.550998297077,
  "teleOpEPA": 16.586483713351384,
  "totalEPAOverTime": [
    10.56875,
    27.545833333333334,
    48.01027988055118,
    35.34408942394263,
    33.34351092578825,
    42.22056433458409,
    44.78609963070763,
    49.864039389147784,
    57.82934409387411,
    50.24981688269182,
    31.511935611015083,
    21.088626530702093,
    24.071829737527167,
    24.071829737527167,
    24.071829737527167
  ],
  "teleOpEPAOverTime": [
    9.63125,
    21.75416666666667,
    35.550401926083985,
    28.077562828351503,
    29.812191966868536,
    37.19860388939249,
    40.06317293766634,
    46.00657470347535,
    55.32673735412818,
    46.40183546253268,
    25.107480683076403,
    13.920236571597703,
    16.586483713351384,
    16.586483713351384,
    16.586483713351384
  ],
  "autonEPAOverTime": [
    0.9375,
    5.791666666666666,
    12.459877954467194,
    7.266526595591123,
    3.531318958919716,
    5.021960445191603,
    4.722926693041296,
    3.8574646856724297,
    2.502606739745933,
    3.84798142015914,
    6.404454927938678,
    7.16838995910439,
    7.485346024175783,
    7.485346024175783,
    7.485346024175783
  ],
  "endGameEPAOverTime": [
    0,
    0,
    0,
    0,
    0,
    0,
    0,
    0,
    0,
    0,
    0,
    0,
    0,
    0,
    0
  ],
  "unitlessEPAOverTime": [
    1500,
    1524.9420776245279,
    1634.2963380265464,
    1566.6130079986528,
    1555.9226733474284,
    1603.358288467939,
    1617.0675385175575,
    1580.8394524925818,
    1616.695336252669,
    1582.5760330100309,
    1498.2273084234,
    1451.3066980219673,
    1464.7356114636802,
    1462.550998297077,
    1462.550998297077
  ],
  "EPA Rank": 364,
  "Auto EPA Rank": 225,
  "TeleOp EPA Rank": 413,
  "Endgame EPA Rank": 336
}