{
  "teamNumber": 20905,
  "teamName": "Traverse City EAST 34",
  "wins": 1,
  "loss": 4,
  "ties": 0,
  "elo": 1500,
  "totalEPA": 6.461646924060716,
  "autonEPA": 0.008814829887596364,
  "endgameEPA": 0,
  "unitlessEPA": 1379.584671925426,
  "teleOpEPA": 6.45283209417312,
  "totalEPAOverTime": [
    10.56875,
    8.2125,
    9.002777777777778,
    12.384278549382717,
    12.250087162780064,
    9.097544737808622,
    6.461646924060716
  ],
  "teleOpEPAOverTime": [
    9.63125,
    7.5875,
    8.586111111111112,
    12.236709104938273,
    12.254159522176497,
    9.115188986018678,
    6.45283209417312
  ],
  "autonEPAOverTime": [
    0.9375,
    0.625,
    0.4166666666666667,
    0.14756944444444445,
    -0.004072359396433481,
    -0.017644248210055384,
    0.008814829887596364
  ],
  "endGameEPAOverTime": [
    0,
    0,
    0,
    0,
    0,
    0,
    0
  ],
  "unitlessEPAOverTime": [
    1500,
    1385.840478373826,
    1388.6641446689532,
    1400.746263164777,
    1400.2667966960225,
    1389.0027474722401,
    1379.584671925426
  ],
  "EPA Rank": 540,
  "Auto EPA Rank": 525,
  "TeleOp EPA Rank": 536,
  "Endgame EPA Rank": 376
}