{
  "teamNumber": 21115,
  "teamName": "Blackout",
  "wins": 2,
  "loss": 3,
  "ties": 0,
  "elo": 1500,
  "totalEPA": 58.65657735772472,
  "autonEPA": 18.55928734955829,
  "endgameEPA": 0,
  "unitlessEPA": 1603.7243305703832,
  "teleOpEPA": 40.09729000816643,
  "totalEPAOverTime": [
    10.56875,
    13.792239497561358,
    24.583604869274257,
    39.92579146285588,
    54.65645854039562,
    59.94797423369512,
    58.65657735772472
  ],
  "teleOpEPAOverTime": [
    9.63125,
    12.589203577447456,
    19.974553566744277,
    30.841516810182675,
    42.77828376161202,
    43.34669757472258,
    40.09729000816643
  ],
  "autonEPAOverTime": [
    0.9375,
    1.2030359201139014,
    4.6090513025299815,
    9.0842746526732,
    11.878174778783597,
    16.60127665897254,
    18.55928734955829
  ],
  "endGameEPAOverTime": [
    0,
    0,
    0,
    0,
    0,
    0,
    0
  ],
  "unitlessEPAOverTime": [
    1500,
    1412.367111660424,
    1458.394887044262,
    1523.8330122584596,
    1586.6628592837833,
    1609.2324496351278,
    1603.7243305703832
  ],
  "EPA Rank": 151,
  "Auto EPA Rank": 68,
  "TeleOp EPA Rank": 211,
  "Endgame EPA Rank": 379
}