{
  "teamNumber": 21331,
  "teamName": "Silver Hornets",
  "wins": 6,
  "loss": 15,
  "ties": 1,
  "elo": 1500,
  "totalEPA": 59.67778120281799,
  "autonEPA": 20.470539107569245,
  "endgameEPA": 0,
  "unitlessEPA": 1573.5756563884788,
  "teleOpEPA": 39.207242095248745,
  "totalEPAOverTime": [
    10.56875,
    8.879166666666666,
    12.532304422547112,
    34.401806983359194,
    62.04619061595871,
    48.984405287257786,
    50.063772973577464,
    51.58041760910861,
    61.059075997816564,
    63.66519790546822,
    45.5656858821044,
    37.65487979899061,
    36.809747247166186,
    43.41295105693843,
    44.12009371815256,
    35.45034984965119,
    25.407994330954704,
    37.39055017168896,
    49.036671828870716,
    55.61230546953255,
    54.35398138611887,
    52.18555417232132,
    55.8355784192195,
    72.89972062117826,
    81.91043614145583,
    64.7966938621191,
    59.67778120281799
  ],
  "teleOpEPAOverTime": [
    9.63125,
    8.254166666666666,
    12.927968394087376,
    37.15882986152399,
    64.26856787303797,
    50.78073712567161,
    49.868767946703784,
    51.11870963421197,
    60.497275489483755,
    65.21704708979699,
    50.67506978035893,
    40.424848239501735,
    38.58113011982413,
    41.237632404982534,
    40.96018632060167,
    27.17183446891722,
    11.95241538186757,
    19.050510759056372,
    28.86550232036663,
    34.5176598552917,
    33.639745946110274,
    33.72139253384891,
    38.55608421279195,
    48.025316024680954,
    53.74103870203601,
    42.45744661701879,
    39.207242095248745
  ],
  "autonEPAOverTime": [
    0.9375,
    0.625,
    -0.39566397154026345,
    -2.7570228781648,
    -2.2223772570792617,
    -1.796331838413824,
    0.19500502687368115,
    0.46170797489664045,
    0.5618005083328056,
    -1.5518491843287765,
    -5.109383898254535,
    -2.7699684405111222,
    -1.7713828726579457,
    2.1753186519558954,
    3.159907397550887,
    8.278515380733971,
    13.455578949087133,
    18.340039412632585,
    20.171169508504086,
    21.094645614240854,
    20.714235440008594,
    18.4641616384724,
    17.27949420642755,
    24.874404596497307,
    28.16939743941983,
    22.339247245100307,
    20.470539107569245
  ],
  "endGameEPAOverTime": [
    0,
    0,
    0,
    0,
    0,
    0,
    0,
    0,
    0,
    0,
    0,
    0,
    0,
    0,
    0,
    0,
    0,
    0,
    0,
    0,
    0,
    0,
    0,
    0,
    0,
    0,
    0
  ],
  "unitlessEPAOverTime": [
    1500,
    1405.284074892004,
    1423.1233048000322,
    1529.9178223428048,
    1664.9125989547313,
    1601.1284749881695,
    1606.3993105268946,
    1575.2515727602267,
    1615.6890873604639,
    1626.8072317611745,
    1549.591738630431,
    1515.8429396583476,
    1512.2374652861254,
    1521.3554816496628,
    1524.0942360286076,
    1490.5164301818768,
    1451.6225171707047,
    1498.0308009297648,
    1543.1360794482007,
    1568.6034234729257,
    1563.7299505761498,
    1546.5681734129334,
    1559.7255386805869,
    1621.2372264785918,
    1653.718456027671,
    1592.0279731611345,
    1573.5756563884788
  ],
  "EPA Rank": 146,
  "Auto EPA Rank": 54,
  "TeleOp EPA Rank": 217,
  "Endgame EPA Rank": 380
}