{
  "teamNumber": 21427,
  "teamName": "Techno Wizards",
  "wins": 4,
  "loss": 5,
  "ties": 1,
  "elo": 1500,
  "totalEPA": 28.681590820766214,
  "autonEPA": 9.315240641852096,
  "endgameEPA": 0,
  "unitlessEPA": 1477.5614140258413,
  "teleOpEPA": 19.366350178914118,
  "totalEPAOverTime": [
    10.56875,
    21.045833333333334,
    33.74946004108791,
    15.781200237001146,
    24.199836043716275,
    32.14342108221411,
    30.97602078409509,
    36.67756522579864,
    43.849921938664096,
    38.40087653448541,
    23.498246127054436,
    28.324851736889624,
    28.681590820766214
  ],
  "teleOpEPAOverTime": [
    9.63125,
    19.920833333333334,
    32.38210514285721,
    13.177324079241382,
    17.76652006925929,
    24.27810114023712,
    22.84798955437416,
    24.732283236397514,
    28.16717880808301,
    27.101996668627944,
    16.358434832412673,
    19.780197946924925,
    19.366350178914118
  ],
  "autonEPAOverTime": [
    0.9375,
    1.125,
    1.3673548982306925,
    2.603876157759764,
    6.433315974456985,
    7.865319941976991,
    8.12803122972093,
    11.945281989401124,
    15.682743130581088,
    11.298879865857469,
    7.139811294641764,
    8.544653789964698,
    9.315240641852096
  ],
  "endGameEPAOverTime": [
    0,
    0,
    0,
    0,
    0,
    0,
    0,
    0,
    0,
    0,
    0,
    0,
    0
  ],
  "unitlessEPAOverTime": [
    1500,
    1467.58818394428,
    1530.5018121479998,
    1441.5155373787557,
    1483.2081134682978,
    1522.548041129398,
    1516.766590681398,
    1511.6735550575104,
    1542.2720076444425,
    1519.0254843441269,
    1455.4484136269944,
    1476.039506460323,
    1477.5614140258413
  ],
  "EPA Rank": 329,
  "Auto EPA Rank": 172,
  "TeleOp EPA Rank": 382,
  "Endgame EPA Rank": 384
}