{
  "teamNumber": 22192,
  "teamName": "Servo Soldiers",
  "wins": 14,
  "loss": 7,
  "ties": 0,
  "elo": 1500,
  "totalEPA": 81.51224322693312,
  "autonEPA": 20.515535097922204,
  "endgameEPA": 0,
  "unitlessEPA": 1647.7091998020537,
  "teleOpEPA": 60.99670812901092,
  "totalEPAOverTime": [
    10.56875,
    13.879166666666666,
    35.92864226108824,
    45.324707569346764,
    59.67831408336368,
    61.07694615108297,
    59.66896707741961,
    69.39618231385585,
    101.64743991069628,
    105.7593795514525,
    86.53956804998253,
    79.42479918283126,
    71.09183489642038,
    71.09183489642038,
    71.09183489642038,
    71.09183489642038,
    71.09183489642038,
    80.74681697944378,
    83.9756335215985,
    92.28959737516348,
    103.09961745544445,
    98.88969922475133,
    82.31793493488982,
    79.62922662742965,
    81.51224322693312
  ],
  "teleOpEPAOverTime": [
    9.63125,
    11.420833333333334,
    25.668682841792403,
    30.550498648579236,
    44.79259976879863,
    42.25396090528476,
    38.91970197887751,
    46.492711372609705,
    69.71437118592308,
    71.462311985574,
    56.259367096354026,
    54.277809418770744,
    49.38563151298692,
    49.38563151298692,
    49.38563151298692,
    49.38563151298692,
    49.38563151298692,
    54.50994087238253,
    57.889294303921645,
    67.8754458369082,
    76.8239703140243,
    73.40967747137884,
    62.63232335244903,
    59.958961305845705,
    60.99670812901092
  ],
  "autonEPAOverTime": [
    0.9375,
    2.458333333333333,
    10.25995941929584,
    14.77420892076753,
    14.88571431456505,
    18.82298524579822,
    20.749265098542097,
    22.903470941246145,
    31.93306872477319,
    34.29706756587849,
    30.28020095362851,
    25.146989764060518,
    21.70620338343346,
    21.70620338343346,
    21.70620338343346,
    21.70620338343346,
    21.70620338343346,
    26.23687610706125,
    26.086339217676848,
    24.41415153825529,
    26.27564714142015,
    25.480021753372487,
    19.685611582440792,
    19.670265321583937,
    20.515535097922204
  ],
  "endGameEPAOverTime": [
    0,
    0,
    0,
    0,
    0,
    0,
    0,
    0,
    0,
    0,
    0,
    0,
    0,
    0,
    0,
    0,
    0,
    0,
    0,
    0,
    0,
    0,
    0,
    0,
    0
  ],
  "unitlessEPAOverTime": [
    1500,
    1451.9125812222694,
    1569.7366372169886,
    1619.9456555797824,
    1696.6458986486725,
    1704.1196592992278,
    1696.5959517849922,
    1668.7635523550996,
    1813.9428501191605,
    1832.4527797769633,
    1745.934642350459,
    1713.9074525646004,
    1676.3965462143112,
    1670.6217071728722,
    1670.6217071728722,
    1670.6217071728722,
    1670.6217071728722,
    1644.9193715862739,
    1656.6877732088028,
    1686.9905372173914,
    1726.3909355340616,
    1711.0466111074588,
    1650.6457877064406,
    1640.8459744327804,
    1647.7091998020537
  ],
  "EPA Rank": 77,
  "Auto EPA Rank": 53,
  "TeleOp EPA Rank": 97,
  "Endgame EPA Rank": 412
}