{
  "teamNumber": 22302,
  "teamName": "Avondale RoboJackets [12]",
  "wins": 10,
  "loss": 9,
  "ties": 1,
  "elo": 1500,
  "totalEPA": 8.567924617443692,
  "autonEPA": 3.244800008408691,
  "endgameEPA": 0,
  "unitlessEPA": 1387.8762847601415,
  "teleOpEPA": 5.323124609035001,
  "totalEPAOverTime": [
    10.56875,
    8.045833333333334,
    2.795173182441701,
    1.7275977793546013,
    6.4999498805444516,
    8.512417655731953,
    8.502409451702793,
    9.041152564198219,
    9.277377422680804,
    10.254573850337813,
    10.094655344862549,
    10.435887173176443,
    10.568256034422676,
    11.467538524805448,
    11.612729738693051,
    10.025276719307755,
    10.364278708830254,
    11.583596320796824,
    12.831937236965361,
    11.822580006328206,
    11.901375941419102,
    8.942274843793761,
    5.190314410744239,
    10.334071550962111,
    8.567924617443692
  ],
  "teleOpEPAOverTime": [
    9.63125,
    7.420833333333334,
    2.7964591906721536,
    1.8589457780116247,
    6.650648727319187,
    8.606069029231396,
    8.572510690139678,
    8.757702165711795,
    8.65384201161593,
    9.997924201483677,
    10.237711963487918,
    10.879700370963096,
    11.311304019305624,
    11.554760266637617,
    10.494739071971953,
    8.566723193809175,
    8.199491338898495,
    8.954616181568767,
    10.005462577361397,
    8.158600947517288,
    8.248261679440802,
    5.019033048160621,
    1.737416899976382,
    7.3840210463159135,
    5.323124609035001
  ],
  "autonEPAOverTime": [
    0.9375,
    0.625,
    -0.0012860082304526482,
    -0.13134799865702343,
    -0.15069884677473622,
    -0.09365137349944294,
    -0.07010123843688616,
    0.28345039848642417,
    0.623535411064873,
    0.2566496488541353,
    -0.14305661862536906,
    -0.4438131977866535,
    -0.7430479848829472,
    -0.08722174183216813,
    1.1179906667210984,
    1.4585535254985795,
    2.1647873699317586,
    2.628980139228058,
    2.826474659603963,
    3.6639790588109187,
    3.6531142619783017,
    3.923241795633141,
    3.4528975107678574,
    2.9500505046461982,
    3.244800008408691
  ],
  "endGameEPAOverTime": [
    0,
    0,
    0,
    0,
    0,
    0,
    0,
    0,
    0,
    0,
    0,
    0,
    0,
    0,
    0,
    0,
    0,
    0,
    0,
    0,
    0,
    0,
    0,
    0,
    0
  ],
  "unitlessEPAOverTime": [
    1500,
    1441.4329501095222,
    1393.3829264427256,
    1383.613293308935,
    1427.2862077270427,
    1445.70277277744,
    1445.6111853528794,
    1410.2081095996834,
    1411.4289253084842,
    1416.479099778398,
    1415.6526371238483,
    1417.4161313599095,
    1418.1002167953015,
    1410.228597515592,
    1410.8973240019047,
    1403.585780476538,
    1405.1471670318008,
    1410.7631403439382,
    1416.5127901487538,
    1401.6093407834544,
    1401.941821142115,
    1389.4558598661154,
    1373.624419462226,
    1395.3285621552373,
    1387.8762847601415
  ],
  "EPA Rank": 520,
  "Auto EPA Rank": 339,
  "TeleOp EPA Rank": 548,
  "Endgame EPA Rank": 414
}