{
  "teamNumber": 24076,
  "teamName": "Flying Falcons",
  "wins": 4,
  "loss": 11,
  "ties": 0,
  "elo": 1500,
  "totalEPA": 9.931342658993312,
  "autonEPA": 0.1567150645050942,
  "endgameEPA": 0,
  "unitlessEPA": 1392.0917063977404,
  "teleOpEPA": 9.774627594488217,
  "totalEPAOverTime": [
    10.56875,
    9.761353312541859,
    10.392662525411977,
    10.894551044937105,
    8.226886754866593,
    6.250755764736308,
    6.32495188812195,
    5.856613122764009,
    7.5567841696328895,
    10.214910423792736,
    8.899314545426707,
    4.099430445067072,
    2.8998362127716315,
    0.582888128520255,
    1.2261884288082407,
    1.2007949182042492,
    -0.5439730068713473,
    4.557819163397406,
    9.931342658993312
  ],
  "teleOpEPAOverTime": [
    9.63125,
    9.272225600550994,
    10.538611222753245,
    11.11893876940251,
    8.491911402029213,
    6.320335126850987,
    6.270478796276995,
    5.999073046542854,
    7.208042622558377,
    8.373604519221301,
    5.944998850685966,
    2.131654723179496,
    1.7503497120254805,
    -0.2878507318141059,
    0.3742561464411387,
    0.2834184656771003,
    0.10219452568039777,
    5.168721103398713,
    9.774627594488217
  ],
  "autonEPAOverTime": [
    0.9375,
    0.4891277119908638,
    -0.14594869734126792,
    -0.22438772446540445,
    -0.26502464716261986,
    -0.06957936211467841,
    0.054473091844954746,
    -0.14245992377884467,
    0.3487415470745119,
    1.841305904571435,
    2.954315694740741,
    1.9677757218875758,
    1.149486500746151,
    0.8707388603343609,
    0.8519322823671021,
    0.917376452527149,
    -0.6461675325517451,
    -0.6109019400013067,
    0.1567150645050942
  ],
  "endGameEPAOverTime": [
    0,
    0,
    0,
    0,
    0,
    0,
    0,
    0,
    0,
    0,
    0,
    0,
    0,
    0,
    0,
    0,
    0,
    0,
    0
  ],
  "unitlessEPAOverTime": [
    1500,
    1405.172244662515,
    1408.171482777379,
    1410.5558661294433,
    1397.8822661671268,
    1388.4940182772898,
    1388.8465109016595,
    1379.3338257751304,
    1386.5137513170826,
    1397.7391798533015,
    1392.183338594057,
    1371.9131366552288,
    1366.8471773893664,
    1353.8874312309797,
    1356.5164028547865,
    1356.4126273415823,
    1349.2822943336564,
    1370.1317589463608,
    1392.0917063977404
  ],
  "EPA Rank": 505,
  "Auto EPA Rank": 498,
  "TeleOp EPA Rank": 493,
  "Endgame EPA Rank": 498
}