{
  "teamNumber": 24368,
  "teamName": "Buzzin Bots",
  "wins": 3,
  "loss": 9,
  "ties": 0,
  "elo": 1500,
  "totalEPA": 12.590811975300134,
  "autonEPA": -0.6590517587009437,
  "endgameEPA": 0,
  "unitlessEPA": 1410.4528690167635,
  "teleOpEPA": 13.249863734001078,
  "totalEPAOverTime": [
    10.56875,
    9.7125,
    25.36764689071788,
    34.03415069493128,
    1.610497784141774,
    1.2684634466109173,
    0.09417983393693344,
    3.3170248616141107,
    3.633106022468948,
    0.5153940486589121,
    -0.2709869289372566,
    10.344820391575077,
    12.590811975300134,
    12.590811975300134,
    12.590811975300134
  ],
  "teleOpEPAOverTime": [
    9.63125,
    8.0875,
    17.43351909007773,
    22.687293583901013,
    -4.5475476610836285,
    -7.074463662971066,
    -8.200786623716855,
    -3.4391971864307136,
    1.123431652693312,
    -1.7005612211507093,
    -1.8752302603064828,
    10.61138481099125,
    13.249863734001078,
    13.249863734001078,
    13.249863734001078
  ],
  "autonEPAOverTime": [
    0.9375,
    1.625,
    7.934127800640146,
    11.346857111030264,
    6.158045445225403,
    8.342927109581984,
    8.29496645765379,
    6.756222048044824,
    2.5096743697756363,
    2.2159552698096214,
    1.6042433313692261,
    -0.2665644194161728,
    -0.6590517587009437,
    -0.6590517587009437,
    -0.6590517587009437
  ],
  "endGameEPAOverTime": [
    0,
    0,
    0,
    0,
    0,
    0,
    0,
    0,
    0,
    0,
    0,
    0,
    0,
    0,
    0
  ],
  "unitlessEPAOverTime": [
    1500,
    1434.047466487008,
    1526.7897221545065,
    1578.1307358903957,
    1386.0506021862793,
    1384.0243653071377,
    1377.0678217631526,
    1370.5625746720218,
    1371.9694338991465,
    1358.092675645002,
    1354.5925387454333,
    1401.8428919200728,
    1411.8396724148752,
    1410.4528690167635,
    1410.4528690167635
  ],
  "EPA Rank": 480,
  "Auto EPA Rank": 573,
  "TeleOp EPA Rank": 457,
  "Endgame EPA Rank": 506
}