{
  "teamNumber": 24360,
  "teamName": "Mechanical Maniacs",
  "wins": 1,
  "loss": 4,
  "ties": 0,
  "elo": 1500,
  "totalEPA": 33.56075366475298,
  "autonEPA": 13.569070489788068,
  "endgameEPA": 0,
  "unitlessEPA": 1496.6845912765634,
  "teleOpEPA": 19.991683174964912,
  "totalEPAOverTime": [
    10.56875,
    14.877194070342071,
    20.313620271162225,
    15.033573337645906,
    16.918155621483397,
    27.053625950591893,
    33.56075366475298
  ],
  "teleOpEPAOverTime": [
    9.63125,
    12.072023572192885,
    14.764581500383276,
    8.724100555404073,
    5.981875617386869,
    13.512505400302542,
    19.991683174964912
  ],
  "autonEPAOverTime": [
    0.9375,
    2.805170498149186,
    5.549038770778949,
    6.3094727822418335,
    10.936280004096528,
    13.541120550289351,
    13.569070489788068
  ],
  "endGameEPAOverTime": [
    0,
    0,
    0,
    0,
    0,
    0,
    0
  ],
  "unitlessEPAOverTime": [
    1500,
    1416.9947045235588,
    1440.1823731310988,
    1417.6616998056402,
    1425.699897667072,
    1468.9301225411755,
    1496.6845912765634
  ],
  "EPA Rank": 293,
  "Auto EPA Rank": 104,
  "TeleOp EPA Rank": 372,
  "Endgame EPA Rank": 505
}