{
  "teamNumber": 25082,
  "teamName": "Avondale RoboJackets [21]",
  "wins": 8,
  "loss": 11,
  "ties": 1,
  "elo": 1500,
  "totalEPA": 20.93351593035166,
  "autonEPA": 2.3488526151938367,
  "endgameEPA": 0,
  "unitlessEPA": 1440.0530401983756,
  "teleOpEPA": 18.584663315157822,
  "totalEPAOverTime": [
    10.56875,
    8.44278549382716,
    4.96190469059374,
    2.8998575541551546,
    0.7913822674498426,
    2.339049838036642,
    3.543585737857968,
    5.204273855302816,
    7.29411304492445,
    8.542740724394752,
    9.142771398650742,
    8.804319553361614,
    8.546167510371099,
    9.730037151268819,
    18.798944722018277,
    27.83160987125858,
    27.05626499402079,
    26.2430718158732,
    25.885091667838214,
    24.18434189747962,
    20.77718342328923,
    28.27461831462092,
    23.031946093628594,
    22.486434249882446,
    20.93351593035166
  ],
  "teleOpEPAOverTime": [
    9.63125,
    7.883757716049382,
    5.033428603400794,
    3.105632592590116,
    0.9305334254863445,
    2.4482997468547936,
    3.711502735982045,
    5.329100497523702,
    7.432236378661954,
    8.358065883297707,
    8.49317947280517,
    8.229914995598108,
    7.939500240039601,
    9.539664043829408,
    18.803802707726096,
    27.755013409934275,
    26.83495403291735,
    26.352565299903194,
    26.006739675506957,
    23.916635641765858,
    18.641135713331895,
    25.11509572527089,
    20.798926545680498,
    20.352693436448313,
    18.584663315157822
  ],
  "autonEPAOverTime": [
    0.9375,
    0.5590277777777779,
    -0.07152391280705428,
    -0.2057750384349616,
    -0.1391511580365019,
    -0.1092499088181514,
    -0.16791699812407695,
    -0.12482664222088621,
    -0.13812333373750385,
    0.18467484109704557,
    0.6495919258455725,
    0.5744045577635057,
    0.606667270331497,
    0.19037310743941127,
    -0.0048579857078205335,
    0.07659646132430242,
    0.22131096110344078,
    -0.10949348402999293,
    -0.12164800766874263,
    0.2677062557137634,
    2.136047709957335,
    3.1595225893500274,
    2.2330195479480976,
    2.133740813434134,
    2.3488526151938367
  ],
  "endGameEPAOverTime": [
    0,
    0,
    0,
    0,
    0,
    0,
    0,
    0,
    0,
    0,
    0,
    0,
    0,
    0,
    0,
    0,
    0,
    0,
    0,
    0,
    0,
    0,
    0,
    0,
    0
  ],
  "unitlessEPAOverTime": [
    1500,
    1457.5324384552673,
    1422.2075555369945,
    1401.2813653615108,
    1379.8840102524964,
    1395.5901429292035,
    1407.814086246228,
    1392.8811255331175,
    1403.5211311463277,
    1409.8782736405205,
    1412.9332119218425,
    1411.2100508520525,
    1409.8957204480093,
    1402.2259563269306,
    1443.995830220105,
    1485.5987775717736,
    1482.0276685387078,
    1478.282236551776,
    1476.6334397674852,
    1453.769937932335,
    1439.3933933782896,
    1471.0289065405875,
    1448.9073905212122,
    1446.6055969927386,
    1440.0530401983756
  ],
  "EPA Rank": 393,
  "Auto EPA Rank": 388,
  "TeleOp EPA Rank": 392,
  "Endgame EPA Rank": 519
}