{
  "teamNumber": 25086,
  "teamName": "Avondale RoboJackets",
  "wins": 1,
  "loss": 4,
  "ties": 0,
  "elo": 1500,
  "totalEPA": 3.1375901390727394,
  "autonEPA": -0.3491790906627458,
  "endgameEPA": 0,
  "unitlessEPA": 1387.5056118839086,
  "teleOpEPA": 3.486769229735485,
  "totalEPAOverTime": [
    10.56875,
    12.045833333333333,
    11.41281231264726,
    2.9585645862108816,
    -4.56914509657687,
    0.716231323460256,
    3.1375901390727394
  ],
  "teleOpEPAOverTime": [
    9.63125,
    11.420833333333333,
    11.200027693669435,
    1.7876242339921669,
    -3.561306506526144,
    1.699410607086575,
    3.486769229735485
  ],
  "autonEPAOverTime": [
    0.9375,
    0.625,
    0.2127846189778252,
    1.1709403522187147,
    -1.0078385900507258,
    -0.9831792836263191,
    -0.3491790906627458
  ],
  "endGameEPAOverTime": [
    0,
    0,
    0,
    0,
    0,
    0,
    0
  ],
  "unitlessEPAOverTime": [
    1500,
    1434.2255363520592,
    1430.9056119148527,
    1386.5666994490794,
    1347.0870826347787,
    1374.806620791188,
    1387.5056118839086
  ],
  "EPA Rank": 569,
  "Auto EPA Rank": 557,
  "TeleOp EPA Rank": 565,
  "Endgame EPA Rank": 523
}