{
  "teamNumber": 25098,
  "teamName": "Avondale RoboJackets [31]",
  "wins": 9,
  "loss": 22,
  "ties": 2,
  "elo": 1500,
  "totalEPA": -0.3508932157029303,
  "autonEPA": 1.2709909290300307,
  "endgameEPA": 0,
  "unitlessEPA": 1357.5821906516182,
  "teleOpEPA": -1.621884144732961,
  "totalEPAOverTime": [
    10.56875,
    8.379166666666666,
    7.252777777777778,
    4.524745075660151,
    3.4303618452904066,
    4.789317251628297,
    5.645246936949244,
    5.836075178556548,
    7.581330340067604,
    7.660339261892001,
    6.509710521968714,
    7.273133962979451,
    6.58085175061535,
    5.722584792179458,
    5.957674184657602,
    7.968415277699929,
    3.290164217080915,
    -3.1122013499708197,
    -5.818092889002124,
    -3.5463235977507885,
    1.226236717249332,
    8.780970472735133,
    8.989650157957454,
    11.113130549737194,
    12.051912804581534,
    10.1762032683904,
    5.439175035124372,
    0.38716825179905534,
    2.462534991085737,
    3.0444572918316872,
    6.839232180370325,
    6.334892967694197,
    2.3832606337004663,
    5.77045417467212,
    3.865136612865766,
    0.8719059112928877,
    -0.3508932157029303,
    -0.3508932157029303,
    -0.3508932157029303,
    -0.3508932157029303
  ],
  "teleOpEPAOverTime": [
    9.63125,
    7.754166666666666,
    6.836111111111111,
    4.436021671024806,
    3.582574816220114,
    4.572154664295204,
    5.183090392588676,
    5.171372866388542,
    6.780391836954284,
    6.6327592653205825,
    4.999638338043381,
    5.40591587267388,
    4.677954993184477,
    3.793087494320397,
    4.625078399330142,
    7.11534112936179,
    2.245918988341485,
    -3.7606660747524803,
    -6.267371339108691,
    -4.03712779138647,
    0.3480448267420586,
    6.830277439918639,
    6.187991247924762,
    7.685927353146214,
    8.507580435218443,
    6.829361364105161,
    2.9998347867452377,
    -1.2689577834013819,
    0.26346331650635246,
    0.7838284641744311,
    4.626337979924856,
    4.411457504658308,
    1.3570534931786469,
    4.145415882021137,
    3.0956987478534046,
    -0.03877203464438517,
    -1.621884144732961,
    -1.621884144732961,
    -1.621884144732961,
    -1.621884144732961
  ],
  "autonEPAOverTime": [
    0.9375,
    0.625,
    0.4166666666666667,
    0.08872340463534524,
    -0.1522129709297072,
    0.21716258733309302,
    0.46215654436056774,
    0.6647023121680059,
    0.8009385031133192,
    1.0275799965714183,
    1.5100721839253324,
    1.8672180903055713,
    1.9028967574308737,
    1.9294972978590614,
    1.3325957853274606,
    0.8530741483381392,
    1.0442452287394297,
    0.6484647247816606,
    0.44927845010656714,
    0.4908041936356813,
    0.8781918905072734,
    1.9506930328164933,
    2.8016589100326925,
    3.42720319659098,
    3.5443323693630906,
    3.3468419042852395,
    2.4393402483791347,
    1.6561260352004372,
    2.1990716745793844,
    2.260628827657256,
    2.2128942004454686,
    1.9234354630358883,
    1.0262071405218194,
    1.6250382926509839,
    0.7694378650123614,
    0.9106779459372729,
    1.2709909290300307,
    1.2709909290300307,
    1.2709909290300307,
    1.2709909290300307
  ],
  "endGameEPAOverTime": [
    0,
    0,
    0,
    0,
    0,
    0,
    0,
    0,
    0,
    0,
    0,
    0,
    0,
    0,
    0,
    0,
    0,
    0,
    0,
    0,
    0,
    0,
    0,
    0,
    0,
    0,
    0,
    0,
    0,
    0,
    0,
    0,
    0,
    0,
    0,
    0,
    0,
    0,
    0,
    0
  ],
  "unitlessEPAOverTime": [
    1500,
    1428.1558708280913,
    1419.6953548838123,
    1399.2045950756717,
    1390.984479571134,
    1401.1918457803545,
    1407.6208924633193,
    1440.8193492296896,
    1453.9540519158957,
    1454.548669093147,
    1445.8890949893746,
    1451.6345814617794,
    1446.4245003029428,
    1385.7843577855501,
    1386.9020897038388,
    1396.462153113834,
    1374.2194203511963,
    1343.7793895552002,
    1330.9142351187488,
    1341.0772556790741,
    1363.058871540735,
    1397.8547136861491,
    1398.815857469764,
    1408.5962535634844,
    1412.9201278661042,
    1394.662435112643,
    1374.6744897425638,
    1353.3574887407026,
    1362.1145226794977,
    1364.5699505520315,
    1380.5820470456094,
    1381.7474577620847,
    1367.6048638612426,
    1379.7273739190302,
    1372.9083861561842,
    1362.1958393689442,
    1357.8195335758576,
    1357.5821906516182,
    1357.5821906516182,
    1357.5821906516182
  ],
  "EPA Rank": 592,
  "Auto EPA Rank": 435,
  "TeleOp EPA Rank": 600,
  "Endgame EPA Rank": 533
}