{
  "teamNumber": 26081,
  "teamName": "GA MS Robotics",
  "wins": 0,
  "loss": 5,
  "ties": 0,
  "elo": 1500,
  "totalEPA": 0.16646380334974697,
  "autonEPA": 0.3975505344126339,
  "endgameEPA": 0,
  "unitlessEPA": 1354.6241578114464,
  "teleOpEPA": -0.2310867310628869,
  "totalEPAOverTime": [
    10.56875,
    11.85732254020634,
    8.599817065882068,
    -2.542959080150335,
    -2.53127811751442,
    -0.5530910460349334,
    0.16646380334974697
  ],
  "teleOpEPAOverTime": [
    9.63125,
    9.08656649294517,
    3.977734208307136,
    -3.576903793656698,
    -2.5713320814882867,
    -1.0808641266759376,
    -0.2310867310628869
  ],
  "autonEPAOverTime": [
    0.9375,
    2.7707560472611696,
    4.622082857574932,
    1.0339447135063629,
    0.040053963973866735,
    0.5277730806410041,
    0.3975505344126339
  ],
  "endGameEPAOverTime": [
    0,
    0,
    0,
    0,
    0,
    0,
    0
  ],
  "unitlessEPAOverTime": [
    1500,
    1397.9776421343113,
    1385.8977585524885,
    1344.576741693628,
    1344.6200584800088,
    1351.9558157687961,
    1354.6241578114464
  ],
  "EPA Rank": 588,
  "Auto EPA Rank": 484,
  "TeleOp EPA Rank": 589,
  "Endgame EPA Rank": 553
}