{
  "teamNumber": 26153,
  "teamName": "Mini Mobots",
  "wins": 3,
  "loss": 6,
  "ties": 1,
  "elo": 1500,
  "totalEPA": 46.043879582518684,
  "autonEPA": 3.8375956473193753,
  "endgameEPA": 0,
  "unitlessEPA": 1532.436517810858,
  "teleOpEPA": 42.20628393519931,
  "totalEPAOverTime": [
    10.56875,
    21.379166666666663,
    43.3697045038866,
    41.04629501634523,
    27.722914401132286,
    19.769167421727403,
    24.605969943326357,
    25.441507856223794,
    26.77313154685316,
    25.86054256461455,
    20.940332842459515,
    24.167643408479243,
    39.761325041560546,
    46.043879582518684
  ],
  "teleOpEPAOverTime": [
    9.63125,
    19.42083333333333,
    39.11458904892547,
    39.38795396963805,
    28.907116107040547,
    20.177999766155807,
    24.04258772939874,
    24.775933895112352,
    26.374736579260293,
    27.009326821276947,
    23.745652668159597,
    26.133830328552662,
    37.159157279294476,
    42.20628393519931
  ],
  "autonEPAOverTime": [
    0.9375,
    1.9583333333333333,
    4.255115454961134,
    1.6583410467071868,
    -1.1842017059082601,
    -0.40883234442840427,
    0.5633822139276159,
    0.6655739611114401,
    0.39839496759286674,
    -1.1487842566623943,
    -2.805319825700083,
    -1.9661869200734179,
    2.6021677622660713,
    3.8375956473193753
  ],
  "endGameEPAOverTime": [
    0,
    0,
    0,
    0,
    0,
    0,
    0,
    0,
    0,
    0,
    0,
    0,
    0,
    0
  ],
  "unitlessEPAOverTime": [
    1500,
    1491.9897438820453,
    1609.4988587991415,
    1597.0834374714798,
    1525.8883318589471,
    1483.3865169991725,
    1509.2325598540172,
    1513.6973583664972,
    1457.02946536009,
    1453.4584755302037,
    1434.2055377666743,
    1446.8341070716315,
    1507.8526812665762,
    1532.436517810858
  ],
  "EPA Rank": 214,
  "Auto EPA Rank": 316,
  "TeleOp EPA Rank": 196,
  "Endgame EPA Rank": 554
}