{
  "teamNumber": 27169,
  "teamName": "Slauson Golden Bears 3",
  "wins": 1,
  "loss": 4,
  "ties": 0,
  "elo": 1500,
  "totalEPA": 2.854902208146135,
  "autonEPA": 0.8916672095057385,
  "endgameEPA": 0,
  "unitlessEPA": 1376.733679246303,
  "teleOpEPA": 1.9632349986403965,
  "totalEPAOverTime": [
    10.56875,
    6.879166666666666,
    0.16296804348930524,
    0.6000110011781475,
    -0.38645394298490565,
    3.814191572068155,
    2.854902208146135
  ],
  "teleOpEPAOverTime": [
    9.63125,
    5.754166666666666,
    -0.6856068688716155,
    -3.102348015664302,
    -3.6199232487707764,
    2.4451054661412712,
    1.9632349986403965
  ],
  "autonEPAOverTime": [
    0.9375,
    1.125,
    0.8485749123609208,
    3.7023590168424496,
    3.2334693057858708,
    1.3690861059268842,
    0.8916672095057385
  ],
  "endGameEPAOverTime": [
    0,
    0,
    0,
    0,
    0,
    0,
    0
  ],
  "unitlessEPAOverTime": [
    1500,
    1397.4508191656826,
    1362.8754506637172,
    1365.1253724068195,
    1360.0469953556994,
    1381.6721548808916,
    1376.733679246303
  ],
  "EPA Rank": 572,
  "Auto EPA Rank": 460,
  "TeleOp EPA Rank": 575,
  "Endgame EPA Rank": 585
}