{
  "teamNumber": 28000,
  "teamName": "Purple Pickles",
  "wins": 1,
  "loss": 4,
  "ties": 0,
  "elo": 1500,
  "totalEPA": -17.233234938247698,
  "autonEPA": -1.7963653472469245,
  "endgameEPA": 0,
  "unitlessEPA": 1280.1379073423675,
  "teleOpEPA": -15.436869591000773,
  "totalEPAOverTime": [
    10.56875,
    16.545833333333334,
    19.673111915258204,
    7.510191845329161,
    -12.049048324021424,
    -18.680161017782858,
    -17.233234938247698
  ],
  "teleOpEPAOverTime": [
    9.63125,
    15.920833333333334,
    20.601245713550963,
    10.039736883471402,
    -10.006716231287175,
    -17.148948830930486,
    -15.436869591000773
  ],
  "autonEPAOverTime": [
    0.9375,
    0.625,
    -0.9281337982927579,
    -2.5295450381422415,
    -2.0423320927342483,
    -1.5312121868523705,
    -1.7963653472469245
  ],
  "endGameEPAOverTime": [
    0,
    0,
    0,
    0,
    0,
    0,
    0
  ],
  "unitlessEPAOverTime": [
    1500,
    1418.8412705092871,
    1431.6824789578277,
    1381.7391854937828,
    1301.425176514415,
    1274.1965500535314,
    1280.1379073423675
  ],
  "EPA Rank": 623,
  "Auto EPA Rank": 597,
  "TeleOp EPA Rank": 624,
  "Endgame EPA Rank": 608
}