{
  "teamNumber": 28033,
  "teamName": "Avondale RoboJackets [40]",
  "wins": 13,
  "loss": 11,
  "ties": 0,
  "elo": 1500,
  "totalEPA": 29.00878976881891,
  "autonEPA": 1.290896795346451,
  "endgameEPA": 0,
  "unitlessEPA": 1462.8387383846537,
  "teleOpEPA": 27.71789297347246,
  "totalEPAOverTime": [
    10.56875,
    10.363503827113759,
    10.568386300656575,
    9.262152515249047,
    7.774163172204854,
    8.300950625130508,
    8.495419180587616,
    8.492297330906483,
    6.139583656502008,
    0.6299113576430017,
    6.409102767727226,
    15.091396584544778,
    17.18927370112985,
    11.674356244136593,
    13.263553179928,
    16.418503845378495,
    18.99020366676837,
    23.188415024327657,
    25.017251657860037,
    22.160678123635332,
    25.378592848905946,
    29.45014037445885,
    31.24692895282911,
    29.182392941302385,
    29.00878976881891,
    29.00878976881891,
    29.00878976881891,
    29.00878976881891,
    29.00878976881891
  ],
  "teleOpEPAOverTime": [
    9.63125,
    9.576367666825124,
    10.016202524605752,
    9.952653892562575,
    8.517974057685054,
    8.609427913325215,
    8.5830836456114,
    8.848517537207039,
    6.567335422059965,
    -0.036962911699363166,
    3.5375514195520927,
    11.460786360622476,
    13.539837045974002,
    8.185774072951839,
    10.76479213665215,
    14.213566979823835,
    15.00514645854116,
    19.706094024900217,
    21.93453300952388,
    19.612921712975137,
    21.28834257892092,
    24.364173477678747,
    28.743640749031336,
    28.11546996258982,
    27.71789297347246,
    27.71789297347246,
    27.71789297347246,
    27.71789297347246,
    27.71789297347246
  ],
  "autonEPAOverTime": [
    0.9375,
    0.7871361602886334,
    0.5521837760508234,
    -0.690501377313528,
    -0.7438108854801994,
    -0.3084772881947067,
    -0.08766446502378233,
    -0.3562202063005564,
    -0.42775176555795597,
    0.6668742693423648,
    2.871551348175133,
    3.630610223922302,
    3.649436655155847,
    3.4885821711847544,
    2.498761043275848,
    2.20493686555466,
    3.9850572082272095,
    3.4823209994274396,
    3.082718648336158,
    2.5477564106601966,
    4.090250269985029,
    5.085966896780103,
    2.5032882037977737,
    1.0669229787125651,
    1.290896795346451,
    1.290896795346451,
    1.290896795346451,
    1.290896795346451,
    1.290896795346451
  ],
  "endGameEPAOverTime": [
    0,
    0,
    0,
    0,
    0,
    0,
    0,
    0,
    0,
    0,
    0,
    0,
    0,
    0,
    0,
    0,
    0,
    0,
    0,
    0,
    0,
    0,
    0,
    0,
    0,
    0,
    0,
    0,
    0
  ],
  "unitlessEPAOverTime": [
    1500,
    1417.042052499215,
    1418.1008900143088,
    1411.3502426233633,
    1403.6602781709112,
    1406.3827283053379,
    1407.3877464431193,
    1397.093171411676,
    1386.080135454759,
    1360.2893986565286,
    1387.3417524952395,
    1427.9835080277448,
    1437.803655872124,
    1402.3920456265798,
    1409.0991735064563,
    1422.4144883622198,
    1433.2682215794484,
    1450.9865671209825,
    1458.705082615348,
    1438.38674849191,
    1449.9034224434686,
    1464.475183765119,
    1470.9057544867326,
    1463.516935908265,
    1462.895623255463,
    1462.8387383846537,
    1462.8387383846537,
    1462.8387383846537,
    1462.8387383846537
  ],
  "EPA Rank": 326,
  "Auto EPA Rank": 433,
  "TeleOp EPA Rank": 298,
  "Endgame EPA Rank": 611
}