{
  "teamNumber": 5384,
  "teamName": "Emergency Situation Evacuate Now",
  "wins": 16,
  "loss": 10,
  "ties": 0,
  "elo": 1500,
  "totalEPA": 92.20662760369899,
  "autonEPA": 20.981058452233377,
  "endgameEPA": 0,
  "unitlessEPA": 1728.325638456255,
  "teleOpEPA": 71.2255691514656,
  "totalEPAOverTime": [
    10.56875,
    15.879166666666666,
    36.895535200901605,
    48.43507305933206,
    46.32993341500897,
    42.16394756601884,
    43.746261818651455,
    43.746261818651455,
    43.746261818651455,
    48.82420157709161,
    59.50474500572038,
    52.21672588783426,
    42.40397593530326,
    52.149219598723974,
    56.88161765628825,
    56.88161765628825,
    56.88161765628825,
    56.88161765628825,
    56.88161765628825,
    56.88161765628825,
    59.30655638024021,
    76.23502141285988,
    83.7331560661104,
    91.35874318465216,
    93.33240874175945,
    92.20662760369899,
    92.20662760369899,
    92.20662760369899,
    92.20662760369899,
    92.20662760369899
  ],
  "teleOpEPAOverTime": [
    9.63125,
    14.754166666666666,
    30.39683083950513,
    35.29108937732226,
    32.182454060315266,
    27.236530152224653,
    28.276416467479553,
    28.276416467479553,
    28.276416467479553,
    34.21981823328857,
    48.3409025285361,
    48.14917983054855,
    42.15142994807128,
    46.41705641513597,
    48.319511111870256,
    48.319511111870256,
    48.319511111870256,
    48.319511111870256,
    48.319511111870256,
    48.319511111870256,
    50.49438425989189,
    62.47788748894761,
    62.51124130253983,
    69.44231999020776,
    72.08533491431457,
    71.2255691514656,
    71.2255691514656,
    71.2255691514656,
    71.2255691514656,
    71.2255691514656
  ],
  "autonEPAOverTime": [
    0.9375,
    1.125,
    6.498704361396474,
    13.143983682009804,
    14.147479354693706,
    14.927417413794188,
    15.469845351171902,
    15.469845351171902,
    15.469845351171902,
    14.604383343803036,
    11.163842477184282,
    4.067546057285712,
    0.25254598723197896,
    5.732163183588007,
    8.562106544417992,
    8.562106544417992,
    8.562106544417992,
    8.562106544417992,
    8.562106544417992,
    8.562106544417992,
    8.812172120348325,
    13.757133923912269,
    21.221914763570567,
    21.916423194444395,
    21.247073827444883,
    20.981058452233377,
    20.981058452233377,
    20.981058452233377,
    20.981058452233377,
    20.981058452233377
  ],
  "endGameEPAOverTime": [
    0,
    0,
    0,
    0,
    0,
    0,
    0,
    0,
    0,
    0,
    0,
    0,
    0,
    0,
    0,
    0,
    0,
    0,
    0,
    0,
    0,
    0,
    0,
    0,
    0,
    0,
    0,
    0,
    0,
    0
  ],
  "unitlessEPAOverTime": [
    1500,
    1462.5998245982098,
    1574.9033473001205,
    1636.5662720695818,
    1625.3172022099711,
    1603.0557498755309,
    1611.5110386330828,
    1600.480721818513,
    1600.480721818513,
    1576.1586141441999,
    1624.2371670518169,
    1591.430089856495,
    1547.2579163229477,
    1591.1262097483082,
    1612.4291380038717,
    1607.7393241437392,
    1607.7393241437392,
    1607.7393241437392,
    1607.7393241437392,
    1607.7393241437392,
    1594.425038846826,
    1663.9365781942092,
    1694.725363886065,
    1726.0374939590529,
    1734.1417450395306,
    1729.519070761382,
    1728.325638456255,
    1728.325638456255,
    1728.325638456255,
    1728.325638456255
  ],
  "EPA Rank": 46,
  "Auto EPA Rank": 48,
  "TeleOp EPA Rank": 59,
  "Endgame EPA Rank": 7
}