{
  "teamNumber": 6155,
  "teamName": "Birdhouse Frogs",
  "wins": 5,
  "loss": 8,
  "ties": 0,
  "elo": 1500,
  "totalEPA": 34.012446313351575,
  "autonEPA": 10.859615447413622,
  "endgameEPA": 0,
  "unitlessEPA": 1503.4897278575204,
  "teleOpEPA": 23.15283086593795,
  "totalEPAOverTime": [
    10.56875,
    10.7125,
    11.718152104990597,
    5.175827333535064,
    9.557590454737865,
    14.029847249794836,
    15.634732154683217,
    21.411603041026133,
    25.0449300922402,
    27.91206643099817,
    37.293574135300354,
    32.93982594617457,
    34.012446313351575,
    34.012446313351575,
    34.012446313351575,
    34.012446313351575
  ],
  "teleOpEPAOverTime": [
    9.63125,
    8.254166666666666,
    5.587303917580837,
    0.47333869123714045,
    4.672242738641339,
    9.87364691750252,
    12.26879337255572,
    17.388050318702078,
    17.80697670159489,
    14.76211395372674,
    23.968791822400405,
    22.546393642173246,
    23.15283086593795,
    23.15283086593795,
    23.15283086593795,
    23.15283086593795
  ],
  "autonEPAOverTime": [
    0.9375,
    2.458333333333333,
    6.13084818740976,
    4.702488642297924,
    4.8853477160965255,
    4.1562003322923164,
    3.365938782127496,
    4.023552722324057,
    7.23795339064531,
    13.14995247727143,
    13.324782312899949,
    10.393432304001326,
    10.859615447413622,
    10.859615447413622,
    10.859615447413622,
    10.859615447413622
  ],
  "endGameEPAOverTime": [
    0,
    0,
    0,
    0,
    0,
    0,
    0,
    0,
    0,
    0,
    0,
    0,
    0,
    0,
    0,
    0
  ],
  "unitlessEPAOverTime": [
    1500,
    1439.9715409345297,
    1445.9290988728008,
    1407.1718798668337,
    1433.1297708082434,
    1459.6237530105952,
    1469.1312106668574,
    1451.1005105736394,
    1467.272242142007,
    1480.0337025298936,
    1521.7902584804106,
    1502.4119734985284,
    1507.1861456025656,
    1503.4897278575204,
    1503.4897278575204,
    1503.4897278575204
  ],
  "EPA Rank": 290,
  "Auto EPA Rank": 143,
  "TeleOp EPA Rank": 345,
  "Endgame EPA Rank": 21
}