{
  "teamNumber": 6494,
  "teamName": "Control Freaks WHITE",
  "wins": 5,
  "loss": 5,
  "ties": 0,
  "elo": 1500,
  "totalEPA": 42.43524016381151,
  "autonEPA": 5.177755899253946,
  "endgameEPA": 0,
  "unitlessEPA": 1507.8194626254335,
  "teleOpEPA": 37.25748426455756,
  "totalEPAOverTime": [
    10.56875,
    25.379166666666663,
    48.18988127327399,
    27.25726451615958,
    30.35837313001027,
    35.58210531474006,
    31.161412787121144,
    28.87305232260095,
    26.0643107805967,
    35.00372574733632,
    48.867871896245006,
    47.09437258885898,
    42.43524016381151
  ],
  "teleOpEPAOverTime": [
    9.63125,
    19.5875,
    35.035864607579526,
    17.567362618751446,
    19.346048344289077,
    24.92499550228065,
    22.755330521567906,
    20.690900434639918,
    17.78486749297799,
    27.36345274586567,
    42.260353691314776,
    41.12468077430231,
    37.25748426455756
  ],
  "autonEPAOverTime": [
    0.9375,
    5.791666666666666,
    13.154016665694467,
    9.689901897408134,
    11.012324785721194,
    10.657109812459412,
    8.40608226555324,
    8.182151887961034,
    8.279443287618708,
    7.640273001470651,
    6.607518204930226,
    5.969691814556669,
    5.177755899253946
  ],
  "endGameEPAOverTime": [
    0,
    0,
    0,
    0,
    0,
    0,
    0,
    0,
    0,
    0,
    0,
    0,
    0
  ],
  "unitlessEPAOverTime": [
    1500,
    1473.6720377945715,
    1578.8721642443807,
    1482.3335871874406,
    1496.6355073130462,
    1520.726698485739,
    1500.3390244947398,
    1458.1857263171364,
    1447.906534000511,
    1480.62224111241,
    1531.3610586359111,
    1524.870557398473,
    1507.8194626254335
  ],
  "EPA Rank": 235,
  "Auto EPA Rank": 271,
  "TeleOp EPA Rank": 228,
  "Endgame EPA Rank": 26
}