{
  "teamNumber": 7253,
  "teamName": "Raging Robots",
  "wins": 14,
  "loss": 10,
  "ties": 0,
  "elo": 1500,
  "totalEPA": 120.5695508950114,
  "autonEPA": 21.89170632013847,
  "endgameEPA": 0,
  "unitlessEPA": 1807.5466004102855,
  "teleOpEPA": 98.67784457487294,
  "totalEPAOverTime": [
    10.56875,
    18.94516246930592,
    51.31723766113724,
    77.2364596868477,
    85.84369928482873,
    87.71134077266417,
    90.1163782087659,
    90.1163782087659,
    90.1163782087659,
    90.1163782087659,
    98.33552350730491,
    104.95811596559422,
    113.7742369619735,
    107.12519844821198,
    117.99239214125463,
    125.35758692712643,
    125.35758692712643,
    125.35758692712643,
    125.35758692712643,
    125.35758692712643,
    121.8368914277888,
    112.78961458989409,
    98.97452720549514,
    105.99778424478261,
    116.43357017035981,
    122.37199200019849,
    122.66869087555081,
    120.5695508950114
  ],
  "teleOpEPAOverTime": [
    9.63125,
    14.625726004697254,
    38.114802182614376,
    59.99838152150252,
    66.89356667655747,
    68.75316886754035,
    70.65730781672504,
    70.65730781672504,
    70.65730781672504,
    70.65730781672504,
    77.9425481806042,
    85.53700665995609,
    97.13666608961915,
    93.36717424540645,
    100.87533647717856,
    105.85270080283121,
    105.85270080283121,
    105.85270080283121,
    105.85270080283121,
    105.85270080283121,
    102.68821339392181,
    94.844240536302,
    82.3020080413263,
    85.3292407522621,
    93.29230899845578,
    100.97711950690321,
    100.57193489359977,
    98.67784457487294
  ],
  "autonEPAOverTime": [
    0.9375,
    4.319436464608666,
    13.202435478522863,
    17.23807816534517,
    18.950132608271268,
    18.958171905123827,
    19.459070392040854,
    19.459070392040854,
    19.459070392040854,
    19.459070392040854,
    20.39297532670071,
    19.42110930563812,
    16.63757087235434,
    13.758024202805524,
    17.11705566407606,
    19.504886124295233,
    19.504886124295233,
    19.504886124295233,
    19.504886124295233,
    19.504886124295233,
    19.148678033866993,
    17.945374053592094,
    16.67251916416884,
    20.668543492520516,
    23.14126117190404,
    21.39487249329528,
    22.096755981951038,
    21.89170632013847
  ],
  "endGameEPAOverTime": [
    0,
    0,
    0,
    0,
    0,
    0,
    0,
    0,
    0,
    0,
    0,
    0,
    0,
    0,
    0,
    0,
    0,
    0,
    0,
    0,
    0,
    0,
    0,
    0,
    0,
    0,
    0,
    0
  ],
  "unitlessEPAOverTime": [
    1500,
    1454.4389727842272,
    1612.5203073896544,
    1739.090667352015,
    1781.1220760539468,
    1790.2422593357398,
    1801.9866879959982,
    1788.7279154037137,
    1788.7279154037137,
    1788.7279154037137,
    1752.076355519923,
    1779.1147802732844,
    1815.1088453887915,
    1787.9624478611104,
    1832.3305409908269,
    1862.4008293659454,
    1850.9816345582815,
    1850.9816345582815,
    1850.9816345582815,
    1850.9816345582815,
    1812.3203610771263,
    1778.2414902497944,
    1726.2034475462408,
    1752.6583326699642,
    1791.9673763647288,
    1814.3359535712568,
    1815.4535453979372,
    1807.5466004102855
  ],
  "EPA Rank": 19,
  "Auto EPA Rank": 43,
  "TeleOp EPA Rank": 18,
  "Endgame EPA Rank": 38
}