{
  "teamNumber": 8513,
  "teamName": "Joe Bots - Maize",
  "wins": 12,
  "loss": 10,
  "ties": 0,
  "elo": 1500,
  "totalEPA": 85.76923487455656,
  "autonEPA": 12.860561790017154,
  "endgameEPA": 0,
  "unitlessEPA": 1663.2250975803622,
  "teleOpEPA": 72.9086730845394,
  "totalEPAOverTime": [
    10.56875,
    13.203056851780929,
    28.258904556201205,
    41.88146200433047,
    45.60014508867982,
    45.825849699601484,
    45.00013688033415,
    43.757023467894264,
    45.823428897649755,
    64.15229784272147,
    79.35890013333783,
    85.58182235093732,
    82.28498400420695,
    82.28498400420695,
    82.28498400420695,
    82.28498400420695,
    82.28498400420695,
    82.28498400420695,
    83.67291792966898,
    91.8018651081022,
    106.03355942157012,
    109.1977039842691,
    79.99867252221861,
    80.5320708199596,
    85.11024223892619,
    85.76923487455656
  ],
  "teleOpEPAOverTime": [
    9.63125,
    10.964897999459456,
    21.723953125204932,
    30.462441528410967,
    33.474833255775906,
    40.75263345506893,
    42.67391367532869,
    41.51792764553418,
    42.15739709712625,
    53.958435415065615,
    61.78045196865635,
    64.091986398345,
    60.93801901461792,
    60.93801901461792,
    60.93801901461792,
    60.93801901461792,
    60.93801901461792,
    60.93801901461792,
    66.13672202694376,
    82.15955036147543,
    92.44653697317722,
    92.28878652379262,
    70.80924646993955,
    68.79503309630431,
    72.20877018280338,
    72.9086730845394
  ],
  "autonEPAOverTime": [
    0.9375,
    2.2381588523214733,
    6.534951430996272,
    11.419020475919506,
    12.125311832903911,
    5.073216244532549,
    2.326223205005464,
    2.239095822360084,
    3.6660318005235024,
    10.193862427655851,
    17.57844816468148,
    21.48983595259232,
    21.34696498958903,
    21.34696498958903,
    21.34696498958903,
    21.34696498958903,
    21.34696498958903,
    21.34696498958903,
    17.536195902725225,
    9.642314746626779,
    13.587022448392906,
    16.908917460476474,
    9.189426052279059,
    11.737037723655295,
    12.901472056122811,
    12.860561790017154
  ],
  "endGameEPAOverTime": [
    0,
    0,
    0,
    0,
    0,
    0,
    0,
    0,
    0,
    0,
    0,
    0,
    0,
    0,
    0,
    0,
    0,
    0,
    0,
    0,
    0,
    0,
    0,
    0,
    0,
    0
  ],
  "unitlessEPAOverTime": [
    1500,
    1417.5173616135057,
    1486.953024179522,
    1549.7785336310267,
    1566.9286289895913,
    1567.9695500663202,
    1564.161467132654,
    1534.413909259286,
    1543.1315020605123,
    1620.45592914019,
    1684.6083770339583,
    1710.861164190618,
    1696.9527153332879,
    1696.479121447122,
    1696.479121447122,
    1696.479121447122,
    1696.479121447122,
    1696.479121447122,
    1655.584434379632,
    1685.2128489752427,
    1737.0845772891043,
    1748.617262258791,
    1642.192532099005,
    1644.1366640466194,
    1660.8231989586425,
    1663.2250975803622
  ],
  "EPA Rank": 66,
  "Auto EPA Rank": 114,
  "TeleOp EPA Rank": 53,
  "Endgame EPA Rank": 59
}