{
  "teamNumber": 8734,
  "teamName": "Actuators",
  "wins": 6,
  "loss": 9,
  "ties": 0,
  "elo": 1500,
  "totalEPA": 15.715084617481319,
  "autonEPA": -0.9458195612493497,
  "endgameEPA": 0,
  "unitlessEPA": 1414.3701661382472,
  "teleOpEPA": 16.660904178730668,
  "totalEPAOverTime": [
    10.56875,
    6.379166666666666,
    10.181138055981485,
    21.68569257634039,
    23.59665997714161,
    23.61008229166209,
    24.3661540810253,
    27.900762506273438,
    33.25698311109667,
    28.22576009447272,
    20.837424011720536,
    35.707593377700526,
    40.459950914959464,
    37.72305132495045,
    38.09593252607743,
    36.894847621152294,
    19.448958353173236,
    17.230549086842988,
    15.715084617481319
  ],
  "teleOpEPAOverTime": [
    9.63125,
    5.254166666666666,
    6.86077061411442,
    14.336036189739524,
    14.933857052161564,
    16.9893131226853,
    18.301221718532446,
    21.961452489299113,
    28.062592894229525,
    26.531549762598445,
    20.97802182366214,
    32.85725320777962,
    36.7422119067581,
    32.79022775247616,
    31.785948036973558,
    32.542110042343225,
    19.481966875866306,
    18.106664332403263,
    16.660904178730668
  ],
  "autonEPAOverTime": [
    0.9375,
    1.125,
    3.320367441867065,
    7.3496563866008655,
    8.662802924980046,
    6.620769168976789,
    6.064932362492855,
    5.939310016974326,
    5.194390216867149,
    1.694210331874273,
    -0.14059781194160348,
    2.8503401699209086,
    3.7177390082013595,
    4.932823572474286,
    6.309984489103874,
    4.352737578809073,
    -0.0330085226930682,
    -0.8761152455602754,
    -0.9458195612493497
  ],
  "endGameEPAOverTime": [
    0,
    0,
    0,
    0,
    0,
    0,
    0,
    0,
    0,
    0,
    0,
    0,
    0,
    0,
    0,
    0,
    0,
    0,
    0
  ],
  "unitlessEPAOverTime": [
    1500,
    1401.2407289764194,
    1420.6240724284635,
    1479.2769944776924,
    1489.0195552869322,
    1489.087985400058,
    1492.9426170284853,
    1474.7090646853214,
    1497.654794357403,
    1476.1013349731031,
    1444.4501437714832,
    1508.1530626061908,
    1528.5118789060323,
    1502.0089053011898,
    1503.4937693396855,
    1498.710884664585,
    1429.2389630034572,
    1420.4049533181105,
    1414.3701661382472
  ],
  "EPA Rank": 445,
  "Auto EPA Rank": 581,
  "TeleOp EPA Rank": 412,
  "Endgame EPA Rank": 71
}