{
  "teamNumber": 8932,
  "teamName": "NBC Robocats",
  "wins": 0,
  "loss": 5,
  "ties": 0,
  "elo": 1500,
  "totalEPA": -0.247422091014446,
  "autonEPA": 2.0736108982281753,
  "endgameEPA": 0,
  "unitlessEPA": 1351.9239345797225,
  "teleOpEPA": -2.3210329892426214,
  "totalEPAOverTime": [
    10.56875,
    11.828027034565782,
    -8.892556437212097,
    -16.94307745483567,
    -13.570413652199097,
    -1.7287444925192652,
    -0.247422091014446
  ],
  "teleOpEPAOverTime": [
    9.63125,
    10.75548061133545,
    -4.183872078478347,
    -13.230464829046461,
    -13.536961734580606,
    -4.161032045633677,
    -2.3210329892426214
  ],
  "autonEPAOverTime": [
    0.9375,
    1.0725464232303321,
    -4.708684358733749,
    -3.712612625789209,
    -0.03345191761849087,
    2.4322875531144112,
    2.0736108982281753
  ],
  "endGameEPAOverTime": [
    0,
    0,
    0,
    0,
    0,
    0,
    0
  ],
  "unitlessEPAOverTime": [
    1500,
    1402.494759671801,
    1315.7189394385523,
    1282.0041280018572,
    1296.1285211804275,
    1345.7202981524208,
    1351.9239345797225
  ],
  "EPA Rank": 591,
  "Auto EPA Rank": 398,
  "TeleOp EPA Rank": 602,
  "Endgame EPA Rank": 74
}