{
  "teamNumber": 9376,
  "teamName": "LMS Lance-A-Bots",
  "wins": 2,
  "loss": 3,
  "ties": 0,
  "elo": 1500,
  "totalEPA": 59.269813563413514,
  "autonEPA": 13.599352975403614,
  "endgameEPA": 0,
  "unitlessEPA": 1599.8580787897713,
  "teleOpEPA": 45.6704605880099,
  "totalEPAOverTime": [
    10.56875,
    17.33453789102208,
    37.044669334912285,
    56.53111323946213,
    52.85727893527185,
    55.78966243236519,
    59.269813563413514
  ],
  "teleOpEPAOverTime": [
    9.63125,
    14.949602660682595,
    31.10914589119609,
    46.926549705740754,
    42.78723581404758,
    42.65737539056376,
    45.6704605880099
  ],
  "autonEPAOverTime": [
    0.9375,
    2.3849352303394853,
    5.935523443716196,
    9.604563533721379,
    10.070043121224275,
    13.13228704180143,
    13.599352975403614
  ],
  "endGameEPAOverTime": [
    0,
    0,
    0,
    0,
    0,
    0,
    0
  ],
  "unitlessEPAOverTime": [
    1500,
    1422.9447528494989,
    1506.096344261458,
    1588.3042598319787,
    1572.8053693325971,
    1585.1762840120657,
    1599.8580787897713
  ],
  "EPA Rank": 149,
  "Auto EPA Rank": 103,
  "TeleOp EPA Rank": 170,
  "Endgame EPA Rank": 79
}