{
  "teamNumber": 9458,
  "teamName": "American Jackets",
  "wins": 6,
  "loss": 14,
  "ties": 0,
  "elo": 1500,
  "totalEPA": 40.56101287536238,
  "autonEPA": 1.8928639107580736,
  "endgameEPA": 0,
  "unitlessEPA": 1513.3100570784961,
  "teleOpEPA": 38.668148964604306,
  "totalEPAOverTime": [
    10.56875,
    11.90729389237541,
    10.504677476192622,
    10.57183751501552,
    12.1269633802933,
    11.618150254465167,
    6.077763253110701,
    4.591159097676762,
    2.7579221551043367,
    2.9125826236926464,
    9.971762824018299,
    17.44230821167955,
    20.419087858118978,
    20.444229266004964,
    16.68341119332074,
    13.027505248490993,
    9.551743328084717,
    3.490415411378547,
    -3.0038653358796883,
    -7.5654702262031535,
    1.9326500126887396,
    18.85383181711148,
    24.619946070511777,
    34.055332657529206,
    42.179105017020674,
    40.56101287536238
  ],
  "teleOpEPAOverTime": [
    9.63125,
    11.062915556431085,
    9.730911184460417,
    9.042814921332933,
    9.80713662447519,
    9.192980276186244,
    4.947452574482853,
    3.6078771723202134,
    2.4770100753226005,
    1.7882418988327258,
    7.072386961512748,
    15.01222885605176,
    17.25075988516071,
    16.909674087685595,
    14.284499449967763,
    12.80053780056734,
    10.175004213169021,
    4.163927113750409,
    -2.318613732929884,
    -6.251326835608788,
    1.2880467013753008,
    16.27314138383626,
    22.776928521940878,
    31.442440675411966,
    39.3944012154028,
    38.668148964604306
  ],
  "autonEPAOverTime": [
    0.9375,
    0.8443783359443252,
    0.7737662917322045,
    1.5290225936825874,
    2.319826755818111,
    2.425169978278924,
    1.1303106786278487,
    0.9832819253565487,
    0.28091207978173616,
    1.1243407248599206,
    2.899375862505551,
    2.43007935562779,
    3.1683279729582656,
    3.534555178319371,
    2.3989117433529774,
    0.22696744792365275,
    -0.6232608850843047,
    -0.6735117023718625,
    -0.6852516029498045,
    -1.3141433905943651,
    0.6446033113134388,
    2.5806904332752176,
    1.843017548570899,
    2.612891982117242,
    2.78470380161787,
    1.8928639107580736
  ],
  "endGameEPAOverTime": [
    0,
    0,
    0,
    0,
    0,
    0,
    0,
    0,
    0,
    0,
    0,
    0,
    0,
    0,
    0,
    0,
    0,
    0,
    0,
    0,
    0,
    0,
    0,
    0,
    0,
    0
  ],
  "unitlessEPAOverTime": [
    1500,
    1429.4244204591212,
    1422.2735524113618,
    1422.6159500691706,
    1430.5443471219608,
    1427.9502982560084,
    1399.7041035565142,
    1392.125046280335,
    1373.0534792041326,
    1373.7893942601784,
    1407.3788243206084,
    1442.9256377877784,
    1457.089935751836,
    1457.209565161745,
    1426.6546005670957,
    1410.9929175062675,
    1396.1029607038276,
    1370.1365933541822,
    1342.315481896039,
    1322.7738385608202,
    1359.486622946145,
    1426.8690875871537,
    1449.8305446701459,
    1487.4035469830087,
    1519.7535217124312,
    1513.3100570784961
  ],
  "EPA Rank": 247,
  "Auto EPA Rank": 407,
  "TeleOp EPA Rank": 219,
  "Endgame EPA Rank": 80
}