{
  "predictedWinner": "Blue",
  "redTeams": [
    10309,
    11129,
    15256
  ],
  "blueTeams": [
    15270,
    10723,
    8580
  ],
  "actualWinner": "Blue",
  "pointBreakdown": {
    "redData": {
      "redScore": 121,
      "redPenaltyFreeScore": 111,
      "redAuto": 33,
      "redTeleOp": 58,
      "redEndgame": 20
    },
    "blueData": {
      "blueScore": 127,
      "bluePenaltyFreeScore": 117,
      "blueAuto": 43,
      "blueTeleOp": 63,
      "blueEndgame": 11
    }
  },
  "predictedScores": {
    "redEPA": 208.1201545849921,
    "redAutonEPA": 47.71525070868456,
    "redTeleOpEPA": 111.0984542085027,
    "redEndgameEPA": 49.30644966780484,
    "blueEPA": 233.69098740116544,
    "blueAutonEPA": 77.47588727756776,
    "blueTeleOpEPA": 108.9936200206737,
    "blueEndgameEPA": 47.22148010292396
  }
}