{
  "predictedWinner": "Blue",
  "redTeams": [
    19679,
    21331
  ],
  "blueTeams": [
    9087,
    13533
  ],
  "actualWinner": "Red",
  "pointBreakdown": {
    "redData": {
      "redScore": 170,
      "redPenaltyFreeScore": 170,
      "redAuto": 78,
      "redTeleOp": 32,
      "redEndgame": 60
    },
    "blueData": {
      "blueScore": 119,
      "bluePenaltyFreeScore": 119,
      "blueAuto": 50,
      "blueTeleOp": 9,
      "blueEndgame": 60
    }
  },
  "predictedScores": {
    "redEPA": 101.27067762897168,
    "redAutonEPA": 57.573969206544106,
    "redTeleOpEPA": -11.422818496673386,
    "redEndgameEPA": 55.11952691910096,
    "blueEPA": 103.47646371644954,
    "blueAutonEPA": 34.47132761428014,
    "blueTeleOpEPA": 22.82124510804661,
    "blueEndgameEPA": 46.18389099412279
  }
}