{
  "predictedWinner": "Red",
  "redTeams": [
    20511,
    5385
  ],
  "blueTeams": [
    24371,
    8142
  ],
  "actualWinner": "Red",
  "pointBreakdown": {
    "redData": {
      "redScore": 178,
      "redPenaltyFreeScore": 163,
      "redAuto": 40,
      "redTeleOp": 123,
      "redEndgame": 0
    },
    "blueData": {
      "blueScore": 130,
      "bluePenaltyFreeScore": 115,
      "blueAuto": 43,
      "blueTeleOp": 62,
      "blueEndgame": 10
    }
  },
  "predictedScores": {
    "redEPA": 146.28575108204112,
    "redAutonEPA": 43.979773189490366,
    "redTeleOpEPA": 98.83174362133772,
    "redEndgameEPA": 3.4742342712130183,
    "blueEPA": 128.54912899978544,
    "blueAutonEPA": 48.64558424447114,
    "blueTeleOpEPA": 79.2355418890944,
    "blueEndgameEPA": 0.6680028662198954
  }
}