{
  "winProbability": 0.7563687801243671,
  "predictedWinner": "Blue",
  "redTeams": [
    18975,
    20245
  ],
  "blueTeams": [
    11228,
    7140
  ],
  "actualWinner": "Blue",
  "pointBreakdown": {
    "redData": {
      "redScore": 188,
      "redPenaltyFreeScore": 173,
      "redAuto": 46,
      "redTeleOp": 112,
      "redEndgame": 15
    },
    "blueData": {
      "blueScore": 195,
      "bluePenaltyFreeScore": 190,
      "blueAuto": 63,
      "blueTeleOp": 112,
      "blueEndgame": 15
    }
  },
  "predictedScores": {
    "redEPA": 146.5771438753822,
    "redAutonEPA": 47.230718283820764,
    "redTeleOpEPA": 83.81767336659323,
    "redEndgameEPA": 15.528752224968219,
    "blueEPA": 181.45992932068407,
    "blueAutonEPA": 52.84352410160581,
    "blueTeleOpEPA": 116.38758544477852,
    "blueEndgameEPA": 12.228819774299751
  }
}