{
  "winProbability": 0.8903662691730901,
  "predictedWinner": "Red",
  "redTeams": [
    7140,
    11228
  ],
  "blueTeams": [
    19429,
    16714
  ],
  "actualWinner": "Red",
  "pointBreakdown": {
    "redData": {
      "redScore": 169,
      "redPenaltyFreeScore": 154,
      "redAuto": 47,
      "redTeleOp": 97,
      "redEndgame": 10
    },
    "blueData": {
      "blueScore": 158,
      "bluePenaltyFreeScore": 158,
      "blueAuto": 51,
      "blueTeleOp": 92,
      "blueEndgame": 15
    }
  },
  "predictedScores": {
    "redEPA": 181.45992932068407,
    "redAutonEPA": 52.84352410160581,
    "redTeleOpEPA": 116.38758544477852,
    "redEndgameEPA": 12.228819774299751,
    "blueEPA": 116.96766463855805,
    "blueAutonEPA": 34.88888871084454,
    "blueTeleOpEPA": 74.13512133691765,
    "blueEndgameEPA": 7.943654590795861
  }
}