{
  "predictedWinner": "Blue",
  "redTeams": [
    18975,
    20245
  ],
  "blueTeams": [
    11228,
    7140
  ],
  "actualWinner": "Blue",
  "pointBreakdown": {
    "redData": {
      "redScore": 188,
      "redPenaltyFreeScore": 183,
      "redAuto": 46,
      "redTeleOp": 127,
      "redEndgame": 10
    },
    "blueData": {
      "blueScore": 195,
      "bluePenaltyFreeScore": 180,
      "blueAuto": 63,
      "blueTeleOp": 107,
      "blueEndgame": 10
    }
  },
  "predictedScores": {
    "redEPA": 174.86037576137863,
    "redAutonEPA": 52.95200313229916,
    "redTeleOpEPA": 116.72902954895608,
    "redEndgameEPA": 5.179343080123401,
    "blueEPA": 179.90037603086427,
    "blueAutonEPA": 47.73808195582845,
    "blueTeleOpEPA": 127.9522918258632,
    "blueEndgameEPA": 4.210002249172616
  }
}