{
  "winProbability": 0.5759976286891594,
  "predictedWinner": "Red",
  "redTeams": [
    29694,
    15815
  ],
  "blueTeams": [
    5385,
    10723
  ],
  "actualWinner": "Blue",
  "pointBreakdown": {
    "redData": {
      "redScore": 114,
      "redPenaltyFreeScore": 109,
      "redAuto": 28,
      "redTeleOp": 66,
      "redEndgame": 15
    },
    "blueData": {
      "blueScore": 154,
      "bluePenaltyFreeScore": 129,
      "blueAuto": 48,
      "blueTeleOp": 66,
      "blueEndgame": 15
    }
  },
  "predictedScores": {
    "redEPA": 108.7733195133163,
    "redAutonEPA": 29.047671565813758,
    "redTeleOpEPA": 56.201507382570604,
    "redEndgameEPA": 23.524140564931933,
    "blueEPA": 99.53019018644363,
    "blueAutonEPA": 33.94478575238401,
    "blueTeleOpEPA": 51.93917533253919,
    "blueEndgameEPA": 13.646229101520433
  }
}