{
  "predictedWinner": "Red",
  "redTeams": [
    30444,
    19429
  ],
  "blueTeams": [
    9087,
    15229
  ],
  "actualWinner": "Red",
  "pointBreakdown": {
    "redData": {
      "redScore": 125,
      "redPenaltyFreeScore": 120,
      "redAuto": 40,
      "redTeleOp": 70,
      "redEndgame": 10
    },
    "blueData": {
      "blueScore": 83,
      "bluePenaltyFreeScore": 78,
      "blueAuto": 25,
      "blueTeleOp": 53,
      "blueEndgame": 0
    }
  },
  "predictedScores": {
    "redEPA": 162.34572372298294,
    "redAutonEPA": 46.84266717072652,
    "redTeleOpEPA": 109.54461896151547,
    "redEndgameEPA": 5.95843759074096,
    "blueEPA": 6.03470321271827,
    "blueAutonEPA": 32.456586727830334,
    "blueTeleOpEPA": -29.09834700143247,
    "blueEndgameEPA": 2.6764634863204044
  }
}