{
  "predictedWinner": "Red",
  "redTeams": [
    10484,
    20511
  ],
  "blueTeams": [
    32759,
    15815
  ],
  "actualWinner": "Red",
  "pointBreakdown": {
    "redData": {
      "redScore": 134,
      "redPenaltyFreeScore": 129,
      "redAuto": 42,
      "redTeleOp": 87,
      "redEndgame": 0
    },
    "blueData": {
      "blueScore": 99,
      "bluePenaltyFreeScore": 99,
      "blueAuto": 26,
      "blueTeleOp": 63,
      "blueEndgame": 10
    }
  },
  "predictedScores": {
    "redEPA": 35.52515249294268,
    "redAutonEPA": 35.13731550344564,
    "redTeleOpEPA": -4.361502208333259,
    "redEndgameEPA": 4.749339197830298,
    "blueEPA": 34.634175090564405,
    "blueAutonEPA": 37.907722087721275,
    "blueTeleOpEPA": -3.2078813875008687,
    "blueEndgameEPA": -0.06566560965600177
  }
}