{
  "predictedWinner": "Blue",
  "redTeams": [
    19940,
    19679
  ],
  "blueTeams": [
    10723,
    11228
  ],
  "actualWinner": "Blue",
  "pointBreakdown": {
    "redData": {
      "redScore": 97,
      "redPenaltyFreeScore": 92,
      "redAuto": 14,
      "redTeleOp": 78,
      "redEndgame": 0
    },
    "blueData": {
      "blueScore": 109,
      "bluePenaltyFreeScore": 94,
      "blueAuto": 45,
      "blueTeleOp": 39,
      "blueEndgame": 10
    }
  },
  "predictedScores": {
    "redEPA": 83.4354550545027,
    "redAutonEPA": 23.58063951971087,
    "redTeleOpEPA": 58.96023126305163,
    "redEndgameEPA": 0.8945842717401901,
    "blueEPA": 118.2419734979415,
    "blueAutonEPA": 44.528495226645546,
    "blueTeleOpEPA": 72.47797332469551,
    "blueEndgameEPA": 1.2355049466004395
  }
}