{
  "predictedWinner": "Blue",
  "redTeams": [
    24052,
    10255
  ],
  "blueTeams": [
    31261,
    18975
  ],
  "actualWinner": "Red",
  "pointBreakdown": {
    "redData": {
      "redScore": 174,
      "redPenaltyFreeScore": 169,
      "redAuto": 57,
      "redTeleOp": 112,
      "redEndgame": 0
    },
    "blueData": {
      "blueScore": 142,
      "bluePenaltyFreeScore": 137,
      "blueAuto": 59,
      "blueTeleOp": 78,
      "blueEndgame": 0
    }
  },
  "predictedScores": {
    "redEPA": 145.35869268906285,
    "redAutonEPA": 43.35106320759112,
    "redTeleOpEPA": 98.02128429300315,
    "redEndgameEPA": 3.986345188468572,
    "blueEPA": 151.63600148656994,
    "blueAutonEPA": 38.83702245584249,
    "blueTeleOpEPA": 108.27075140681877,
    "blueEndgameEPA": 4.528227623908671
  }
}