{
  "predictedWinner": "Blue",
  "redTeams": [
    31261,
    26859
  ],
  "blueTeams": [
    10538,
    9087
  ],
  "actualWinner": "Red",
  "pointBreakdown": {
    "redData": {
      "redScore": 235,
      "redPenaltyFreeScore": 235,
      "redAuto": 50,
      "redTeleOp": 185,
      "redEndgame": 0
    },
    "blueData": {
      "blueScore": 87,
      "bluePenaltyFreeScore": -8,
      "blueAuto": 37,
      "blueTeleOp": -45,
      "blueEndgame": 0
    }
  },
  "predictedScores": {
    "redEPA": 6.966338027599173,
    "redAutonEPA": 36.34638017022125,
    "redTeleOpEPA": -31.407844817663566,
    "redEndgameEPA": 2.027802675041487,
    "blueEPA": 127.38194790168717,
    "blueAutonEPA": 38.749916691049826,
    "blueTeleOpEPA": 86.26890044507792,
    "blueEndgameEPA": 2.3631307655594176
  }
}