{
  "predictedWinner": "Red",
  "redTeams": [
    19429,
    26606
  ],
  "blueTeams": [
    11228,
    18975
  ],
  "actualWinner": "Blue",
  "pointBreakdown": {
    "redData": {
      "redScore": 160,
      "redPenaltyFreeScore": 145,
      "redAuto": 47,
      "redTeleOp": 98,
      "redEndgame": 0
    },
    "blueData": {
      "blueScore": 224,
      "bluePenaltyFreeScore": 214,
      "blueAuto": 63,
      "blueTeleOp": 151,
      "blueEndgame": 0
    }
  },
  "predictedScores": {
    "redEPA": 196.2625225233657,
    "redAutonEPA": 39.06646320607398,
    "redTeleOpEPA": 156.43580623126363,
    "redEndgameEPA": 0.76025308602809,
    "blueEPA": 176.37393543206827,
    "blueAutonEPA": 40.39661551153925,
    "blueTeleOpEPA": 129.54845395512928,
    "blueEndgameEPA": 6.4288659653997255
  }
}