{
  "predictedWinner": "Red",
  "redTeams": [
    15815,
    8142
  ],
  "blueTeams": [
    26859,
    24052
  ],
  "actualWinner": "Red",
  "pointBreakdown": {
    "redData": {
      "redScore": 126,
      "redPenaltyFreeScore": 126,
      "redAuto": 42,
      "redTeleOp": 74,
      "redEndgame": 10
    },
    "blueData": {
      "blueScore": 101,
      "bluePenaltyFreeScore": 101,
      "blueAuto": 39,
      "blueTeleOp": 62,
      "blueEndgame": 0
    }
  },
  "predictedScores": {
    "redEPA": 141.93766781278413,
    "redAutonEPA": 39.155121335463875,
    "redTeleOpEPA": 97.82868748411104,
    "redEndgameEPA": 4.953858993209212,
    "blueEPA": 112.48514608995762,
    "blueAutonEPA": 38.97961047372034,
    "blueTeleOpEPA": 62.64800281434215,
    "blueEndgameEPA": 10.857532801895136
  }
}