{
  "winProbability": 0.7835274253293051,
  "predictedWinner": "Red",
  "redTeams": [
    14791,
    26859
  ],
  "blueTeams": [
    8027,
    19679
  ],
  "actualWinner": "Red",
  "pointBreakdown": {
    "redData": {
      "redScore": 127,
      "redPenaltyFreeScore": 117,
      "redAuto": 27,
      "redTeleOp": 75,
      "redEndgame": 15
    },
    "blueData": {
      "blueScore": 92,
      "bluePenaltyFreeScore": 92,
      "blueAuto": 21,
      "blueTeleOp": 56,
      "blueEndgame": 15
    }
  },
  "predictedScores": {
    "redEPA": 124.94194266617643,
    "redAutonEPA": 28.47375243569009,
    "redTeleOpEPA": 80.3507759434549,
    "redEndgameEPA": 16.117414287031433,
    "blueEPA": 86.13252615713304,
    "blueAutonEPA": 26.996507033055888,
    "blueTeleOpEPA": 48.93555502099192,
    "blueEndgameEPA": 10.200464103085231
  }
}