{
  "predictedWinner": "Blue",
  "redTeams": [
    14757,
    8593
  ],
  "blueTeams": [
    7253,
    8579
  ],
  "actualWinner": "Blue",
  "pointBreakdown": {
    "redData": {
      "redScore": 146,
      "redPenaltyFreeScore": 116,
      "redAuto": 55,
      "redTeleOp": 16,
      "redEndgame": 45
    },
    "blueData": {
      "blueScore": 210,
      "bluePenaltyFreeScore": 210,
      "blueAuto": 78,
      "blueTeleOp": 42,
      "blueEndgame": 90
    }
  },
  "predictedScores": {
    "redEPA": 209.49972535961263,
    "redAutonEPA": 64.58994772711299,
    "redTeleOpEPA": 72.84768825002763,
    "redEndgameEPA": 72.06208938247201,
    "blueEPA": 213.2389770173687,
    "blueAutonEPA": 88.43554794490962,
    "blueTeleOpEPA": 73.94991329498299,
    "blueEndgameEPA": 50.853515777476105
  }
}