{
  "predictedWinner": "Red",
  "redTeams": [
    12337,
    21672
  ],
  "blueTeams": [
    16273,
    22291
  ],
  "actualWinner": "Red",
  "pointBreakdown": {
    "redData": {
      "redScore": 80,
      "redPenaltyFreeScore": 80,
      "redAuto": 25,
      "redTeleOp": 20,
      "redEndgame": 35
    },
    "blueData": {
      "blueScore": 68,
      "bluePenaltyFreeScore": 68,
      "blueAuto": 30,
      "blueTeleOp": 33,
      "blueEndgame": 5
    }
  },
  "predictedScores": {
    "redEPA": 56.833496414714304,
    "redAutonEPA": 17.377106212690556,
    "redTeleOpEPA": 26.85350888340719,
    "redEndgameEPA": 12.602881318616557,
    "blueEPA": 47.543025422297845,
    "blueAutonEPA": 29.123788085065513,
    "blueTeleOpEPA": 4.088658538555045,
    "blueEndgameEPA": 14.330578798677287
  }
}