{
  "predictedWinner": "Tie",
  "redTeams": [
    7065,
    10779
  ],
  "blueTeams": [
    5386,
    24368
  ],
  "actualWinner": "Blue",
  "pointBreakdown": {
    "redData": {
      "redScore": 68,
      "redPenaltyFreeScore": 68,
      "redAuto": 45,
      "redTeleOp": 23,
      "redEndgame": 0
    },
    "blueData": {
      "blueScore": 99,
      "bluePenaltyFreeScore": 99,
      "blueAuto": 53,
      "blueTeleOp": 16,
      "blueEndgame": 30
    }
  },
  "predictedScores": {
    "redEPA": 18.772727272727273,
    "redAutonEPA": 4.106060606060606,
    "redTeleOpEPA": 5.500000000000002,
    "redEndgameEPA": 9.166666666666666,
    "blueEPA": 18.772727272727273,
    "blueAutonEPA": 4.106060606060606,
    "blueTeleOpEPA": 5.500000000000002,
    "blueEndgameEPA": 9.166666666666666
  }
}