{
  "predictedWinner": "Tie",
  "redTeams": [
    21914,
    7255
  ],
  "blueTeams": [
    24320,
    24200
  ],
  "actualWinner": "Red",
  "pointBreakdown": {
    "redData": {
      "redScore": 60,
      "redPenaltyFreeScore": 60,
      "redAuto": 30,
      "redTeleOp": 10,
      "redEndgame": 20
    },
    "blueData": {
      "blueScore": 35,
      "bluePenaltyFreeScore": 35,
      "blueAuto": 16,
      "blueTeleOp": 9,
      "blueEndgame": 10
    }
  },
  "predictedScores": {
    "redEPA": 18.772727272727273,
    "redAutonEPA": 4.106060606060606,
    "redTeleOpEPA": 5.500000000000002,
    "redEndgameEPA": 9.166666666666666,
    "blueEPA": 18.772727272727273,
    "blueAutonEPA": 4.106060606060606,
    "blueTeleOpEPA": 5.500000000000002,
    "blueEndgameEPA": 9.166666666666666
  }
}