{
  "predictedWinner": "Red",
  "redTeams": [
    16355,
    7643
  ],
  "blueTeams": [
    7689,
    10698
  ],
  "actualWinner": "Red",
  "pointBreakdown": {
    "redData": {
      "redScore": 94,
      "redPenaltyFreeScore": 94,
      "redAuto": 30,
      "redTeleOp": 44,
      "redEndgame": 20
    },
    "blueData": {
      "blueScore": 66,
      "bluePenaltyFreeScore": 66,
      "blueAuto": 5,
      "blueTeleOp": 16,
      "blueEndgame": 45
    }
  },
  "predictedScores": {
    "redEPA": 18.772727272727273,
    "redAutonEPA": 4.106060606060606,
    "redTeleOpEPA": 5.500000000000002,
    "redEndgameEPA": 9.166666666666666,
    "blueEPA": 17.482743934089854,
    "blueAutonEPA": 6.430772414921844,
    "blueTeleOpEPA": 13.16286814137851,
    "blueEndgameEPA": -2.1108966222104995
  }
}