{
  "predictedWinner": "Blue",
  "redTeams": [
    12722,
    10698
  ],
  "blueTeams": [
    10644,
    10615
  ],
  "actualWinner": "Blue",
  "pointBreakdown": {
    "redData": {
      "redScore": 47,
      "redPenaltyFreeScore": 17,
      "redAuto": 15,
      "redTeleOp": -18,
      "redEndgame": 20
    },
    "blueData": {
      "blueScore": 122,
      "bluePenaltyFreeScore": 122,
      "blueAuto": 58,
      "blueTeleOp": 64,
      "blueEndgame": 0
    }
  },
  "predictedScores": {
    "redEPA": 56.585825429911495,
    "redAutonEPA": 15.273477914411213,
    "redTeleOpEPA": 14.057337433371988,
    "redEndgameEPA": 27.25501008212829,
    "blueEPA": 120.04324745429219,
    "blueAutonEPA": 53.50889185444893,
    "blueTeleOpEPA": 37.95756168416405,
    "blueEndgameEPA": 28.576793915679204
  }
}