{
  "predictedWinner": "Blue",
  "redTeams": [
    22415,
    10136
  ],
  "blueTeams": [
    5291,
    14109
  ],
  "actualWinner": "Red",
  "pointBreakdown": {
    "redData": {
      "redScore": 76,
      "redPenaltyFreeScore": 76,
      "redAuto": 5,
      "redTeleOp": 49,
      "redEndgame": 22
    },
    "blueData": {
      "blueScore": 18,
      "bluePenaltyFreeScore": 18,
      "blueAuto": 0,
      "blueTeleOp": 12,
      "blueEndgame": 6
    }
  },
  "predictedScores": {
    "redEPA": 44.694322511812224,
    "redAutonEPA": 6.208657216887669,
    "redTeleOpEPA": 29.51461667428746,
    "redEndgameEPA": 8.971048620637097,
    "blueEPA": 46.23255808086562,
    "blueAutonEPA": 19.475902650012905,
    "blueTeleOpEPA": 20.295887452330213,
    "blueEndgameEPA": 6.4607679785225045
  }
}