{
  "predictedWinner": "Blue",
  "redTeams": [
    10136,
    11729
  ],
  "blueTeams": [
    15465,
    15358
  ],
  "actualWinner": "Blue",
  "pointBreakdown": {
    "redData": {
      "redScore": 39,
      "redPenaltyFreeScore": 39,
      "redAuto": 0,
      "redTeleOp": 25,
      "redEndgame": 14
    },
    "blueData": {
      "blueScore": 72,
      "bluePenaltyFreeScore": 62,
      "blueAuto": 25,
      "blueTeleOp": 15,
      "blueEndgame": 22
    }
  },
  "predictedScores": {
    "redEPA": 62.82038598524194,
    "redAutonEPA": 21.447989838853317,
    "redTeleOpEPA": 18.572097633168546,
    "redEndgameEPA": 22.800298513220078,
    "blueEPA": 106.70624544939557,
    "blueAutonEPA": 33.489288532177184,
    "blueTeleOpEPA": 50.99446220175467,
    "blueEndgameEPA": 22.22249471546371
  }
}