{
  "predictedWinner": "Red",
  "redTeams": [
    9028,
    14757
  ],
  "blueTeams": [
    16734,
    23590
  ],
  "actualWinner": "Red",
  "pointBreakdown": {
    "redData": {
      "redScore": 87,
      "redPenaltyFreeScore": 87,
      "redAuto": 30,
      "redTeleOp": 52,
      "redEndgame": 5
    },
    "blueData": {
      "blueScore": 37,
      "bluePenaltyFreeScore": 7,
      "blueAuto": 30,
      "blueTeleOp": -23,
      "blueEndgame": 0
    }
  },
  "predictedScores": {
    "redEPA": 113.23966173170065,
    "redAutonEPA": 33.67667187376928,
    "redTeleOpEPA": 29.18999863026019,
    "redEndgameEPA": 50.37299122767118,
    "blueEPA": 31.937792778960777,
    "blueAutonEPA": -2.3394486283142886,
    "blueTeleOpEPA": 7.606557892838321,
    "blueEndgameEPA": 26.670683514436742
  }
}