{
  "predictedWinner": "Red",
  "redTeams": [
    20142,
    9020
  ],
  "blueTeams": [
    10538,
    15447
  ],
  "actualWinner": "Red",
  "pointBreakdown": {
    "redData": {
      "redScore": 100,
      "redPenaltyFreeScore": 90,
      "redAuto": 20,
      "redTeleOp": 49,
      "redEndgame": 21
    },
    "blueData": {
      "blueScore": 77,
      "bluePenaltyFreeScore": 67,
      "blueAuto": 20,
      "blueTeleOp": 22,
      "blueEndgame": 25
    }
  },
  "predictedScores": {
    "redEPA": 155.01596738027936,
    "redAutonEPA": 34.98848023758103,
    "redTeleOpEPA": 74.3847061262253,
    "redEndgameEPA": 45.64278101647304,
    "blueEPA": 65.8391807372744,
    "blueAutonEPA": 22.410199479130746,
    "blueTeleOpEPA": 23.584339675288717,
    "blueEndgameEPA": 19.84464158285494
  }
}