{
  "predictedWinner": "Blue",
  "redTeams": [
    10805,
    13106
  ],
  "blueTeams": [
    21914,
    15358
  ],
  "actualWinner": "Blue",
  "pointBreakdown": {
    "redData": {
      "redScore": 77,
      "redPenaltyFreeScore": 77,
      "redAuto": 20,
      "redTeleOp": 36,
      "redEndgame": 21
    },
    "blueData": {
      "blueScore": 118,
      "bluePenaltyFreeScore": 118,
      "blueAuto": 40,
      "blueTeleOp": 28,
      "blueEndgame": 50
    }
  },
  "predictedScores": {
    "redEPA": 80.49277892858815,
    "redAutonEPA": 19.761113065219995,
    "redTeleOpEPA": 54.238862360634926,
    "redEndgameEPA": 6.492803502733233,
    "blueEPA": 86.57627882311282,
    "blueAutonEPA": 40.62437039815238,
    "blueTeleOpEPA": 18.423555347175114,
    "blueEndgameEPA": 27.528353077785322
  }
}