{
  "predictedWinner": "Blue",
  "redTeams": [
    21615,
    14015
  ],
  "blueTeams": [
    13748,
    10180
  ],
  "actualWinner": "Blue",
  "pointBreakdown": {
    "redData": {
      "redScore": 38,
      "redPenaltyFreeScore": 38,
      "redAuto": 1,
      "redTeleOp": 34,
      "redEndgame": 3
    },
    "blueData": {
      "blueScore": 145,
      "bluePenaltyFreeScore": 145,
      "blueAuto": 43,
      "blueTeleOp": 81,
      "blueEndgame": 21
    }
  },
  "predictedScores": {
    "redEPA": 14.030058097938761,
    "redAutonEPA": 1.2490923810994028,
    "redTeleOpEPA": 3.4887009088123015,
    "redEndgameEPA": 9.292264808027056,
    "blueEPA": 105.83806874698149,
    "blueAutonEPA": 14.005264068781106,
    "blueTeleOpEPA": 77.37104202335925,
    "blueEndgameEPA": 14.461762654841138
  }
}