{
  "predictedWinner": "Red",
  "redTeams": [
    15465,
    5960
  ],
  "blueTeams": [
    10538,
    13106
  ],
  "actualWinner": "Red",
  "pointBreakdown": {
    "redData": {
      "redScore": 185,
      "redPenaltyFreeScore": 185,
      "redAuto": 38,
      "redTeleOp": 111,
      "redEndgame": 36
    },
    "blueData": {
      "blueScore": 100,
      "bluePenaltyFreeScore": 80,
      "blueAuto": 20,
      "blueTeleOp": 38,
      "blueEndgame": 22
    }
  },
  "predictedScores": {
    "redEPA": 179.9155603433827,
    "redAutonEPA": 52.1803309098908,
    "redTeleOpEPA": 82.73407878759275,
    "redEndgameEPA": 45.00115064589915,
    "blueEPA": 90.553513566553,
    "blueAutonEPA": 27.014377637201747,
    "blueTeleOpEPA": 40.0014821768018,
    "blueEndgameEPA": 23.537653752549446
  }
}