{
  "predictedWinner": "Tie",
  "redTeams": [
    14000
  ],
  "blueTeams": [
    14007
  ],
  "actualWinner": "Blue",
  "pointBreakdown": {
    "redData": {
      "redScore": 2,
      "redPenaltyFreeScore": 2,
      "redAuto": 0,
      "redTeleOp": 2,
      "redEndgame": 0
    },
    "blueData": {
      "blueScore": 7,
      "bluePenaltyFreeScore": 7,
      "blueAuto": 2,
      "blueTeleOp": 2,
      "blueEndgame": 3
    }
  },
  "predictedScores": {
    "redEPA": 14.441666666666666,
    "redAutonEPA": 2.6666666666666665,
    "redTeleOpEPA": 7.883333333333334,
    "redEndgameEPA": 3.8916666666666666,
    "blueEPA": 14.441666666666666,
    "blueAutonEPA": 2.6666666666666665,
    "blueTeleOpEPA": 7.883333333333334,
    "blueEndgameEPA": 3.8916666666666666
  }
}