{
  "predictedWinner": "Red",
  "redTeams": [
    10723,
    13570
  ],
  "blueTeams": [
    13598,
    15357
  ],
  "actualWinner": "Red",
  "pointBreakdown": {
    "redData": {
      "redScore": 182,
      "redPenaltyFreeScore": 182,
      "redAuto": 53,
      "redTeleOp": 40,
      "redEndgame": 89
    },
    "blueData": {
      "blueScore": 65,
      "bluePenaltyFreeScore": 65,
      "blueAuto": 24,
      "blueTeleOp": 7,
      "blueEndgame": 34
    }
  },
  "predictedScores": {
    "redEPA": 114.17644275951884,
    "redAutonEPA": 46.08321240257574,
    "redTeleOpEPA": 8.87533389744489,
    "redEndgameEPA": 59.217896459498206,
    "blueEPA": 105.85754436241042,
    "blueAutonEPA": 18.46570640142926,
    "blueTeleOpEPA": 32.89678170598651,
    "blueEndgameEPA": 54.49505625499465
  }
}