{
  "predictedWinner": "Blue",
  "redTeams": [
    5386,
    8533
  ],
  "blueTeams": [
    16646,
    5385
  ],
  "actualWinner": "Blue",
  "pointBreakdown": {
    "redData": {
      "redScore": 149,
      "redPenaltyFreeScore": 149,
      "redAuto": 56,
      "redTeleOp": 36,
      "redEndgame": 57
    },
    "blueData": {
      "blueScore": 320,
      "bluePenaltyFreeScore": 320,
      "blueAuto": 94,
      "blueTeleOp": 110,
      "blueEndgame": 116
    }
  },
  "predictedScores": {
    "redEPA": 251.61701905493427,
    "redAutonEPA": 87.38842166050398,
    "redTeleOpEPA": 95.34351779757554,
    "redEndgameEPA": 68.88507959685475,
    "blueEPA": 298.3249303360088,
    "blueAutonEPA": 79.3883315051479,
    "blueTeleOpEPA": 116.88359420534908,
    "blueEndgameEPA": 102.05300462551179
  }
}