{
  "predictedWinner": "Blue",
  "redTeams": [
    9933,
    11618
  ],
  "blueTeams": [
    11729,
    8533
  ],
  "actualWinner": "Blue",
  "pointBreakdown": {
    "redData": {
      "redScore": 138,
      "redPenaltyFreeScore": 138,
      "redAuto": 32,
      "redTeleOp": 34,
      "redEndgame": 72
    },
    "blueData": {
      "blueScore": 163,
      "bluePenaltyFreeScore": 163,
      "blueAuto": 39,
      "blueTeleOp": 46,
      "blueEndgame": 78
    }
  },
  "predictedScores": {
    "redEPA": 167.66513878390026,
    "redAutonEPA": 56.63787021704922,
    "redTeleOpEPA": 34.08201421057068,
    "redEndgameEPA": 76.94525435628036,
    "blueEPA": 169.12264802304128,
    "blueAutonEPA": 32.07060414356754,
    "blueTeleOpEPA": 54.52957986308259,
    "blueEndgameEPA": 82.52246401639114
  }
}