{
  "predictedWinner": "Blue",
  "redTeams": [
    17104,
    7065
  ],
  "blueTeams": [
    10024,
    13917
  ],
  "actualWinner": "Blue",
  "pointBreakdown": {
    "redData": {
      "redScore": 113,
      "redPenaltyFreeScore": 113,
      "redAuto": 32,
      "redTeleOp": 18,
      "redEndgame": 63
    },
    "blueData": {
      "blueScore": 222,
      "bluePenaltyFreeScore": 222,
      "blueAuto": 65,
      "blueTeleOp": 62,
      "blueEndgame": 95
    }
  },
  "predictedScores": {
    "redEPA": 110.45268234641182,
    "redAutonEPA": 31.24819092331896,
    "redTeleOpEPA": 15.069140443165509,
    "redEndgameEPA": 64.13535097992735,
    "blueEPA": 192.2832373316577,
    "blueAutonEPA": 85.10448322252307,
    "blueTeleOpEPA": 16.836491636524613,
    "blueEndgameEPA": 90.34226247261
  }
}