{
  "predictedWinner": "Red",
  "redTeams": [
    13917,
    16646
  ],
  "blueTeams": [
    8027,
    5292
  ],
  "actualWinner": "Red",
  "pointBreakdown": {
    "redData": {
      "redScore": 318,
      "redPenaltyFreeScore": 318,
      "redAuto": 100,
      "redTeleOp": 114,
      "redEndgame": 104
    },
    "blueData": {
      "blueScore": 162,
      "bluePenaltyFreeScore": 162,
      "blueAuto": 78,
      "blueTeleOp": 30,
      "blueEndgame": 54
    }
  },
  "predictedScores": {
    "redEPA": 273.1910557285222,
    "redAutonEPA": 78.30909641086917,
    "redTeleOpEPA": 122.00217144674866,
    "redEndgameEPA": 72.87978787090435,
    "blueEPA": 176.57473556510536,
    "blueAutonEPA": 47.68483243288535,
    "blueTeleOpEPA": 72.36895603850999,
    "blueEndgameEPA": 56.52094709371002
  }
}