{
  "predictedWinner": "Red",
  "redTeams": [
    11617,
    5385
  ],
  "blueTeams": [
    11846,
    16957
  ],
  "actualWinner": "Blue",
  "pointBreakdown": {
    "redData": {
      "redScore": 166,
      "redPenaltyFreeScore": 166,
      "redAuto": 15,
      "redTeleOp": 40,
      "redEndgame": 111
    },
    "blueData": {
      "blueScore": 177,
      "bluePenaltyFreeScore": 177,
      "blueAuto": 56,
      "blueTeleOp": 30,
      "blueEndgame": 91
    }
  },
  "predictedScores": {
    "redEPA": 247.9690472364697,
    "redAutonEPA": 82.27320514953695,
    "redTeleOpEPA": 58.02005386628193,
    "redEndgameEPA": 107.67578822065082,
    "blueEPA": 144.0397211589607,
    "blueAutonEPA": 56.21360438585252,
    "blueTeleOpEPA": 26.089097630808666,
    "blueEndgameEPA": 61.737019142299516
  }
}