{
  "predictedWinner": "Red",
  "redTeams": [
    16957,
    20245
  ],
  "blueTeams": [
    11618,
    17104
  ],
  "actualWinner": "Red",
  "pointBreakdown": {
    "redData": {
      "redScore": 201,
      "redPenaltyFreeScore": 201,
      "redAuto": 52,
      "redTeleOp": 38,
      "redEndgame": 111
    },
    "blueData": {
      "blueScore": 124,
      "bluePenaltyFreeScore": 124,
      "blueAuto": 48,
      "blueTeleOp": 28,
      "blueEndgame": 48
    }
  },
  "predictedScores": {
    "redEPA": 179.5456455062108,
    "redAutonEPA": 71.93291212126891,
    "redTeleOpEPA": 32.051211708500105,
    "redEndgameEPA": 75.56152167644179,
    "blueEPA": 128.6268272247855,
    "blueAutonEPA": 33.91310595474867,
    "blueTeleOpEPA": 29.332405904426025,
    "blueEndgameEPA": 65.3813153656108
  }
}