{
  "predictedWinner": "Red",
  "redTeams": [
    5960,
    5385
  ],
  "blueTeams": [
    11940,
    7043
  ],
  "actualWinner": "Red",
  "pointBreakdown": {
    "redData": {
      "redScore": 183,
      "redPenaltyFreeScore": 183,
      "redAuto": 55,
      "redTeleOp": 42,
      "redEndgame": 86
    },
    "blueData": {
      "blueScore": 94,
      "bluePenaltyFreeScore": 64,
      "blueAuto": 23,
      "blueTeleOp": -28,
      "blueEndgame": 69
    }
  },
  "predictedScores": {
    "redEPA": 258.4571991440334,
    "redAutonEPA": 56.608479641889986,
    "redTeleOpEPA": 68.20074400548575,
    "redEndgameEPA": 133.64797549665766,
    "blueEPA": 79.31533732619667,
    "blueAutonEPA": 14.3016035646219,
    "blueTeleOpEPA": 10.461071558986703,
    "blueEndgameEPA": 54.55266220258807
  }
}