{
  "predictedWinner": "Red",
  "redTeams": [
    5292,
    11617
  ],
  "blueTeams": [
    20033,
    8533
  ],
  "actualWinner": "Red",
  "pointBreakdown": {
    "redData": {
      "redScore": 177,
      "redPenaltyFreeScore": 177,
      "redAuto": 82,
      "redTeleOp": 56,
      "redEndgame": 39
    },
    "blueData": {
      "blueScore": 157,
      "bluePenaltyFreeScore": 157,
      "blueAuto": 49,
      "blueTeleOp": 42,
      "blueEndgame": 66
    }
  },
  "predictedScores": {
    "redEPA": 162.59917468648948,
    "redAutonEPA": 73.78064815831078,
    "redTeleOpEPA": 41.35486836844273,
    "redEndgameEPA": 47.463658159735964,
    "blueEPA": 153.29342218627716,
    "blueAutonEPA": 34.205903545859044,
    "blueTeleOpEPA": 49.984781878467444,
    "blueEndgameEPA": 69.10273676195067
  }
}