{
  "predictedWinner": "Blue",
  "redTeams": [
    8533,
    19693
  ],
  "blueTeams": [
    15301,
    13917
  ],
  "actualWinner": "Red",
  "pointBreakdown": {
    "redData": {
      "redScore": 222,
      "redPenaltyFreeScore": 222,
      "redAuto": 59,
      "redTeleOp": 52,
      "redEndgame": 111
    },
    "blueData": {
      "blueScore": 149,
      "bluePenaltyFreeScore": 149,
      "blueAuto": 51,
      "blueTeleOp": 62,
      "blueEndgame": 36
    }
  },
  "predictedScores": {
    "redEPA": 131.46761881165799,
    "redAutonEPA": 46.469773535238964,
    "redTeleOpEPA": 22.934335595059252,
    "redEndgameEPA": 62.06350968135976,
    "blueEPA": 150.82009247669248,
    "blueAutonEPA": 47.02029422828666,
    "blueTeleOpEPA": 49.57454228659909,
    "blueEndgameEPA": 54.22525596180673
  }
}