{
  "predictedWinner": "Blue",
  "redTeams": [
    9933,
    11193
  ],
  "blueTeams": [
    17104,
    9087
  ],
  "actualWinner": "Red",
  "pointBreakdown": {
    "redData": {
      "redScore": 138,
      "redPenaltyFreeScore": 138,
      "redAuto": 22,
      "redTeleOp": 48,
      "redEndgame": 68
    },
    "blueData": {
      "blueScore": 73,
      "bluePenaltyFreeScore": 23,
      "blueAuto": 51,
      "blueTeleOp": -86,
      "blueEndgame": 58
    }
  },
  "predictedScores": {
    "redEPA": 107.77291089646101,
    "redAutonEPA": 30.656476393984853,
    "redTeleOpEPA": -1.618635710469377,
    "redEndgameEPA": 78.73507021294553,
    "blueEPA": 155.07816850792545,
    "blueAutonEPA": 34.27448894306626,
    "blueTeleOpEPA": 59.22820028131113,
    "blueEndgameEPA": 61.57547928354806
  }
}