{
  "predictedWinner": "Red",
  "redTeams": [
    8492,
    9476,
    13917
  ],
  "blueTeams": [
    8027,
    10024,
    5386
  ],
  "actualWinner": "Red",
  "pointBreakdown": {
    "redData": {
      "redScore": 292,
      "redPenaltyFreeScore": 292,
      "redAuto": 78,
      "redTeleOp": 98,
      "redEndgame": 116
    },
    "blueData": {
      "blueScore": 116,
      "bluePenaltyFreeScore": 16,
      "blueAuto": 48,
      "blueTeleOp": -128,
      "blueEndgame": 96
    }
  },
  "predictedScores": {
    "redEPA": 345.04766339045756,
    "redAutonEPA": 99.45338930803551,
    "redTeleOpEPA": 117.48601010895987,
    "redEndgameEPA": 128.10826397346216,
    "blueEPA": 304.1712604556438,
    "blueAutonEPA": 86.12345381116926,
    "blueTeleOpEPA": 83.26487499717177,
    "blueEndgameEPA": 134.78293164730275
  }
}