{
  "predictedWinner": "Blue",
  "redTeams": [
    8487,
    12181
  ],
  "blueTeams": [
    11438,
    17039
  ],
  "actualWinner": "Blue",
  "pointBreakdown": {
    "redData": {
      "redScore": 56,
      "redPenaltyFreeScore": 16,
      "redAuto": 5,
      "redTeleOp": 11
    },
    "blueData": {
      "blueScore": 61,
      "bluePenaltyFreeScore": 41,
      "blueAuto": 15,
      "blueTeleOp": 26
    }
  },
  "predictedScores": {
    "redEPA": 31.877801226171616,
    "redAutonEPA": 9.220948592504175,
    "redTeleOpEPA": 22.65685263366744,
    "blueEPA": 37.47665059185012,
    "blueAutonEPA": 13.978662194715254,
    "blueTeleOpEPA": 23.49798839713486
  }
}