{
  "predictedWinner": "Blue",
  "redTeams": [
    16797,
    12181
  ],
  "blueTeams": [
    11668,
    12505
  ],
  "actualWinner": "Red",
  "pointBreakdown": {
    "redData": {
      "redScore": 74,
      "redPenaltyFreeScore": 49,
      "redAuto": 15,
      "redTeleOp": 19,
      "redEndgame": 15
    },
    "blueData": {
      "blueScore": 24,
      "bluePenaltyFreeScore": 19,
      "blueAuto": 5,
      "blueTeleOp": 9,
      "blueEndgame": 5
    }
  },
  "predictedScores": {
    "redEPA": 31.613772274871625,
    "redAutonEPA": 10.98408261687696,
    "redTeleOpEPA": 8.826310764293208,
    "redEndgameEPA": 11.80337889370146,
    "blueEPA": 32.52855440551153,
    "blueAutonEPA": 5.222531423632889,
    "blueTeleOpEPA": 10.585796479487968,
    "blueEndgameEPA": 16.720226502390673
  }
}