{
  "predictedWinner": "Red",
  "redTeams": [
    14790,
    10698
  ],
  "blueTeams": [
    17039,
    10721
  ],
  "actualWinner": "Blue",
  "pointBreakdown": {
    "redData": {
      "redScore": 26,
      "redPenaltyFreeScore": 26,
      "redAuto": 5,
      "redTeleOp": 21
    },
    "blueData": {
      "blueScore": 16,
      "bluePenaltyFreeScore": 16,
      "blueAuto": 15,
      "blueTeleOp": 1
    }
  },
  "predictedScores": {
    "redEPA": 51.31583563219814,
    "redAutonEPA": 19.21522111511638,
    "redTeleOpEPA": 32.10061451708176,
    "blueEPA": 38.29734726502403,
    "blueAutonEPA": 10.756505833367049,
    "blueTeleOpEPA": 27.54084143165698
  }
}