{
  "predictedWinner": "Blue",
  "redTeams": [
    7901,
    16797
  ],
  "blueTeams": [
    10136,
    14109
  ],
  "actualWinner": "Blue",
  "pointBreakdown": {
    "redData": {
      "redScore": 41,
      "redPenaltyFreeScore": 41,
      "redAuto": 15,
      "redTeleOp": 11,
      "redEndgame": 15
    },
    "blueData": {
      "blueScore": 49,
      "bluePenaltyFreeScore": 49,
      "blueAuto": 15,
      "blueTeleOp": 19,
      "blueEndgame": 15
    }
  },
  "predictedScores": {
    "redEPA": 42.215380471949,
    "redAutonEPA": 13.136401131667053,
    "redTeleOpEPA": 14.678182795717563,
    "redEndgameEPA": 14.40079654456438,
    "blueEPA": 58.430922268734676,
    "blueAutonEPA": 16.642192337760683,
    "blueTeleOpEPA": 25.39252061762333,
    "blueEndgameEPA": 16.396209313350663
  }
}