{
  "predictedWinner": "Tie",
  "redTeams": [
    5559,
    15301
  ],
  "blueTeams": [
    14109,
    8487
  ],
  "actualWinner": "Blue",
  "pointBreakdown": {
    "redData": {
      "redScore": 20,
      "redPenaltyFreeScore": 20,
      "redAuto": 0,
      "redTeleOp": 5,
      "redEndgame": 15
    },
    "blueData": {
      "blueScore": 57,
      "bluePenaltyFreeScore": 37,
      "blueAuto": 20,
      "blueTeleOp": 12,
      "blueEndgame": 5
    }
  },
  "predictedScores": {
    "redEPA": 29.37560975609756,
    "redAutonEPA": 9.517073170731708,
    "redTeleOpEPA": 10.480487804878049,
    "redEndgameEPA": 9.378048780487806,
    "blueEPA": 29.37560975609756,
    "blueAutonEPA": 9.517073170731708,
    "blueTeleOpEPA": 10.480487804878049,
    "blueEndgameEPA": 9.378048780487806
  }
}