{
  "predictedWinner": "Red",
  "redTeams": [
    6155,
    12876
  ],
  "blueTeams": [
    12811,
    13019
  ],
  "actualWinner": "Red",
  "pointBreakdown": {
    "redData": {
      "redScore": 77,
      "redPenaltyFreeScore": 77,
      "redAuto": 35,
      "redTeleOp": 27,
      "redEndgame": 15
    },
    "blueData": {
      "blueScore": 31,
      "bluePenaltyFreeScore": 31,
      "blueAuto": 9,
      "blueTeleOp": 7,
      "blueEndgame": 15
    }
  },
  "predictedScores": {
    "redEPA": 72.85458434461076,
    "redAutonEPA": 29.069174530385347,
    "redTeleOpEPA": 19.704108715757116,
    "redEndgameEPA": 24.081301098468295,
    "blueEPA": 48.391534879341506,
    "blueAutonEPA": 12.665384021145297,
    "blueTeleOpEPA": 21.509598880319402,
    "blueEndgameEPA": 14.216551977876804
  }
}