{
  "predictedWinner": "Blue",
  "redTeams": [
    16692,
    12811
  ],
  "blueTeams": [
    7085,
    7252
  ],
  "actualWinner": "Blue",
  "pointBreakdown": {
    "redData": {
      "redScore": 14,
      "redPenaltyFreeScore": 14,
      "redAuto": 5,
      "redTeleOp": 9
    },
    "blueData": {
      "blueScore": 61,
      "bluePenaltyFreeScore": 56,
      "blueAuto": 15,
      "blueTeleOp": 41
    }
  },
  "predictedScores": {
    "redEPA": 15.269268042595584,
    "redAutonEPA": 4.495674371908358,
    "redTeleOpEPA": 10.773593670687227,
    "blueEPA": 30.747074097406554,
    "blueAutonEPA": 12.407159133904536,
    "blueTeleOpEPA": 18.339914963502018
  }
}