{
  "predictedWinner": "Blue",
  "redTeams": [
    8531,
    15078
  ],
  "blueTeams": [
    14670,
    7140
  ],
  "actualWinner": "Blue",
  "pointBreakdown": {
    "redData": {
      "redScore": 50,
      "redPenaltyFreeScore": 50,
      "redAuto": 20,
      "redTeleOp": 15,
      "redEndgame": 15
    },
    "blueData": {
      "blueScore": 61,
      "bluePenaltyFreeScore": 51,
      "blueAuto": 15,
      "blueTeleOp": 21,
      "blueEndgame": 15
    }
  },
  "predictedScores": {
    "redEPA": 44.96083124821877,
    "redAutonEPA": 15.134151069121971,
    "redTeleOpEPA": 13.165123759614776,
    "redEndgameEPA": 16.66155641948202,
    "blueEPA": 64.42719098497116,
    "blueAutonEPA": 17.703872363376192,
    "blueTeleOpEPA": 25.640560468389744,
    "blueEndgameEPA": 21.082758153205226
  }
}