{
  "predictedWinner": "Tie",
  "redTeams": [
    12890,
    17351
  ],
  "blueTeams": [
    15568,
    15206
  ],
  "actualWinner": "Blue",
  "pointBreakdown": {
    "redData": {
      "redScore": 24,
      "redPenaltyFreeScore": 19,
      "redAuto": 5,
      "redTeleOp": 9,
      "redEndgame": 5
    },
    "blueData": {
      "blueScore": 58,
      "bluePenaltyFreeScore": 58,
      "blueAuto": 25,
      "blueTeleOp": 18,
      "blueEndgame": 15
    }
  },
  "predictedScores": {
    "redEPA": 29.37560975609756,
    "redAutonEPA": 9.517073170731708,
    "redTeleOpEPA": 10.480487804878049,
    "redEndgameEPA": 9.378048780487806,
    "blueEPA": 29.37560975609756,
    "blueAutonEPA": 9.517073170731708,
    "blueTeleOpEPA": 10.480487804878049,
    "blueEndgameEPA": 9.378048780487806
  }
}