{
  "predictedWinner": "Red",
  "redTeams": [
    12505,
    8531
  ],
  "blueTeams": [
    16936,
    14500
  ],
  "actualWinner": "Red",
  "pointBreakdown": {
    "redData": {
      "redScore": 48,
      "redPenaltyFreeScore": 43,
      "redAuto": 20,
      "redTeleOp": 23
    },
    "blueData": {
      "blueScore": 17,
      "bluePenaltyFreeScore": 17,
      "blueAuto": 10,
      "blueTeleOp": 7
    }
  },
  "predictedScores": {
    "redEPA": 49.67376852269041,
    "redAutonEPA": 11.218974788015823,
    "redTeleOpEPA": 38.45479373467459,
    "blueEPA": 17.91579019616764,
    "blueAutonEPA": 8.325483132132835,
    "blueTeleOpEPA": 9.590307064034807
  }
}