{
  "predictedWinner": "Blue",
  "redTeams": [
    7140,
    14014
  ],
  "blueTeams": [
    16523,
    12505
  ],
  "actualWinner": "Blue",
  "pointBreakdown": {
    "redData": {
      "redScore": 35,
      "redPenaltyFreeScore": 25,
      "redAuto": 0,
      "redTeleOp": 25
    },
    "blueData": {
      "blueScore": 20,
      "bluePenaltyFreeScore": 20,
      "blueAuto": 5,
      "blueTeleOp": 15
    }
  },
  "predictedScores": {
    "redEPA": 21.246946558662493,
    "redAutonEPA": 2.126678333790199,
    "redTeleOpEPA": 19.120268224872294,
    "blueEPA": 58.5234074755766,
    "blueAutonEPA": 24.22510234038435,
    "blueTeleOpEPA": 34.29830513519225
  }
}