{
  "predictedWinner": "Blue",
  "redTeams": [
    21564,
    10262
  ],
  "blueTeams": [
    24253,
    23589
  ],
  "actualWinner": "Blue",
  "pointBreakdown": {
    "redData": {
      "redScore": 28,
      "redPenaltyFreeScore": 28,
      "redAuto": 5,
      "redTeleOp": 13,
      "redEndgame": 10
    },
    "blueData": {
      "blueScore": 66,
      "bluePenaltyFreeScore": 66,
      "blueAuto": 25,
      "blueTeleOp": 16,
      "blueEndgame": 25
    }
  },
  "predictedScores": {
    "redEPA": 39.49114939530051,
    "redAutonEPA": 23.401776009526266,
    "redTeleOpEPA": -0.47627638571625397,
    "redEndgameEPA": 16.5656497714905,
    "blueEPA": 56.3265116338945,
    "blueAutonEPA": 18.62360499152545,
    "blueTeleOpEPA": 17.031496848494662,
    "blueEndgameEPA": 20.671409793874382
  }
}