{
  "predictedWinner": "Red",
  "redTeams": [
    23623,
    10653
  ],
  "blueTeams": [
    20511,
    25312
  ],
  "actualWinner": "Red",
  "pointBreakdown": {
    "redData": {
      "redScore": 205,
      "redPenaltyFreeScore": 205,
      "redAuto": 57,
      "redTeleOp": 148,
      "redEndgame": null
    },
    "blueData": {
      "blueScore": 101,
      "bluePenaltyFreeScore": 101,
      "blueAuto": 19,
      "blueTeleOp": 82,
      "blueEndgame": null
    }
  },
  "predictedScores": {
    "redEPA": 184.3891364487817,
    "redAutonEPA": 45.81983250720697,
    "redTeleOpEPA": 138.56930394157473,
    "redEndgameEPA": 0,
    "blueEPA": 123.39604908623213,
    "blueAutonEPA": 25.616198500943437,
    "blueTeleOpEPA": 97.77985058528868,
    "blueEndgameEPA": 0
  }
}