{
  "predictedWinner": "Red",
  "redTeams": [
    18965,
    25080
  ],
  "blueTeams": [
    25093,
    25105
  ],
  "actualWinner": "Red",
  "pointBreakdown": {
    "redData": {
      "redScore": 71,
      "redPenaltyFreeScore": 71,
      "redAuto": 15,
      "redTeleOp": 36,
      "redEndgame": 20
    },
    "blueData": {
      "blueScore": 43,
      "bluePenaltyFreeScore": 43,
      "blueAuto": 11,
      "blueTeleOp": 7,
      "blueEndgame": 25
    }
  },
  "predictedScores": {
    "redEPA": 50.40396679943946,
    "redAutonEPA": 13.536202592572895,
    "redTeleOpEPA": 21.45289066151663,
    "redEndgameEPA": 15.414873545349938,
    "blueEPA": 31.25312429722143,
    "blueAutonEPA": 6.05693596360002,
    "blueTeleOpEPA": 3.86986738293448,
    "blueEndgameEPA": 21.326320950686927
  }
}