{
  "predictedWinner": "Blue",
  "redTeams": [
    15638,
    22308
  ],
  "blueTeams": [
    15004,
    13019
  ],
  "actualWinner": "Blue",
  "pointBreakdown": {
    "redData": {
      "redScore": 116,
      "redPenaltyFreeScore": 116,
      "redAuto": 20,
      "redTeleOp": 62,
      "redEndgame": 34
    },
    "blueData": {
      "blueScore": 213,
      "bluePenaltyFreeScore": 213,
      "blueAuto": 62,
      "blueTeleOp": 112,
      "blueEndgame": 39
    }
  },
  "predictedScores": {
    "redEPA": 119.07454018339081,
    "redAutonEPA": 28.215577414669227,
    "redTeleOpEPA": 84.87423190358085,
    "redEndgameEPA": 5.984730865140735,
    "blueEPA": 155.68124754506562,
    "blueAutonEPA": 45.362075123204875,
    "blueTeleOpEPA": 77.74634247409429,
    "blueEndgameEPA": 32.57282994776645
  }
}