{
  "predictedWinner": "Red",
  "redTeams": [
    7252,
    19949
  ],
  "blueTeams": [
    13019,
    14670
  ],
  "actualWinner": "Red",
  "pointBreakdown": {
    "redData": {
      "redScore": 181,
      "redPenaltyFreeScore": 181,
      "redAuto": 54,
      "redTeleOp": 86,
      "redEndgame": 41
    },
    "blueData": {
      "blueScore": 131,
      "bluePenaltyFreeScore": 131,
      "blueAuto": 38,
      "blueTeleOp": 64,
      "blueEndgame": 29
    }
  },
  "predictedScores": {
    "redEPA": 178.1670333815586,
    "redAutonEPA": 55.10123770768803,
    "redTeleOpEPA": 74.49378002374496,
    "redEndgameEPA": 48.57201565012563,
    "blueEPA": 117.14779734702321,
    "blueAutonEPA": 22.829914886542795,
    "blueTeleOpEPA": 71.21671494526747,
    "blueEndgameEPA": 23.10116751521295
  }
}