{
  "predictedWinner": "Blue",
  "redTeams": [
    8487,
    16536
  ],
  "blueTeams": [
    17993,
    10136
  ],
  "actualWinner": "Blue",
  "pointBreakdown": {
    "redData": {
      "redScore": 77,
      "redPenaltyFreeScore": 77,
      "redAuto": 20,
      "redTeleOp": 46,
      "redEndgame": 11
    },
    "blueData": {
      "blueScore": 103,
      "bluePenaltyFreeScore": 93,
      "blueAuto": 14,
      "blueTeleOp": 64,
      "blueEndgame": 15
    }
  },
  "predictedScores": {
    "redEPA": 54.92436186917982,
    "redAutonEPA": 13.42644334144962,
    "redTeleOpEPA": 17.889475052591017,
    "redEndgameEPA": 23.608443475139183,
    "blueEPA": 96.07712293943973,
    "blueAutonEPA": 25.361541617114106,
    "blueTeleOpEPA": 51.583133154529605,
    "blueEndgameEPA": 19.132448167796014
  }
}