{
  "predictedWinner": "Red",
  "redTeams": [
    6482,
    10615
  ],
  "blueTeams": [
    15814,
    14933
  ],
  "actualWinner": "Red",
  "pointBreakdown": {
    "redData": {
      "redScore": 172,
      "redPenaltyFreeScore": 172,
      "redAuto": 54,
      "redTeleOp": 61,
      "redEndgame": 57
    },
    "blueData": {
      "blueScore": 129,
      "bluePenaltyFreeScore": 129,
      "blueAuto": 22,
      "blueTeleOp": 30,
      "blueEndgame": 77
    }
  },
  "predictedScores": {
    "redEPA": 107.42951732233436,
    "redAutonEPA": 28.030075467994045,
    "redTeleOpEPA": 29.129848166118897,
    "redEndgameEPA": 50.26959368822143,
    "blueEPA": 64.37808793613029,
    "blueAutonEPA": 29.213914857617905,
    "blueTeleOpEPA": -6.334080543885101,
    "blueEndgameEPA": 41.49825362239748
  }
}