{
  "predictedWinner": "Red",
  "redTeams": [
    19436,
    10615
  ],
  "blueTeams": [
    14706,
    20033
  ],
  "actualWinner": "Red",
  "pointBreakdown": {
    "redData": {
      "redScore": 138,
      "redPenaltyFreeScore": 108,
      "redAuto": 32,
      "redTeleOp": -4,
      "redEndgame": 80
    },
    "blueData": {
      "blueScore": 77,
      "bluePenaltyFreeScore": 77,
      "blueAuto": 37,
      "blueTeleOp": 18,
      "blueEndgame": 22
    }
  },
  "predictedScores": {
    "redEPA": 114.79419700584974,
    "redAutonEPA": 41.02475061638995,
    "redTeleOpEPA": 22.371492490164208,
    "redEndgameEPA": 51.39795389929558,
    "blueEPA": 103.20643875725376,
    "blueAutonEPA": 37.49893686819721,
    "blueTeleOpEPA": 23.105816381016147,
    "blueEndgameEPA": 42.6016855080404
  }
}