{
  "predictedWinner": "Red",
  "redTeams": [
    14706,
    8580
  ],
  "blueTeams": [
    11861,
    5411
  ],
  "actualWinner": "Red",
  "pointBreakdown": {
    "redData": {
      "redScore": 194,
      "redPenaltyFreeScore": 194,
      "redAuto": 74,
      "redTeleOp": 52,
      "redEndgame": 68
    },
    "blueData": {
      "blueScore": 43,
      "bluePenaltyFreeScore": 43,
      "blueAuto": 8,
      "blueTeleOp": 10,
      "blueEndgame": 25
    }
  },
  "predictedScores": {
    "redEPA": 187.37418372807127,
    "redAutonEPA": 54.66848427015776,
    "redTeleOpEPA": 65.72381223578788,
    "redEndgameEPA": 66.98188722212564,
    "blueEPA": 97.73093724022456,
    "blueAutonEPA": 20.251286849106485,
    "blueTeleOpEPA": 34.93855275206422,
    "blueEndgameEPA": 42.54109763905385
  }
}