{
  "predictedWinner": "Blue",
  "redTeams": [
    8621,
    10309
  ],
  "blueTeams": [
    5292,
    8533
  ],
  "actualWinner": "Blue",
  "pointBreakdown": {
    "redData": {
      "redScore": 71,
      "redPenaltyFreeScore": 71,
      "redAuto": 21,
      "redTeleOp": 32,
      "redEndgame": 18
    },
    "blueData": {
      "blueScore": 114,
      "bluePenaltyFreeScore": 114,
      "blueAuto": 32,
      "blueTeleOp": 52,
      "blueEndgame": 30
    }
  },
  "predictedScores": {
    "redEPA": 64.93837767657187,
    "redAutonEPA": 14.807572712551355,
    "redTeleOpEPA": 23.651618295867163,
    "redEndgameEPA": 26.479186668153357,
    "blueEPA": 78.94059544926978,
    "blueAutonEPA": 29.66278104486893,
    "blueTeleOpEPA": 6.0110677265312304,
    "blueEndgameEPA": 43.26674667786962
  }
}