{
  "predictedWinner": "Blue",
  "redTeams": [
    17207,
    5411
  ],
  "blueTeams": [
    20332,
    5290
  ],
  "actualWinner": "Blue",
  "pointBreakdown": {
    "redData": {
      "redScore": 99,
      "redPenaltyFreeScore": 99,
      "redAuto": 13,
      "redTeleOp": 20,
      "redEndgame": 66
    },
    "blueData": {
      "blueScore": 141,
      "bluePenaltyFreeScore": 141,
      "blueAuto": 48,
      "blueTeleOp": 30,
      "blueEndgame": 63
    }
  },
  "predictedScores": {
    "redEPA": 114.83362742614861,
    "redAutonEPA": 25.50144867055547,
    "redTeleOpEPA": 46.88871950268967,
    "redEndgameEPA": 42.443459252903466,
    "blueEPA": 122.52466287596951,
    "blueAutonEPA": 52.13655423795015,
    "blueTeleOpEPA": 16.457534295053016,
    "blueEndgameEPA": 53.930574342966345
  }
}