{
  "predictedWinner": "Blue",
  "redTeams": [
    20033,
    6134
  ],
  "blueTeams": [
    17207,
    10477
  ],
  "actualWinner": "Blue",
  "pointBreakdown": {
    "redData": {
      "redScore": 86,
      "redPenaltyFreeScore": 86,
      "redAuto": 26,
      "redTeleOp": 16,
      "redEndgame": 44
    },
    "blueData": {
      "blueScore": 101,
      "bluePenaltyFreeScore": 101,
      "blueAuto": 39,
      "blueTeleOp": 32,
      "blueEndgame": 30
    }
  },
  "predictedScores": {
    "redEPA": 25.869708007650168,
    "redAutonEPA": 26.100322595336706,
    "redTeleOpEPA": -15.352256677745743,
    "redEndgameEPA": 15.121642090059204,
    "blueEPA": 70.00619405488439,
    "blueAutonEPA": 22.121596832468867,
    "blueTeleOpEPA": 1.6470603914025475,
    "blueEndgameEPA": 46.237536831012974
  }
}