{
  "predictedWinner": "Red",
  "redTeams": [
    6482,
    16668
  ],
  "blueTeams": [
    10477,
    20332
  ],
  "actualWinner": "Blue",
  "pointBreakdown": {
    "redData": {
      "redScore": 140,
      "redPenaltyFreeScore": 110,
      "redAuto": 50,
      "redTeleOp": -2,
      "redEndgame": 62
    },
    "blueData": {
      "blueScore": 141,
      "bluePenaltyFreeScore": 141,
      "blueAuto": 56,
      "blueTeleOp": 40,
      "blueEndgame": 45
    }
  },
  "predictedScores": {
    "redEPA": 155.28854567160556,
    "redAutonEPA": 57.100872943913835,
    "redTeleOpEPA": 64.70977499501618,
    "redEndgameEPA": 33.477897732675565,
    "blueEPA": 97.94790638323134,
    "blueAutonEPA": 53.93874156025238,
    "blueTeleOpEPA": 17.423290357886785,
    "blueEndgameEPA": 26.585874465092175
  }
}