{
  "predictedWinner": "Blue",
  "redTeams": [
    10309,
    19250
  ],
  "blueTeams": [
    16668,
    8580
  ],
  "actualWinner": "Blue",
  "pointBreakdown": {
    "redData": {
      "redScore": 70,
      "redPenaltyFreeScore": 70,
      "redAuto": 32,
      "redTeleOp": 26,
      "redEndgame": 12
    },
    "blueData": {
      "blueScore": 171,
      "bluePenaltyFreeScore": 171,
      "blueAuto": 46,
      "blueTeleOp": 74,
      "blueEndgame": 51
    }
  },
  "predictedScores": {
    "redEPA": 116.65854958993647,
    "redAutonEPA": 43.933360783561454,
    "redTeleOpEPA": 33.938627224088016,
    "redEndgameEPA": 38.786561582287,
    "blueEPA": 208.34795090829823,
    "blueAutonEPA": 72.77055105393872,
    "blueTeleOpEPA": 50.130297600973506,
    "blueEndgameEPA": 85.44710225338599
  }
}