{
  "predictedWinner": "Blue",
  "redTeams": [
    15814,
    17401
  ],
  "blueTeams": [
    14706,
    20332
  ],
  "actualWinner": "Blue",
  "pointBreakdown": {
    "redData": {
      "redScore": 41,
      "redPenaltyFreeScore": 41,
      "redAuto": 5,
      "redTeleOp": 17,
      "redEndgame": 19
    },
    "blueData": {
      "blueScore": 149,
      "bluePenaltyFreeScore": 149,
      "blueAuto": 45,
      "blueTeleOp": 36,
      "blueEndgame": 68
    }
  },
  "predictedScores": {
    "redEPA": 95.42942851215379,
    "redAutonEPA": 32.298920586855864,
    "redTeleOpEPA": 21.549168560985258,
    "redEndgameEPA": 41.58133936431267,
    "blueEPA": 176.76726197554154,
    "blueAutonEPA": 69.59334977881255,
    "blueTeleOpEPA": 71.56787950188432,
    "blueEndgameEPA": 35.60603269484467
  }
}