{
  "predictedWinner": "Blue",
  "redTeams": [
    8621,
    6134
  ],
  "blueTeams": [
    6482,
    11129
  ],
  "actualWinner": "Blue",
  "pointBreakdown": {
    "redData": {
      "redScore": 60,
      "redPenaltyFreeScore": 60,
      "redAuto": 16,
      "redTeleOp": 32,
      "redEndgame": 12
    },
    "blueData": {
      "blueScore": 170,
      "bluePenaltyFreeScore": 160,
      "blueAuto": 52,
      "blueTeleOp": 40,
      "blueEndgame": 68
    }
  },
  "predictedScores": {
    "redEPA": 118.73935205801956,
    "redAutonEPA": 29.728827235967508,
    "redTeleOpEPA": 27.77371852044172,
    "redEndgameEPA": 61.23680630161033,
    "blueEPA": 123.35758594430351,
    "blueAutonEPA": 49.64782243031921,
    "blueTeleOpEPA": 23.38649722160588,
    "blueEndgameEPA": 50.32326629237842
  }
}