{
  "predictedWinner": "Blue",
  "redTeams": [
    20033,
    6134
  ],
  "blueTeams": [
    17207,
    10477
  ],
  "actualWinner": "Blue",
  "pointBreakdown": {
    "redData": {
      "redScore": 86,
      "redPenaltyFreeScore": 86,
      "redAuto": 26,
      "redTeleOp": 16,
      "redEndgame": 44
    },
    "blueData": {
      "blueScore": 101,
      "bluePenaltyFreeScore": 101,
      "blueAuto": 39,
      "blueTeleOp": 32,
      "blueEndgame": 30
    }
  },
  "predictedScores": {
    "redEPA": 25.850424499813386,
    "redAutonEPA": 26.09394798524748,
    "redTeleOpEPA": -15.355304089564843,
    "redEndgameEPA": 15.11178060413075,
    "blueEPA": 74.15191403416553,
    "blueAutonEPA": 23.49478637341562,
    "blueTeleOpEPA": 2.187113094946909,
    "blueEndgameEPA": 48.470014565803
  }
}