{
  "predictedWinner": "Blue",
  "redTeams": [
    5290,
    7043
  ],
  "blueTeams": [
    11129,
    10474
  ],
  "actualWinner": "Blue",
  "pointBreakdown": {
    "redData": {
      "redScore": 51,
      "redPenaltyFreeScore": 31,
      "redAuto": 39,
      "redTeleOp": -14,
      "redEndgame": 6
    },
    "blueData": {
      "blueScore": 96,
      "bluePenaltyFreeScore": 76,
      "blueAuto": 49,
      "blueTeleOp": 7,
      "blueEndgame": 20
    }
  },
  "predictedScores": {
    "redEPA": 71.66412666918322,
    "redAutonEPA": 39.35826933429464,
    "redTeleOpEPA": 0.49940482587500057,
    "redEndgameEPA": 31.806452509013578,
    "blueEPA": 114.83969039616318,
    "blueAutonEPA": 28.561498659822625,
    "blueTeleOpEPA": 21.87639752486176,
    "blueEndgameEPA": 64.40179421147879
  }
}