{
  "predictedWinner": "Red",
  "redTeams": [
    16668,
    17207,
    11129
  ],
  "blueTeams": [
    5290,
    5292,
    20332
  ],
  "actualWinner": "Red",
  "pointBreakdown": {
    "redData": {
      "redScore": 222,
      "redPenaltyFreeScore": 222,
      "redAuto": 58,
      "redTeleOp": 84,
      "redEndgame": 80
    },
    "blueData": {
      "blueScore": 150,
      "bluePenaltyFreeScore": 150,
      "blueAuto": 42,
      "blueTeleOp": 48,
      "blueEndgame": 60
    }
  },
  "predictedScores": {
    "redEPA": 254.5425069059283,
    "redAutonEPA": 89.95337781260807,
    "redTeleOpEPA": 55.48110533962196,
    "redEndgameEPA": 109.10802375369826,
    "blueEPA": 203.4387813271915,
    "blueAutonEPA": 61.7041000311867,
    "blueTeleOpEPA": 51.98634037121188,
    "blueEndgameEPA": 89.74834092479291
  }
}