{
  "winProbability": 0.5869321766748093,
  "predictedWinner": "Red",
  "redTeams": [
    21672,
    10180
  ],
  "blueTeams": [
    15465,
    5386
  ],
  "actualWinner": "Blue",
  "pointBreakdown": {
    "redData": {
      "redScore": 126,
      "redPenaltyFreeScore": 126,
      "redAuto": 48,
      "redTeleOp": 78,
      "redEndgame": 0
    },
    "blueData": {
      "blueScore": 152,
      "bluePenaltyFreeScore": 107,
      "blueAuto": 40,
      "blueTeleOp": 52,
      "blueEndgame": 15
    }
  },
  "predictedScores": {
    "redEPA": 113.31722025194719,
    "redAutonEPA": 32.37540423292661,
    "redTeleOpEPA": 66.79739765333062,
    "redEndgameEPA": 14.144418365689953,
    "blueEPA": 103.65056762253258,
    "blueAutonEPA": 33.18252756856187,
    "blueTeleOpEPA": 55.6080496476538,
    "blueEndgameEPA": 14.859990406316893
  }
}