{
  "winProbability": 0.771480806109726,
  "predictedWinner": "Red",
  "redTeams": [
    10309,
    9931
  ],
  "blueTeams": [
    10698,
    10615
  ],
  "actualWinner": "Red",
  "pointBreakdown": {
    "redData": {
      "redScore": 141,
      "redPenaltyFreeScore": 141,
      "redAuto": 53,
      "redTeleOp": 73,
      "redEndgame": 15
    },
    "blueData": {
      "blueScore": 112,
      "bluePenaltyFreeScore": 112,
      "blueAuto": 32,
      "blueTeleOp": 70,
      "blueEndgame": 10
    }
  },
  "predictedScores": {
    "redEPA": 120.94982425075054,
    "redAutonEPA": 44.840377863409614,
    "redTeleOpEPA": 60.722823499870884,
    "redEndgameEPA": 15.386622887470043,
    "blueEPA": 87.47012137880763,
    "blueAutonEPA": 24.589616139584763,
    "blueTeleOpEPA": 46.85934904583006,
    "blueEndgameEPA": 16.02115619339281
  }
}