{
  "predictedWinner": "Blue",
  "redTeams": [
    31738,
    10180
  ],
  "blueTeams": [
    24369,
    10698
  ],
  "actualWinner": "Red",
  "pointBreakdown": {
    "redData": {
      "redScore": 103,
      "redPenaltyFreeScore": 98,
      "redAuto": 40,
      "redTeleOp": 58,
      "redEndgame": 0
    },
    "blueData": {
      "blueScore": 71,
      "bluePenaltyFreeScore": 71,
      "blueAuto": 8,
      "blueTeleOp": 63,
      "blueEndgame": 0
    }
  },
  "predictedScores": {
    "redEPA": 75.4717361035313,
    "redAutonEPA": 7.078217192329404,
    "redTeleOpEPA": 57.917546589512526,
    "redEndgameEPA": 10.475972321689373,
    "blueEPA": 128.05295795424638,
    "blueAutonEPA": 28.494740783591922,
    "blueTeleOpEPA": 93.34452378482696,
    "blueEndgameEPA": 6.213693385827503
  }
}