{
  "predictedWinner": "Blue",
  "redTeams": [
    21672,
    10484
  ],
  "blueTeams": [
    21860,
    10180
  ],
  "actualWinner": "Blue",
  "pointBreakdown": {
    "redData": {
      "redScore": 101,
      "redPenaltyFreeScore": 96,
      "redAuto": 33,
      "redTeleOp": 53,
      "redEndgame": 10
    },
    "blueData": {
      "blueScore": 110,
      "bluePenaltyFreeScore": 110,
      "blueAuto": 19,
      "blueTeleOp": 81,
      "blueEndgame": 10
    }
  },
  "predictedScores": {
    "redEPA": 62.63877840321426,
    "redAutonEPA": 18.6076581940306,
    "redTeleOpEPA": 37.84352984296628,
    "redEndgameEPA": 6.187590366217389,
    "blueEPA": 94.08560946232089,
    "blueAutonEPA": 17.186144118892003,
    "blueTeleOpEPA": 80.33297171971374,
    "blueEndgameEPA": -3.433506376284851
  }
}