{
  "predictedWinner": "Red",
  "redTeams": [
    21672,
    10180
  ],
  "blueTeams": [
    10698,
    10615
  ],
  "actualWinner": "Red",
  "pointBreakdown": {
    "redData": {
      "redScore": 291,
      "redPenaltyFreeScore": 286,
      "redAuto": 42,
      "redTeleOp": 244,
      "redEndgame": 0
    },
    "blueData": {
      "blueScore": 84,
      "bluePenaltyFreeScore": -66,
      "blueAuto": 20,
      "blueTeleOp": -96,
      "blueEndgame": 10
    }
  },
  "predictedScores": {
    "redEPA": 155.7520741561492,
    "redAutonEPA": 35.830890869822014,
    "redTeleOpEPA": 112.50593173374408,
    "redEndgameEPA": 7.415251552583118,
    "blueEPA": 133.8774331940165,
    "blueAutonEPA": 21.20155154999565,
    "blueTeleOpEPA": 111.05994433717487,
    "blueEndgameEPA": 1.6159373068459792
  }
}