{
  "predictedWinner": "Red",
  "redTeams": [
    23392,
    10653
  ],
  "blueTeams": [
    10180,
    21672
  ],
  "actualWinner": "Red",
  "pointBreakdown": {
    "redData": {
      "redScore": 128,
      "redPenaltyFreeScore": 123,
      "redAuto": 40,
      "redTeleOp": 83,
      "redEndgame": 0
    },
    "blueData": {
      "blueScore": 122,
      "bluePenaltyFreeScore": 107,
      "blueAuto": 34,
      "blueTeleOp": 73,
      "blueEndgame": 0
    }
  },
  "predictedScores": {
    "redEPA": 195.83854508603363,
    "redAutonEPA": 61.62784094987339,
    "redTeleOpEPA": 122.92456396844351,
    "redEndgameEPA": 11.286140167716736,
    "blueEPA": 155.7520741561492,
    "blueAutonEPA": 35.830890869822014,
    "blueTeleOpEPA": 112.50593173374408,
    "blueEndgameEPA": 7.415251552583118
  }
}