{
  "predictedWinner": "Red",
  "redTeams": [
    23554,
    7643,
    15104
  ],
  "blueTeams": [
    23623,
    20245,
    7048
  ],
  "actualWinner": "Red",
  "pointBreakdown": {
    "redData": {
      "redScore": 196,
      "redPenaltyFreeScore": 196,
      "redAuto": 100,
      "redTeleOp": 46,
      "redEndgame": 50
    },
    "blueData": {
      "blueScore": 129,
      "bluePenaltyFreeScore": 129,
      "blueAuto": 55,
      "blueTeleOp": 34,
      "blueEndgame": 40
    }
  },
  "predictedScores": {
    "redEPA": 247.78582560252744,
    "redAutonEPA": 110.7097738652748,
    "redTeleOpEPA": 33.61616612167876,
    "redEndgameEPA": 103.45988561557388,
    "blueEPA": 226.02698202415104,
    "blueAutonEPA": 67.09272304375568,
    "blueTeleOpEPA": 78.92021698356834,
    "blueEndgameEPA": 80.01404199682702
  }
}