{
  "predictedWinner": "Blue",
  "redTeams": [
    7360,
    12862
  ],
  "blueTeams": [
    7048,
    6482
  ],
  "actualWinner": "Blue",
  "pointBreakdown": {
    "redData": {
      "redScore": 36,
      "redPenaltyFreeScore": 36,
      "redAuto": 31,
      "redTeleOp": 5,
      "redEndgame": 0
    },
    "blueData": {
      "blueScore": 76,
      "bluePenaltyFreeScore": 76,
      "blueAuto": 8,
      "blueTeleOp": 18,
      "blueEndgame": 50
    }
  },
  "predictedScores": {
    "redEPA": 44.35408494153892,
    "redAutonEPA": 14.126032668197809,
    "redTeleOpEPA": 0.22088097336279588,
    "redEndgameEPA": 30.007171299978317,
    "blueEPA": 81.03938059387059,
    "blueAutonEPA": 37.503114950192575,
    "blueTeleOpEPA": 11.396770943009763,
    "blueEndgameEPA": 32.13949470066825
  }
}