{
  "predictedWinner": "Red",
  "redTeams": [
    15104,
    23623
  ],
  "blueTeams": [
    11717,
    24053
  ],
  "actualWinner": "Red",
  "pointBreakdown": {
    "redData": {
      "redScore": 185,
      "redPenaltyFreeScore": 185,
      "redAuto": 78,
      "redTeleOp": 17,
      "redEndgame": 90
    },
    "blueData": {
      "blueScore": 44,
      "bluePenaltyFreeScore": 44,
      "blueAuto": 11,
      "blueTeleOp": 8,
      "blueEndgame": 25
    }
  },
  "predictedScores": {
    "redEPA": 153.11995837810306,
    "redAutonEPA": 51.75516866104806,
    "redTeleOpEPA": 39.68373810183365,
    "redEndgameEPA": 61.68105161522136,
    "blueEPA": 70.85370604556111,
    "blueAutonEPA": 24.37358432908091,
    "blueTeleOpEPA": 21.822788930223297,
    "blueEndgameEPA": 24.6573327862569
  }
}