{
  "predictedWinner": "Blue",
  "redTeams": [
    15191,
    15411
  ],
  "blueTeams": [
    15119,
    9297
  ],
  "actualWinner": "Blue",
  "pointBreakdown": {
    "redData": {
      "redScore": 0,
      "redPenaltyFreeScore": 0,
      "redAuto": 0,
      "redTeleOp": 0,
      "redEndgame": 0
    },
    "blueData": {
      "blueScore": 15,
      "bluePenaltyFreeScore": 15,
      "blueAuto": 0,
      "blueTeleOp": 5,
      "blueEndgame": 10
    }
  },
  "predictedScores": {
    "redEPA": 14.788973688942153,
    "redAutonEPA": 0.3826511976146606,
    "redTeleOpEPA": 5.476866000013203,
    "redEndgameEPA": 8.92945649131429,
    "blueEPA": 33.04361219910594,
    "blueAutonEPA": 9.80164328958347,
    "blueTeleOpEPA": 16.004948292159483,
    "blueEndgameEPA": 7.237020617362982
  }
}