{
  "predictedWinner": "Blue",
  "redTeams": [
    11231,
    23805
  ],
  "blueTeams": [
    13417,
    15638
  ],
  "actualWinner": "Blue",
  "pointBreakdown": {
    "redData": {
      "redScore": 70,
      "redPenaltyFreeScore": 60,
      "redAuto": 25,
      "redTeleOp": 10,
      "redEndgame": 25
    },
    "blueData": {
      "blueScore": 121,
      "bluePenaltyFreeScore": 121,
      "blueAuto": 58,
      "blueTeleOp": 23,
      "blueEndgame": 40
    }
  },
  "predictedScores": {
    "redEPA": 110.59268631508776,
    "redAutonEPA": 37.41024869099278,
    "redTeleOpEPA": 27.879789124958826,
    "redEndgameEPA": 45.30264849913615,
    "blueEPA": 182.50896432439464,
    "blueAutonEPA": 50.85721397220698,
    "blueTeleOpEPA": 40.950644649477596,
    "blueEndgameEPA": 90.70110570271007
  }
}