{
  "winProbability": 0.5733605588591822,
  "predictedWinner": "Red",
  "redTeams": [
    11617,
    7360
  ],
  "blueTeams": [
    11618,
    27155
  ],
  "actualWinner": "Blue",
  "pointBreakdown": {
    "redData": {
      "redScore": 44,
      "redPenaltyFreeScore": 44,
      "redAuto": 9,
      "redTeleOp": 20,
      "redEndgame": 15
    },
    "blueData": {
      "blueScore": 55,
      "bluePenaltyFreeScore": 55,
      "blueAuto": 8,
      "blueTeleOp": 32,
      "blueEndgame": 15
    }
  },
  "predictedScores": {
    "redEPA": 38.731428295887696,
    "redAutonEPA": 8.263618142562724,
    "redTeleOpEPA": 19.59354038772958,
    "redEndgameEPA": 10.874269765595393,
    "blueEPA": 31.776628538110014,
    "blueAutonEPA": 4.008136889753093,
    "blueTeleOpEPA": 17.53177946580457,
    "blueEndgameEPA": 10.23671218255235
  }
}