{
  "predictedWinner": "Red",
  "redTeams": [
    27155,
    14015
  ],
  "blueTeams": [
    11618,
    7360
  ],
  "actualWinner": "Blue",
  "pointBreakdown": {
    "redData": {
      "redScore": 39,
      "redPenaltyFreeScore": 39,
      "redAuto": 10,
      "redTeleOp": 29,
      "redEndgame": 0
    },
    "blueData": {
      "blueScore": 60,
      "bluePenaltyFreeScore": 60,
      "blueAuto": 14,
      "blueTeleOp": 46,
      "blueEndgame": 0
    }
  },
  "predictedScores": {
    "redEPA": 27.507395268407173,
    "redAutonEPA": 14.993411238011008,
    "redTeleOpEPA": 11.038755146853282,
    "redEndgameEPA": 1.4752288835428824,
    "blueEPA": 20.435078437912274,
    "blueAutonEPA": 10.4089035892332,
    "blueTeleOpEPA": 5.2099046756152845,
    "blueEndgameEPA": 4.81627017306379
  }
}