{
  "winProbability": 0.5302374419117301,
  "predictedWinner": "Red",
  "redTeams": [
    16536,
    18954
  ],
  "blueTeams": [
    30451,
    23952
  ],
  "actualWinner": "Blue",
  "pointBreakdown": {
    "redData": {
      "redScore": 40,
      "redPenaltyFreeScore": 40,
      "redAuto": 0,
      "redTeleOp": 25,
      "redEndgame": 15
    },
    "blueData": {
      "blueScore": 82,
      "bluePenaltyFreeScore": 82,
      "blueAuto": 22,
      "blueTeleOp": 45,
      "blueEndgame": 15
    }
  },
  "predictedScores": {
    "redEPA": 67.13031374223227,
    "redAutonEPA": 16.408704860807358,
    "redTeleOpEPA": 39.319610190748094,
    "redEndgameEPA": 11.40199869067682,
    "blueEPA": 63.770564950293085,
    "blueAutonEPA": 17.9303330769047,
    "blueTeleOpEPA": 36.855105124845295,
    "blueEndgameEPA": 8.985126748543097
  }
}