{
  "predictedWinner": "Red",
  "redTeams": [
    16355,
    7693
  ],
  "blueTeams": [
    23373,
    7689
  ],
  "actualWinner": "Red",
  "pointBreakdown": {
    "redData": {
      "redScore": 76,
      "redPenaltyFreeScore": 76,
      "redAuto": 24,
      "redTeleOp": 52,
      "redEndgame": 0
    },
    "blueData": {
      "blueScore": 64,
      "bluePenaltyFreeScore": 64,
      "blueAuto": 17,
      "blueTeleOp": 47,
      "blueEndgame": 0
    }
  },
  "predictedScores": {
    "redEPA": 73.69950274092585,
    "redAutonEPA": 6.944881993834914,
    "redTeleOpEPA": 68.46734612607989,
    "redEndgameEPA": -1.712725378988947,
    "blueEPA": 42.650956087808865,
    "blueAutonEPA": 5.693603924818742,
    "blueTeleOpEPA": 38.001438943367624,
    "blueEndgameEPA": -1.0440867803775034
  }
}