{
  "winProbability": 0.7140256925324329,
  "predictedWinner": "Blue",
  "redTeams": [
    23590,
    23834
  ],
  "blueTeams": [
    18954,
    15004
  ],
  "actualWinner": "Blue",
  "pointBreakdown": {
    "redData": {
      "redScore": 88,
      "redPenaltyFreeScore": 83,
      "redAuto": 14,
      "redTeleOp": 59,
      "redEndgame": 10
    },
    "blueData": {
      "blueScore": 89,
      "bluePenaltyFreeScore": 89,
      "blueAuto": 25,
      "blueTeleOp": 49,
      "blueEndgame": 15
    }
  },
  "predictedScores": {
    "redEPA": 74.26440963988172,
    "redAutonEPA": 9.58819516714038,
    "redTeleOpEPA": 55.397607451608934,
    "redEndgameEPA": 9.278607021132402,
    "blueEPA": 99.65078174498197,
    "blueAutonEPA": 28.915046628689492,
    "blueTeleOpEPA": 56.44988493513186,
    "blueEndgameEPA": 14.285850181160614
  }
}