{
  "predictedWinner": "Blue",
  "redTeams": [
    8531,
    23373
  ],
  "blueTeams": [
    16536,
    15471
  ],
  "actualWinner": "Blue",
  "pointBreakdown": {
    "redData": {
      "redScore": 68,
      "redPenaltyFreeScore": 63,
      "redAuto": 14,
      "redTeleOp": 49,
      "redEndgame": 0
    },
    "blueData": {
      "blueScore": 103,
      "bluePenaltyFreeScore": 103,
      "blueAuto": 22,
      "blueTeleOp": 81,
      "blueEndgame": 0
    }
  },
  "predictedScores": {
    "redEPA": 44.647426098697906,
    "redAutonEPA": 11.092586816708852,
    "redTeleOpEPA": 40.20160763926974,
    "redEndgameEPA": -6.646768357280686,
    "blueEPA": 52.39222380902772,
    "blueAutonEPA": 5.5360794567623515,
    "blueTeleOpEPA": 47.867538255753566,
    "blueEndgameEPA": -1.0113939034881951
  }
}