{
  "predictedWinner": "Red",
  "redTeams": [
    14158,
    8777
  ],
  "blueTeams": [
    7140,
    17975
  ],
  "actualWinner": "Red",
  "pointBreakdown": {
    "redData": {
      "redScore": 92,
      "redPenaltyFreeScore": 92,
      "redAuto": 30,
      "redTeleOp": 12,
      "redEndgame": 50
    },
    "blueData": {
      "blueScore": 34,
      "bluePenaltyFreeScore": 34,
      "blueAuto": 20,
      "blueTeleOp": 4,
      "blueEndgame": 10
    }
  },
  "predictedScores": {
    "redEPA": 57.89046127554951,
    "redAutonEPA": 17.082902492747714,
    "redTeleOpEPA": 11.824456031012563,
    "redEndgameEPA": 28.983102751789236,
    "blueEPA": 45.71980020041711,
    "blueAutonEPA": 23.419235928682717,
    "blueTeleOpEPA": 19.60934862590976,
    "blueEndgameEPA": 2.6912156458246335
  }
}