{
  "predictedWinner": "Blue",
  "redTeams": [
    23591,
    17975
  ],
  "blueTeams": [
    15353,
    23592
  ],
  "actualWinner": "Blue",
  "pointBreakdown": {
    "redData": {
      "redScore": 41,
      "redPenaltyFreeScore": 41,
      "redAuto": 28,
      "redTeleOp": 8,
      "redEndgame": 5
    },
    "blueData": {
      "blueScore": 75,
      "bluePenaltyFreeScore": 75,
      "blueAuto": 43,
      "blueTeleOp": 7,
      "blueEndgame": 25
    }
  },
  "predictedScores": {
    "redEPA": 39.97093199510482,
    "redAutonEPA": 2.877252978273866,
    "redTeleOpEPA": 5.514190846841402,
    "redEndgameEPA": 31.579488169989553,
    "blueEPA": 45.953825717507584,
    "blueAutonEPA": 28.93328934240801,
    "blueTeleOpEPA": 4.362125493347065,
    "blueEndgameEPA": 12.65841088175251
  }
}