{
  "predictedWinner": "Blue",
  "redTeams": [
    9931,
    10698
  ],
  "blueTeams": [
    20245,
    10615
  ],
  "actualWinner": "Blue",
  "pointBreakdown": {
    "redData": {
      "redScore": 119,
      "redPenaltyFreeScore": 119,
      "redAuto": 55,
      "redTeleOp": 24,
      "redEndgame": 40
    },
    "blueData": {
      "blueScore": 141,
      "bluePenaltyFreeScore": 141,
      "blueAuto": 40,
      "blueTeleOp": 26,
      "blueEndgame": 75
    }
  },
  "predictedScores": {
    "redEPA": 205.16853999538378,
    "redAutonEPA": 62.818971387044,
    "redTeleOpEPA": 67.29060525990207,
    "redEndgameEPA": 75.05896334843771,
    "blueEPA": 214.2030578968776,
    "blueAutonEPA": 104.50914295005018,
    "blueTeleOpEPA": 69.52524635412101,
    "blueEndgameEPA": 40.16866859270642
  }
}