{
  "predictedWinner": "Red",
  "redTeams": [
    10136,
    9931
  ],
  "blueTeams": [
    5960,
    5618
  ],
  "actualWinner": "Red",
  "pointBreakdown": {
    "redData": {
      "redScore": 192,
      "redPenaltyFreeScore": 192,
      "redAuto": 78,
      "redTeleOp": 54,
      "redEndgame": 60
    },
    "blueData": {
      "blueScore": 153,
      "bluePenaltyFreeScore": 153,
      "blueAuto": 78,
      "blueTeleOp": 35,
      "blueEndgame": 40
    }
  },
  "predictedScores": {
    "redEPA": 185.55293351757075,
    "redAutonEPA": 61.974806694647064,
    "redTeleOpEPA": 68.81176289487581,
    "redEndgameEPA": 54.76636392804787,
    "blueEPA": 184.89452366877143,
    "blueAutonEPA": 71.46306601408392,
    "blueTeleOpEPA": 30.354448563243807,
    "blueEndgameEPA": 83.0770090914437
  }
}