{
  "predictedWinner": "Blue",
  "redTeams": [
    21672,
    8646
  ],
  "blueTeams": [
    7360,
    10698
  ],
  "actualWinner": "Blue",
  "pointBreakdown": {
    "redData": {
      "redScore": 82,
      "redPenaltyFreeScore": 82,
      "redAuto": 25,
      "redTeleOp": 7,
      "redEndgame": 50
    },
    "blueData": {
      "blueScore": 132,
      "bluePenaltyFreeScore": 132,
      "blueAuto": 50,
      "blueTeleOp": 22,
      "blueEndgame": 60
    }
  },
  "predictedScores": {
    "redEPA": 84.45841020950931,
    "redAutonEPA": 9.58013841780897,
    "redTeleOpEPA": 1.3979471185417651,
    "redEndgameEPA": 73.48032467315858,
    "blueEPA": 84.51424669579929,
    "blueAutonEPA": 42.483079109996424,
    "blueTeleOpEPA": 3.7409375801025107,
    "blueEndgameEPA": 38.29023000570035
  }
}