{
  "predictedWinner": "Red",
  "redTeams": [
    15104,
    16646
  ],
  "blueTeams": [
    5960,
    8027
  ],
  "actualWinner": "Blue",
  "pointBreakdown": {
    "redData": {
      "redScore": 209,
      "redPenaltyFreeScore": 204,
      "redAuto": 65,
      "redTeleOp": 139,
      "redEndgame": null
    },
    "blueData": {
      "blueScore": 214,
      "bluePenaltyFreeScore": 214,
      "blueAuto": 49,
      "blueTeleOp": 165,
      "blueEndgame": null
    }
  },
  "predictedScores": {
    "redEPA": 227.12708163922915,
    "redAutonEPA": 46.414208293693484,
    "redTeleOpEPA": 180.71287334553566,
    "redEndgameEPA": 0,
    "blueEPA": 206.53904085660602,
    "blueAutonEPA": 41.86460074717468,
    "blueTeleOpEPA": 164.67444010943134,
    "blueEndgameEPA": 0
  }
}