{
  "winProbability": 0.6305864394111106,
  "predictedWinner": "Red",
  "redTeams": [
    15411,
    31038
  ],
  "blueTeams": [
    15120,
    9297
  ],
  "actualWinner": "Blue",
  "pointBreakdown": {
    "redData": {
      "redScore": 25,
      "redPenaltyFreeScore": 20,
      "redAuto": 8,
      "redTeleOp": 2,
      "redEndgame": 10
    },
    "blueData": {
      "blueScore": 42,
      "bluePenaltyFreeScore": 32,
      "blueAuto": 5,
      "blueTeleOp": 17,
      "blueEndgame": 10
    }
  },
  "predictedScores": {
    "redEPA": 26.115515928335775,
    "redAutonEPA": 5.544779449408968,
    "redTeleOpEPA": 10.700259743999258,
    "redEndgameEPA": 9.87047673492755,
    "blueEPA": 13.739373492743045,
    "blueAutonEPA": 2.846648934503002,
    "blueTeleOpEPA": 2.9525899698733014,
    "blueEndgameEPA": 7.9401345883667425
  }
}