{
  "predictedWinner": "Blue",
  "redTeams": [
    13666,
    21491
  ],
  "blueTeams": [
    23710,
    15411
  ],
  "actualWinner": "Blue",
  "pointBreakdown": {
    "redData": {
      "redScore": 21,
      "redPenaltyFreeScore": 21,
      "redAuto": 3,
      "redTeleOp": 18,
      "redEndgame": 0
    },
    "blueData": {
      "blueScore": 30,
      "bluePenaltyFreeScore": 30,
      "blueAuto": 8,
      "blueTeleOp": 22,
      "blueEndgame": 0
    }
  },
  "predictedScores": {
    "redEPA": 39.61423859539498,
    "redAutonEPA": 6.144400035808058,
    "redTeleOpEPA": 28.549213705157428,
    "redEndgameEPA": 4.920624854429491,
    "blueEPA": 51.32302610869833,
    "blueAutonEPA": 3.6710257632464534,
    "blueTeleOpEPA": 51.976781837815906,
    "blueEndgameEPA": -4.324781492364035
  }
}