{
  "winProbability": 0.6426185562238236,
  "predictedWinner": "Blue",
  "redTeams": [
    11618,
    10645
  ],
  "blueTeams": [
    26606,
    26293
  ],
  "actualWinner": "Red",
  "pointBreakdown": {
    "redData": {
      "redScore": 144,
      "redPenaltyFreeScore": 134,
      "redAuto": 39,
      "redTeleOp": 80,
      "redEndgame": 15
    },
    "blueData": {
      "blueScore": 133,
      "bluePenaltyFreeScore": 108,
      "blueAuto": 24,
      "blueTeleOp": 69,
      "blueEndgame": 15
    }
  },
  "predictedScores": {
    "redEPA": 104.0341071991131,
    "redAutonEPA": 29.350832432169376,
    "redTeleOpEPA": 59.825505454888386,
    "redEndgameEPA": 14.857769312055336,
    "blueEPA": 121.54799233757566,
    "blueAutonEPA": 38.48778372941251,
    "blueTeleOpEPA": 66.75562276929969,
    "blueEndgameEPA": 16.304585838863456
  }
}