{
  "winProbability": 0.6431980322082288,
  "predictedWinner": "Blue",
  "redTeams": [
    26859,
    11729
  ],
  "blueTeams": [
    11618,
    10645
  ],
  "actualWinner": "Blue",
  "pointBreakdown": {
    "redData": {
      "redScore": 111,
      "redPenaltyFreeScore": 111,
      "redAuto": 30,
      "redTeleOp": 76,
      "redEndgame": 5
    },
    "blueData": {
      "blueScore": 201,
      "bluePenaltyFreeScore": 156,
      "blueAuto": 43,
      "blueTeleOp": 98,
      "blueEndgame": 15
    }
  },
  "predictedScores": {
    "redEPA": 86.4448799354139,
    "redAutonEPA": 19.750762199721837,
    "redTeleOpEPA": 57.50614859401541,
    "redEndgameEPA": 9.187969141676655,
    "blueEPA": 104.0341071991131,
    "blueAutonEPA": 29.350832432169376,
    "blueTeleOpEPA": 59.825505454888386,
    "blueEndgameEPA": 14.857769312055336
  }
}