{
  "winProbability": 0.911372975934199,
  "predictedWinner": "Blue",
  "redTeams": [
    10735,
    9458
  ],
  "blueTeams": [
    15555,
    13748
  ],
  "actualWinner": "Blue",
  "pointBreakdown": {
    "redData": {
      "redScore": 76,
      "redPenaltyFreeScore": 76,
      "redAuto": 26,
      "redTeleOp": 35,
      "redEndgame": 15
    },
    "blueData": {
      "blueScore": 108,
      "bluePenaltyFreeScore": 108,
      "blueAuto": 47,
      "blueTeleOp": 56,
      "blueEndgame": 5
    }
  },
  "predictedScores": {
    "redEPA": 49.05461252998981,
    "redAutonEPA": 8.98613516637067,
    "redTeleOpEPA": 27.295104486572853,
    "redEndgameEPA": 12.773372877046285,
    "blueEPA": 117.92085667251567,
    "blueAutonEPA": 38.41243866787386,
    "blueTeleOpEPA": 66.40324587263963,
    "blueEndgameEPA": 13.105172132002185
  }
}