{
  "winProbability": 0.5208728422451557,
  "predictedWinner": "Red",
  "redTeams": [
    17224,
    30444
  ],
  "blueTeams": [
    26538,
    8656
  ],
  "actualWinner": "Red",
  "pointBreakdown": {
    "redData": {
      "redScore": 56,
      "redPenaltyFreeScore": 56,
      "redAuto": 15,
      "redTeleOp": 31,
      "redEndgame": 10
    },
    "blueData": {
      "blueScore": 47,
      "bluePenaltyFreeScore": 47,
      "blueAuto": 18,
      "blueTeleOp": 14,
      "blueEndgame": 15
    }
  },
  "predictedScores": {
    "redEPA": 51.0319790619554,
    "redAutonEPA": 12.976686224469262,
    "redTeleOpEPA": 27.8244687768539,
    "redEndgameEPA": 10.230824060632234,
    "blueEPA": 48.56339185028455,
    "blueAutonEPA": 8.66798999386451,
    "blueTeleOpEPA": 27.317528563267125,
    "blueEndgameEPA": 12.577873293152917
  }
}