{
  "winProbability": 0.5063682000047557,
  "predictedWinner": "Red",
  "redTeams": [
    19770,
    9895
  ],
  "blueTeams": [
    32285,
    9458
  ],
  "actualWinner": "Red",
  "pointBreakdown": {
    "redData": {
      "redScore": 92,
      "redPenaltyFreeScore": 77,
      "redAuto": 19,
      "redTeleOp": 28,
      "redEndgame": 30
    },
    "blueData": {
      "blueScore": 41,
      "bluePenaltyFreeScore": 41,
      "blueAuto": 8,
      "blueTeleOp": 18,
      "blueEndgame": 15
    }
  },
  "predictedScores": {
    "redEPA": 46.537978599694114,
    "redAutonEPA": 3.4156383061334927,
    "redTeleOpEPA": 32.29375449592716,
    "redEndgameEPA": 10.828585797633458,
    "blueEPA": 45.7852219669098,
    "blueAutonEPA": 10.024692297770859,
    "blueTeleOpEPA": 22.996821374835104,
    "blueEndgameEPA": 12.763708294303843
  }
}