{
  "winProbability": 0.5248616296995643,
  "predictedWinner": "Blue",
  "redTeams": [
    11618,
    6811
  ],
  "blueTeams": [
    19770,
    11729
  ],
  "actualWinner": "Red",
  "pointBreakdown": {
    "redData": {
      "redScore": 85,
      "redPenaltyFreeScore": 65,
      "redAuto": 26,
      "redTeleOp": 29,
      "redEndgame": 10
    },
    "blueData": {
      "blueScore": 41,
      "bluePenaltyFreeScore": 41,
      "blueAuto": 13,
      "blueTeleOp": 18,
      "blueEndgame": 10
    }
  },
  "predictedScores": {
    "redEPA": 47.87093741765857,
    "redAutonEPA": 16.66952863893031,
    "redTeleOpEPA": 18.853615742024147,
    "redEndgameEPA": 12.34779303670411,
    "blueEPA": 50.81198672710114,
    "blueAutonEPA": 8.942434515242537,
    "blueTeleOpEPA": 29.16406499109901,
    "blueEndgameEPA": 12.705487220759593
  }
}