{
  "predictedWinner": "Blue",
  "redTeams": [
    11193,
    11617
  ],
  "blueTeams": [
    11618,
    10645
  ],
  "actualWinner": "Blue",
  "pointBreakdown": {
    "redData": {
      "redScore": 117,
      "redPenaltyFreeScore": 117,
      "redAuto": 34,
      "redTeleOp": 73,
      "redEndgame": 10
    },
    "blueData": {
      "blueScore": 122,
      "bluePenaltyFreeScore": 107,
      "blueAuto": 39,
      "blueTeleOp": 68,
      "blueEndgame": 0
    }
  },
  "predictedScores": {
    "redEPA": 71.09159695589463,
    "redAutonEPA": 19.801759104248763,
    "redTeleOpEPA": 43.4430042025671,
    "redEndgameEPA": 7.8468336490787705,
    "blueEPA": 108.28503833138184,
    "blueAutonEPA": 31.21476102439472,
    "blueTeleOpEPA": 72.29994037021109,
    "blueEndgameEPA": 4.770336936776029
  }
}