{
  "winProbability": 0.6266235512017546,
  "predictedWinner": "Red",
  "redTeams": [
    11729,
    10735
  ],
  "blueTeams": [
    26538,
    19770
  ],
  "actualWinner": "Red",
  "pointBreakdown": {
    "redData": {
      "redScore": 49,
      "redPenaltyFreeScore": 49,
      "redAuto": 11,
      "redTeleOp": 23,
      "redEndgame": 15
    },
    "blueData": {
      "blueScore": 13,
      "bluePenaltyFreeScore": 13,
      "blueAuto": 0,
      "blueTeleOp": 3,
      "blueEndgame": 10
    }
  },
  "predictedScores": {
    "redEPA": 39.31676093201074,
    "redAutonEPA": 11.978081426341197,
    "redTeleOpEPA": 13.877203066551893,
    "redEndgameEPA": 13.461476439117646,
    "blueEPA": 25.393236844275496,
    "blueAutonEPA": 2.529591157934388,
    "blueTeleOpEPA": 13.532351335048999,
    "blueEndgameEPA": 9.33129435129211
  }
}