{
  "predictedWinner": "Red",
  "redTeams": [
    8603,
    15638
  ],
  "blueTeams": [
    12352,
    18768
  ],
  "actualWinner": "Red",
  "pointBreakdown": {
    "redData": {
      "redScore": 69,
      "redPenaltyFreeScore": 69,
      "redAuto": 39,
      "redTeleOp": 8,
      "redEndgame": 22
    },
    "blueData": {
      "blueScore": 30,
      "bluePenaltyFreeScore": 30,
      "blueAuto": 21,
      "blueTeleOp": 6,
      "blueEndgame": 3
    }
  },
  "predictedScores": {
    "redEPA": 39.37258814317143,
    "redAutonEPA": 12.237129857541639,
    "redTeleOpEPA": -4.524293861292616,
    "redEndgameEPA": 31.659752146922404,
    "blueEPA": 33.6304321379873,
    "blueAutonEPA": 10.335138939258883,
    "blueTeleOpEPA": -5.272606758776881,
    "blueEndgameEPA": 28.567899957505297
  }
}