{
  "predictedWinner": "Red",
  "redTeams": [
    12352,
    14649
  ],
  "blueTeams": [
    7255,
    8487
  ],
  "actualWinner": "Blue",
  "pointBreakdown": {
    "redData": {
      "redScore": 95,
      "redPenaltyFreeScore": 95,
      "redAuto": 13,
      "redTeleOp": 16,
      "redEndgame": 66
    },
    "blueData": {
      "blueScore": 109,
      "bluePenaltyFreeScore": 109,
      "blueAuto": 29,
      "blueTeleOp": 26,
      "blueEndgame": 54
    }
  },
  "predictedScores": {
    "redEPA": 80.94831593550346,
    "redAutonEPA": 3.1966079073878904,
    "redTeleOpEPA": 26.171361977031204,
    "redEndgameEPA": 51.58034605108437,
    "blueEPA": -19.299030354162976,
    "blueAutonEPA": 30.23624938775511,
    "blueTeleOpEPA": -99.25616359502453,
    "blueEndgameEPA": 49.72088385310645
  }
}