{
  "predictedWinner": "Red",
  "redTeams": [
    7255,
    15638
  ],
  "blueTeams": [
    14649,
    12352
  ],
  "actualWinner": "Red",
  "pointBreakdown": {
    "redData": {
      "redScore": 165,
      "redPenaltyFreeScore": 165,
      "redAuto": 32,
      "redTeleOp": 22,
      "redEndgame": 111
    },
    "blueData": {
      "blueScore": 25,
      "bluePenaltyFreeScore": 25,
      "blueAuto": 10,
      "blueTeleOp": 12,
      "blueEndgame": 3
    }
  },
  "predictedScores": {
    "redEPA": 172.95843202286295,
    "redAutonEPA": 21.302448972467467,
    "redTeleOpEPA": 75.53967262321147,
    "redEndgameEPA": 76.11631042718402,
    "blueEPA": 113.27462215252693,
    "blueAutonEPA": 19.961767498211017,
    "blueTeleOpEPA": 23.089992862895343,
    "blueEndgameEPA": 70.22286179142057
  }
}