{
  "predictedWinner": "Red",
  "redTeams": [
    6043,
    10255
  ],
  "blueTeams": [
    10104,
    9366
  ],
  "actualWinner": "Red",
  "pointBreakdown": {
    "redData": {
      "redScore": 104,
      "redPenaltyFreeScore": 99,
      "redAuto": 40,
      "redTeleOp": 59
    },
    "blueData": {
      "blueScore": 38,
      "bluePenaltyFreeScore": 38,
      "blueAuto": 15,
      "blueTeleOp": 23
    }
  },
  "predictedScores": {
    "redEPA": 85.83718576953557,
    "redAutonEPA": 30.063725036975228,
    "redTeleOpEPA": 55.77346073256034,
    "blueEPA": 3.072379286760638,
    "blueAutonEPA": 3.883084540981538,
    "blueTeleOpEPA": -0.8107052542208999
  }
}