{
  "predictedWinner": "Red",
  "redTeams": [
    14697,
    15397
  ],
  "blueTeams": [
    14933,
    7023
  ],
  "actualWinner": "Blue",
  "pointBreakdown": {
    "redData": {
      "redScore": 34,
      "redPenaltyFreeScore": 34,
      "redAuto": 15,
      "redTeleOp": 19
    },
    "blueData": {
      "blueScore": 75,
      "bluePenaltyFreeScore": 70,
      "blueAuto": 28,
      "blueTeleOp": 42
    }
  },
  "predictedScores": {
    "redEPA": 40.660519797947586,
    "redAutonEPA": 16.587253313708494,
    "redTeleOpEPA": 24.07326648423909,
    "blueEPA": 37.686304877266124,
    "blueAutonEPA": 12.637814364547378,
    "blueTeleOpEPA": 25.048490512718747
  }
}