{
  "predictedWinner": "Blue",
  "redTeams": [
    11266,
    8529
  ],
  "blueTeams": [
    10255,
    11531
  ],
  "actualWinner": "Blue",
  "pointBreakdown": {
    "redData": {
      "redScore": 41,
      "redPenaltyFreeScore": 41,
      "redAuto": 15,
      "redTeleOp": 26
    },
    "blueData": {
      "blueScore": 74,
      "bluePenaltyFreeScore": 74,
      "blueAuto": 36,
      "blueTeleOp": 38
    }
  },
  "predictedScores": {
    "redEPA": 31.79183825356479,
    "redAutonEPA": -0.6240570212589631,
    "redTeleOpEPA": 32.415895274823754,
    "blueEPA": 103.63527454021585,
    "blueAutonEPA": 34.32040406501569,
    "blueTeleOpEPA": 69.31487047520017
  }
}