{
  "predictedWinner": "Blue",
  "redTeams": [
    13885,
    14697
  ],
  "blueTeams": [
    11318,
    11531
  ],
  "actualWinner": "Blue",
  "pointBreakdown": {
    "redData": {
      "redScore": 61,
      "redPenaltyFreeScore": 56,
      "redAuto": 20,
      "redTeleOp": 36
    },
    "blueData": {
      "blueScore": 65,
      "bluePenaltyFreeScore": 65,
      "blueAuto": 15,
      "blueTeleOp": 50
    }
  },
  "predictedScores": {
    "redEPA": 25.155265445837646,
    "redAutonEPA": 8.428069219153182,
    "redTeleOpEPA": 16.727196226684462,
    "blueEPA": 44.66497774804015,
    "blueAutonEPA": 13.742385431157702,
    "blueTeleOpEPA": 30.92259231688245
  }
}