{
  "predictedWinner": "Red",
  "redTeams": [
    7911,
    12821
  ],
  "blueTeams": [
    6070,
    11317
  ],
  "actualWinner": "Blue",
  "pointBreakdown": {
    "redData": {
      "redScore": 71,
      "redPenaltyFreeScore": 71,
      "redAuto": 20,
      "redTeleOp": 51
    },
    "blueData": {
      "blueScore": 50,
      "bluePenaltyFreeScore": 50,
      "blueAuto": 20,
      "blueTeleOp": 30
    }
  },
  "predictedScores": {
    "redEPA": 73.11108397332414,
    "redAutonEPA": 17.430774505774174,
    "redTeleOpEPA": 55.68030946754997,
    "blueEPA": 12.701262762468456,
    "blueAutonEPA": -2.514634420143865,
    "blueTeleOpEPA": 15.215897182612322
  }
}