{
  "predictedWinner": "Red",
  "redTeams": [
    7023,
    13335
  ],
  "blueTeams": [
    5641,
    6043
  ],
  "actualWinner": "Blue",
  "pointBreakdown": {
    "redData": {
      "redScore": 53,
      "redPenaltyFreeScore": 53,
      "redAuto": 24,
      "redTeleOp": 29
    },
    "blueData": {
      "blueScore": 50,
      "bluePenaltyFreeScore": 50,
      "blueAuto": 5,
      "blueTeleOp": 45
    }
  },
  "predictedScores": {
    "redEPA": 68.80061104922957,
    "redAutonEPA": 32.21434136678775,
    "redTeleOpEPA": 36.586269682441824,
    "blueEPA": 47.424479166639415,
    "blueAutonEPA": 16.08307179017406,
    "blueTeleOpEPA": 31.341407376465355
  }
}