{
  "predictedWinner": "Blue",
  "redTeams": [
    12948,
    8529
  ],
  "blueTeams": [
    15547,
    14697
  ],
  "actualWinner": "Red",
  "pointBreakdown": {
    "redData": {
      "redScore": 40,
      "redPenaltyFreeScore": 40,
      "redAuto": 20,
      "redTeleOp": 5,
      "redEndgame": 15
    },
    "blueData": {
      "blueScore": 30,
      "bluePenaltyFreeScore": 30,
      "blueAuto": 20,
      "blueTeleOp": -5,
      "blueEndgame": 15
    }
  },
  "predictedScores": {
    "redEPA": 22.62298086058835,
    "redAutonEPA": 19.282216934501243,
    "redTeleOpEPA": 2.94625551636867,
    "redEndgameEPA": 0.39450840971843665,
    "blueEPA": 26.12483539299452,
    "blueAutonEPA": 8.398419120402554,
    "blueTeleOpEPA": 4.498352652874205,
    "blueEndgameEPA": 13.22806361971776
  }
}