{
  "predictedWinner": "Red",
  "redTeams": [
    11317,
    8533
  ],
  "blueTeams": [
    11266,
    11318
  ],
  "actualWinner": "Blue",
  "pointBreakdown": {
    "redData": {
      "redScore": 45,
      "redPenaltyFreeScore": 45,
      "redAuto": 10,
      "redTeleOp": 35
    },
    "blueData": {
      "blueScore": 19,
      "bluePenaltyFreeScore": 19,
      "blueAuto": 0,
      "blueTeleOp": 19
    }
  },
  "predictedScores": {
    "redEPA": 28.6737786241859,
    "redAutonEPA": 7.251802898884113,
    "redTeleOpEPA": 21.421975725301788,
    "blueEPA": 19.45685775864915,
    "blueAutonEPA": 5.5923543391894155,
    "blueTeleOpEPA": 13.864503419459734
  }
}