{
  "predictedWinner": "Red",
  "redTeams": [
    11531,
    7023
  ],
  "blueTeams": [
    12821,
    11228
  ],
  "actualWinner": "Red",
  "pointBreakdown": {
    "redData": {
      "redScore": 84,
      "redPenaltyFreeScore": 84,
      "redAuto": 43,
      "redTeleOp": 26,
      "redEndgame": 15
    },
    "blueData": {
      "blueScore": 78,
      "bluePenaltyFreeScore": 78,
      "blueAuto": 35,
      "blueTeleOp": 28,
      "blueEndgame": 15
    }
  },
  "predictedScores": {
    "redEPA": 83.21319805827983,
    "redAutonEPA": 39.86232243893921,
    "redTeleOpEPA": 25.694854027771967,
    "redEndgameEPA": 17.656021591568653,
    "blueEPA": 68.48759065467497,
    "blueAutonEPA": 30.777607132177163,
    "blueTeleOpEPA": 23.917483861355215,
    "blueEndgameEPA": 13.79249966114259
  }
}