{
  "winProbability": 0.5374526012136522,
  "predictedWinner": "Red",
  "redTeams": [
    26617,
    26616
  ],
  "blueTeams": [
    23709,
    23710
  ],
  "actualWinner": "Red",
  "pointBreakdown": {
    "redData": {
      "redScore": 43,
      "redPenaltyFreeScore": 43,
      "redAuto": 6,
      "redTeleOp": 27,
      "redEndgame": 10
    },
    "blueData": {
      "blueScore": 25,
      "bluePenaltyFreeScore": 25,
      "blueAuto": 0,
      "blueTeleOp": 10,
      "blueEndgame": 15
    }
  },
  "predictedScores": {
    "redEPA": 29.987044504181604,
    "redAutonEPA": 4.852561230585424,
    "redTeleOpEPA": 16.284236857825572,
    "redEndgameEPA": 8.85024641577061,
    "blueEPA": 27.11506247510952,
    "blueAutonEPA": 3.8676635304659497,
    "blueTeleOpEPA": 12.60774467343688,
    "blueEndgameEPA": 10.639654271206691
  }
}