{
  "predictedWinner": "Red",
  "redTeams": [
    23591,
    10644
  ],
  "blueTeams": [
    23439,
    10645
  ],
  "actualWinner": "Red",
  "pointBreakdown": {
    "redData": {
      "redScore": 180,
      "redPenaltyFreeScore": 180,
      "redAuto": 52,
      "redTeleOp": 128,
      "redEndgame": null
    },
    "blueData": {
      "blueScore": 139,
      "bluePenaltyFreeScore": 139,
      "blueAuto": 23,
      "blueTeleOp": 116,
      "blueEndgame": null
    }
  },
  "predictedScores": {
    "redEPA": 102.95705339663634,
    "redAutonEPA": 22.134091794420943,
    "redTeleOpEPA": 80.8229616022154,
    "redEndgameEPA": 0,
    "blueEPA": 99.55230242761084,
    "blueAutonEPA": 20.984072150953676,
    "blueTeleOpEPA": 78.56823027665716,
    "blueEndgameEPA": 0
  }
}