{
  "predictedWinner": "Blue",
  "redTeams": [
    14033,
    14941
  ],
  "blueTeams": [
    14936,
    12303
  ],
  "actualWinner": "Blue",
  "pointBreakdown": {
    "redData": {
      "redScore": 21,
      "redPenaltyFreeScore": 21,
      "redAuto": 3,
      "redTeleOp": 10,
      "redEndgame": 8
    },
    "blueData": {
      "blueScore": 23,
      "bluePenaltyFreeScore": 23,
      "blueAuto": 0,
      "blueTeleOp": 10,
      "blueEndgame": 13
    }
  },
  "predictedScores": {
    "redEPA": 18.595257872333175,
    "redAutonEPA": 4.177106320732088,
    "redTeleOpEPA": 5.434925139981795,
    "redEndgameEPA": 8.983226411619292,
    "blueEPA": 23.216223501276215,
    "blueAutonEPA": 7.103228289185364,
    "blueTeleOpEPA": 10.301499399627257,
    "blueEndgameEPA": 5.811495812463595
  }
}