{
  "predictedWinner": "Blue",
  "redTeams": [
    25069,
    28038
  ],
  "blueTeams": [
    25092,
    28034
  ],
  "actualWinner": "Blue",
  "pointBreakdown": {
    "redData": {
      "redScore": 17,
      "redPenaltyFreeScore": 17,
      "redAuto": 14,
      "redTeleOp": 3,
      "redEndgame": 0
    },
    "blueData": {
      "blueScore": 20,
      "bluePenaltyFreeScore": 20,
      "blueAuto": 17,
      "blueTeleOp": 3,
      "blueEndgame": 0
    }
  },
  "predictedScores": {
    "redEPA": 8.021018562890953,
    "redAutonEPA": 8.563900755655167,
    "redTeleOpEPA": -0.8935744902415356,
    "redEndgameEPA": 0.35069229747732156,
    "blueEPA": 36.61556578933745,
    "blueAutonEPA": 8.158603263398918,
    "blueTeleOpEPA": 27.15328927972107,
    "blueEndgameEPA": 1.3036732462174674
  }
}