{
  "winProbability": 0.5320022258869023,
  "predictedWinner": "Blue",
  "redTeams": [
    28038,
    28033
  ],
  "blueTeams": [
    18968,
    25069
  ],
  "actualWinner": "Tie",
  "pointBreakdown": {
    "redData": {
      "redScore": 17,
      "redPenaltyFreeScore": 17,
      "redAuto": 6,
      "redTeleOp": 11,
      "redEndgame": 0
    },
    "blueData": {
      "blueScore": 17,
      "bluePenaltyFreeScore": 17,
      "blueAuto": 0,
      "blueTeleOp": 17,
      "blueEndgame": 0
    }
  },
  "predictedScores": {
    "redEPA": 24.669855597153415,
    "redAutonEPA": 7.510423591096982,
    "redTeleOpEPA": 11.648451215004544,
    "redEndgameEPA": 5.510980791051891,
    "blueEPA": 27.86973182078559,
    "blueAutonEPA": 11.845098501940857,
    "blueTeleOpEPA": 13.29477767113423,
    "blueEndgameEPA": 2.7298556477105
  }
}