{
  "predictedWinner": "Red",
  "redTeams": [
    25098,
    28033
  ],
  "blueTeams": [
    28038,
    25092
  ],
  "actualWinner": "Tie",
  "pointBreakdown": {
    "redData": {
      "redScore": 40,
      "redPenaltyFreeScore": 40,
      "redAuto": 9,
      "redTeleOp": 31,
      "redEndgame": 0
    },
    "blueData": {
      "blueScore": 40,
      "bluePenaltyFreeScore": 40,
      "blueAuto": 6,
      "blueTeleOp": 24,
      "blueEndgame": 10
    }
  },
  "predictedScores": {
    "redEPA": 19.03812774903037,
    "redAutonEPA": 3.9677683899858875,
    "redTeleOpEPA": 15.432285278583757,
    "redEndgameEPA": -0.36192591953927694,
    "blueEPA": 10.729092006034769,
    "blueAutonEPA": 11.619448744676788,
    "blueTeleOpEPA": -0.03945902293987147,
    "blueEndgameEPA": -0.8508977157021478
  }
}