{
  "winProbability": 0.5023141677716423,
  "predictedWinner": "Red",
  "redTeams": [
    25092,
    18968
  ],
  "blueTeams": [
    28038,
    25083
  ],
  "actualWinner": "Blue",
  "pointBreakdown": {
    "redData": {
      "redScore": 18,
      "redPenaltyFreeScore": 18,
      "redAuto": 3,
      "redTeleOp": 15,
      "redEndgame": 0
    },
    "blueData": {
      "blueScore": 22,
      "bluePenaltyFreeScore": 22,
      "blueAuto": 5,
      "blueTeleOp": 17,
      "blueEndgame": 0
    }
  },
  "predictedScores": {
    "redEPA": 24.5588181210101,
    "redAutonEPA": 9.36010052244682,
    "redTeleOpEPA": 12.529582125685758,
    "redEndgameEPA": 2.669135472877521,
    "blueEPA": 24.327741057138887,
    "blueAutonEPA": 8.163040840577027,
    "blueTeleOpEPA": 8.120485878389795,
    "blueEndgameEPA": 8.044214338172067
  }
}