{
  "winProbability": 0.5670148245025256,
  "predictedWinner": "Red",
  "redTeams": [
    27169,
    23609
  ],
  "blueTeams": [
    23026,
    10721
  ],
  "actualWinner": "Blue",
  "pointBreakdown": {
    "redData": {
      "redScore": 81,
      "redPenaltyFreeScore": 81,
      "redAuto": 16,
      "redTeleOp": 60,
      "redEndgame": 5
    },
    "blueData": {
      "blueScore": 99,
      "bluePenaltyFreeScore": 94,
      "blueAuto": 26,
      "blueTeleOp": 53,
      "blueEndgame": 15
    }
  },
  "predictedScores": {
    "redEPA": 51.95547239087756,
    "redAutonEPA": 14.795270275344528,
    "redTeleOpEPA": 26.196134612350434,
    "redEndgameEPA": 10.964067503182598,
    "blueEPA": 45.08917233097543,
    "blueAutonEPA": 9.376532870846901,
    "blueTeleOpEPA": 25.07825150416446,
    "blueEndgameEPA": 10.634387955964069
  }
}