{
  "winProbability": 0.5623225267334881,
  "predictedWinner": "Red",
  "redTeams": [
    23026,
    14670
  ],
  "blueTeams": [
    31635,
    22300
  ],
  "actualWinner": "Red",
  "pointBreakdown": {
    "redData": {
      "redScore": 56,
      "redPenaltyFreeScore": 56,
      "redAuto": 9,
      "redTeleOp": 32,
      "redEndgame": 15
    },
    "blueData": {
      "blueScore": 33,
      "bluePenaltyFreeScore": 18,
      "blueAuto": 3,
      "blueTeleOp": 0,
      "blueEndgame": 15
    }
  },
  "predictedScores": {
    "redEPA": 50.55770819257579,
    "redAutonEPA": 9.357739051937225,
    "redTeleOpEPA": 28.835193973012178,
    "redEndgameEPA": 12.364775167626387,
    "blueEPA": 44.17741935483871,
    "blueAutonEPA": 6.854838709677419,
    "blueTeleOpEPA": 25.467741935483875,
    "blueEndgameEPA": 11.85483870967742
  }
}