{
  "winProbability": 0.5699775176917153,
  "predictedWinner": "Red",
  "redTeams": [
    14670,
    16523
  ],
  "blueTeams": [
    23858,
    25919
  ],
  "actualWinner": "Red",
  "pointBreakdown": {
    "redData": {
      "redScore": 73,
      "redPenaltyFreeScore": 58,
      "redAuto": 11,
      "redTeleOp": 37,
      "redEndgame": 10
    },
    "blueData": {
      "blueScore": 45,
      "bluePenaltyFreeScore": 45,
      "blueAuto": 11,
      "blueTeleOp": 19,
      "blueEndgame": 15
    }
  },
  "predictedScores": {
    "redEPA": 45.224265190999574,
    "redAutonEPA": 9.536288955955667,
    "redTeleOpEPA": 24.020389938743822,
    "redEndgameEPA": 11.667586296300083,
    "blueEPA": 38.05046396943688,
    "blueAutonEPA": 7.408007731404171,
    "blueTeleOpEPA": 19.61446351071861,
    "blueEndgameEPA": 11.027992727314103
  }
}