{
  "predictedWinner": "Blue",
  "redTeams": [
    23607,
    25906
  ],
  "blueTeams": [
    31635,
    10721
  ],
  "actualWinner": "Blue",
  "pointBreakdown": {
    "redData": {
      "redScore": 33,
      "redPenaltyFreeScore": 3,
      "redAuto": 3,
      "redTeleOp": 0,
      "redEndgame": 0
    },
    "blueData": {
      "blueScore": 78,
      "bluePenaltyFreeScore": 63,
      "blueAuto": 3,
      "blueTeleOp": 60,
      "blueEndgame": 0
    }
  },
  "predictedScores": {
    "redEPA": 24.80979916349986,
    "redAutonEPA": 10.112392114184964,
    "redTeleOpEPA": 8.741602286777548,
    "redEndgameEPA": 5.955804762537349,
    "blueEPA": 40.87221108031384,
    "blueAutonEPA": 11.815810884806883,
    "blueTeleOpEPA": 24.29395411873425,
    "blueEndgameEPA": 4.762446076772707
  }
}