{
  "predictedWinner": "Red",
  "redTeams": [
    22373,
    16714
  ],
  "blueTeams": [
    23026,
    22738
  ],
  "actualWinner": "Red",
  "pointBreakdown": {
    "redData": {
      "redScore": 102,
      "redPenaltyFreeScore": 102,
      "redAuto": 32,
      "redTeleOp": 70,
      "redEndgame": 0
    },
    "blueData": {
      "blueScore": 71,
      "bluePenaltyFreeScore": 71,
      "blueAuto": 20,
      "blueTeleOp": 51,
      "blueEndgame": 0
    }
  },
  "predictedScores": {
    "redEPA": 120.62384057231048,
    "redAutonEPA": 31.798099727738155,
    "redTeleOpEPA": 84.26366970691014,
    "redEndgameEPA": 4.562071137662187,
    "blueEPA": 60.966820707517144,
    "blueAutonEPA": 30.415588025257236,
    "blueTeleOpEPA": 25.12259435957459,
    "blueEndgameEPA": 5.428638322685317
  }
}