{
  "winProbability": 0.9156172438561476,
  "predictedWinner": "Red",
  "redTeams": [
    12862,
    13684
  ],
  "blueTeams": [
    16523,
    10262
  ],
  "actualWinner": "Red",
  "pointBreakdown": {
    "redData": {
      "redScore": 72,
      "redPenaltyFreeScore": 52,
      "redAuto": 9,
      "redTeleOp": 28,
      "redEndgame": 15
    },
    "blueData": {
      "blueScore": 51,
      "bluePenaltyFreeScore": 51,
      "blueAuto": 20,
      "blueTeleOp": 21,
      "blueEndgame": 10
    }
  },
  "predictedScores": {
    "redEPA": 102.74255759222541,
    "redAutonEPA": 31.273213601024473,
    "redTeleOpEPA": 58.84891181867907,
    "redEndgameEPA": 12.620432172521856,
    "blueEPA": 42.03818030645441,
    "blueAutonEPA": 9.214801812748707,
    "blueTeleOpEPA": 23.11157404356156,
    "blueEndgameEPA": 9.711804450144141
  }
}