{
  "winProbability": 0.6483402037741728,
  "predictedWinner": "Red",
  "redTeams": [
    19383,
    23606
  ],
  "blueTeams": [
    17725,
    30837
  ],
  "actualWinner": "Blue",
  "pointBreakdown": {
    "redData": {
      "redScore": 62,
      "redPenaltyFreeScore": 57,
      "redAuto": 9,
      "redTeleOp": 33,
      "redEndgame": 15
    },
    "blueData": {
      "blueScore": 77,
      "bluePenaltyFreeScore": 72,
      "blueAuto": 33,
      "blueTeleOp": 29,
      "blueEndgame": 10
    }
  },
  "predictedScores": {
    "redEPA": 77.38176397300413,
    "redAutonEPA": 20.79699194430227,
    "redTeleOpEPA": 46.47473151068321,
    "redEndgameEPA": 10.110040518018645,
    "blueEPA": 61.80612695591671,
    "blueAutonEPA": 25.97409102471926,
    "blueTeleOpEPA": 24.00491932930599,
    "blueEndgameEPA": 11.827116601891461
  }
}