{
  "predictedWinner": "Blue",
  "redTeams": [
    9931,
    13550
  ],
  "blueTeams": [
    21331,
    7085
  ],
  "actualWinner": "Blue",
  "pointBreakdown": {
    "redData": {
      "redScore": 48,
      "redPenaltyFreeScore": 48,
      "redAuto": 23,
      "redTeleOp": 19,
      "redEndgame": 6
    },
    "blueData": {
      "blueScore": 104,
      "bluePenaltyFreeScore": 104,
      "blueAuto": 39,
      "blueTeleOp": 46,
      "blueEndgame": 19
    }
  },
  "predictedScores": {
    "redEPA": 41.17399227501915,
    "redAutonEPA": 15.911429104805872,
    "redTeleOpEPA": 15.44495201492024,
    "redEndgameEPA": 9.81761115529304,
    "blueEPA": 91.3256547215361,
    "blueAutonEPA": 31.35545302891097,
    "blueTeleOpEPA": 36.544073090456735,
    "blueEndgameEPA": 23.426128602168387
  }
}