{
  "predictedWinner": "Blue",
  "redTeams": [
    16671,
    7215
  ],
  "blueTeams": [
    21340,
    20332
  ],
  "actualWinner": "Blue",
  "pointBreakdown": {
    "redData": {
      "redScore": 43,
      "redPenaltyFreeScore": 33,
      "redAuto": 10,
      "redTeleOp": 14,
      "redEndgame": 9
    },
    "blueData": {
      "blueScore": 132,
      "bluePenaltyFreeScore": 132,
      "blueAuto": 43,
      "blueTeleOp": 73,
      "blueEndgame": 16
    }
  },
  "predictedScores": {
    "redEPA": 46.69616719643521,
    "redAutonEPA": 12.657788879516687,
    "redTeleOpEPA": 21.310816030028246,
    "redEndgameEPA": 12.72756228689028,
    "blueEPA": 136.20322756424508,
    "blueAutonEPA": 57.10821669228315,
    "blueTeleOpEPA": 67.64188496284187,
    "blueEndgameEPA": 11.453125909120063
  }
}