{
  "predictedWinner": "Blue",
  "redTeams": [
    13781,
    11717
  ],
  "blueTeams": [
    8845,
    12890
  ],
  "actualWinner": "Blue",
  "pointBreakdown": {
    "redData": {
      "redScore": 36,
      "redPenaltyFreeScore": 36,
      "redAuto": 0,
      "redTeleOp": 26,
      "redEndgame": 10
    },
    "blueData": {
      "blueScore": 100,
      "bluePenaltyFreeScore": 100,
      "blueAuto": 44,
      "blueTeleOp": 32,
      "blueEndgame": 24
    }
  },
  "predictedScores": {
    "redEPA": 67.45273868873639,
    "redAutonEPA": 30.041577279792822,
    "redTeleOpEPA": 29.433863321841645,
    "redEndgameEPA": 7.977298087101925,
    "blueEPA": 102.34657305450165,
    "blueAutonEPA": 28.6136653026184,
    "blueTeleOpEPA": 43.17207298203361,
    "blueEndgameEPA": 30.56083476984963
  }
}