{
  "winProbability": 0.8994520068905514,
  "predictedWinner": "Blue",
  "redTeams": [
    10137,
    14670
  ],
  "blueTeams": [
    24253,
    24053
  ],
  "actualWinner": "Blue",
  "pointBreakdown": {
    "redData": {
      "redScore": 117,
      "redPenaltyFreeScore": 82,
      "redAuto": 22,
      "redTeleOp": 50,
      "redEndgame": 10
    },
    "blueData": {
      "blueScore": 135,
      "bluePenaltyFreeScore": 120,
      "blueAuto": 45,
      "blueTeleOp": 65,
      "blueEndgame": 10
    }
  },
  "predictedScores": {
    "redEPA": 78.33393677493956,
    "redAutonEPA": 21.62933915391913,
    "redTeleOpEPA": 46.13431472824286,
    "redEndgameEPA": 10.570282892777564,
    "blueEPA": 138.85545416681612,
    "blueAutonEPA": 41.56355432558535,
    "blueTeleOpEPA": 83.61309848281307,
    "blueEndgameEPA": 13.678801358417683
  }
}