{
  "predictedWinner": "Red",
  "redTeams": [
    21518,
    32131
  ],
  "blueTeams": [
    16671,
    5559
  ],
  "actualWinner": "Red",
  "pointBreakdown": {
    "redData": {
      "redScore": 88,
      "redPenaltyFreeScore": 58,
      "redAuto": 19,
      "redTeleOp": 39,
      "redEndgame": 0
    },
    "blueData": {
      "blueScore": 71,
      "bluePenaltyFreeScore": 36,
      "blueAuto": 14,
      "blueTeleOp": 22,
      "blueEndgame": 0
    }
  },
  "predictedScores": {
    "redEPA": 37.31102279983346,
    "redAutonEPA": 11.39912838188756,
    "redTeleOpEPA": 18.94275731274427,
    "redEndgameEPA": 6.96913710520163,
    "blueEPA": 23.229569301273745,
    "blueAutonEPA": 13.883992913426143,
    "blueTeleOpEPA": 7.761623705954387,
    "blueEndgameEPA": 1.5839526818932161
  }
}