{
  "predictedWinner": "Red",
  "redTeams": [
    11691,
    7065,
    12862
  ],
  "blueTeams": [
    19940,
    5289,
    16671
  ],
  "actualWinner": "Red",
  "pointBreakdown": {
    "redData": {
      "redScore": 173,
      "redPenaltyFreeScore": 163,
      "redAuto": 55,
      "redTeleOp": 48,
      "redEndgame": 60
    },
    "blueData": {
      "blueScore": 170,
      "bluePenaltyFreeScore": 170,
      "blueAuto": 35,
      "blueTeleOp": 73,
      "blueEndgame": 62
    }
  },
  "predictedScores": {
    "redEPA": 317.3396355000955,
    "redAutonEPA": 86.70806013176906,
    "redTeleOpEPA": 102.69415305323028,
    "redEndgameEPA": 127.93742231509614,
    "blueEPA": 220.65509163184413,
    "blueAutonEPA": 76.16826119570288,
    "blueTeleOpEPA": 14.258446020209618,
    "blueEndgameEPA": 130.22838441593163
  }
}