{
  "predictedWinner": "Red",
  "redTeams": [
    19847,
    5954
  ],
  "blueTeams": [
    12548,
    5559
  ],
  "actualWinner": "Blue",
  "pointBreakdown": {
    "redData": {
      "redScore": 19,
      "redPenaltyFreeScore": -41,
      "redAuto": 9,
      "redTeleOp": -110,
      "redEndgame": 60
    },
    "blueData": {
      "blueScore": 74,
      "bluePenaltyFreeScore": 74,
      "blueAuto": 10,
      "blueTeleOp": 0,
      "blueEndgame": 64
    }
  },
  "predictedScores": {
    "redEPA": 66.236916480274,
    "redAutonEPA": 17.334766461473002,
    "redTeleOpEPA": -6.662674527375067,
    "redEndgameEPA": 55.56482454617607,
    "blueEPA": 36.44962120023987,
    "blueAutonEPA": 38.922601558605436,
    "blueTeleOpEPA": -38.03184888847206,
    "blueEndgameEPA": 35.558868530106494
  }
}