{
  "predictedWinner": "Blue",
  "redTeams": [
    10202,
    5289
  ],
  "blueTeams": [
    7031,
    11181
  ],
  "actualWinner": "Blue",
  "pointBreakdown": {
    "redData": {
      "redScore": 79,
      "redPenaltyFreeScore": 69,
      "redAuto": 39,
      "redTeleOp": 6,
      "redEndgame": 24
    },
    "blueData": {
      "blueScore": 144,
      "bluePenaltyFreeScore": 144,
      "blueAuto": 39,
      "blueTeleOp": 51,
      "blueEndgame": 54
    }
  },
  "predictedScores": {
    "redEPA": 64.68028646746558,
    "redAutonEPA": 25.097234943230543,
    "redTeleOpEPA": 1.1835216933573278,
    "redEndgameEPA": 38.399529830877704,
    "blueEPA": 170.00704283940462,
    "blueAutonEPA": 34.43396951765364,
    "blueTeleOpEPA": 87.10300859472679,
    "blueEndgameEPA": 48.470064727024216
  }
}