{
  "predictedWinner": "Red",
  "redTeams": [
    11181,
    9933
  ],
  "blueTeams": [
    7048,
    17283
  ],
  "actualWinner": "Blue",
  "pointBreakdown": {
    "redData": {
      "redScore": 19,
      "redPenaltyFreeScore": -11,
      "redAuto": 20,
      "redTeleOp": -49,
      "redEndgame": 18
    },
    "blueData": {
      "blueScore": 29,
      "bluePenaltyFreeScore": -41,
      "blueAuto": 27,
      "blueTeleOp": -104,
      "blueEndgame": 36
    }
  },
  "predictedScores": {
    "redEPA": 60.613487705953055,
    "redAutonEPA": 20.482942507802083,
    "redTeleOpEPA": -31.040438159474462,
    "redEndgameEPA": 71.17098335762543,
    "blueEPA": 53.328359503342966,
    "blueAutonEPA": 21.08970644094169,
    "blueTeleOpEPA": -11.428488809151226,
    "blueEndgameEPA": 43.6671418715525
  }
}