{
  "predictedWinner": "Blue",
  "redTeams": [
    7045,
    12548
  ],
  "blueTeams": [
    10031,
    17024
  ],
  "actualWinner": "Red",
  "pointBreakdown": {
    "redData": {
      "redScore": 46,
      "redPenaltyFreeScore": 46,
      "redAuto": 11,
      "redTeleOp": 14,
      "redEndgame": 21
    },
    "blueData": {
      "blueScore": 22,
      "bluePenaltyFreeScore": 12,
      "blueAuto": 10,
      "blueTeleOp": -20,
      "blueEndgame": 22
    }
  },
  "predictedScores": {
    "redEPA": 17.063006760130882,
    "redAutonEPA": 20.24457244069511,
    "redTeleOpEPA": -34.953241269200056,
    "redEndgameEPA": 31.77167558863583,
    "blueEPA": 72.24620015573777,
    "blueAutonEPA": 2.093121769622159,
    "blueTeleOpEPA": 35.800445966421776,
    "blueEndgameEPA": 34.35263241969383
  }
}