{
  "predictedWinner": "Red",
  "redTeams": [
    15229,
    7031
  ],
  "blueTeams": [
    14815,
    15465
  ],
  "actualWinner": "Red",
  "pointBreakdown": {
    "redData": {
      "redScore": 226,
      "redPenaltyFreeScore": 226,
      "redAuto": 75,
      "redTeleOp": 71,
      "redEndgame": 80
    },
    "blueData": {
      "blueScore": 72,
      "bluePenaltyFreeScore": 72,
      "blueAuto": 36,
      "blueTeleOp": 17,
      "blueEndgame": 19
    }
  },
  "predictedScores": {
    "redEPA": 84.9883495677881,
    "redAutonEPA": 40.117914095318426,
    "redTeleOpEPA": 31.546693639955997,
    "redEndgameEPA": 13.323741832513683,
    "blueEPA": 64.63539018406905,
    "blueAutonEPA": 23.90246840660932,
    "blueTeleOpEPA": 8.218146959006702,
    "blueEndgameEPA": 32.514774818453034
  }
}