{
  "predictedWinner": "Blue",
  "redTeams": [
    19940,
    10484
  ],
  "blueTeams": [
    15229,
    5289
  ],
  "actualWinner": "Blue",
  "pointBreakdown": {
    "redData": {
      "redScore": 35,
      "redPenaltyFreeScore": -25,
      "redAuto": 16,
      "redTeleOp": -84,
      "redEndgame": 43
    },
    "blueData": {
      "blueScore": 165,
      "bluePenaltyFreeScore": 155,
      "blueAuto": 52,
      "blueTeleOp": 24,
      "blueEndgame": 79
    }
  },
  "predictedScores": {
    "redEPA": 35.738681636184396,
    "redAutonEPA": 35.929664796599624,
    "redTeleOpEPA": 5.515596991159899,
    "redEndgameEPA": -5.706580151575128,
    "blueEPA": 110.7061082210943,
    "blueAutonEPA": 48.27135297364323,
    "blueTeleOpEPA": -13.398978971307287,
    "blueEndgameEPA": 75.83373421875835
  }
}