{
  "predictedWinner": "Red",
  "redTeams": [
    16671,
    7045
  ],
  "blueTeams": [
    11244,
    11691
  ],
  "actualWinner": "Blue",
  "pointBreakdown": {
    "redData": {
      "redScore": 79,
      "redPenaltyFreeScore": 49,
      "redAuto": 37,
      "redTeleOp": -42,
      "redEndgame": 54
    },
    "blueData": {
      "blueScore": 146,
      "bluePenaltyFreeScore": 116,
      "blueAuto": 64,
      "blueTeleOp": 22,
      "blueEndgame": 30
    }
  },
  "predictedScores": {
    "redEPA": 109.96379302968836,
    "redAutonEPA": 32.275929496447894,
    "redTeleOpEPA": 24.09155864690547,
    "redEndgameEPA": 53.59630488633499,
    "blueEPA": 96.05423460519516,
    "blueAutonEPA": 37.544542507408096,
    "blueTeleOpEPA": 24.166733475882587,
    "blueEndgameEPA": 34.34295862190448
  }
}