{
  "predictedWinner": "Blue",
  "redTeams": [
    19940,
    10484
  ],
  "blueTeams": [
    15229,
    5289
  ],
  "actualWinner": "Blue",
  "pointBreakdown": {
    "redData": {
      "redScore": 35,
      "redPenaltyFreeScore": -25,
      "redAuto": 16,
      "redTeleOp": -84,
      "redEndgame": 43
    },
    "blueData": {
      "blueScore": 165,
      "bluePenaltyFreeScore": 155,
      "blueAuto": 52,
      "blueTeleOp": 24,
      "blueEndgame": 79
    }
  },
  "predictedScores": {
    "redEPA": 31.407976946416756,
    "redAutonEPA": 34.49519233684515,
    "redTeleOpEPA": 4.951216365461226,
    "redEndgameEPA": -8.03843175588962,
    "blueEPA": 110.85721144124383,
    "blueAutonEPA": 48.32140492158719,
    "blueTeleOpEPA": -13.379347129312066,
    "blueEndgameEPA": 75.91515364896871
  }
}