{
  "predictedWinner": "Blue",
  "redTeams": [
    20294,
    23589
  ],
  "blueTeams": [
    6079,
    15465
  ],
  "actualWinner": "Blue",
  "pointBreakdown": {
    "redData": {
      "redScore": 19,
      "redPenaltyFreeScore": 19,
      "redAuto": 3,
      "redTeleOp": 6,
      "redEndgame": 10
    },
    "blueData": {
      "blueScore": 96,
      "bluePenaltyFreeScore": 96,
      "blueAuto": 26,
      "blueTeleOp": 60,
      "blueEndgame": 10
    }
  },
  "predictedScores": {
    "redEPA": 54.52821535517279,
    "redAutonEPA": 9.621949602703598,
    "redTeleOpEPA": 36.67927510572608,
    "redEndgameEPA": 8.226990646743115,
    "blueEPA": 115.61046625573833,
    "blueAutonEPA": 27.901480323058102,
    "blueTeleOpEPA": 82.2497449954333,
    "blueEndgameEPA": 5.4592409372469275
  }
}