{
  "winProbability": 0.726449040261202,
  "predictedWinner": "Blue",
  "redTeams": [
    22420,
    23582
  ],
  "blueTeams": [
    14790,
    8579
  ],
  "actualWinner": "Blue",
  "pointBreakdown": {
    "redData": {
      "redScore": 40,
      "redPenaltyFreeScore": 40,
      "redAuto": 6,
      "redTeleOp": 19,
      "redEndgame": 15
    },
    "blueData": {
      "blueScore": 124,
      "bluePenaltyFreeScore": 79,
      "blueAuto": 27,
      "blueTeleOp": 42,
      "blueEndgame": 10
    }
  },
  "predictedScores": {
    "redEPA": 44.45161290322581,
    "redAutonEPA": 9.236559139784946,
    "redTeleOpEPA": 23.145161290322584,
    "redEndgameEPA": 12.06989247311828,
    "blueEPA": 66.61827956989248,
    "blueAutonEPA": 19.06989247311828,
    "blueTeleOpEPA": 35.47849462365592,
    "blueEndgameEPA": 12.06989247311828
  }
}