{
  "predictedWinner": "Blue",
  "redTeams": [
    22420,
    7048
  ],
  "blueTeams": [
    15465,
    6134
  ],
  "actualWinner": "Blue",
  "pointBreakdown": {
    "redData": {
      "redScore": 54,
      "redPenaltyFreeScore": 24,
      "redAuto": 3,
      "redTeleOp": 21,
      "redEndgame": 0
    },
    "blueData": {
      "blueScore": 131,
      "bluePenaltyFreeScore": 131,
      "blueAuto": 19,
      "blueTeleOp": 112,
      "blueEndgame": 0
    }
  },
  "predictedScores": {
    "redEPA": 42.59033461808379,
    "redAutonEPA": 4.527892896865883,
    "redTeleOpEPA": 39.584472649225155,
    "redEndgameEPA": -1.5220309280072537,
    "blueEPA": 104.09051950492639,
    "blueAutonEPA": 27.911541187669986,
    "blueTeleOpEPA": 61.83128673612401,
    "blueEndgameEPA": 14.347691581132402
  }
}