{
  "winProbability": 0.5933171465648205,
  "predictedWinner": "Blue",
  "redTeams": [
    7215,
    14790
  ],
  "blueTeams": [
    5237,
    15447
  ],
  "actualWinner": "Blue",
  "pointBreakdown": {
    "redData": {
      "redScore": 120,
      "redPenaltyFreeScore": 120,
      "redAuto": 41,
      "redTeleOp": 69,
      "redEndgame": 10
    },
    "blueData": {
      "blueScore": 148,
      "bluePenaltyFreeScore": 118,
      "blueAuto": 30,
      "blueTeleOp": 73,
      "blueEndgame": 15
    }
  },
  "predictedScores": {
    "redEPA": 71.98876444709593,
    "redAutonEPA": 23.47844576216115,
    "redTeleOpEPA": 36.24066163466439,
    "redEndgameEPA": 12.269657050270393,
    "blueEPA": 80.5609119414468,
    "blueAutonEPA": 20.2585892428942,
    "blueTeleOpEPA": 46.9483333725656,
    "blueEndgameEPA": 13.353989325987001
  }
}