{
  "winProbability": 0.6821777912918592,
  "predictedWinner": "Red",
  "redTeams": [
    7085,
    14790
  ],
  "blueTeams": [
    15447,
    19940
  ],
  "actualWinner": "Red",
  "pointBreakdown": {
    "redData": {
      "redScore": 119,
      "redPenaltyFreeScore": 119,
      "redAuto": 43,
      "redTeleOp": 66,
      "redEndgame": 10
    },
    "blueData": {
      "blueScore": 91,
      "bluePenaltyFreeScore": 91,
      "blueAuto": 19,
      "blueTeleOp": 57,
      "blueEndgame": 15
    }
  },
  "predictedScores": {
    "redEPA": 98.86445808821769,
    "redAutonEPA": 31.44378414284604,
    "redTeleOpEPA": 55.06409848408249,
    "redEndgameEPA": 12.356575461289154,
    "blueEPA": 81.34888622899553,
    "blueAutonEPA": 19.64661784310452,
    "blueTeleOpEPA": 48.79066854806845,
    "blueEndgameEPA": 12.911599837822546
  }
}