{
  "predictedWinner": "Blue",
  "redTeams": [
    10438,
    10805
  ],
  "blueTeams": [
    19561,
    9931
  ],
  "actualWinner": "Blue",
  "pointBreakdown": {
    "redData": {
      "redScore": 43,
      "redPenaltyFreeScore": 13,
      "redAuto": 5,
      "redTeleOp": -53,
      "redEndgame": 61
    },
    "blueData": {
      "blueScore": 174,
      "bluePenaltyFreeScore": 174,
      "blueAuto": 41,
      "blueTeleOp": 44,
      "blueEndgame": 89
    }
  },
  "predictedScores": {
    "redEPA": 2.0547805832879273,
    "redAutonEPA": 6.449329186987757,
    "redTeleOpEPA": -10.597883504970845,
    "redEndgameEPA": 6.203334901271015,
    "blueEPA": 110.4104687341222,
    "blueAutonEPA": 50.6712893914155,
    "blueTeleOpEPA": -6.854164150716343,
    "blueEndgameEPA": 66.59334349342305
  }
}