{
  "predictedWinner": "Red",
  "redTeams": [
    10180,
    11717
  ],
  "blueTeams": [
    10601,
    9931
  ],
  "actualWinner": "Red",
  "pointBreakdown": {
    "redData": {
      "redScore": 111,
      "redPenaltyFreeScore": 111,
      "redAuto": 51,
      "redTeleOp": 8,
      "redEndgame": 52
    },
    "blueData": {
      "blueScore": 62,
      "bluePenaltyFreeScore": 12,
      "blueAuto": 25,
      "blueTeleOp": -88,
      "blueEndgame": 75
    }
  },
  "predictedScores": {
    "redEPA": 104.7339618107448,
    "redAutonEPA": 29.53880597104928,
    "redTeleOpEPA": 33.245670465722,
    "redEndgameEPA": 41.94948537397353,
    "blueEPA": 84.92479966795153,
    "blueAutonEPA": 16.287272266437046,
    "blueTeleOpEPA": 7.7776570335865785,
    "blueEndgameEPA": 60.85987036792791
  }
}