{
  "predictedWinner": "Red",
  "redTeams": [
    8239,
    10136
  ],
  "blueTeams": [
    9931,
    10653
  ],
  "actualWinner": "Blue",
  "pointBreakdown": {
    "redData": {
      "redScore": 36,
      "redPenaltyFreeScore": 16,
      "redAuto": 16,
      "redTeleOp": -37,
      "redEndgame": 37
    },
    "blueData": {
      "blueScore": 58,
      "bluePenaltyFreeScore": 28,
      "blueAuto": 20,
      "blueTeleOp": -53,
      "blueEndgame": 61
    }
  },
  "predictedScores": {
    "redEPA": 88.3737090992894,
    "redAutonEPA": 21.248315795115243,
    "redTeleOpEPA": 22.87279948993919,
    "redEndgameEPA": 44.25259381423496,
    "blueEPA": 46.86966275265698,
    "blueAutonEPA": 20.890603193262162,
    "blueTeleOpEPA": -7.618915926533806,
    "blueEndgameEPA": 33.59797548592862
  }
}