{
  "predictedWinner": "Red",
  "redTeams": [
    9020,
    10615
  ],
  "blueTeams": [
    14623,
    8239
  ],
  "actualWinner": "Red",
  "pointBreakdown": {
    "redData": {
      "redScore": 152,
      "redPenaltyFreeScore": 152,
      "redAuto": 36,
      "redTeleOp": 44,
      "redEndgame": 72
    },
    "blueData": {
      "blueScore": 68,
      "bluePenaltyFreeScore": 58,
      "blueAuto": 10,
      "blueTeleOp": -1,
      "blueEndgame": 49
    }
  },
  "predictedScores": {
    "redEPA": 47.87754493519917,
    "redAutonEPA": 27.668600755356934,
    "redTeleOpEPA": -5.6492803347517295,
    "redEndgameEPA": 25.858224514593964,
    "blueEPA": 46.18402148067702,
    "blueAutonEPA": 14.590264537672471,
    "blueTeleOpEPA": 4.196234521243273,
    "blueEndgameEPA": 27.397522421761273
  }
}