{
  "predictedWinner": "Red",
  "redTeams": [
    14623,
    12722
  ],
  "blueTeams": [
    10180,
    10438
  ],
  "actualWinner": "Red",
  "pointBreakdown": {
    "redData": {
      "redScore": 134,
      "redPenaltyFreeScore": 134,
      "redAuto": 75,
      "redTeleOp": 26,
      "redEndgame": 33
    },
    "blueData": {
      "blueScore": 54,
      "bluePenaltyFreeScore": 54,
      "blueAuto": 8,
      "blueTeleOp": 20,
      "blueEndgame": 26
    }
  },
  "predictedScores": {
    "redEPA": 82.49408791922804,
    "redAutonEPA": 40.289096146442596,
    "redTeleOpEPA": 6.924132136085426,
    "redEndgameEPA": 35.280859636700015,
    "blueEPA": -5.629463350668798,
    "blueAutonEPA": 6.58136146865586,
    "blueTeleOpEPA": -13.65638850875699,
    "blueEndgameEPA": 1.4455636894323312
  }
}