{
  "predictedWinner": "Red",
  "redTeams": [
    12722,
    9931
  ],
  "blueTeams": [
    12603,
    15004
  ],
  "actualWinner": "Blue",
  "pointBreakdown": {
    "redData": {
      "redScore": 107,
      "redPenaltyFreeScore": 97,
      "redAuto": 21,
      "redTeleOp": 22,
      "redEndgame": 54
    },
    "blueData": {
      "blueScore": 135,
      "bluePenaltyFreeScore": 115,
      "blueAuto": 55,
      "blueTeleOp": 8,
      "blueEndgame": 52
    }
  },
  "predictedScores": {
    "redEPA": 95.4879275230135,
    "redAutonEPA": 57.97327631182419,
    "redTeleOpEPA": -1.1940396906424127,
    "redEndgameEPA": 38.708690901831716,
    "blueEPA": 82.30749690598388,
    "blueAutonEPA": 20.164045284296,
    "blueTeleOpEPA": 5.830534594556838,
    "blueEndgameEPA": 56.31291702713104
  }
}