{
  "predictedWinner": "Tie",
  "redTeams": [
    12603,
    10601
  ],
  "blueTeams": [
    10438,
    9020
  ],
  "actualWinner": "Red",
  "pointBreakdown": {
    "redData": {
      "redScore": 120,
      "redPenaltyFreeScore": 120,
      "redAuto": 26,
      "redTeleOp": 38,
      "redEndgame": 56
    },
    "blueData": {
      "blueScore": 0,
      "bluePenaltyFreeScore": -10,
      "blueAuto": 0,
      "blueTeleOp": -10,
      "blueEndgame": 0
    }
  },
  "predictedScores": {
    "redEPA": 46.56521739130435,
    "redAutonEPA": 14.619565217391305,
    "redTeleOpEPA": -3.5869565217391255,
    "redEndgameEPA": 35.53260869565217,
    "blueEPA": 46.56521739130435,
    "blueAutonEPA": 14.619565217391305,
    "blueTeleOpEPA": -3.5869565217391255,
    "blueEndgameEPA": 35.53260869565217
  }
}