{
  "predictedWinner": "Blue",
  "redTeams": [
    15607,
    15820
  ],
  "blueTeams": [
    5411,
    15599
  ],
  "actualWinner": "Blue",
  "pointBreakdown": {
    "redData": {
      "redScore": 12,
      "redPenaltyFreeScore": 12,
      "redAuto": 5,
      "redTeleOp": 7
    },
    "blueData": {
      "blueScore": 16,
      "bluePenaltyFreeScore": 16,
      "blueAuto": 10,
      "blueTeleOp": 6
    }
  },
  "predictedScores": {
    "redEPA": 28.081453999273066,
    "redAutonEPA": 12.578641213392126,
    "redTeleOpEPA": 15.50281278588094,
    "blueEPA": 37.39934612438134,
    "blueAutonEPA": 13.18230403210565,
    "blueTeleOpEPA": 24.21704209227569
  }
}