{
  "predictedWinner": "Blue",
  "redTeams": [
    15609,
    15612
  ],
  "blueTeams": [
    10474,
    15607
  ],
  "actualWinner": "Red",
  "pointBreakdown": {
    "redData": {
      "redScore": 21,
      "redPenaltyFreeScore": 16,
      "redAuto": 5,
      "redTeleOp": 6,
      "redEndgame": 5
    },
    "blueData": {
      "blueScore": 13,
      "bluePenaltyFreeScore": 13,
      "blueAuto": 5,
      "blueTeleOp": 3,
      "blueEndgame": 5
    }
  },
  "predictedScores": {
    "redEPA": 14.38484057680083,
    "redAutonEPA": 5.605440128475359,
    "redTeleOpEPA": 5.579477399712269,
    "redEndgameEPA": 3.199923048613203,
    "blueEPA": 26.479674796747968,
    "blueAutonEPA": 8.764227642276424,
    "blueTeleOpEPA": 9.900406504065039,
    "blueEndgameEPA": 7.815040650406505
  }
}