{
  "predictedWinner": "Blue",
  "redTeams": [
    15605,
    8621
  ],
  "blueTeams": [
    5411,
    15601
  ],
  "actualWinner": "Blue",
  "pointBreakdown": {
    "redData": {
      "redScore": 19,
      "redPenaltyFreeScore": 19,
      "redAuto": 10,
      "redTeleOp": 9
    },
    "blueData": {
      "blueScore": 50,
      "bluePenaltyFreeScore": 50,
      "blueAuto": 15,
      "blueTeleOp": 35
    }
  },
  "predictedScores": {
    "redEPA": 12.550570968180681,
    "redAutonEPA": 3.3895411828348054,
    "redTeleOpEPA": 9.161029785345875,
    "blueEPA": 41.26744710801412,
    "blueAutonEPA": 13.819314548056914,
    "blueTeleOpEPA": 27.4481325599572
  }
}