{
  "predictedWinner": "Red",
  "redTeams": [
    15609,
    15603
  ],
  "blueTeams": [
    10062,
    10124
  ],
  "actualWinner": "Blue",
  "pointBreakdown": {
    "redData": {
      "redScore": 14,
      "redPenaltyFreeScore": 14,
      "redAuto": 10,
      "redTeleOp": 4
    },
    "blueData": {
      "blueScore": 24,
      "bluePenaltyFreeScore": 24,
      "blueAuto": 5,
      "blueTeleOp": 19
    }
  },
  "predictedScores": {
    "redEPA": 25.77991626706652,
    "redAutonEPA": 9.448032589427719,
    "redTeleOpEPA": 16.3318836776388,
    "blueEPA": 24.603301889698596,
    "blueAutonEPA": 2.779764900644099,
    "blueTeleOpEPA": 21.823536989054496
  }
}