{
  "predictedWinner": "Red",
  "redTeams": [
    6811,
    19770
  ],
  "blueTeams": [
    11617,
    15191
  ],
  "actualWinner": "Blue",
  "pointBreakdown": {
    "redData": {
      "redScore": 99,
      "redPenaltyFreeScore": 69,
      "redAuto": 52,
      "redTeleOp": -34,
      "redEndgame": 51
    },
    "blueData": {
      "blueScore": 135,
      "bluePenaltyFreeScore": 135,
      "blueAuto": 49,
      "blueTeleOp": 42,
      "blueEndgame": 44
    }
  },
  "predictedScores": {
    "redEPA": 100.94373285559755,
    "redAutonEPA": 54.6665435138632,
    "redTeleOpEPA": -12.83823270917923,
    "redEndgameEPA": 59.11542205091357,
    "blueEPA": 60.48014171878049,
    "blueAutonEPA": 34.18687516774994,
    "blueTeleOpEPA": -2.688867813341986,
    "blueEndgameEPA": 28.982134364372534
  }
}