{
  "predictedWinner": "Red",
  "redTeams": [
    17039,
    15120
  ],
  "blueTeams": [
    10735,
    12362
  ],
  "actualWinner": "Blue",
  "pointBreakdown": {
    "redData": {
      "redScore": 20,
      "redPenaltyFreeScore": 20,
      "redAuto": 5,
      "redTeleOp": 0,
      "redEndgame": 15
    },
    "blueData": {
      "blueScore": 124,
      "bluePenaltyFreeScore": 124,
      "blueAuto": 22,
      "blueTeleOp": 24,
      "blueEndgame": 78
    }
  },
  "predictedScores": {
    "redEPA": 49.49955391140703,
    "redAutonEPA": 0.20049647760443978,
    "redTeleOpEPA": 40.33689224625509,
    "redEndgameEPA": 8.962165187547496,
    "blueEPA": 13.695566766123939,
    "blueAutonEPA": -1.5900639114855526,
    "blueTeleOpEPA": 9.158454201790898,
    "blueEndgameEPA": 6.127176475818594
  }
}