{
  "predictedWinner": "Red",
  "redTeams": [
    13666,
    13667
  ],
  "blueTeams": [
    17039,
    19925
  ],
  "actualWinner": "Red",
  "pointBreakdown": {
    "redData": {
      "redScore": 83,
      "redPenaltyFreeScore": 63,
      "redAuto": 36,
      "redTeleOp": -6,
      "redEndgame": 33
    },
    "blueData": {
      "blueScore": 24,
      "bluePenaltyFreeScore": 24,
      "blueAuto": 0,
      "blueTeleOp": 8,
      "blueEndgame": 16
    }
  },
  "predictedScores": {
    "redEPA": 84.33993335586075,
    "redAutonEPA": 16.669764688407366,
    "redTeleOpEPA": 33.42684574575374,
    "redEndgameEPA": 34.243322921699644,
    "blueEPA": 27.37950490709743,
    "blueAutonEPA": -9.622803483269601,
    "blueTeleOpEPA": -6.3167112903346165,
    "blueEndgameEPA": 43.31901968070165
  }
}