{
  "predictedWinner": "Blue",
  "redTeams": [
    10644,
    15301
  ],
  "blueTeams": [
    9895,
    9297
  ],
  "actualWinner": "Red",
  "pointBreakdown": {
    "redData": {
      "redScore": 107,
      "redPenaltyFreeScore": 107,
      "redAuto": 10,
      "redTeleOp": 32,
      "redEndgame": 65
    },
    "blueData": {
      "blueScore": 105,
      "bluePenaltyFreeScore": 95,
      "blueAuto": 27,
      "blueTeleOp": 2,
      "blueEndgame": 66
    }
  },
  "predictedScores": {
    "redEPA": 47.55817998184887,
    "redAutonEPA": 22.4196707377681,
    "redTeleOpEPA": -44.59082311980789,
    "redEndgameEPA": 69.72933236388866,
    "blueEPA": 68.5307650574617,
    "blueAutonEPA": 41.00255165034743,
    "blueTeleOpEPA": 19.72757945377565,
    "blueEndgameEPA": 7.800633953338628
  }
}