{
  "predictedWinner": "Blue",
  "redTeams": [
    11193,
    9895
  ],
  "blueTeams": [
    8492,
    11618
  ],
  "actualWinner": "Blue",
  "pointBreakdown": {
    "redData": {
      "redScore": 112,
      "redPenaltyFreeScore": 112,
      "redAuto": 35,
      "redTeleOp": 32,
      "redEndgame": 45
    },
    "blueData": {
      "blueScore": 191,
      "bluePenaltyFreeScore": 191,
      "blueAuto": 52,
      "blueTeleOp": 42,
      "blueEndgame": 97
    }
  },
  "predictedScores": {
    "redEPA": 117.15689096942921,
    "redAutonEPA": 21.582188739147433,
    "redTeleOpEPA": 28.94360147534408,
    "redEndgameEPA": 66.6311007549377,
    "blueEPA": 242.70767770718447,
    "blueAutonEPA": 83.025876610887,
    "blueTeleOpEPA": 56.22563652114778,
    "blueEndgameEPA": 103.4561645751497
  }
}