{
  "predictedWinner": "Red",
  "redTeams": [
    10721,
    11618
  ],
  "blueTeams": [
    13667,
    15120
  ],
  "actualWinner": "Red",
  "pointBreakdown": {
    "redData": {
      "redScore": 153,
      "redPenaltyFreeScore": 123,
      "redAuto": 58,
      "redTeleOp": -40,
      "redEndgame": 105
    },
    "blueData": {
      "blueScore": 40,
      "bluePenaltyFreeScore": 40,
      "blueAuto": 6,
      "blueTeleOp": 18,
      "blueEndgame": 16
    }
  },
  "predictedScores": {
    "redEPA": 141.0685432496524,
    "redAutonEPA": 55.641014182733514,
    "redTeleOpEPA": 9.698642256499824,
    "redEndgameEPA": 75.72888681041907,
    "blueEPA": 77.35786643182946,
    "blueAutonEPA": 14.589741912786984,
    "blueTeleOpEPA": 32.137461234767756,
    "blueEndgameEPA": 30.630663284274725
  }
}