{
  "predictedWinner": "Red",
  "redTeams": [
    10136,
    7252
  ],
  "blueTeams": [
    7253,
    7254
  ],
  "actualWinner": "Red",
  "pointBreakdown": {
    "redData": {
      "redScore": 236,
      "redPenaltyFreeScore": 231,
      "redAuto": 41,
      "redTeleOp": 190,
      "redEndgame": null
    },
    "blueData": {
      "blueScore": 218,
      "bluePenaltyFreeScore": 213,
      "blueAuto": 33,
      "blueTeleOp": 180,
      "blueEndgame": null
    }
  },
  "predictedScores": {
    "redEPA": 272.57182338701585,
    "redAutonEPA": 58.10678571921673,
    "redTeleOpEPA": 214.46503766779912,
    "redEndgameEPA": 0,
    "blueEPA": 237.29021447701035,
    "blueAutonEPA": 43.745178413683725,
    "blueTeleOpEPA": 193.54503606332662,
    "blueEndgameEPA": 0
  }
}