{
  "predictedWinner": "Blue",
  "redTeams": [
    8027,
    10024
  ],
  "blueTeams": [
    13754,
    5292
  ],
  "actualWinner": "Blue",
  "pointBreakdown": {
    "redData": {
      "redScore": 92,
      "redPenaltyFreeScore": 77,
      "redAuto": 19,
      "redTeleOp": 48,
      "redEndgame": 10
    },
    "blueData": {
      "blueScore": 101,
      "bluePenaltyFreeScore": 101,
      "blueAuto": 25,
      "blueTeleOp": 76,
      "blueEndgame": 0
    }
  },
  "predictedScores": {
    "redEPA": 77.94510022876472,
    "redAutonEPA": 28.239134954830647,
    "redTeleOpEPA": 46.67187535933488,
    "redEndgameEPA": 3.0340899145991895,
    "blueEPA": 79.19270733421455,
    "blueAutonEPA": 18.22089583302765,
    "blueTeleOpEPA": 60.42311602377981,
    "blueEndgameEPA": 0.5486954774070787
  }
}