{
  "winProbability": 0.6441466811646418,
  "predictedWinner": "Red",
  "redTeams": [
    10031,
    10024
  ],
  "blueTeams": [
    11531,
    17283
  ],
  "actualWinner": "Red",
  "pointBreakdown": {
    "redData": {
      "redScore": 79,
      "redPenaltyFreeScore": 79,
      "redAuto": 22,
      "redTeleOp": 47,
      "redEndgame": 10
    },
    "blueData": {
      "blueScore": 67,
      "bluePenaltyFreeScore": 52,
      "blueAuto": 6,
      "blueTeleOp": 36,
      "blueEndgame": 10
    }
  },
  "predictedScores": {
    "redEPA": 49.461320191158904,
    "redAutonEPA": 10.492084826762246,
    "redTeleOpEPA": 29.333632019115896,
    "redEndgameEPA": 9.635603345280765,
    "blueEPA": 38.80256869772998,
    "blueAutonEPA": 10.318100358422939,
    "blueTeleOpEPA": 19.346923536439657,
    "blueEndgameEPA": 9.137544802867385
  }
}