{
  "winProbability": 0.7615136425316433,
  "predictedWinner": "Red",
  "redTeams": [
    24049,
    15815
  ],
  "blueTeams": [
    5383,
    21906
  ],
  "actualWinner": "Blue",
  "pointBreakdown": {
    "redData": {
      "redScore": 68,
      "redPenaltyFreeScore": 68,
      "redAuto": 16,
      "redTeleOp": 37,
      "redEndgame": 15
    },
    "blueData": {
      "blueScore": 97,
      "bluePenaltyFreeScore": 47,
      "blueAuto": 17,
      "blueTeleOp": 20,
      "blueEndgame": 10
    }
  },
  "predictedScores": {
    "redEPA": 53.682584129828754,
    "redAutonEPA": 13.898733074472322,
    "redTeleOpEPA": 28.827247610513744,
    "redEndgameEPA": 10.956603444842692,
    "blueEPA": 32.828853046594986,
    "blueAutonEPA": 8.518817204301076,
    "blueTeleOpEPA": 14.874551971326168,
    "blueEndgameEPA": 9.435483870967742
  }
}