{
  "winProbability": 0.7102219747880139,
  "predictedWinner": "Red",
  "redTeams": [
    20033,
    18092
  ],
  "blueTeams": [
    10024,
    5980
  ],
  "actualWinner": "Blue",
  "pointBreakdown": {
    "redData": {
      "redScore": 71,
      "redPenaltyFreeScore": 56,
      "redAuto": 3,
      "redTeleOp": 43,
      "redEndgame": 10
    },
    "blueData": {
      "blueScore": 93,
      "bluePenaltyFreeScore": 78,
      "blueAuto": 19,
      "blueTeleOp": 49,
      "blueEndgame": 10
    }
  },
  "predictedScores": {
    "redEPA": 68.39319079384043,
    "redAutonEPA": 10.457163480684986,
    "redTeleOpEPA": 47.654661157573344,
    "redEndgameEPA": 10.281366155582106,
    "blueEPA": 52.29099462365592,
    "blueAutonEPA": 16.301896654719236,
    "blueTeleOpEPA": 26.465750696933497,
    "blueEndgameEPA": 9.523347272003186
  }
}