{
  "winProbability": 0.5358938209271997,
  "predictedWinner": "Blue",
  "redTeams": [
    14933,
    17283
  ],
  "blueTeams": [
    8027,
    5980
  ],
  "actualWinner": "Blue",
  "pointBreakdown": {
    "redData": {
      "redScore": 45,
      "redPenaltyFreeScore": 45,
      "redAuto": 8,
      "redTeleOp": 32,
      "redEndgame": 5
    },
    "blueData": {
      "blueScore": 46,
      "bluePenaltyFreeScore": 46,
      "blueAuto": 14,
      "blueTeleOp": 22,
      "blueEndgame": 10
    }
  },
  "predictedScores": {
    "redEPA": 39.18996415770609,
    "redAutonEPA": 9.046594982078853,
    "redTeleOpEPA": 20.013440860215056,
    "redEndgameEPA": 10.129928315412187,
    "blueEPA": 41.77329749103943,
    "blueAutonEPA": 10.629928315412187,
    "blueTeleOpEPA": 19.624551971326166,
    "blueEndgameEPA": 11.518817204301076
  }
}