{
  "predictedWinner": "Blue",
  "redTeams": [
    22154,
    5292
  ],
  "blueTeams": [
    11846,
    17283
  ],
  "actualWinner": "Red",
  "pointBreakdown": {
    "redData": {
      "redScore": 87,
      "redPenaltyFreeScore": 82,
      "redAuto": 26,
      "redTeleOp": 56,
      "redEndgame": 0
    },
    "blueData": {
      "blueScore": 46,
      "bluePenaltyFreeScore": 46,
      "blueAuto": 16,
      "blueTeleOp": 30,
      "blueEndgame": 0
    }
  },
  "predictedScores": {
    "redEPA": 32.69389132262489,
    "redAutonEPA": 10.569881410681889,
    "redTeleOpEPA": 18.044555991546513,
    "redEndgameEPA": 4.079453920396493,
    "blueEPA": 44.17741935483871,
    "blueAutonEPA": 6.854838709677419,
    "blueTeleOpEPA": 29.822147081557148,
    "blueEndgameEPA": 7.500433563604146
  }
}