{
  "winProbability": 0.702532616904197,
  "predictedWinner": "Red",
  "redTeams": [
    5663,
    18092
  ],
  "blueTeams": [
    31969,
    5383
  ],
  "actualWinner": "Red",
  "pointBreakdown": {
    "redData": {
      "redScore": 112,
      "redPenaltyFreeScore": 112,
      "redAuto": 20,
      "redTeleOp": 77,
      "redEndgame": 15
    },
    "blueData": {
      "blueScore": 46,
      "bluePenaltyFreeScore": 41,
      "blueAuto": 14,
      "blueTeleOp": 12,
      "blueEndgame": 15
    }
  },
  "predictedScores": {
    "redEPA": 55.02123158104341,
    "redAutonEPA": 12.152031063321386,
    "redTeleOpEPA": 32.47257068896854,
    "redEndgameEPA": 10.396629828753484,
    "blueEPA": 39.5849761051374,
    "blueAutonEPA": 11.234767025089605,
    "blueTeleOpEPA": 17.684886499402637,
    "blueEndgameEPA": 10.66532258064516
  }
}