{
  "predictedWinner": "Blue",
  "redTeams": [
    9087,
    24050
  ],
  "blueTeams": [
    16646,
    5663
  ],
  "actualWinner": "Blue",
  "pointBreakdown": {
    "redData": {
      "redScore": 42,
      "redPenaltyFreeScore": 42,
      "redAuto": 3,
      "redTeleOp": 39,
      "redEndgame": 0
    },
    "blueData": {
      "blueScore": 70,
      "bluePenaltyFreeScore": 65,
      "blueAuto": 19,
      "blueTeleOp": 46,
      "blueEndgame": 0
    }
  },
  "predictedScores": {
    "redEPA": 51.6423145566913,
    "redAutonEPA": 9.645549704755865,
    "redTeleOpEPA": 39.35029271358098,
    "redEndgameEPA": 2.6464721383544583,
    "blueEPA": 108.60411063747495,
    "blueAutonEPA": 27.49278155539495,
    "blueTeleOpEPA": 75.8146016730856,
    "blueEndgameEPA": 5.296727408994393
  }
}