{
  "winProbability": 0.6857993374714644,
  "predictedWinner": "Red",
  "redTeams": [
    16646,
    18975
  ],
  "blueTeams": [
    13754,
    5292
  ],
  "actualWinner": "Red",
  "pointBreakdown": {
    "redData": {
      "redScore": 87,
      "redPenaltyFreeScore": 82,
      "redAuto": 17,
      "redTeleOp": 55,
      "redEndgame": 10
    },
    "blueData": {
      "blueScore": 85,
      "bluePenaltyFreeScore": 70,
      "blueAuto": 28,
      "blueTeleOp": 32,
      "blueEndgame": 10
    }
  },
  "predictedScores": {
    "redEPA": 71.56651186169742,
    "redAutonEPA": 22.254647951789902,
    "redTeleOpEPA": 35.69771235729456,
    "redEndgameEPA": 13.614151552612949,
    "blueEPA": 56.63072717312344,
    "blueAutonEPA": 15.827528377454017,
    "blueTeleOpEPA": 28.278021669930084,
    "blueEndgameEPA": 12.52517712573934
  }
}