{
  "predictedWinner": "Red",
  "redTeams": [
    6294,
    21482
  ],
  "blueTeams": [
    22537,
    17349
  ],
  "actualWinner": "Red",
  "pointBreakdown": {
    "redData": {
      "redScore": 140,
      "redPenaltyFreeScore": 135,
      "redAuto": 42,
      "redTeleOp": 83,
      "redEndgame": 10
    },
    "blueData": {
      "blueScore": 90,
      "bluePenaltyFreeScore": 85,
      "blueAuto": 25,
      "blueTeleOp": 60,
      "blueEndgame": 0
    }
  },
  "predictedScores": {
    "redEPA": 173.90710296180788,
    "redAutonEPA": 53.22304198332118,
    "redTeleOpEPA": 118.98985904258817,
    "redEndgameEPA": 1.694201935898536,
    "blueEPA": 70.11916575590696,
    "blueAutonEPA": 21.390958314603466,
    "blueTeleOpEPA": 41.101589573227876,
    "blueEndgameEPA": 7.626617868075618
  }
}