{
  "predictedWinner": "Red",
  "redTeams": [
    6294,
    7045
  ],
  "blueTeams": [
    12111,
    22918
  ],
  "actualWinner": "Blue",
  "pointBreakdown": {
    "redData": {
      "redScore": 63,
      "redPenaltyFreeScore": 63,
      "redAuto": 27,
      "redTeleOp": 36,
      "redEndgame": 0
    },
    "blueData": {
      "blueScore": 65,
      "bluePenaltyFreeScore": 65,
      "blueAuto": 5,
      "blueTeleOp": 60,
      "blueEndgame": 0
    }
  },
  "predictedScores": {
    "redEPA": 195.54641343209175,
    "redAutonEPA": 42.4236529756745,
    "redTeleOpEPA": 149.8033157704306,
    "redEndgameEPA": 3.3194446859866544,
    "blueEPA": -33.64187933753334,
    "blueAutonEPA": 13.209944025979903,
    "blueTeleOpEPA": -50.19547755702518,
    "blueEndgameEPA": 3.3436541935119375
  }
}