{
  "winProbability": 0.5691693649207414,
  "predictedWinner": "Blue",
  "redTeams": [
    6294,
    14771
  ],
  "blueTeams": [
    8777,
    15404
  ],
  "actualWinner": "Blue",
  "pointBreakdown": {
    "redData": {
      "redScore": 85,
      "redPenaltyFreeScore": 85,
      "redAuto": 25,
      "redTeleOp": 50,
      "redEndgame": 10
    },
    "blueData": {
      "blueScore": 216,
      "bluePenaltyFreeScore": 96,
      "blueAuto": 22,
      "blueTeleOp": 64,
      "blueEndgame": 10
    }
  },
  "predictedScores": {
    "redEPA": 64.54281950881443,
    "redAutonEPA": 24.489670198615865,
    "redTeleOpEPA": 28.68862207706722,
    "redEndgameEPA": 11.364527233131344,
    "blueEPA": 72.85468725537481,
    "blueAutonEPA": 15.653024394882287,
    "blueTeleOpEPA": 47.0551356110241,
    "blueEndgameEPA": 10.146527249468424
  }
}