{
  "winProbability": 0.7240288792999136,
  "predictedWinner": "Red",
  "redTeams": [
    15404,
    17349
  ],
  "blueTeams": [
    14776,
    17975
  ],
  "actualWinner": "Red",
  "pointBreakdown": {
    "redData": {
      "redScore": 117,
      "redPenaltyFreeScore": 112,
      "redAuto": 32,
      "redTeleOp": 75,
      "redEndgame": 5
    },
    "blueData": {
      "blueScore": 26,
      "bluePenaltyFreeScore": 26,
      "blueAuto": 8,
      "blueTeleOp": 13,
      "blueEndgame": 5
    }
  },
  "predictedScores": {
    "redEPA": 71.34209506527208,
    "redAutonEPA": 15.157527617768867,
    "redTeleOpEPA": 47.23573090843134,
    "redEndgameEPA": 8.948836539071872,
    "blueEPA": 42.55159815542699,
    "blueAutonEPA": 6.3500573279172094,
    "blueTeleOpEPA": 26.471194603428003,
    "blueEndgameEPA": 9.730346224081769
  }
}