{
  "winProbability": 0.5447875642876967,
  "predictedWinner": "Blue",
  "redTeams": [
    23581,
    13002
  ],
  "blueTeams": [
    32759,
    17349
  ],
  "actualWinner": "Blue",
  "pointBreakdown": {
    "redData": {
      "redScore": 57,
      "redPenaltyFreeScore": 57,
      "redAuto": 17,
      "redTeleOp": 30,
      "redEndgame": 10
    },
    "blueData": {
      "blueScore": 105,
      "bluePenaltyFreeScore": 100,
      "blueAuto": 14,
      "blueTeleOp": 76,
      "blueEndgame": 10
    }
  },
  "predictedScores": {
    "redEPA": 70.20412263940598,
    "redAutonEPA": 11.249269988682675,
    "redTeleOpEPA": 43.25402939457025,
    "redEndgameEPA": 15.70082325615305,
    "blueEPA": 75.56596682104222,
    "blueAutonEPA": 22.836468331024356,
    "blueTeleOpEPA": 44.38308652795499,
    "blueEndgameEPA": 8.346411962062877
  }
}