{
  "winProbability": 0.6079874424619903,
  "predictedWinner": "Blue",
  "redTeams": [
    13002,
    17975
  ],
  "blueTeams": [
    11276,
    6294
  ],
  "actualWinner": "Red",
  "pointBreakdown": {
    "redData": {
      "redScore": 99,
      "redPenaltyFreeScore": 99,
      "redAuto": 9,
      "redTeleOp": 75,
      "redEndgame": 15
    },
    "blueData": {
      "blueScore": 88,
      "bluePenaltyFreeScore": 88,
      "blueAuto": 28,
      "blueTeleOp": 45,
      "blueEndgame": 15
    }
  },
  "predictedScores": {
    "redEPA": 52.77045663352186,
    "redAutonEPA": 5.8502464333169275,
    "redTeleOpEPA": 33.323659603608945,
    "redEndgameEPA": 13.596550596595991,
    "blueEPA": 65.8700403163971,
    "blueAutonEPA": 20.592293524637142,
    "blueTeleOpEPA": 36.17751001442633,
    "blueEndgameEPA": 9.100236777333619
  }
}