{
  "winProbability": 0.7963648095373844,
  "predictedWinner": "Blue",
  "redTeams": [
    22300,
    8777
  ],
  "blueTeams": [
    22537,
    17349
  ],
  "actualWinner": "Blue",
  "pointBreakdown": {
    "redData": {
      "redScore": 54,
      "redPenaltyFreeScore": 54,
      "redAuto": 3,
      "redTeleOp": 41,
      "redEndgame": 10
    },
    "blueData": {
      "blueScore": 95,
      "bluePenaltyFreeScore": 95,
      "blueAuto": 24,
      "blueTeleOp": 56,
      "blueEndgame": 15
    }
  },
  "predictedScores": {
    "redEPA": 44.09928328884369,
    "redAutonEPA": 11.32837329694814,
    "redTeleOpEPA": 23.176612814980672,
    "redEndgameEPA": 9.594297176914878,
    "blueEPA": 85.24343583664378,
    "blueAutonEPA": 18.87355675202955,
    "blueTeleOpEPA": 56.56554296818947,
    "blueEndgameEPA": 9.804336116424771
  }
}