{
  "teamNumber": 10016,
  "teamName": "Clarkston RoboWolves",
  "wins": 43,
  "loss": 10,
  "ties": 1,
  "elo": 1500,
  "totalEPA": 100.8164311232589,
  "autonEPA": 21.499850147838593,
  "endgameEPA": 28.062272176605006,
  "unitlessEPA": 1748.608061321599,
  "teleOpEPA": 79.3165809754203,
  "totalEPAOverTime": [
    14.441666666666666,
    24.46111111111111,
    41.33652834933699,
    52.777788002209775,
    71.1003638672722,
    78.85342772466362,
    83.37235159316211,
    82.90334854985731,
    84.75374334310486,
    85.9425693417443,
    82.06459719872593,
    81.41431516258987,
    81.26300837313643,
    86.24995689475975,
    92.98579592391101,
    89.29258246967794,
    89.89199188340575,
    95.00290294649926,
    94.2422392295832,
    94.2422392295832,
    94.2422392295832,
    94.2422392295832,
    94.2422392295832,
    92.13625297290587,
    89.38302788413964,
    86.23445842131618,
    83.88563283023882,
    80.88023116427729,
    79.29267880182326,
    76.98607223401676,
    76.3334611847867,
    80.03759827752579,
    87.63709703322202,
    86.82801336391245,
    86.15968641504372,
    86.15968641504372,
    86.15968641504372,
    86.15968641504372,
    86.15968641504372,
    86.15968641504372,
    80.31867769216987,
    63.622976820089136,
    51.474847527284965,
    53.40694551590314,
    52.33153523873005,
    50.709194510482774,
    56.7894760582589,
    60.94845541580415,
    78.99474155457331,
    78.36480364274372,
    70.61749543553991,
    72.18396267452542,
    78.37500186930384,
    93.34992401821276,
    95.32067087095201,
    102.21096641187988,
    106.0275155828389,
    105.18919420868346,
    100.8164311232589,
    100.8164311232589,
    100.8164311232589,
    100.8164311232589,
    100.8164311232589
  ],
  "teleOpEPAOverTime": [
    7.883333333333334,
    19.349999999999998,
    32.202983539094646,
    40.161297498266116,
    54.50842224939375,
    60.54329664816655,
    63.55715999087212,
    60.1684666590601,
    62.20944215512033,
    61.8836545454313,
    58.458041029297206,
    63.01038943911664,
    65.6026381279208,
    71.1020192332471,
    77.3589221848407,
    74.51378691858334,
    73.87341368621557,
    72.75053847785756,
    71.70297414901083,
    71.70297414901083,
    71.70297414901083,
    71.70297414901083,
    71.70297414901083,
    66.53941742571682,
    65.48896367339421,
    67.00764371233542,
    62.174983318001985,
    58.45655290545288,
    57.042803474801545,
    58.12852501091524,
    63.17947332919927,
    62.36243269555325,
    65.58560389243668,
    70.30526056146738,
    72.8843577822556,
    72.8843577822556,
    72.8843577822556,
    72.8843577822556,
    72.8843577822556,
    72.8843577822556,
    65.24679187410631,
    50.209827559518175,
    37.22127323069493,
    36.102497214837115,
    37.88181330508422,
    38.57294534332324,
    42.78098426076363,
    46.53675227497467,
    63.425733551647134,
    67.60944664337123,
    58.40859553673481,
    57.306945309911605,
    60.923085225939275,
    69.94596921775795,
    72.07935036810734,
    76.0567320123374,
    79.77719939182849,
    81.57454768784609,
    79.3165809754203,
    79.3165809754203,
    79.3165809754203,
    79.3165809754203,
    79.3165809754203
  ],
  "autonEPAOverTime": [
    2.6666666666666665,
    5.111111111111111,
    9.133544810242341,
    12.616490503943659,
    16.59194161787844,
    18.310131076497065,
    19.815191602289985,
    22.73488189079721,
    22.544301187984527,
    24.058914796313008,
    23.60655616942873,
    18.40392572347323,
    15.66037024521563,
    15.147937661512648,
    15.626873739070314,
    14.7787955510946,
    16.01857819719018,
    22.25236446864171,
    22.539265080572374,
    22.539265080572374,
    22.539265080572374,
    22.539265080572374,
    22.539265080572374,
    25.59683554718905,
    23.894064210745423,
    19.226814708980754,
    21.710649512236834,
    22.42367825882441,
    22.249875327021716,
    18.85754722310152,
    13.153987855587435,
    17.675165581972536,
    22.051493140785343,
    16.522752802445076,
    13.275328632788115,
    13.275328632788115,
    13.275328632788115,
    13.275328632788115,
    13.275328632788115,
    13.275328632788115,
    15.071885818063567,
    13.41314926057096,
    14.253574296590028,
    17.304448301066028,
    14.449721933645822,
    12.136249167159535,
    14.008491797495264,
    14.41170314082948,
    15.569008002926175,
    10.755356999372498,
    12.208899898805102,
    14.877017364613815,
    17.45191664336457,
    23.403954800454805,
    23.241320502844673,
    26.154234399542474,
    26.25031619101041,
    23.614646520837372,
    21.499850147838593,
    21.499850147838593,
    21.499850147838593,
    21.499850147838593,
    21.499850147838593
  ],
  "endGameEPAOverTime": [
    3.8916666666666666,
    7.094444444444445,
    11.721456332876086,
    12.55073389657288,
    15.218927400361093,
    16.435016766983136,
    17.115814682228788,
    16.447901124079547,
    16.59681346612276,
    16.919714663628586,
    15.535208531539764,
    14.880884857635861,
    14.960209598105852,
    16.111388715918743,
    18.902463223987883,
    20.962243683387975,
    22.89537921244203,
    23.8765263776892,
    24.65851636142804,
    24.65851636142804,
    24.65851636142804,
    24.65851636142804,
    24.65851636142804,
    23.21823040873079,
    23.444447592928256,
    26.431513798774038,
    27.35825973858389,
    27.55472203173236,
    27.60019729209133,
    28.13933524361494,
    29.61967600895496,
    26.272486596564995,
    23.773229094417037,
    27.932308909389786,
    30.755400067842274,
    30.755400067842274,
    30.755400067842274,
    30.755400067842274,
    30.755400067842274,
    30.755400067842274,
    28.90014761743358,
    23.203259525384205,
    17.38441023755391,
    18.605171388073664,
    20.618764958777096,
    21.212610007951124,
    23.480445775481915,
    24.196195564357332,
    29.067435121906662,
    28.930707608615144,
    22.696835485710974,
    21.879581607093595,
    23.250254427318257,
    23.527244936757494,
    22.49227240943912,
    23.714507928319275,
    26.949573434312228,
    28.179022855997705,
    28.062272176605006,
    28.062272176605006,
    28.062272176605006,
    28.062272176605006,
    28.062272176605006
  ],
  "unitlessEPAOverTime": [
    1500,
    1578.5255878651283,
    1710.7836253689711,
    1800.4524333693557,
    1944.052315477112,
    2004.815554450418,
    2040.231804848249,
    1910.2448822573915,
    1921.5325815704834,
    1928.7846071691274,
    1905.1283670766475,
    1901.1615443643295,
    1900.2385491475184,
    1844.9948157545189,
    1881.9710308152485,
    1861.69723057182,
    1864.9876731277518,
    1893.0438879225728,
    1888.8682440178036,
    1865.368596076593,
    1865.368596076593,
    1865.368596076593,
    1865.368596076593,
    1831.1277122207803,
    1817.074738091519,
    1801.0038525741027,
    1789.015008872134,
    1773.6748784802808,
    1765.5717152592847,
    1671.4353832402983,
    1668.7185758484015,
    1684.1388281503273,
    1715.7753970048432,
    1712.4071970700788,
    1709.6249646867436,
    1710.4988705905582,
    1710.4988705905582,
    1710.4988705905582,
    1710.4988705905582,
    1710.4988705905582,
    1682.082283600818,
    1613.377411577727,
    1563.386358505029,
    1571.3371804598032,
    1566.9117342906611,
    1560.235601736174,
    1585.6640580735534,
    1602.6863192678798,
    1676.5478535129043,
    1673.9695844835285,
    1642.2606740709969,
    1648.672058259762,
    1665.5409388344792,
    1725.2604260777907,
    1733.1196984240266,
    1760.5979659280129,
    1775.8182360076917,
    1772.4750384864064,
    1755.0366059722805,
    1748.608061321599,
    1748.608061321599,
    1748.608061321599,
    1748.608061321599
  ],
  "EPA Rank": 16,
  "Auto EPA Rank": 79,
  "TeleOp EPA Rank": 13,
  "Endgame EPA Rank": 14
}