{
  "teamNumber": 10035,
  "teamName": "Robo Rangers",
  "wins": 11,
  "loss": 11,
  "ties": 0,
  "elo": 1500,
  "totalEPA": 85.0755068621406,
  "autonEPA": 24.429155870949966,
  "endgameEPA": 4.700700605640782,
  "unitlessEPA": 1678.4913411764037,
  "teleOpEPA": 60.64635099119063,
  "totalEPAOverTime": [
    14.441666666666666,
    21.843473574014347,
    43.15110162303976,
    53.68680742977642,
    49.82652271789919,
    49.28022620983234,
    50.675827024932325,
    50.675827024932325,
    50.675827024932325,
    46.82291140966583,
    41.105183034320206,
    34.67559078900446,
    32.462502790706544,
    43.50159584320572,
    47.757342800523645,
    61.34501477006551,
    67.52676975349544,
    83.11507834959666,
    73.62944437446282,
    73.80584021993997,
    83.87553222076505,
    85.0755068621406,
    85.0755068621406,
    85.0755068621406,
    85.0755068621406,
    85.0755068621406
  ],
  "teleOpEPAOverTime": [
    7.883333333333334,
    16.37237546004693,
    30.515096519079727,
    37.347399484710394,
    34.988522242641125,
    33.26404964896849,
    33.789014978182955,
    33.789014978182955,
    33.789014978182955,
    31.528345815152463,
    29.555437981412076,
    28.26445579490516,
    27.011413476787602,
    37.510726677183506,
    40.56491536309164,
    47.93688730248316,
    52.1267687397148,
    60.82386289032597,
    49.357261398152104,
    49.97733696862373,
    58.61348016585528,
    60.64635099119063,
    60.64635099119063,
    60.64635099119063,
    60.64635099119063,
    60.64635099119063
  ],
  "autonEPAOverTime": [
    2.6666666666666665,
    5.471098113967418,
    12.63600510396003,
    16.339407945066032,
    14.83800047525806,
    16.016176560863855,
    16.88681204674937,
    16.88681204674937,
    16.88681204674937,
    15.294565594513363,
    11.549745052908127,
    6.411134994099298,
    5.451089313918942,
    5.990869166022216,
    7.1924274374319985,
    13.408127467582357,
    15.400001013780647,
    22.291215459270692,
    24.272182976310717,
    23.82850325131623,
    25.26205205490977,
    24.429155870949966,
    24.429155870949966,
    24.429155870949966,
    24.429155870949966,
    24.429155870949966
  ],
  "endGameEPAOverTime": [
    3.8916666666666666,
    3.203795277444366,
    4.608729563531113,
    5.310106513870086,
    2.604957836338829,
    2.5288696235963624,
    2.3940366029951803,
    2.3940366029951803,
    2.3940366029951803,
    2.8464193913848725,
    4.161190602128269,
    7.856790094394799,
    14.376096848768025,
    12.76294459436943,
    11.753004828633422,
    14.84754798993951,
    15.225080168461547,
    12.642767574650406,
    6.15628556869409,
    4.629476390477228,
    4.485478816770079,
    4.700700605640782,
    4.700700605640782,
    4.700700605640782,
    4.700700605640782,
    4.700700605640782
  ],
  "unitlessEPAOverTime": [
    1500,
    1491.4370825209132,
    1608.4047585246065,
    1666.2402445034866,
    1645.049310889385,
    1642.0504302626682,
    1649.7115450331867,
    1632.8528352589642,
    1632.8528352589642,
    1559.8174340839328,
    1533.9359862340618,
    1504.8322678569161,
    1494.814666835136,
    1544.7834118318517,
    1564.0471623473547,
    1594.2219100005673,
    1618.4008589331697,
    1679.3720424402932,
    1642.2704976374182,
    1642.9604418605632,
    1682.3464365024756,
    1687.0399459754342,
    1678.4913411764037,
    1678.4913411764037,
    1678.4913411764037,
    1678.4913411764037
  ],
  "EPA Rank": 42,
  "Auto EPA Rank": 49,
  "TeleOp EPA Rank": 46,
  "Endgame EPA Rank": 321
}