{
  "teamNumber": 10202,
  "teamName": "Rocket Robotics",
  "wins": 1,
  "loss": 4,
  "ties": 0,
  "elo": 1500,
  "totalEPA": -6.991604986151777,
  "autonEPA": -8.99895016190517,
  "endgameEPA": 3.2095294034633124,
  "unitlessEPA": 1333.9631908718497,
  "teleOpEPA": 2.007345175753394,
  "totalEPAOverTime": [
    14.441666666666666,
    8.961111111111112,
    -8.190759556744949,
    -20.23356133409958,
    -15.954716521587399,
    -12.789303224775269,
    -6.991604986151777
  ],
  "teleOpEPAOverTime": [
    7.883333333333334,
    7.1833333333333345,
    -6.091590536077092,
    -13.76437922188413,
    -6.941836702050152,
    -1.7735472675046324,
    2.007345175753394
  ],
  "autonEPAOverTime": [
    2.6666666666666665,
    1.7777777777777777,
    -2.0991690206678566,
    -6.469182112215449,
    -9.012879819537247,
    -11.015755957270637,
    -8.99895016190517
  ],
  "endGameEPAOverTime": [
    3.8916666666666666,
    3.0944444444444446,
    0.023345045801833386,
    0.41415462917791457,
    2.340793553457192,
    2.797831370462779,
    3.2095294034633124
  ],
  "unitlessEPAOverTime": [
    1500,
    1444.0776932106116,
    1325.6859603386256,
    1242.559857147628,
    1272.0948193598254,
    1293.9442591511329,
    1333.9631908718497
  ],
  "EPA Rank": 447,
  "Auto EPA Rank": 463,
  "TeleOp EPA Rank": 404,
  "Endgame EPA Rank": 355
}