{
  "teamNumber": 10297,
  "teamName": "Knights in Aluminium",
  "wins": 6,
  "loss": 7,
  "ties": 0,
  "elo": 1500,
  "totalEPA": 30.947253217843944,
  "autonEPA": 21.915500982448762,
  "endgameEPA": 5.991183831029557,
  "unitlessEPA": 1482.4518796239634,
  "teleOpEPA": 9.031752235395182,
  "totalEPAOverTime": [
    14.441666666666666,
    21.163246180982863,
    29.493838729003716,
    29.42853002425787,
    41.76132294654813,
    27.3291144614112,
    18.797101274599594,
    20.423973284388552,
    17.9239062828637,
    13.08960612798575,
    17.996679297393214,
    24.74533113683735,
    30.947253217843944,
    30.947253217843944,
    30.947253217843944,
    30.947253217843944
  ],
  "teleOpEPAOverTime": [
    7.883333333333334,
    15.432607634870802,
    19.474062464914695,
    22.96768593755717,
    27.980090521603262,
    16.184427357657235,
    9.914746938371826,
    8.466455781976522,
    -0.7093256469290701,
    -8.071586703335555,
    -5.107938787575332,
    3.2470684544402673,
    9.031752235395182,
    9.031752235395182,
    9.031752235395182,
    9.031752235395182
  ],
  "autonEPAOverTime": [
    2.6666666666666665,
    5.73063854611206,
    10.019776264089021,
    6.460844086700698,
    13.781232424944864,
    11.144687103753967,
    8.882354336227769,
    11.95751750241203,
    18.63323192979277,
    21.161192831321305,
    23.104618084968546,
    21.498262682397083,
    21.915500982448762,
    21.915500982448762,
    21.915500982448762,
    21.915500982448762
  ],
  "endGameEPAOverTime": [
    3.8916666666666666,
    5.766462659842223,
    7.832610821464923,
    2.9823363560581346,
    7.000250499947134,
    7.378391437510922,
    6.428912819482614,
    7.542149571791066,
    9.244429545246597,
    8.67648039470824,
    4.431125174921823,
    5.0769417261266545,
    5.991183831029557,
    5.991183831029557,
    5.991183831029557,
    5.991183831029557
  ],
  "unitlessEPAOverTime": [
    1500,
    1528.3036032372947,
    1585.8059775677516,
    1585.3551806327575,
    1670.4829636889608,
    1570.8638489688801,
    1511.9711575747976,
    1439.9064013553475,
    1429.5681051666008,
    1409.5772701865988,
    1429.869036692954,
    1457.776113402638,
    1483.42234903307,
    1482.4518796239634,
    1482.4518796239634,
    1482.4518796239634
  ],
  "EPA Rank": 234,
  "Auto EPA Rank": 75,
  "TeleOp EPA Rank": 356,
  "Endgame EPA Rank": 284
}