{
  "teamNumber": 10474,
  "teamName": "Artificial Intellegence",
  "wins": 2,
  "loss": 3,
  "ties": 0,
  "elo": 1500,
  "totalEPA": 42.8397140507568,
  "autonEPA": 9.301021312164654,
  "endgameEPA": 19.02888890087522,
  "unitlessEPA": 1532.6001440396572,
  "teleOpEPA": 33.53869273859215,
  "totalEPAOverTime": [
    14.441666666666666,
    19.294444444444444,
    20.452945627049573,
    16.00700117041785,
    30.990520014838275,
    43.01403966770128,
    42.8397140507568
  ],
  "teleOpEPAOverTime": [
    7.883333333333334,
    16.35,
    14.164410957845949,
    7.3215983007400744,
    21.06526962826768,
    33.204788868357774,
    33.53869273859215
  ],
  "autonEPAOverTime": [
    2.6666666666666665,
    2.944444444444444,
    6.288534669203624,
    8.685402869677777,
    9.925250386570596,
    9.809250799343511,
    9.301021312164654
  ],
  "endGameEPAOverTime": [
    3.8916666666666666,
    6.927777777777778,
    9.158765758320085,
    4.237908489991229,
    8.805428441470786,
    17.88305067361181,
    19.02888890087522
  ],
  "unitlessEPAOverTime": [
    1500,
    1435.23556505618,
    1440.0262080083407,
    1421.641304482419,
    1483.6012662229666,
    1533.3210166643344,
    1532.6001440396572
  ],
  "EPA Rank": 177,
  "Auto EPA Rank": 209,
  "TeleOp EPA Rank": 167,
  "Endgame EPA Rank": 53
}