{
  "teamNumber": 10644,
  "teamName": "CyBugs",
  "wins": 37,
  "loss": 12,
  "ties": 0,
  "elo": 1500,
  "totalEPA": 129.69650871253506,
  "autonEPA": 37.53995789555993,
  "endgameEPA": 18.429558867098933,
  "unitlessEPA": 1834.7407481817525,
  "teleOpEPA": 92.15655081697514,
  "totalEPAOverTime": [
    14.441666666666666,
    20.794444444444444,
    36.261451718064656,
    45.05315662355439,
    49.646437773399754,
    44.57219072451101,
    42.36276082862044,
    51.39535624607259,
    62.2049098356051,
    43.700498103041085,
    25.196567259351617,
    39.271823462506234,
    46.58092305704392,
    46.58092305704392,
    46.58092305704392,
    46.58092305704392,
    42.231368594130124,
    33.673473178109944,
    37.020206901837426,
    47.37797451540384,
    58.88431327011259,
    63.55900374341359,
    63.228347739508806,
    71.82217845643478,
    83.27510486926923,
    80.85621837855074,
    83.9143206287953,
    85.28102164777634,
    88.20601474965156,
    83.53021346116064,
    80.76062179859574,
    75.96639229575547,
    82.45035366493958,
    89.50842671493336,
    98.0177740818083,
    116.36914288927564,
    120.1624662236834,
    118.12274882841596,
    114.38301501953573,
    118.69464463203022,
    118.69464463203022,
    118.69464463203022,
    118.69464463203022,
    118.69464463203022,
    118.69464463203022,
    130.61948391755567,
    151.48833452263577,
    145.86143576550847,
    140.18755087224267,
    138.60349292178518,
    130.39639082088826,
    129.69650871253506,
    129.69650871253506,
    129.69650871253506,
    129.69650871253506,
    129.69650871253506,
    129.69650871253506
  ],
  "teleOpEPAOverTime": [
    7.883333333333334,
    16.516666666666666,
    28.310313150942434,
    36.23283852721184,
    40.429447493374624,
    37.09877857900087,
    35.713257802511464,
    39.79854816875955,
    43.79424271196722,
    31.24118292101573,
    18.832268643132075,
    32.428213374592616,
    38.758769570764585,
    38.758769570764585,
    38.758769570764585,
    38.758769570764585,
    32.73411879965786,
    20.84565094038271,
    20.070125486296494,
    24.663126838693014,
    28.546103823805097,
    30.970764824730196,
    30.193045808221093,
    40.48106435609607,
    59.82921994753674,
    58.491299517580586,
    63.14614163432612,
    65.74490420896737,
    65.65637603219619,
    57.78728321096347,
    54.38681646820208,
    49.521948626360974,
    55.136891859705955,
    62.18681046609679,
    70.57790207167014,
    86.51934548441898,
    83.76246473602836,
    83.03765499501347,
    83.89576825007865,
    87.46197083221796,
    87.46197083221796,
    87.46197083221796,
    87.46197083221796,
    87.46197083221796,
    87.46197083221796,
    97.70553254300228,
    115.47030049352617,
    109.23113784550478,
    100.3674605997742,
    99.74257557103519,
    92.63174362390558,
    92.15655081697514,
    92.15655081697514,
    92.15655081697514,
    92.15655081697514,
    92.15655081697514,
    92.15655081697514
  ],
  "autonEPAOverTime": [
    2.6666666666666665,
    4.277777777777778,
    7.951138567122221,
    8.820318096342557,
    9.216990280025128,
    7.473412145510139,
    6.649503026108973,
    11.596808077313032,
    18.41066712363788,
    12.459315182025353,
    6.364298616219541,
    6.843610087913614,
    7.822153486279334,
    7.822153486279334,
    7.822153486279334,
    7.822153486279334,
    9.497249794472266,
    12.827822237727233,
    16.950081415540932,
    22.71484767671083,
    30.338209446307495,
    32.588238918683395,
    33.03530193128771,
    31.34111410033871,
    23.445884921732482,
    22.36491886097015,
    20.768178994469174,
    19.53611743880898,
    22.54963871745536,
    25.74293025019717,
    26.373805330393658,
    26.444443669394495,
    27.313461805233633,
    27.32161624883658,
    27.439872010138167,
    29.84979740485666,
    36.40000148765504,
    35.085093833402496,
    30.487246769457087,
    31.23267379981226,
    31.23267379981226,
    31.23267379981226,
    31.23267379981226,
    31.23267379981226,
    31.23267379981226,
    32.91395137455339,
    36.0180340291096,
    36.63029792000369,
    39.82009027246847,
    38.86091735074999,
    37.76464719698268,
    37.53995789555993,
    37.53995789555993,
    37.53995789555993,
    37.53995789555993,
    37.53995789555993,
    37.53995789555993
  ],
  "endGameEPAOverTime": [
    3.8916666666666666,
    4.927777777777777,
    9.630694529119884,
    14.843369294922613,
    17.821494758471836,
    16.444763885107708,
    15.612640269314888,
    18.195255779984628,
    21.010519889154743,
    17.945530613163783,
    17.912054302979158,
    21.01074023250351,
    21.875392581322497,
    21.875392581322497,
    21.875392581322497,
    21.875392581322497,
    17.746413076430063,
    10.770903222207947,
    11.139325735913928,
    15.045539952158258,
    16.391140630149746,
    17.312388060792596,
    16.151387075569488,
    20.998994574121618,
    30.67576013791738,
    29.74283745888753,
    28.410607641746285,
    27.434512271357338,
    26.68334264993114,
    21.741000903404203,
    21.962209079083266,
    22.634561356014018,
    27.003630029120835,
    29.6975231316157,
    26.33129517878216,
    20.66061671662523,
    20.74259035096149,
    20.469881239537287,
    21.326855409856428,
    23.432979679140022,
    23.432979679140022,
    23.432979679140022,
    23.432979679140022,
    23.432979679140022,
    23.432979679140022,
    23.020954540125643,
    19.958768070645547,
    10.553779403078892,
    13.849024284958235,
    18.92830108817768,
    19.429418871009215,
    18.429558867098933,
    18.429558867098933,
    18.429558867098933,
    18.429558867098933,
    18.429558867098933,
    18.429558867098933
  ],
  "unitlessEPAOverTime": [
    1500,
    1499.1994755284693,
    1579.7580805515302,
    1625.5489352677241,
    1649.4726533706673,
    1623.043864881116,
    1611.5362353080207,
    1736.9824096657005,
    1811.5959492509612,
    1683.8682271138864,
    1556.1438243387795,
    1653.299056253605,
    1703.750519157471,
    1627.2326750491522,
    1627.2326750491522,
    1627.2326750491522,
    1549.0878917966106,
    1507.7704455147953,
    1523.9284474682656,
    1573.9356614115368,
    1629.4881670553998,
    1652.0575329012552,
    1614.77397937887,
    1650.6353981496518,
    1698.4276113977753,
    1688.3337773137744,
    1701.0950113957879,
    1706.798153474163,
    1717.1093271235457,
    1697.7231595947387,
    1686.2402575969513,
    1666.3630792099275,
    1693.2459926610857,
    1722.5092094095237,
    1758.2835269926882,
    1833.7546613216061,
    1849.3549371335998,
    1840.966473736329,
    1825.5865881482005,
    1843.3184304469996,
    1839.035344187245,
    1839.035344187245,
    1839.035344187245,
    1839.035344187245,
    1839.035344187245,
    1834.0059229000653,
    1911.091125123989,
    1890.3065291347345,
    1869.3483761118655,
    1863.4971948582267,
    1833.1818633101623,
    1830.5966440819325,
    1834.7407481817525,
    1834.7407481817525,
    1834.7407481817525,
    1834.7407481817525,
    1834.7407481817525
  ],
  "EPA Rank": 2,
  "Auto EPA Rank": 3,
  "TeleOp EPA Rank": 3,
  "Endgame EPA Rank": 59
}