{
  "teamNumber": 10653,
  "teamName": "SASA DRAGATRONS",
  "wins": 4,
  "loss": 11,
  "ties": 0,
  "elo": 1500,
  "totalEPA": 23.504627123009293,
  "autonEPA": -3.36378451007198,
  "endgameEPA": 11.443208338347937,
  "unitlessEPA": 1452.6455446740008,
  "teleOpEPA": 26.868411633081273,
  "totalEPAOverTime": [
    14.441666666666666,
    9.961111111111112,
    3.4912127346395296,
    5.156673261388025,
    3.1161507659290493,
    1.3684933099017322,
    4.332351378892657,
    2.5366817046327697,
    9.32219494724955,
    23.462014138318047,
    13.400766794167195,
    20.26317134194144,
    21.784954025671507,
    28.810723588741887,
    33.62105226421038,
    16.666282879260304,
    8.358776590169466,
    8.819813008514414,
    20.750611262475033,
    23.504627123009293
  ],
  "teleOpEPAOverTime": [
    7.883333333333334,
    7.850000000000001,
    3.9854959813527215,
    9.724294310287576,
    11.443646011270857,
    8.51669596708289,
    9.301807233969758,
    6.2890060283081315,
    8.810523235780495,
    20.50808873452743,
    9.634865125648782,
    13.659504844915949,
    14.65815950670374,
    21.32404168216202,
    27.390298719914426,
    15.913758055511728,
    11.603836937750659,
    12.052258795721901,
    23.97929397085654,
    26.868411633081273
  ],
  "autonEPAOverTime": [
    2.6666666666666665,
    2.111111111111111,
    -0.4942832467131919,
    -4.56762104889955,
    -8.327495245341808,
    -7.148202657181159,
    -4.969455855077101,
    -3.752324323675362,
    0.5116717114690548,
    2.953925403790617,
    3.7659016685184135,
    6.6036664970254915,
    7.126794518967766,
    7.48668190657987,
    6.2307535442959505,
    0.752524823748576,
    -3.245060347581193,
    -3.232445787207488,
    -3.2286827083815046,
    -3.36378451007198
  ],
  "endGameEPAOverTime": [
    3.8916666666666666,
    2.5944444444444446,
    1.8423668015320842,
    4.488094374252106,
    6.026398524233263,
    6.044698074333002,
    5.439543493603892,
    4.884341800225466,
    9.162573227256019,
    14.075354166432739,
    8.574657653343374,
    9.799828074106593,
    9.164824516376504,
    10.445577169208189,
    11.596191915467973,
    6.351935919248973,
    7.470566204440981,
    9.948320899286536,
    11.654730474491329,
    11.443208338347937
  ],
  "unitlessEPAOverTime": [
    1500,
    1450.9802483408728,
    1406.3214181100905,
    1417.8173512132457,
    1403.7325321938022,
    1391.6692302547615,
    1412.1274239742409,
    1362.0077020569731,
    1391.210261516655,
    1452.063272322524,
    1408.7630585729119,
    1438.2965322656823,
    1444.8457714635715,
    1474.587355367613,
    1494.4790633025934,
    1424.3675712479412,
    1390.0143076937593,
    1391.9207890175567,
    1441.257117220919,
    1452.6455446740008
  ],
  "EPA Rank": 275,
  "Auto EPA Rank": 437,
  "TeleOp EPA Rank": 211,
  "Endgame EPA Rank": 170
}