{
  "teamNumber": 11193,
  "teamName": "The Flying Dutchbots",
  "wins": 28,
  "loss": 17,
  "ties": 0,
  "elo": 1500,
  "totalEPA": 60.91665467588913,
  "autonEPA": 13.899236292428538,
  "endgameEPA": 16.184459484662355,
  "unitlessEPA": 1576.538140445121,
  "teleOpEPA": 47.01741838346059,
  "totalEPAOverTime": [
    14.441666666666666,
    18.127777777777776,
    21.51951303155007,
    20.800335756732903,
    15.603971066429366,
    10.867922351526598,
    9.245680851362554,
    15.053170047545906,
    34.79926784614981,
    53.0626548017896,
    67.11134621194215,
    67.66143688143922,
    59.682958573352,
    57.96889463785289,
    57.897909338823325,
    54.404847830041604,
    42.92572491410843,
    33.12514476406285,
    34.26426800455069,
    36.86854887888545,
    38.83320772425788,
    49.97005085249567,
    55.64975692589325,
    55.39598180681169,
    63.523717616592165,
    67.57188302536048,
    67.23629141002262,
    71.48319790280624,
    74.20607473218077,
    55.53564112102684,
    63.87037590699235,
    69.38685360550988,
    69.38685360550988,
    69.38685360550988,
    72.95507241901677,
    76.52505811236627,
    89.2331324336528,
    93.85196094999081,
    93.21195073732582,
    92.357385598757,
    92.357385598757,
    92.357385598757,
    92.357385598757,
    92.357385598757,
    92.357385598757,
    89.50545516839867,
    82.04428311195511,
    91.2043491102598,
    100.55684859940193,
    85.71531537403756,
    67.64979903445777,
    60.91665467588913,
    60.91665467588913,
    60.91665467588913
  ],
  "teleOpEPAOverTime": [
    7.883333333333334,
    15.683333333333332,
    20.03940329218107,
    18.52029919554413,
    13.624766635941263,
    9.880142036044166,
    8.791063231013203,
    14.1340829353441,
    29.885141603332947,
    45.337095110115385,
    57.84335660946142,
    57.85430067078888,
    51.502123411782975,
    50.04225255395012,
    48.18465523633385,
    39.97536828002912,
    28.534860054089123,
    17.005178763979877,
    16.485099330539544,
    19.098553065627257,
    20.846008234231743,
    27.05064702781183,
    29.31706526623052,
    31.294512064862417,
    40.32630568312908,
    44.397148196675545,
    44.20179016389628,
    45.27689033886011,
    47.511693654615755,
    34.59843779232273,
    39.52435184576686,
    45.38644701348959,
    45.38644701348959,
    45.38644701348959,
    47.21573011212569,
    51.10778631594493,
    63.43018895979137,
    65.17737371834927,
    64.36877289998542,
    64.86784827617588,
    64.86784827617588,
    64.86784827617588,
    64.86784827617588,
    64.86784827617588,
    64.86784827617588,
    66.37461051171081,
    70.93017327527353,
    80.9821487879327,
    84.66076063360856,
    68.67648792059194,
    51.799515514653066,
    47.01741838346059,
    47.01741838346059,
    47.01741838346059
  ],
  "autonEPAOverTime": [
    2.6666666666666665,
    2.444444444444444,
    1.4801097393689986,
    2.2800365611887727,
    1.979204430488104,
    0.987780315482433,
    0.45461762034935166,
    0.9190871122018054,
    4.914126242816861,
    7.725559691674216,
    9.267989602480721,
    9.807136210650334,
    8.180835161569032,
    7.926642083902771,
    9.713254102489469,
    14.42947955001248,
    14.390864860019308,
    16.119966000082975,
    17.77916867401115,
    17.76999581325819,
    17.98719949002614,
    22.919403824683837,
    26.33269165966273,
    24.101469741949273,
    23.197411933463087,
    23.174734828684937,
    23.034501246126336,
    26.20630756394613,
    26.694381077565012,
    20.93720332870411,
    24.34602406122549,
    24.000406592020298,
    24.000406592020298,
    24.000406592020298,
    25.739342306891082,
    25.41727179642134,
    25.802943473861426,
    28.67458723164154,
    28.843177837340406,
    27.48953732258113,
    27.48953732258113,
    27.48953732258113,
    27.48953732258113,
    27.48953732258113,
    27.48953732258113,
    23.13084465668786,
    11.11410983668158,
    10.222200322327101,
    15.896087965793377,
    17.038827453445613,
    15.850283519804703,
    13.899236292428538,
    13.899236292428538,
    13.899236292428538
  ],
  "endGameEPAOverTime": [
    3.8916666666666666,
    5.927777777777777,
    8.339883401920439,
    10.02927416456422,
    8.25491990112133,
    6.008064255082607,
    5.63632792452563,
    6.691062225802547,
    10.695831200230518,
    15.73543503607603,
    18.144692017706106,
    20.422519103630584,
    19.333066216760102,
    18.999947613229548,
    17.302321050571997,
    13.287339804507354,
    8.22942510813489,
    1.4474623067477306,
    0.3656151130039724,
    2.28884912008382,
    4.503689849131383,
    8.601330127762697,
    10.206998283068627,
    11.340713067413065,
    12.90284944784921,
    13.848959574272438,
    13.39218853411592,
    14.137740562539634,
    17.95652260810407,
    16.025474878054464,
    16.490784902581318,
    17.40144784828401,
    17.40144784828401,
    17.40144784828401,
    17.065028285256155,
    19.09804119939409,
    23.998653427355432,
    22.00860998969612,
    24.525027492900463,
    27.530199774342826,
    27.530199774342826,
    27.530199774342826,
    27.530199774342826,
    27.530199774342826,
    27.530199774342826,
    26.952464341572163,
    25.42272558652866,
    24.676308254278986,
    25.46511989575742,
    23.706061617754724,
    18.421779196231544,
    16.184459484662355,
    16.184459484662355,
    16.184459484662355
  ],
  "unitlessEPAOverTime": [
    1500,
    1485.3103667352927,
    1502.9759342117784,
    1499.23015993246,
    1472.1653319902177,
    1447.4980210460672,
    1439.048712789348,
    1418.7725517852132,
    1514.6872532056138,
    1603.3998345288605,
    1671.639952434455,
    1674.3119630188799,
    1635.5573000715794,
    1627.2314053927585,
    1624.7258172647114,
    1607.861346009548,
    1552.440238203817,
    1505.1231205954261,
    1510.622797912015,
    1523.1962438233375,
    1532.3431946764772,
    1586.0471871451869,
    1613.4358186162394,
    1612.2120663439869,
    1651.4055664849177,
    1670.926596108955,
    1630.8472310120305,
    1648.5270220083685,
    1659.862306487533,
    1582.137646286727,
    1616.834988758516,
    1639.7999805499464,
    1640.6322447609514,
    1640.6322447609514,
    1655.2116230010656,
    1669.8934090106989,
    1722.1561472416163,
    1741.1513639502978,
    1738.519282537806,
    1735.0048307798806,
    1731.2397376537187,
    1731.2397376537187,
    1731.2397376537187,
    1731.2397376537187,
    1731.2397376537187,
    1685.230844699271,
    1657.4797385486231,
    1691.5497160190346,
    1726.3354312034098,
    1671.1337871641517,
    1603.940850476278,
    1578.8975727702093,
    1576.538140445121,
    1576.538140445121
  ],
  "EPA Rank": 111,
  "Auto EPA Rank": 163,
  "TeleOp EPA Rank": 95,
  "Endgame EPA Rank": 88
}