{
  "teamNumber": 11617,
  "teamName": "Chelsea Glitch",
  "wins": 14,
  "loss": 14,
  "ties": 1,
  "elo": 1500,
  "totalEPA": 45.86419574322685,
  "autonEPA": 18.594410141683486,
  "endgameEPA": 16.0998716861971,
  "unitlessEPA": 1540.9480450435021,
  "teleOpEPA": 27.269785601543365,
  "totalEPAOverTime": [
    14.441666666666666,
    15.127777777777778,
    16.71930345983844,
    19.417132688483083,
    18.68714874696509,
    12.430062751266437,
    9.81530049712369,
    14.802249018747004,
    24.0392538922792,
    27.73092761459829,
    22.911821811986265,
    20.436974453789336,
    18.910385962011834,
    18.910385962011834,
    18.910385962011834,
    24.140535346965645,
    26.226755317465024,
    25.920949853106137,
    30.837907147968014,
    27.029133080647938,
    25.47203772925164,
    22.346053333753886,
    21.356347286528557,
    33.44412896616507,
    38.947579607120716,
    33.963005559114755,
    32.854872282701756,
    32.469524355808005,
    30.466069201042597,
    29.680609578467564,
    34.81132361059235,
    43.55131245453599,
    45.86419574322685,
    45.86419574322685,
    45.86419574322685
  ],
  "teleOpEPAOverTime": [
    7.883333333333334,
    13.350000000000001,
    16.29901691815272,
    19.167790202107767,
    18.020737491928227,
    13.120860462130889,
    11.401075240121429,
    16.900456345447722,
    27.186075181828024,
    31.462005106214505,
    28.494295215589965,
    26.377767749606498,
    25.629671662054797,
    25.629671662054797,
    25.629671662054797,
    27.759703856270995,
    24.93199484735465,
    23.968175243068966,
    31.418295993534386,
    28.904215414727727,
    27.866608105426863,
    23.193966838354974,
    17.53823790334283,
    26.05006931518029,
    31.419275267053447,
    26.83308708202436,
    25.358097955457783,
    22.94709023949453,
    15.90206868479057,
    11.831254013224463,
    17.109296821405895,
    26.066146884552648,
    27.269785601543365,
    27.269785601543365,
    27.269785601543365
  ],
  "autonEPAOverTime": [
    2.6666666666666665,
    1.7777777777777777,
    0.42028654168571866,
    0.24934248637531406,
    0.6664112550368633,
    -0.6907977108644521,
    -1.5857747429977378,
    -2.0982073267007197,
    -3.146821289548827,
    -3.7310774916162144,
    -5.582473403603702,
    -5.94079329581716,
    -6.719285700042963,
    -6.719285700042963,
    -6.719285700042963,
    -3.619168509305352,
    1.2947604701103705,
    1.9527746100371706,
    -0.5803888455663704,
    -1.87508233407979,
    -2.394570376175226,
    -0.8479135046010877,
    3.8181093831857273,
    7.394059650984776,
    7.528304340067269,
    7.129918477090395,
    7.496774327243973,
    9.522434116313478,
    14.564000516252026,
    17.8493555652431,
    17.70202678918646,
    17.48516556998334,
    18.594410141683486,
    18.594410141683486,
    18.594410141683486
  ],
  "endGameEPAOverTime": [
    3.8916666666666666,
    5.261111111111111,
    7.112124676116445,
    7.322800756286279,
    7.066177064303942,
    5.047530627140783,
    4.132715695016807,
    5.283894812829697,
    7.677147789659272,
    7.94721766677743,
    6.896598700267929,
    7.152873179556121,
    6.516695090641141,
    6.516695090641141,
    6.516695090641141,
    10.614620531679655,
    12.78011617293637,
    16.427172405861974,
    18.61802086532639,
    13.700093645623353,
    12.295675511481074,
    9.89660921439335,
    8.587431700535488,
    13.944982062543534,
    15.432898401917361,
    12.784917512627725,
    12.24658764757469,
    11.052844060827917,
    7.943106888982687,
    7.180457302007577,
    12.529143634596672,
    16.22713713915543,
    16.0998716861971,
    16.0998716861971,
    16.0998716861971
  ],
  "unitlessEPAOverTime": [
    1500,
    1469.6851193429693,
    1477.9744468474473,
    1492.0258632207185,
    1488.223803327838,
    1455.634297781893,
    1442.0155287508633,
    1452.784461471081,
    1503.4907620882097,
    1523.7561100129083,
    1497.301752688362,
    1483.7161417847865,
    1475.3359735330057,
    1463.3193501108801,
    1463.3193501108801,
    1461.7455027457045,
    1471.8177550195287,
    1470.341328838545,
    1494.080356838365,
    1475.6916280357814,
    1468.173984922669,
    1444.0497664890922,
    1439.9463826941028,
    1490.0630891653277,
    1512.880743194958,
    1492.2143842989467,
    1487.619993730283,
    1488.712313422862,
    1480.4729807227454,
    1477.2427296549788,
    1498.343107070106,
    1534.2868494140619,
    1543.7987243700527,
    1540.9480450435021,
    1540.9480450435021
  ],
  "EPA Rank": 165,
  "Auto EPA Rank": 115,
  "TeleOp EPA Rank": 207,
  "Endgame EPA Rank": 90
}