{
  "teamNumber": 12379,
  "teamName": "Rockwood Rancor",
  "wins": 4,
  "loss": 3,
  "ties": 0,
  "elo": 1500,
  "totalEPA": 55.4209560167766,
  "autonEPA": 4.8032449745019035,
  "endgameEPA": 16.126475050855635,
  "unitlessEPA": 1563.3926449713174,
  "teleOpEPA": 50.6177110422747,
  "totalEPAOverTime": [
    14.441666666666666,
    25.461111111111112,
    49.92587513485974,
    59.07045823818194,
    64.43858228415928,
    58.88677584833792,
    55.4209560167766,
    55.4209560167766,
    55.4209560167766
  ],
  "teleOpEPAOverTime": [
    7.883333333333334,
    20.35,
    41.59886389329514,
    46.941907163340574,
    53.912967545657224,
    53.40290687419351,
    50.6177110422747,
    50.6177110422747,
    50.6177110422747
  ],
  "autonEPAOverTime": [
    2.6666666666666665,
    5.111111111111111,
    8.3270112415646,
    12.128551074841372,
    10.525614738502055,
    5.483868974144405,
    4.8032449745019035,
    4.8032449745019035,
    4.8032449745019035
  ],
  "endGameEPAOverTime": [
    3.8916666666666666,
    6.261111111111111,
    11.809345783982435,
    11.46281923150451,
    13.96201047240861,
    15.51687938823079,
    16.126475050855635,
    16.126475050855635,
    16.126475050855635
  ],
  "unitlessEPAOverTime": [
    1500,
    1448.5278239282302,
    1540.6384083031198,
    1575.068043213724,
    1595.2791943366976,
    1574.3764734012589,
    1561.3275557941524,
    1563.3926449713174,
    1563.3926449713174
  ],
  "EPA Rank": 126,
  "Auto EPA Rank": 275,
  "TeleOp EPA Rank": 87,
  "Endgame EPA Rank": 89
}