{
  "teamNumber": 14670,
  "teamName": "TerrorBytes",
  "wins": 17,
  "loss": 14,
  "ties": 0,
  "elo": 1500,
  "totalEPA": 52.413512705243136,
  "autonEPA": 15.005447943282725,
  "endgameEPA": 5.042363678943054,
  "unitlessEPA": 1562.0073908444851,
  "teleOpEPA": 37.40806476196041,
  "totalEPAOverTime": [
    14.441666666666666,
    16.127777777777776,
    18.310532680879348,
    20.418087813448413,
    20.127403575085026,
    23.131623955462015,
    25.26626193382939,
    27.133048817703948,
    26.93019951908182,
    31.56263400472047,
    53.30108140444055,
    62.83993533674717,
    60.89463934479503,
    52.36192307571245,
    37.89407978604822,
    27.649736464786983,
    29.937352927800045,
    36.6227346597412,
    38.12728908776763,
    34.69912979536191,
    39.26470156545589,
    58.23383747708636,
    49.72488596147463,
    42.334813283567094,
    47.67576036444659,
    38.925895054034555,
    20.408488301440023,
    25.997848076791648,
    22.09204557534667,
    18.60724888282557,
    17.842090386590662,
    19.040854655179224,
    23.70550682166763,
    39.94728672683011,
    50.91762359587908,
    53.297911381235274,
    53.46886988979855,
    52.413512705243136
  ],
  "teleOpEPAOverTime": [
    7.883333333333334,
    10.849999999999998,
    6.422566933949982,
    4.0581699790274435,
    4.795448853776346,
    7.629619452667065,
    9.299736516398625,
    10.870559558119801,
    13.930260171241061,
    22.173785026072466,
    39.34461018943503,
    46.100109174386276,
    44.405541386824765,
    38.66482681262687,
    26.215748052929634,
    14.447051139265776,
    14.0587323264619,
    19.966265424428077,
    21.61760230746087,
    17.552168589550725,
    20.755430843372746,
    34.20699695405698,
    28.390014836424676,
    21.06486173318482,
    25.15051201043273,
    20.655790152638854,
    9.522410426113684,
    11.567989540989753,
    14.256904533967617,
    14.792939837858317,
    14.301382640415255,
    15.245470463153058,
    16.88125517743957,
    25.04420665807214,
    34.165670721374134,
    39.95067889906946,
    38.863118885601715,
    37.40806476196041
  ],
  "autonEPAOverTime": [
    2.6666666666666665,
    5.277777777777778,
    11.887965746929366,
    16.35991783442097,
    15.33195472130868,
    15.50200450279495,
    15.966525417430766,
    16.262489259584147,
    12.99993934784076,
    9.388848978648003,
    13.956471215005518,
    16.739826162360888,
    16.489097957970262,
    13.697096263085573,
    11.678331733118588,
    13.202685325521207,
    15.878620601338145,
    16.65646923531312,
    16.509686780306758,
    17.146961205811188,
    18.50927072208314,
    24.026840523029378,
    21.33487112504995,
    21.269951550382274,
    22.525248354013858,
    18.2701049013957,
    10.88607787532634,
    14.429858535801895,
    7.835141041379053,
    3.814309044967253,
    3.540707746175406,
    3.795384192026165,
    6.824251644228058,
    14.903080068757966,
    16.751952874504944,
    13.347232482165817,
    14.605751004196831,
    15.005447943282725
  ],
  "endGameEPAOverTime": [
    3.8916666666666666,
    3.761111111111111,
    2.4608228993313963,
    1.6905504688197999,
    2.018558016136692,
    3.0079890812424095,
    3.5439542952798524,
    5.525406954712365,
    5.87525058105509,
    8.80544140218452,
    19.764105607483053,
    24.818766143204776,
    24.03618658575943,
    19.770389696169936,
    11.986745214632053,
    6.595254287912943,
    6.453162576320146,
    11.256430674605419,
    13.10349456028625,
    13.270967689127431,
    13.89294274070808,
    16.46824850757131,
    12.627344456780671,
    3.4078622208563356,
    1.86951823260258,
    1.8387928945338003,
    1.9999951345699045,
    3.1483977394033196,
    9.599387867282655,
    11.909830007332209,
    11.013634679377876,
    8.828510433756469,
    5.517187484928671,
    8.014311785960313,
    6.234490609745449,
    7.284525135181523,
    5.802240367889802,
    5.042363678943054
  ],
  "unitlessEPAOverTime": [
    1500,
    1481.7729086250881,
    1494.600693206565,
    1506.9865379002433,
    1505.2782220533027,
    1522.9336591433755,
    1535.4786664215753,
    1500.9761331829166,
    1499.928463247164,
    1523.8539210767624,
    1636.1279981641676,
    1685.393983081521,
    1675.346977049201,
    1621.495160129993,
    1548.1786200442516,
    1496.264883302168,
    1507.8574974018188,
    1541.7360132196193,
    1549.3604201768321,
    1504.9388177881974,
    1525.6049984661818,
    1611.4692910007675,
    1572.9532982058013,
    1539.5019398928143,
    1563.6778773050821,
    1512.55031655708,
    1436.7605356310473,
    1459.637192095448,
    1443.6511569081295,
    1429.388253823121,
    1426.256541290252,
    1428.9183499213982,
    1447.5208263003078,
    1512.2924997828102,
    1556.041835251224,
    1565.5343430999774,
    1566.2161198978638,
    1562.0073908444851
  ],
  "EPA Rank": 136,
  "Auto EPA Rank": 148,
  "TeleOp EPA Rank": 145,
  "Endgame EPA Rank": 314
}