{
  "teamNumber": 14937,
  "teamName": "Electro-Ravens",
  "wins": 23,
  "loss": 4,
  "ties": 0,
  "elo": 1500,
  "totalEPA": 36.21224578631965,
  "autonEPA": 3.9222880079924924,
  "endgameEPA": 15.51152590783187,
  "unitlessEPA": 1497.679168502984,
  "teleOpEPA": 32.28995777832716,
  "totalEPAOverTime": [
    14.441666666666666,
    12.541203703703703,
    11.328672708025664,
    15.404726904070005,
    18.506351985862633,
    17.98103825564801,
    16.190654289740376,
    16.777519647212962,
    22.339138735970607,
    28.705741229915297,
    31.69781028600074,
    26.915287786153666,
    24.110830586620953,
    30.135183067257103,
    34.71230514146045,
    36.52301012493005,
    41.179165773229755,
    47.05969356654431,
    49.226648515373185,
    51.872285294461356,
    52.358371500739246,
    50.296655101950265,
    53.709579879222474,
    56.061843977183884,
    57.16318378671428,
    59.69463092135929,
    62.6445427901815,
    53.99133405182921,
    37.667387252358104,
    35.26138654615572,
    36.21224578631965,
    36.21224578631965,
    36.21224578631965
  ],
  "teleOpEPAOverTime": [
    7.883333333333334,
    9.059722222222222,
    5.529447492539738,
    8.623038014337656,
    13.203917756274478,
    13.95496256431472,
    12.73677648407725,
    14.294462422076574,
    20.55453406050304,
    26.40997292548002,
    30.022234545294236,
    26.011818210601433,
    23.442837466603745,
    29.066001346192824,
    31.74091746412789,
    33.97462472601431,
    39.765428160054284,
    45.973332680617425,
    47.968156485713195,
    50.72736942025059,
    51.74026763241886,
    48.87656488220833,
    51.504715244010264,
    53.87311047688588,
    54.867425118836564,
    56.08157313956444,
    55.55980647319927,
    49.12606164377295,
    38.89348019552858,
    32.71854929893854,
    32.28995777832716,
    32.28995777832716,
    32.28995777832716
  ],
  "autonEPAOverTime": [
    2.6666666666666665,
    3.4814814814814814,
    5.799225215485926,
    6.781688889732349,
    5.302434229588155,
    4.02607569133329,
    3.4538778056631263,
    2.4830572251363883,
    1.7846046754675653,
    2.295768304435276,
    1.6755757407065017,
    0.9034695755522337,
    0.6679931200172068,
    1.0691817210642798,
    2.9713876773325585,
    2.5483853989157383,
    1.4137376131754673,
    1.0863608859268836,
    1.2584920296599886,
    1.1449158742107661,
    0.6181038683203833,
    1.4200902197419378,
    2.2048646352122105,
    2.1887335002980084,
    2.295758667877717,
    3.613057781794851,
    7.084736316982228,
    4.865272408056262,
    -1.2260929431704777,
    2.54283724721718,
    3.9222880079924924,
    3.9222880079924924,
    3.9222880079924924
  ],
  "endGameEPAOverTime": [
    3.8916666666666666,
    3.0328703703703703,
    1.79069762809558,
    2.768971625336915,
    4.488252925878718,
    5.132642964458613,
    4.7030123195935865,
    6.217969821683363,
    10.580515351153316,
    14.46663156125603,
    17.107608642307234,
    18.0780176992594,
    18.12199659796941,
    19.506706381222997,
    18.767096706900467,
    16.392040852481564,
    15.736706450966656,
    17.74938153084783,
    18.318076470885956,
    19.50778955351528,
    20.780708545581966,
    20.084793136905404,
    22.37178863763225,
    23.182664900902274,
    22.389456518473857,
    24.399801482560374,
    26.69062542910922,
    24.182187443438327,
    20.774011690324784,
    16.585577282413485,
    15.51152590783187,
    15.51152590783187,
    15.51152590783187
  ],
  "unitlessEPAOverTime": [
    1500,
    1460.695049841055,
    1453.5691529348928,
    1477.5236267491468,
    1495.7514993999907,
    1492.6642946206957,
    1482.1424262239468,
    1447.4922086417578,
    1476.2166910677659,
    1509.0987274913614,
    1524.5520754548459,
    1499.8514475789564,
    1485.367071670274,
    1508.8600118097563,
    1532.0548133646225,
    1541.230654009706,
    1564.8259622667351,
    1594.6258393494425,
    1605.606995019224,
    1596.1660803338689,
    1598.5236686388378,
    1588.5240463348698,
    1605.077224426979,
    1616.486045035194,
    1621.827702175864,
    1597.554548657486,
    1609.628224916599,
    1574.2115597566644,
    1507.3993776671407,
    1497.551872081327,
    1501.4436380540878,
    1497.679168502984,
    1497.679168502984
  ],
  "EPA Rank": 203,
  "Auto EPA Rank": 298,
  "TeleOp EPA Rank": 174,
  "Endgame EPA Rank": 98
}