{
  "teamNumber": 15206,
  "teamName": "Thunder Cats",
  "wins": 7,
  "loss": 6,
  "ties": 0,
  "elo": 1500,
  "totalEPA": 51.41207403896637,
  "autonEPA": 7.678989532388364,
  "endgameEPA": 19.003088035571967,
  "unitlessEPA": 1558.0136870334752,
  "teleOpEPA": 43.733084506578,
  "totalEPAOverTime": [
    14.441666666666666,
    31.961111111111112,
    61.31216173730166,
    57.13269348225134,
    45.59136808155438,
    52.426475037037115,
    51.13325567492299,
    49.204101951324716,
    48.64129555909313,
    46.18982037393281,
    37.58027588724319,
    45.17488764853703,
    51.41207403896637,
    51.41207403896637,
    51.41207403896637,
    51.41207403896637
  ],
  "teleOpEPAOverTime": [
    7.883333333333334,
    29.35,
    57.75044612195897,
    56.11804927475738,
    39.817894213970455,
    46.936058343794066,
    46.88383394217469,
    42.774028285145576,
    40.24580305928267,
    43.07753099369239,
    36.84862744543764,
    39.38130361222903,
    43.733084506578,
    43.733084506578,
    43.733084506578,
    43.733084506578
  ],
  "autonEPAOverTime": [
    2.6666666666666665,
    2.611111111111111,
    3.5617156153426874,
    1.0146442074939575,
    5.773473867583924,
    5.490416693243047,
    4.2494217327483055,
    6.430073666179143,
    8.395492499810457,
    3.1122893802404183,
    0.7316484418055456,
    5.793584036308001,
    7.678989532388364,
    7.678989532388364,
    7.678989532388364,
    7.678989532388364
  ],
  "endGameEPAOverTime": [
    3.8916666666666666,
    5.261111111111111,
    9.487358301925017,
    8.911673306197924,
    8.588086320956942,
    10.465560721464064,
    10.583297934504994,
    10.170803834309718,
    9.74827833021111,
    12.87930358730468,
    15.457343334400878,
    17.864583012910117,
    19.003088035571967,
    19.003088035571967,
    19.003088035571967,
    19.003088035571967
  ],
  "unitlessEPAOverTime": [
    1500,
    1504.0949155267117,
    1645.4118923236285,
    1625.2889391133824,
    1569.7207335786682,
    1602.6298332676072,
    1596.403349148973,
    1548.3113622684548,
    1546.0743605704927,
    1536.3304162453915,
    1502.109828310988,
    1532.2963358558186,
    1557.0874482853937,
    1558.0136870334752,
    1558.0136870334752,
    1558.0136870334752
  ],
  "EPA Rank": 138,
  "Auto EPA Rank": 229,
  "TeleOp EPA Rank": 108,
  "Endgame EPA Rank": 54
}