{
  "teamNumber": 15322,
  "teamName": "Bosscats 2.0",
  "wins": 2,
  "loss": 8,
  "ties": 0,
  "elo": 1500,
  "totalEPA": 11.510670415839439,
  "autonEPA": 3.352780781313602,
  "endgameEPA": 3.4556741209816635,
  "unitlessEPA": 1398.813415943259,
  "teleOpEPA": 8.157889634525837,
  "totalEPAOverTime": [
    14.441666666666666,
    23.127777777777776,
    18.486210923791916,
    12.746974549025538,
    19.153926069505765,
    19.506251421609086,
    15.737026665997806,
    23.266663971025274,
    28.807794483499368,
    24.318618943281923,
    17.21574667071133,
    8.548780184450186,
    11.510670415839439
  ],
  "teleOpEPAOverTime": [
    7.883333333333334,
    17.349999999999998,
    12.673057560682675,
    7.610299194631412,
    12.318651567636916,
    11.520227705311271,
    8.778715737352508,
    15.706297905463995,
    20.74731871077268,
    20.93225082640312,
    15.587399453272818,
    6.155458439092558,
    8.157889634525837
  ],
  "autonEPAOverTime": [
    2.6666666666666665,
    5.777777777777778,
    5.813153363109239,
    5.136675354394126,
    6.835274501868848,
    7.986023716297816,
    6.958310928645298,
    7.56036606556128,
    8.060475772726685,
    3.3863681168788027,
    1.6283472174385116,
    2.3933217453576274,
    3.352780781313602
  ],
  "endGameEPAOverTime": [
    3.8916666666666666,
    6.261111111111111,
    3.736967219956214,
    -0.6722372501207659,
    1.991945923122847,
    2.3977509718664667,
    1.3475707069430973,
    3.0464436321672963,
    2.041547057985333,
    -3.092420838634379,
    -2.133885212928587,
    1.636260928954396,
    3.4556741209816635
  ],
  "unitlessEPAOverTime": [
    1500,
    1473.0202176589187,
    1449.9247129288894,
    1421.3674250539236,
    1453.2471294298828,
    1455.0002296419423,
    1436.2453240442755,
    1443.3598952896825,
    1464.3566621534137,
    1447.346022895573,
    1420.4314153377309,
    1387.590053034834,
    1398.813415943259
  ],
  "EPA Rank": 361,
  "Auto EPA Rank": 306,
  "TeleOp EPA Rank": 364,
  "Endgame EPA Rank": 350
}