{
  "teamNumber": 15447,
  "teamName": "Scranton TechnoPups Orange",
  "wins": 0,
  "loss": 5,
  "ties": 0,
  "elo": 1500,
  "totalEPA": 21.260484529727904,
  "autonEPA": 9.23857966892266,
  "endgameEPA": 5.445922733997491,
  "unitlessEPA": 1444.1084365978006,
  "teleOpEPA": 12.021904860805245,
  "totalEPAOverTime": [
    14.441666666666666,
    10.961111111111112,
    4.600887445581026,
    3.2601669232338057,
    16.18085808944212,
    24.497495226982267,
    21.260484529727904
  ],
  "teleOpEPAOverTime": [
    7.883333333333334,
    9.183333333333334,
    4.898538179274487,
    1.0604714162069753,
    5.908570216282719,
    12.71226149163744,
    12.021904860805245
  ],
  "autonEPAOverTime": [
    2.6666666666666665,
    1.7777777777777777,
    -0.29765073369346196,
    2.1996955070268305,
    10.2722878731594,
    11.785233735344827,
    9.23857966892266
  ],
  "endGameEPAOverTime": [
    3.8916666666666666,
    3.4277777777777776,
    3.413527068406461,
    4.260628309208479,
    4.2842770519525155,
    5.517507034619221,
    5.445922733997491
  ],
  "unitlessEPAOverTime": [
    1500,
    1397.4880519762305,
    1368.698332299667,
    1362.6295255983898,
    1421.1153739371184,
    1458.7608506424604,
    1444.1084365978006
  ],
  "EPA Rank": 290,
  "Auto EPA Rank": 211,
  "TeleOp EPA Rank": 332,
  "Endgame EPA Rank": 302
}