{
  "teamNumber": 15486,
  "teamName": "Mecha Mavs",
  "wins": 5,
  "loss": 3,
  "ties": 0,
  "elo": 1500,
  "totalEPA": 66.76296273644489,
  "autonEPA": 23.397017377539868,
  "endgameEPA": 16.59762075825368,
  "unitlessEPA": 1669.947714435184,
  "teleOpEPA": 43.36594535890502,
  "totalEPAOverTime": [
    14.441666666666666,
    18.96111111111111,
    36.37118283120798,
    40.851198963800655,
    43.4180729365275,
    57.992018495879776,
    66.76296273644489,
    66.76296273644489,
    66.76296273644489,
    66.76296273644489
  ],
  "teleOpEPAOverTime": [
    7.883333333333334,
    13.18333333333333,
    20.94317812325357,
    19.320377764654616,
    22.39420861660638,
    36.42412901097204,
    43.36594535890502,
    43.36594535890502,
    43.36594535890502,
    43.36594535890502
  ],
  "autonEPAOverTime": [
    2.6666666666666665,
    5.777777777777778,
    15.428004707954411,
    21.53082119914604,
    21.02386431992112,
    21.567889484907738,
    23.397017377539868,
    23.397017377539868,
    23.397017377539868,
    23.397017377539868
  ],
  "endGameEPAOverTime": [
    3.8916666666666666,
    5.594444444444444,
    11.568159918034175,
    17.29323151753908,
    19.48350817238081,
    17.627250886768685,
    16.59762075825368,
    16.59762075825368,
    16.59762075825368,
    16.59762075825368
  ],
  "unitlessEPAOverTime": [
    1500,
    1441.5036058745582,
    1525.32815895908,
    1546.8981648822914,
    1559.2569343949835,
    1629.42634511491,
    1671.6559517997548,
    1669.947714435184,
    1669.947714435184,
    1669.947714435184
  ],
  "EPA Rank": 93,
  "Auto EPA Rank": 62,
  "TeleOp EPA Rank": 111,
  "Endgame EPA Rank": 83
}