{
  "teamNumber": 16536,
  "teamName": "M3B",
  "wins": 2,
  "loss": 8,
  "ties": 1,
  "elo": 1500,
  "totalEPA": 51.124847564990986,
  "autonEPA": 14.040424241947047,
  "endgameEPA": 12.262725543987724,
  "unitlessEPA": 1556.8682374893679,
  "teleOpEPA": 37.084423323043936,
  "totalEPAOverTime": [
    14.441666666666666,
    18.294444444444444,
    15.56140916865654,
    12.334907891623487,
    18.37619103918754,
    23.09523936992155,
    23.31752381868033,
    31.168518514516677,
    41.39180153330601,
    41.14594075751083,
    47.86520563634162,
    62.30527773097013,
    56.97036159747271,
    51.124847564990986
  ],
  "teleOpEPAOverTime": [
    7.883333333333334,
    12.516666666666666,
    5.302268455011941,
    1.005091824432979,
    2.9249081961336074,
    8.434388472816007,
    10.300329272716052,
    16.435483220794495,
    25.80209886226468,
    27.472401750763574,
    31.258564879003835,
    42.986506493277716,
    40.73248851561239,
    37.084423323043936
  ],
  "autonEPAOverTime": [
    2.6666666666666665,
    5.777777777777778,
    10.2591407136446,
    11.329816067190508,
    15.451282843053932,
    14.660850897105544,
    13.017194545964276,
    14.733035293722182,
    15.589702671041332,
    13.673539006747255,
    16.606640757337786,
    19.31877123769242,
    16.237873081860325,
    14.040424241947047
  ],
  "endGameEPAOverTime": [
    3.8916666666666666,
    5.427777777777777,
    7.4458602177852296,
    7.024143967334187,
    6.353109770219277,
    8.651795216120433,
    8.8660629386861,
    10.933972454331442,
    15.830519639240627,
    16.425699055530696,
    13.492070275226165,
    13.687799426857683,
    13.01202688695955,
    12.262725543987724
  ],
  "unitlessEPAOverTime": [
    1500,
    1438.2937951231659,
    1425.1350061049275,
    1409.600318372324,
    1438.6873817712099,
    1461.4082598737061,
    1462.478496393946,
    1477.2830666081984,
    1518.0531763793424,
    1517.0726918520954,
    1543.8688948123227,
    1601.455417979022,
    1580.1799513815715,
    1556.8682374893679
  ],
  "EPA Rank": 140,
  "Auto EPA Rank": 160,
  "TeleOp EPA Rank": 148,
  "Endgame EPA Rank": 152
}