{
  "teamNumber": 16671,
  "teamName": "Northville Broncobots",
  "wins": 14,
  "loss": 10,
  "ties": 0,
  "elo": 1500,
  "totalEPA": 85.57026165202396,
  "autonEPA": 27.557870153298342,
  "endgameEPA": 18.041012671129433,
  "unitlessEPA": 1680.3764932883018,
  "teleOpEPA": 58.01239149872562,
  "totalEPAOverTime": [
    14.441666666666666,
    18.093535511003466,
    22.42021414435966,
    18.933150858867172,
    17.37950076630777,
    16.3325973552763,
    15.735237446048314,
    29.069876369225668,
    53.22368320750926,
    59.16277984016353,
    66.86779397887102,
    69.30781925590898,
    68.94128098904119,
    68.94128098904119,
    68.94128098904119,
    68.94128098904119,
    69.18435918199529,
    65.03773947416033,
    61.02335065761963,
    71.32097960406327,
    83.91408428330264,
    87.97272771286704,
    85.57026165202396,
    85.57026165202396,
    85.57026165202396,
    85.57026165202396,
    85.57026165202396,
    85.57026165202396
  ],
  "teleOpEPAOverTime": [
    7.883333333333334,
    12.18907196197311,
    10.724095181384925,
    7.237938493760215,
    8.944090727511686,
    6.124272987949016,
    5.666749789637516,
    16.16353943471357,
    33.661997640847474,
    37.840137317881414,
    44.9886718769115,
    49.91039005787974,
    50.34762376249145,
    50.34762376249145,
    50.34762376249145,
    50.34762376249145,
    49.51568617845015,
    41.38930509665978,
    36.172383189186576,
    44.226447959061446,
    54.02647850290404,
    59.402394420059316,
    58.01239149872562,
    58.01239149872562,
    58.01239149872562,
    58.01239149872562,
    58.01239149872562,
    58.01239149872562
  ],
  "autonEPAOverTime": [
    2.6666666666666665,
    5.904463549030358,
    11.696118962974737,
    11.695212365106958,
    8.435410038796086,
    10.208324367327283,
    10.068487656410799,
    12.9063369345121,
    19.561685566661787,
    21.322642522282113,
    21.879122101959517,
    19.397429198029243,
    18.593657226549738,
    18.593657226549738,
    18.593657226549738,
    18.593657226549738,
    19.668673003545134,
    23.648434377500546,
    24.85096746843305,
    27.094531645001823,
    29.887605780398598,
    28.570333292807724,
    27.557870153298342,
    27.557870153298342,
    27.557870153298342,
    27.557870153298342,
    27.557870153298342,
    27.557870153298342
  ],
  "endGameEPAOverTime": [
    3.8916666666666666,
    3.797371622747579,
    2.6389800427411068,
    1.9669311009208277,
    4.759938329128458,
    4.519837771885327,
    4.372252339952102,
    8.340625732094054,
    17.76814682020003,
    20.124179664263018,
    20.45574597462237,
    18.651451843841024,
    18.740344808871733,
    18.740344808871733,
    18.740344808871733,
    18.740344808871733,
    19.019397678008602,
    18.552638307701635,
    15.841547083510438,
    13.621637953804003,
    18.650992000779798,
    20.397060994377348,
    18.041012671129433,
    18.041012671129433,
    18.041012671129433,
    18.041012671129433,
    18.041012671129433,
    18.041012671129433
  ],
  "unitlessEPAOverTime": [
    1500,
    1426.2668724015832,
    1444.2787533026672,
    1429.7621751337651,
    1423.2943593331192,
    1418.9361203344881,
    1416.4493223881034,
    1468.283314549027,
    1564.2880999517781,
    1587.8943870071355,
    1618.519713849583,
    1628.2181479170454,
    1626.761258413534,
    1627.919576388408,
    1627.919576388408,
    1627.919576388408,
    1624.8842556789725,
    1608.6654138731403,
    1592.963772114299,
    1633.2413057742956,
    1682.4972267479384,
    1698.3719633691935,
    1688.9751004470713,
    1680.3764932883018,
    1680.3764932883018,
    1680.3764932883018,
    1680.3764932883018,
    1680.3764932883018
  ],
  "EPA Rank": 41,
  "Auto EPA Rank": 25,
  "TeleOp EPA Rank": 55,
  "Endgame EPA Rank": 63
}