{
  "teamNumber": 18954,
  "teamName": "Viking Tech",
  "wins": 19,
  "loss": 25,
  "ties": 1,
  "elo": 1500,
  "totalEPA": 59.06628902728455,
  "autonEPA": 7.735712518073759,
  "endgameEPA": 8.609382632540305,
  "unitlessEPA": 1588.5384396703853,
  "teleOpEPA": 51.330576509210786,
  "totalEPAOverTime": [
    14.441666666666666,
    14.627777777777778,
    11.48539888482447,
    13.170991570134678,
    11.139588516567402,
    -2.0668605868337906,
    -5.2109299846727986,
    10.526046676884802,
    28.884891727841758,
    32.63446271901277,
    23.61060862146502,
    18.78491856822262,
    14.18473646718986,
    13.268702258955376,
    7.566507528868685,
    1.7170884986123887,
    1.7762843854288917,
    14.56518838443626,
    19.31052878174931,
    18.343607702616136,
    31.046061974402335,
    39.892428678759174,
    18.101362290836484,
    24.041665338946245,
    43.3239327265767,
    57.5559705550866,
    60.00223832624223,
    65.60721483424645,
    67.19107355108044,
    60.65872948509405,
    58.6988744737154,
    62.18352394064417,
    68.1911509358654,
    71.94527753661737,
    49.52814215924828,
    42.68926148049469,
    48.51105090069298,
    48.809116202860494,
    54.88939775063662,
    59.163375135648785,
    70.68753419280716,
    58.368728436795294,
    53.91837275898143,
    58.027086994228064,
    58.027086994228064,
    58.027086994228064,
    58.027086994228064,
    58.027086994228064,
    62.07795732300842,
    68.89974202500795,
    59.19357838432982,
    56.67028487724276,
    55.2927253650483,
    56.14104861815984,
    59.06628902728455
  ],
  "teleOpEPAOverTime": [
    7.883333333333334,
    12.350000000000001,
    9.687237082761776,
    9.718356844047207,
    8.167021319759897,
    -0.985939587743186,
    -3.177477095592484,
    10.215015269605011,
    27.293904163030785,
    30.16682067745858,
    20.752705258915807,
    19.836108265709818,
    18.998582215955352,
    18.64758011656002,
    14.509004992139015,
    9.500462787932596,
    9.99470180622782,
    21.617755512364084,
    25.146725649085738,
    23.939539161795523,
    29.487115968162936,
    25.543117168624633,
    2.567850835139822,
    7.127552907309653,
    20.85390218839708,
    33.454086471152905,
    35.27340030244535,
    40.12351028443838,
    43.650204149825555,
    37.6653406766518,
    36.87222509306565,
    40.296551196703746,
    46.60451511826879,
    55.71838160665351,
    41.61346230121291,
    32.926935010147034,
    33.36291152814135,
    32.1788211520344,
    36.38686006947479,
    42.90342857922353,
    59.50839796755146,
    49.44071033943551,
    43.72294843943669,
    46.3243627425624,
    46.3243627425624,
    46.3243627425624,
    46.3243627425624,
    46.3243627425624,
    47.12180386826296,
    46.75080822973197,
    39.25774088428936,
    38.88155180105967,
    45.74152191412598,
    49.18740464019458,
    51.330576509210786
  ],
  "autonEPAOverTime": [
    2.6666666666666665,
    2.2777777777777777,
    1.798161802062694,
    3.4526347260874717,
    2.9725671968075047,
    -1.0809209990906046,
    -2.0334528890803147,
    0.3110314072797902,
    1.5909875648109737,
    2.4676420415541838,
    2.8579033625492136,
    -1.0511896974872004,
    -4.813845748765491,
    -5.378877857604644,
    -6.942497463270329,
    -7.783374289320207,
    -8.218417420798929,
    -7.052567127927826,
    -5.836196867336431,
    -5.595931459179388,
    1.558946006239398,
    14.349311510134541,
    15.533511455696662,
    16.914112431636593,
    22.47003053817962,
    24.101884083933694,
    24.72883802379688,
    25.483704549808063,
    23.540869401254877,
    22.993388808442248,
    21.82664938064975,
    21.886972743940426,
    21.5866358175966,
    16.226895929963856,
    7.914679858035371,
    9.762326470347656,
    15.14813937255163,
    16.630295050826096,
    18.502537681161822,
    16.25994655642526,
    11.179136225255707,
    8.928018097359782,
    10.195424319544735,
    11.702724251665666,
    11.702724251665666,
    11.702724251665666,
    11.702724251665666,
    11.702724251665666,
    14.956153454745463,
    22.148933795275976,
    19.935837500040453,
    17.78873307618308,
    9.551203450922314,
    6.953643977965267,
    7.735712518073759
  ],
  "endGameEPAOverTime": [
    3.8916666666666666,
    6.094444444444444,
    7.862996621449982,
    6.447632401684193,
    4.580654688556872,
    3.6940495027954734,
    3.7340043475534,
    7.8226695650356,
    11.282896924656661,
    12.030693610159272,
    11.154171401645124,
    11.071635782548112,
    10.424953634074024,
    10.209600866347357,
    9.244988740868598,
    7.289038448010812,
    5.774421935455163,
    7.928750363833066,
    8.721172851432982,
    8.673649347092747,
    8.579430011466178,
    6.591099151002939,
    3.620255034040416,
    3.7732179958106897,
    8.028465390190929,
    10.997170626130202,
    11.54863280648835,
    12.862014226360827,
    13.07422399284801,
    10.333712718829178,
    10.991087572958081,
    12.40440172298942,
    15.123119940235481,
    22.043474638737724,
    22.399857768510667,
    19.46252367659675,
    16.074155392763203,
    15.180375386864132,
    17.448211154394922,
    19.58764167277393,
    24.930439883251957,
    21.95084993092736,
    19.091064250675025,
    19.259917673961816,
    19.259917673961816,
    19.259917673961816,
    19.259917673961816,
    19.259917673961816,
    18.955436136880834,
    15.093685220711048,
    9.058769275564039,
    4.263117856910595,
    8.074165326831285,
    8.748201029272321,
    8.609382632540305
  ],
  "unitlessEPAOverTime": [
    1500,
    1501.4586122503365,
    1476.8307847063702,
    1490.0413132191097,
    1474.120558345237,
    1370.6173965476294,
    1345.9763199766662,
    1468.7319556017892,
    1580.7237983302011,
    1603.5967711984126,
    1548.5498417161016,
    1519.1123732915498,
    1491.050538848753,
    1485.4625860827866,
    1402.6598938798427,
    1372.3093111131511,
    1372.616457797801,
    1438.973592978137,
    1463.5954991434855,
    1458.5784849598044,
    1499.6892136911213,
    1542.2819581287288,
    1437.3641593643365,
    1465.9650322498649,
    1558.803676007926,
    1627.3268980621892,
    1601.5409706919274,
    1624.8882967468248,
    1631.4858027014004,
    1604.2755607684394,
    1596.1118559062268,
    1610.6270366880244,
    1632.1760125114827,
    1647.6247073365357,
    1555.3754253790478,
    1527.232586368277,
    1551.1899691774636,
    1552.4165447250757,
    1577.8872391808743,
    1595.3801750989937,
    1642.5473352725646,
    1592.1277704818483,
    1573.9129369270806,
    1590.729468309553,
    1584.7288400791865,
    1584.7288400791865,
    1584.7288400791865,
    1584.7288400791865,
    1600.548871816817,
    1627.753920393137,
    1589.0460653567618,
    1578.9832554864217,
    1573.4895943576796,
    1576.8726790367602,
    1588.5384396703853
  ],
  "EPA Rank": 115,
  "Auto EPA Rank": 227,
  "TeleOp EPA Rank": 82,
  "Endgame EPA Rank": 223
}