{
  "teamNumber": 20142,
  "teamName": "Walnut Creek CyberHawks",
  "wins": 12,
  "loss": 11,
  "ties": 0,
  "elo": 1500,
  "totalEPA": 38.62147595402932,
  "autonEPA": 10.251687395382366,
  "endgameEPA": 15.840242006056032,
  "unitlessEPA": 1495.972816890378,
  "teleOpEPA": 28.369788558646956,
  "totalEPAOverTime": [
    14.441666666666666,
    38.96111111111111,
    81.41561640897108,
    75.33472917618087,
    66.17939363124007,
    65.33435361153221,
    67.34540822965884,
    67.34540822965884,
    67.34540822965884,
    67.34540822965884,
    67.34540822965884,
    67.34540822965884,
    79.71194393004387,
    93.5718052704475,
    86.1523006879559,
    89.8636514388857,
    75.49612531718674,
    73.95481100057941,
    73.95481100057941,
    73.95481100057941,
    65.88585791478356,
    50.58771565180126,
    56.31925295503053,
    62.30292610703124,
    57.829881839328,
    45.747378180456884,
    38.62147595402932
  ],
  "teleOpEPAOverTime": [
    7.883333333333334,
    29.18333333333333,
    60.302310792731454,
    55.33608409567897,
    50.882400762074745,
    48.63621072389138,
    51.15554570899967,
    51.15554570899967,
    51.15554570899967,
    51.15554570899967,
    51.15554570899967,
    51.15554570899967,
    61.49260257167915,
    73.52891479420533,
    62.554019711239874,
    64.30134595644043,
    54.64368164109172,
    52.87454729217208,
    52.87454729217208,
    52.87454729217208,
    44.82207178251541,
    27.84923109566852,
    30.94114977513409,
    39.93477150639909,
    36.371542629311634,
    31.64207685774313,
    28.369788558646956
  ],
  "autonEPAOverTime": [
    2.6666666666666665,
    9.777777777777777,
    21.11330561623962,
    19.998645080501902,
    15.29699286916533,
    16.69814288764083,
    16.189862520659176,
    16.189862520659176,
    16.189862520659176,
    16.189862520659176,
    16.189862520659176,
    16.189862520659176,
    18.219341358364723,
    20.04289047624216,
    23.598280976716026,
    25.56230548244526,
    20.852443676095017,
    21.08026370840733,
    21.08026370840733,
    21.08026370840733,
    21.063786132268152,
    22.73848455613274,
    25.37810317989644,
    22.368154600632153,
    21.458339210016366,
    14.105301322713753,
    10.251687395382366
  ],
  "endGameEPAOverTime": [
    3.8916666666666666,
    8.927777777777777,
    18.432957092132522,
    18.348548018028954,
    18.979112201322796,
    17.160449310641784,
    16.623086176877685,
    16.623086176877685,
    16.623086176877685,
    16.623086176877685,
    16.623086176877685,
    16.623086176877685,
    22.865297582361567,
    30.791524229766864,
    23.823766176075587,
    22.11997239666921,
    17.955646423238612,
    16.60475047849629,
    16.60475047849629,
    16.60475047849629,
    15.204310135673024,
    11.170595101652475,
    12.393391441093668,
    18.393649324383734,
    20.222579529171348,
    18.47863892515868,
    15.840242006056032
  ],
  "unitlessEPAOverTime": [
    1500,
    1552.0585049781575,
    1767.5260939429345,
    1736.6640193144958,
    1690.1983247505939,
    1685.9095282059695,
    1696.1161502547739,
    1693.2976326571884,
    1693.2976326571884,
    1693.2976326571884,
    1693.2976326571884,
    1693.2976326571884,
    1708.690504668966,
    1771.4275314985093,
    1737.8429488954528,
    1754.6424756667752,
    1689.6074908546586,
    1682.630691068656,
    1669.3672329713702,
    1669.3672329713702,
    1597.38004248455,
    1540.4800853952213,
    1561.7979827584045,
    1584.0536749681223,
    1567.4166204476628,
    1522.4769194105645,
    1495.972816890378
  ],
  "EPA Rank": 196,
  "Auto EPA Rank": 199,
  "TeleOp EPA Rank": 196,
  "Endgame EPA Rank": 93
}