{
  "teamNumber": 20252,
  "teamName": "Quantum Robotics",
  "wins": 4,
  "loss": 6,
  "ties": 0,
  "elo": 1500,
  "totalEPA": 50.27551723473494,
  "autonEPA": 20.98096594559078,
  "endgameEPA": 17.23214482263167,
  "unitlessEPA": 1553.797072328373,
  "teleOpEPA": 29.294551289144163,
  "totalEPAOverTime": [
    14.441666666666666,
    16.294444444444444,
    28.48208999635395,
    47.6793752874375,
    36.402937980901044,
    37.12433998285627,
    35.501327621204915,
    45.40604973975371,
    60.20675285812817,
    50.884909759831245,
    41.407400069715955,
    47.0070035220225,
    50.27551723473494
  ],
  "teleOpEPAOverTime": [
    7.883333333333334,
    11.183333333333334,
    13.796192263028471,
    23.046624748906375,
    8.876698537303831,
    13.670482922959351,
    13.983126410991968,
    23.57337539173299,
    37.42739427383165,
    28.08573068396314,
    19.82605020375581,
    25.944915454220364,
    29.294551289144163
  ],
  "autonEPAOverTime": [
    2.6666666666666665,
    5.111111111111111,
    14.685897733325477,
    24.632750538531127,
    27.526239443597213,
    23.45385705989692,
    21.518201210212947,
    21.83267434802072,
    22.77935858429652,
    22.799179075868107,
    21.581349865960146,
    21.062088067802136,
    20.98096594559078
  ],
  "endGameEPAOverTime": [
    3.8916666666666666,
    5.261111111111111,
    10.684627085130872,
    14.217776255332458,
    10.317598557603873,
    9.806965388765924,
    10.093222861964223,
    11.816798131141887,
    14.727553280505568,
    11.964938846549554,
    12.376406568825926,
    15.670006369759115,
    17.23214482263167
  ],
  "unitlessEPAOverTime": [
    1500,
    1428.6643628689883,
    1487.344416459008,
    1579.773895546311,
    1525.4810509904253,
    1528.9543968433532,
    1521.140053051246,
    1534.3660096793612,
    1593.4265516870792,
    1556.2287846963454,
    1518.4098476698534,
    1540.7544357800589,
    1553.797072328373
  ],
  "EPA Rank": 144,
  "Auto EPA Rank": 85,
  "TeleOp EPA Rank": 193,
  "Endgame EPA Rank": 76
}