{
  "teamNumber": 20853,
  "teamName": "Holmes Comp Team 1",
  "wins": 0,
  "loss": 4,
  "ties": 1,
  "elo": 1500,
  "totalEPA": 8.915236523118791,
  "autonEPA": 3.321216172190257,
  "endgameEPA": 0.9479504367416891,
  "unitlessEPA": 1387.9834596253677,
  "teleOpEPA": 5.594020350928535,
  "totalEPAOverTime": [
    14.441666666666666,
    17.627777777777776,
    21.017343458634166,
    17.992507170643172,
    11.715751909827882,
    8.540483917798715,
    8.77556433000907,
    8.915236523118791
  ],
  "teleOpEPAOverTime": [
    7.883333333333334,
    14.849999999999998,
    18.664818201832375,
    16.388792862829845,
    8.136924056049104,
    3.2523708391182895,
    5.212105367268378,
    5.594020350928535
  ],
  "autonEPAOverTime": [
    2.6666666666666665,
    2.7777777777777777,
    2.3525252568017896,
    1.6037143078133251,
    3.5788278537787783,
    5.288113078680426,
    3.5634589627406923,
    3.321216172190257
  ],
  "endGameEPAOverTime": [
    3.8916666666666666,
    2.5944444444444446,
    0.1211609802405159,
    0.1626429692761158,
    1.487933905931576,
    0.9687586483459281,
    0.7954262782965802,
    0.9479504367416891
  ],
  "unitlessEPAOverTime": [
    1500,
    1423.8210200700692,
    1437.7634234881327,
    1425.3212725544731,
    1399.502904585681,
    1386.4419783568817,
    1387.4089417531754,
    1387.9834596253677
  ],
  "EPA Rank": 373,
  "Auto EPA Rank": 310,
  "TeleOp EPA Rank": 382,
  "Endgame EPA Rank": 407
}