{
  "teamNumber": 21353,
  "teamName": "Red Arrow Robotics",
  "wins": 2,
  "loss": 8,
  "ties": 0,
  "elo": 1500,
  "totalEPA": 36.792350409299374,
  "autonEPA": 13.230792111534939,
  "endgameEPA": 10.005307556578993,
  "unitlessEPA": 1494.5192074702495,
  "teleOpEPA": 23.561558297764435,
  "totalEPAOverTime": [
    14.441666666666666,
    12.127777777777778,
    7.336702992430017,
    -3.352775522948855,
    11.085835673491193,
    23.919009940898107,
    20.28614090034422,
    21.831506305842403,
    25.40258393169805,
    26.16011159341826,
    33.21326114991361,
    36.99288927369465,
    36.792350409299374
  ],
  "teleOpEPAOverTime": [
    7.883333333333334,
    10.350000000000001,
    7.117021033379059,
    0.4653550509318598,
    14.206813063269621,
    23.71813079386806,
    19.511781555050632,
    18.297317962542195,
    14.801291052419007,
    14.282428480471777,
    19.730861270849324,
    22.380713139076498,
    23.561558297764435
  ],
  "autonEPAOverTime": [
    2.6666666666666665,
    1.7777777777777777,
    0.21968195905095778,
    -3.818130573880715,
    -3.120977389778428,
    0.20087914703004595,
    0.7743593452935849,
    3.5341883433002095,
    10.601292879279043,
    11.877683112946483,
    13.482399879064289,
    14.612176134618155,
    13.230792111534939
  ],
  "endGameEPAOverTime": [
    3.8916666666666666,
    2.927777777777778,
    1.9798900066046845,
    -0.8714314768555984,
    2.2012090684593884,
    6.252690777187008,
    5.535366671486222,
    5.297527781794074,
    4.394723840634651,
    4.384774344728927,
    4.805179068226097,
    8.877975382486731,
    10.005307556578993
  ],
  "unitlessEPAOverTime": [
    1500,
    1427.1202870602694,
    1401.5501209052888,
    1344.499927786984,
    1421.5593985489988,
    1490.050585394373,
    1470.661811654014,
    1437.5142679848539,
    1451.1210579862625,
    1454.0074471643234,
    1480.8818909369552,
    1495.2833158153583,
    1494.5192074702495
  ],
  "EPA Rank": 201,
  "Auto EPA Rank": 167,
  "TeleOp EPA Rank": 234,
  "Endgame EPA Rank": 197
}