{
  "teamNumber": 21537,
  "teamName": "Sneaky Suspicion",
  "wins": 16,
  "loss": 13,
  "ties": 1,
  "elo": 1500,
  "totalEPA": 50.874404959158966,
  "autonEPA": 11.6547421337871,
  "endgameEPA": 15.89404380757724,
  "unitlessEPA": 1548.6649028081335,
  "teleOpEPA": 39.21966282537187,
  "totalEPAOverTime": [
    14.441666666666666,
    7.961111111111111,
    -0.3359134468830971,
    3.7791442011889123,
    9.929495330467997,
    8.722533472834613,
    8.85219346082433,
    11.90146230721622,
    17.38204535351355,
    25.80091237253667,
    30.3469408569839,
    34.5724601330281,
    35.34349804887996,
    37.30815689425239,
    39.44912848863147,
    35.7913526128595,
    36.66714651128439,
    34.8930728306243,
    33.6149878373891,
    32.17069223529164,
    29.326525736003685,
    26.676785776152293,
    16.74849663571343,
    20.09637883950787,
    18.01421232106597,
    22.271565823110528,
    34.62391636058858,
    39.29440714616825,
    44.00278086210342,
    50.105325567493864,
    50.874404959158966,
    50.874404959158966,
    50.874404959158966,
    50.874404959158966,
    50.874404959158966,
    50.874404959158966
  ],
  "teleOpEPAOverTime": [
    7.883333333333334,
    6.183333333333334,
    -0.7011016803840878,
    3.7890780119236873,
    10.019238324420318,
    8.767808951754924,
    8.86374768803208,
    11.909165125354718,
    17.391996743065146,
    25.771604538356225,
    30.345388889897137,
    33.8479746158948,
    34.41671592274584,
    36.164171091350326,
    38.12353048195994,
    37.39828563507706,
    37.711929400059276,
    35.20643631324933,
    33.4531070338232,
    34.74655132811906,
    36.05999425754555,
    28.375504178540467,
    15.210607080979852,
    17.98785127234751,
    16.128451540960068,
    17.811209617466723,
    21.80434236992496,
    22.07194060980493,
    28.511298142932347,
    37.7330932003384,
    39.21966282537187,
    39.21966282537187,
    39.21966282537187,
    39.21966282537187,
    39.21966282537187,
    39.21966282537187
  ],
  "autonEPAOverTime": [
    2.6666666666666665,
    1.7777777777777777,
    0.3651882335009907,
    -0.009933810734775037,
    -0.08974299395232059,
    -0.04527547892031199,
    -0.011554227207749831,
    -0.007702818138499888,
    -0.009951389551597013,
    0.029307834180441472,
    0.0015519670867634866,
    0.7244855171333022,
    0.926782126134121,
    1.143985802902069,
    1.325598006671534,
    -1.606933022217563,
    -1.0447828887748813,
    -0.3133634826250276,
    0.16188080356589818,
    -2.5758590928274203,
    -6.733468521541865,
    -1.6987184023881738,
    1.5378895547335778,
    2.108527567160362,
    1.8857607801058995,
    4.460356205643805,
    12.81957399066362,
    17.222466536363317,
    15.491482719171074,
    12.372232367155458,
    11.6547421337871,
    11.6547421337871,
    11.6547421337871,
    11.6547421337871,
    11.6547421337871,
    11.6547421337871
  ],
  "endGameEPAOverTime": [
    3.8916666666666666,
    3.5944444444444446,
    2.8503977099527513,
    4.913546191952442,
    7.123559086327153,
    6.5263647727007985,
    6.299287043707264,
    6.1995246958048424,
    4.770572487077636,
    6.979079000661476,
    9.64606865570687,
    12.1254539577476,
    12.422106505630806,
    14.636947234678368,
    17.98353891154779,
    20.155403291660505,
    20.12723980269802,
    18.348422802257097,
    17.769591481250544,
    18.330305703856062,
    19.83569493899044,
    15.737998239316207,
    10.283761898441304,
    12.206685299624757,
    11.1156381515402,
    11.781087348505721,
    13.935079459867332,
    14.51392639644033,
    15.973642141827456,
    16.57467327292009,
    15.89404380757724,
    15.89404380757724,
    15.89404380757724,
    15.89404380757724,
    15.89404380757724,
    15.89404380757724
  ],
  "unitlessEPAOverTime": [
    1500,
    1421.1554369001874,
    1381.8888675500039,
    1401.363824552793,
    1430.471028883426,
    1424.7589508782905,
    1425.3725808458476,
    1420.091328105239,
    1447.8958583602132,
    1490.6071248013227,
    1513.670398447214,
    1535.1076392592336,
    1539.0193302012256,
    1524.9891072258467,
    1535.3132826727222,
    1517.6747862134685,
    1521.898032279124,
    1513.3431089055932,
    1507.1799380625885,
    1487.483347924653,
    1475.7865380477665,
    1464.8893192874268,
    1424.0586187966,
    1437.8269905279312,
    1429.2639524975168,
    1438.6852304375768,
    1485.15455279747,
    1502.7248558127148,
    1520.4376737361374,
    1543.3953380503128,
    1546.2886010016193,
    1548.6649028081335,
    1548.6649028081335,
    1548.6649028081335,
    1548.6649028081335,
    1548.6649028081335
  ],
  "EPA Rank": 142,
  "Auto EPA Rank": 179,
  "TeleOp EPA Rank": 133,
  "Endgame EPA Rank": 92
}