{
  "teamNumber": 21564,
  "teamName": "Tech Titans",
  "wins": 6,
  "loss": 4,
  "ties": 0,
  "elo": 1500,
  "totalEPA": 47.92957980691878,
  "autonEPA": 23.47204845720534,
  "endgameEPA": 1.9497008023356752,
  "unitlessEPA": 1533.688111716531,
  "teleOpEPA": 24.45753134971344,
  "totalEPAOverTime": [
    14.441666666666666,
    9.627777777777778,
    -4.261433906197954,
    -5.88902198593751,
    -2.8787399298595107,
    0.3884808159351145,
    3.1894682942774972,
    4.077629686786489,
    12.045536734152034,
    22.17789339818905,
    37.02906762874741,
    47.52003495861603,
    47.92957980691878
  ],
  "teleOpEPAOverTime": [
    7.883333333333334,
    7.8500000000000005,
    -4.705766531812915,
    -7.697525278836868,
    -3.170897849682056,
    2.9561166921302804,
    5.406323267013242,
    4.871728667361738,
    6.2692835966723255,
    4.995839287979507,
    15.300670404122108,
    23.756113310679893,
    24.45753134971344
  ],
  "autonEPAOverTime": [
    2.6666666666666665,
    1.7777777777777777,
    0.44433262561496106,
    1.8085032928993579,
    0.29215791982254524,
    -2.567635876195166,
    -2.2168549727357454,
    -0.7940989805752496,
    5.776253137479708,
    17.182054110209542,
    21.728397224625304,
    23.763921647936137,
    23.47204845720534
  ],
  "endGameEPAOverTime": [
    3.8916666666666666,
    2.5944444444444446,
    -1.3441172382569277,
    -3.9899591073456495,
    -1.2396718237257358,
    2.119474984902522,
    3.0894254487381727,
    3.3322560696107857,
    5.499890125020225,
    5.651241405256197,
    4.652684138091658,
    3.12792062935677,
    1.9497008023356752
  ],
  "unitlessEPAOverTime": [
    1500,
    1403.184255583664,
    1332.6929158973076,
    1324.4324856577173,
    1339.710445256501,
    1356.2924351247837,
    1370.5081706384744,
    1371.075483028842,
    1400.6222262537558,
    1438.195222378821,
    1493.2666268229586,
    1532.1694297841295,
    1533.688111716531
  ],
  "EPA Rank": 159,
  "Auto EPA Rank": 59,
  "TeleOp EPA Rank": 228,
  "Endgame EPA Rank": 382
}