{
  "teamNumber": 21906,
  "teamName": "Red Storm Robotics-Gold",
  "wins": 6,
  "loss": 12,
  "ties": 0,
  "elo": 1500,
  "totalEPA": 75.78016110166486,
  "autonEPA": 22.80222567702425,
  "endgameEPA": 25.603454824424116,
  "unitlessEPA": 1631.4408478471569,
  "teleOpEPA": 52.977935424640606,
  "totalEPAOverTime": [
    14.441666666666666,
    21.46111111111111,
    34.78027227439693,
    35.047574931354966,
    28.705276595852204,
    37.58136557412887,
    41.277381456023285,
    41.277381456023285,
    41.277381456023285,
    51.657540102241626,
    67.0907696981514,
    56.649771624798746,
    58.126850662920006,
    65.99037242767758,
    72.33040490474933,
    62.72551007497905,
    46.71135220149201,
    61.34956616920301,
    72.56994138656395,
    72.44255202378125,
    76.23842370123768,
    75.78016110166486
  ],
  "teleOpEPAOverTime": [
    7.883333333333334,
    15.849999999999998,
    21.94246588912661,
    21.40538205547226,
    19.33839315669259,
    24.323973986025724,
    27.981995609553664,
    27.981995609553664,
    27.981995609553664,
    37.18916300796138,
    52.52323838190553,
    42.438373285795144,
    41.87116234235241,
    48.59737721308407,
    51.997443388415874,
    44.23594081673295,
    33.49687203994137,
    48.46464782612158,
    56.716540419240886,
    49.382907890242976,
    53.33982454000481,
    52.977935424640606
  ],
  "autonEPAOverTime": [
    2.6666666666666665,
    5.611111111111111,
    12.837806385270321,
    13.642192875882706,
    9.366883439159617,
    13.257391588103143,
    13.295385846469621,
    13.295385846469621,
    13.295385846469621,
    14.468377094280239,
    14.567531316245873,
    14.211398339003603,
    16.255688320567593,
    17.392995214593515,
    20.33296151633346,
    18.4895692582461,
    13.214480161550641,
    12.884918343081427,
    15.853400967323068,
    23.059644133538274,
    22.89859916123287,
    22.80222567702425
  ],
  "endGameEPAOverTime": [
    3.8916666666666666,
    6.594444444444445,
    11.769701961009991,
    12.818568524846976,
    8.933211070099885,
    8.754980035681449,
    10.328827626501548,
    10.328827626501548,
    10.328827626501548,
    11.625411910973511,
    12.784011773092596,
    9.828586952315213,
    11.94537831117131,
    16.384182515771624,
    19.027109134379284,
    15.212288620863365,
    10.116698023465311,
    18.681651326126424,
    22.462294587471597,
    21.970307557384604,
    25.68697555723052,
    25.603454824424116
  ],
  "unitlessEPAOverTime": [
    1500,
    1476.9326767234434,
    1548.0175959218943,
    1549.4442013618652,
    1515.5950903567048,
    1562.9671478071607,
    1582.6929388761112,
    1577.5737894259414,
    1577.5737894259414,
    1591.8895601069348,
    1665.7606741691438,
    1615.7848635452708,
    1622.8548985904874,
    1660.4936254431625,
    1690.8401747095586,
    1583.2196768110355,
    1524.0667018109132,
    1578.1372256385832,
    1619.5829625900963,
    1619.1124127271876,
    1633.1335747648116,
    1631.4408478471569
  ],
  "EPA Rank": 69,
  "Auto EPA Rank": 70,
  "TeleOp EPA Rank": 76,
  "Endgame EPA Rank": 22
}