{
  "teamNumber": 21914,
  "teamName": "Team KARMA",
  "wins": 10,
  "loss": 13,
  "ties": 0,
  "elo": 1500,
  "totalEPA": 59.08074768944588,
  "autonEPA": 16.649623680189926,
  "endgameEPA": 7.723880129873779,
  "unitlessEPA": 1572.0690947136682,
  "teleOpEPA": 42.43112400925595,
  "totalEPAOverTime": [
    14.441666666666666,
    17.794444444444444,
    18.335185185185185,
    26.387632608085237,
    35.430805821846654,
    32.21532605489603,
    32.7680408417109,
    32.7680408417109,
    32.7680408417109,
    47.19243113322229,
    52.42971799603682,
    69.65369564770381,
    75.19552599671158,
    89.79145627786863,
    86.2223273023076,
    87.77832830747856,
    77.29618120185894,
    51.524394736449594,
    40.99956942211135,
    42.14133926280549,
    41.321447409651284,
    37.31098841512082,
    29.63340280334027,
    27.49667820419171,
    20.295347922609576,
    40.562933974601606,
    57.561944447958446,
    59.08074768944588
  ],
  "teleOpEPAOverTime": [
    7.883333333333334,
    8.516666666666667,
    4.78888888888889,
    3.5520919007323855,
    13.292019186515493,
    14.777210516139025,
    15.299177513090754,
    15.299177513090754,
    15.299177513090754,
    27.04167142480431,
    32.38302002064424,
    52.35126505560328,
    58.2028813534505,
    70.14207454178612,
    66.48002622524243,
    67.10418852103535,
    58.522727492839294,
    40.8908027485577,
    30.64541146044728,
    27.76630602595675,
    26.039492199119827,
    20.655807591046013,
    8.28349415379212,
    9.661436751196472,
    6.817293942410966,
    27.842226404843224,
    41.97659553995264,
    42.43112400925595
  ],
  "autonEPAOverTime": [
    2.6666666666666665,
    9.277777777777777,
    13.546296296296296,
    22.835540707352852,
    22.13878663533116,
    17.438115538757007,
    17.468863328620145,
    17.468863328620145,
    17.468863328620145,
    20.150759708417983,
    20.046697975392586,
    17.302430592100535,
    16.99264464326108,
    19.64938173608252,
    19.742301077065182,
    20.674139786443206,
    18.773453709019652,
    10.633591987891899,
    10.354157961664068,
    14.375033236848735,
    15.281955210531459,
    16.655180824074804,
    21.34990864954815,
    17.835241452995238,
    13.47805398019861,
    12.720707569758384,
    15.585348908005809,
    16.649623680189926
  ],
  "endGameEPAOverTime": [
    3.8916666666666666,
    4.594444444444444,
    3.6462962962962964,
    3.7033723946165216,
    7.0001722371234445,
    7.1706588304812415,
    6.740269565648968,
    6.740269565648968,
    6.740269565648968,
    11.376080384771075,
    15.121354871806854,
    25.789217025332643,
    19.707078597773254,
    18.569142449306547,
    18.035683413453675,
    17.381125066766952,
    13.675096982648203,
    9.427631585561574,
    6.543256357758671,
    7.899640529146566,
    8.614928478474583,
    8.766878502387451,
    7.113598226124928,
    3.468131637499745,
    -2.432936848516289,
    2.8120360699490012,
    7.279387083781439,
    7.723880129873779
  ],
  "unitlessEPAOverTime": [
    1500,
    1469.2100412816276,
    1472.1784236665385,
    1516.3821266329805,
    1566.0243933404145,
    1548.3730998828908,
    1551.407213485675,
    1537.2782327557397,
    1537.2782327557397,
    1561.4900748298562,
    1585.1967915391044,
    1663.1615793176104,
    1688.2468201256797,
    1754.3156823719182,
    1738.1599262068028,
    1718.4306454680022,
    1675.0847905745882,
    1568.5131020438296,
    1524.990763895259,
    1529.7122192743648,
    1526.3217962115114,
    1491.0985855328604,
    1462.5425501430575,
    1454.595210138418,
    1427.8105602793555,
    1503.193881785859,
    1566.4200532952939,
    1572.0690947136682
  ],
  "EPA Rank": 114,
  "Auto EPA Rank": 131,
  "TeleOp EPA Rank": 118,
  "Endgame EPA Rank": 241
}