{
  "teamNumber": 22420,
  "teamName": "Scranton TechnoPups Gray",
  "wins": 2,
  "loss": 3,
  "ties": 0,
  "elo": 1500,
  "totalEPA": 7.906711474697897,
  "autonEPA": 8.671229226564467,
  "endgameEPA": 6.054115578773825,
  "unitlessEPA": 1383.6622317005838,
  "teleOpEPA": -0.7645177518665704,
  "totalEPAOverTime": [
    14.441666666666666,
    28.299588485191176,
    49.72749688910499,
    33.66158119355746,
    42.10064706953857,
    22.61507468711886,
    7.906711474697897
  ],
  "teleOpEPAOverTime": [
    7.883333333333334,
    20.54236428184489,
    34.58026590760608,
    23.389134064716213,
    29.208665711076435,
    11.616156440460369,
    -0.7645177518665704
  ],
  "autonEPAOverTime": [
    2.6666666666666665,
    7.757224203346286,
    15.147230981498907,
    10.272447128841247,
    12.89198135846213,
    10.99891824665849,
    8.671229226564467
  ],
  "endGameEPAOverTime": [
    3.8916666666666666,
    8.127380545077827,
    16.1621066026027,
    10.736694767117585,
    8.287256615728023,
    6.357769480418605,
    6.054115578773825
  ],
  "unitlessEPAOverTime": [
    1500,
    1475.9711257592337,
    1572.9651166383796,
    1500.2423267577565,
    1538.4419803671549,
    1450.2400245668327,
    1383.6622317005838
  ],
  "EPA Rank": 378,
  "Auto EPA Rank": 217,
  "TeleOp EPA Rank": 420,
  "Endgame EPA Rank": 281
}