{
  "teamNumber": 22600,
  "teamName": "Fulton Middle School",
  "wins": 2,
  "loss": 3,
  "ties": 0,
  "elo": 1500,
  "totalEPA": 1.810083173588033,
  "autonEPA": -2.177841279163334,
  "endgameEPA": 0.848247977337883,
  "unitlessEPA": 1359.4809807918177,
  "teleOpEPA": 3.987924452751367,
  "totalEPAOverTime": [
    14.441666666666666,
    12.228480986571194,
    5.119473482736238,
    6.335225707595538,
    6.563488390167384,
    3.919491291185702,
    1.810083173588033
  ],
  "teleOpEPAOverTime": [
    7.883333333333334,
    10.609170037609202,
    6.548796592543987,
    10.538550979194422,
    11.442690325492519,
    6.684835290473593,
    3.987924452751367
  ],
  "autonEPAOverTime": [
    2.6666666666666665,
    1.6193109489619915,
    -1.4293231098077483,
    -4.203325271598883,
    -4.879201935325135,
    -2.7653439992878917,
    -2.177841279163334
  ],
  "endGameEPAOverTime": [
    3.8916666666666666,
    2.182835849262852,
    -0.4095759488490791,
    2.765698546205812,
    3.3162328200239437,
    1.850386398110202,
    0.848247977337883
  ],
  "unitlessEPAOverTime": [
    1500,
    1398.706567021564,
    1371.9409364653868,
    1376.5182807544288,
    1377.37769673172,
    1367.4229668338023,
    1359.4809807918177
  ],
  "EPA Rank": 417,
  "Auto EPA Rank": 420,
  "TeleOp EPA Rank": 396,
  "Endgame EPA Rank": 413
}