{
  "teamNumber": 22888,
  "teamName": "Hornets",
  "wins": 2,
  "loss": 3,
  "ties": 0,
  "elo": 1500,
  "totalEPA": 3.4933104314440504,
  "autonEPA": 2.829837182434125,
  "endgameEPA": 3.520223699499263,
  "unitlessEPA": 1368.0417686523747,
  "teleOpEPA": 0.6634732490099253,
  "totalEPAOverTime": [
    14.441666666666666,
    10.294444444444444,
    2.3838852034769005,
    4.193757646202392,
    5.533298189076271,
    4.565161938641897,
    3.4933104314440504
  ],
  "teleOpEPAOverTime": [
    7.883333333333334,
    8.516666666666666,
    4.276676443481498,
    5.8361926243133695,
    3.862948328921303,
    1.781670934374866,
    0.6634732490099253
  ],
  "autonEPAOverTime": [
    2.6666666666666665,
    1.7777777777777777,
    -1.8927912400045972,
    -1.642434978110978,
    1.6703498601549684,
    2.7834910042670313,
    2.829837182434125
  ],
  "endGameEPAOverTime": [
    3.8916666666666666,
    2.927777777777778,
    0.11937938339145204,
    -0.1301011600563402,
    3.391685480560004,
    4.139269643410081,
    3.520223699499263
  ],
  "unitlessEPAOverTime": [
    1500,
    1393.6275134791626,
    1363.8681307365641,
    1370.676838578535,
    1375.7161662038388,
    1372.074054900955,
    1368.0417686523747
  ],
  "EPA Rank": 406,
  "Auto EPA Rank": 319,
  "TeleOp EPA Rank": 410,
  "Endgame EPA Rank": 349
}