{
  "teamNumber": 23027,
  "teamName": "OVMS WALL-E",
  "wins": 6,
  "loss": 3,
  "ties": 0,
  "elo": 1500,
  "totalEPA": 49.79897972866812,
  "autonEPA": 20.63206857294783,
  "endgameEPA": 5.342203219131102,
  "unitlessEPA": 1549.208816351912,
  "teleOpEPA": 29.166911155720292,
  "totalEPAOverTime": [
    14.441666666666666,
    20.385664791797133,
    30.084811516433227,
    36.787978011990496,
    41.49668554784603,
    43.67984209154497,
    48.94919076615918,
    49.79897972866812,
    49.79897972866812,
    49.79897972866812,
    49.79897972866812
  ],
  "teleOpEPAOverTime": [
    7.883333333333334,
    14.422987152237207,
    19.17516258263953,
    19.568529225418544,
    20.335152471037016,
    23.5668898693056,
    28.27969286384503,
    29.166911155720292,
    29.166911155720292,
    29.166911155720292,
    29.166911155720292
  ],
  "autonEPAOverTime": [
    2.6666666666666665,
    5.962677639559926,
    10.909648933793697,
    17.219448786571952,
    21.16153307680901,
    20.112952222239368,
    20.66949790231415,
    20.63206857294783,
    20.63206857294783,
    20.63206857294783,
    20.63206857294783
  ],
  "endGameEPAOverTime": [
    3.8916666666666666,
    5.805861755806665,
    6.795343212375925,
    4.98847829945286,
    2.161157097127611,
    1.3015790178582867,
    4.355085824312562,
    5.342203219131102,
    5.342203219131102,
    5.342203219131102,
    5.342203219131102
  ],
  "unitlessEPAOverTime": [
    1500,
    1435.661094611184,
    1472.7948060330266,
    1498.4582439957026,
    1516.48578721888,
    1524.8441209346188,
    1545.0181092883763,
    1548.2715726083115,
    1549.208816351912,
    1549.208816351912,
    1549.208816351912
  ],
  "EPA Rank": 147,
  "Auto EPA Rank": 90,
  "TeleOp EPA Rank": 194,
  "Endgame EPA Rank": 309
}