{
  "teamNumber": 5385,
  "teamName": "Enigma Riddlers",
  "wins": 8,
  "loss": 7,
  "ties": 0,
  "elo": 1500,
  "totalEPA": 62.690943561335814,
  "autonEPA": 28.13713762975033,
  "endgameEPA": 12.449453459185222,
  "unitlessEPA": 1592.7486175846764,
  "teleOpEPA": 34.55380593158549,
  "totalEPAOverTime": [
    14.441666666666666,
    15.794444444444444,
    17.676165557418415,
    18.600324514228873,
    17.34272444331622,
    10.39065467712033,
    9.384142914950282,
    21.070451375896365,
    24.023318251160116,
    29.888405825916145,
    31.014909632541706,
    32.39244692412575,
    29.231072024398443,
    29.229812121720308,
    24.943406988905835,
    28.802455258919235,
    41.76462047627099,
    50.21993340707858,
    60.196793217500165,
    62.690943561335814
  ],
  "teleOpEPAOverTime": [
    7.883333333333334,
    10.683333333333334,
    8.035363003607172,
    5.3755069306354955,
    9.376769523446104,
    5.321258900228172,
    5.011083356082493,
    11.631657306226671,
    12.792530388256345,
    10.5090486584551,
    4.047106188774293,
    7.491772462559339,
    9.577196864954008,
    10.527322758591975,
    8.04542805955597,
    13.0568310156748,
    18.289709481493745,
    21.07181526707101,
    31.738007792749002,
    34.55380593158549
  ],
  "autonEPAOverTime": [
    2.6666666666666665,
    5.111111111111111,
    9.640802553811243,
    13.224817583593378,
    7.965954919870117,
    5.069395776892157,
    4.373059558867789,
    9.438794069669694,
    11.230787862903771,
    19.379357167461045,
    26.967803443767412,
    24.90067446156641,
    19.653875159444436,
    18.702489363128333,
    16.897978929349865,
    15.745624243244434,
    23.474910994777247,
    29.14811814000757,
    28.458785424751163,
    28.13713762975033
  ],
  "endGameEPAOverTime": [
    3.8916666666666666,
    3.4277777777777776,
    0.7472243391081987,
    -1.3244786063064344,
    3.4481259545462795,
    0.8567724556583736,
    -0.08430427772634586,
    1.8434269227001883,
    2.1264951757371477,
    3.1338809371303817,
    7.405030842315728,
    4.905218228002033,
    3.196632430554461,
    3.3445671902431666,
    3.9856337261800374,
    5.780577693252025,
    4.6617473251978065,
    4.3871100508554095,
    10.887956576800283,
    12.449453459185222
  ],
  "unitlessEPAOverTime": [
    1500,
    1446.6894401422305,
    1456.732264283325,
    1461.664539219113,
    1454.9526751363198,
    1417.849188547821,
    1412.4773932516302,
    1445.4845380023205,
    1459.6184277625648,
    1487.6916544664864,
    1493.0836620611121,
    1499.6772407906426,
    1484.545327903592,
    1484.5392973826395,
    1449.7135052899473,
    1464.3364304599913,
    1513.4534040640622,
    1545.4927566778288,
    1583.2976412586866,
    1592.7486175846764
  ],
  "EPA Rank": 105,
  "Auto EPA Rank": 18,
  "TeleOp EPA Rank": 162,
  "Endgame EPA Rank": 148
}