{
  "teamNumber": 5386,
  "teamName": "Fabricators",
  "wins": 27,
  "loss": 11,
  "ties": 0,
  "elo": 1500,
  "totalEPA": 51.01919575505919,
  "autonEPA": 17.32042546697962,
  "endgameEPA": 10.375949848623495,
  "unitlessEPA": 1552.9432361146717,
  "teleOpEPA": 33.698770288079565,
  "totalEPAOverTime": [
    14.441666666666666,
    16.294444444444444,
    30.391641987745622,
    38.93460738903405,
    51.736275255188374,
    57.98616154217098,
    54.04527296863782,
    54.04527296863782,
    54.04527296863782,
    54.04527296863782,
    54.04527296863782,
    71.96411636275374,
    93.25497675225374,
    90.92457738306271,
    87.04331788472497,
    90.98656669986742,
    88.84659224672373,
    88.84659224672373,
    88.84659224672373,
    88.84659224672373,
    88.84659224672373,
    96.46521576115866,
    125.83031037018135,
    135.85809968516313,
    127.29551585357233,
    126.12508570931489,
    125.59626218369618,
    125.59626218369618,
    125.59626218369618,
    125.59626218369618,
    106.48458393688362,
    72.94188951866765,
    67.75561103270971,
    55.05681741667614,
    60.43659874195342,
    68.02230645334139,
    67.63516311334264,
    65.83760732611351,
    64.74997516542092,
    70.80129436613339,
    66.06315837046711,
    52.311836335343685,
    51.349170303110874,
    51.01919575505919
  ],
  "teleOpEPAOverTime": [
    7.883333333333334,
    14.516666666666666,
    32.43721512266499,
    42.20722861005115,
    49.49576579709526,
    49.907621062012005,
    43.82480101074139,
    43.82480101074139,
    43.82480101074139,
    43.82480101074139,
    43.82480101074139,
    58.8915008422845,
    72.51043463766547,
    66.96787235248277,
    62.102471092047296,
    66.80299421317417,
    65.4821005322638,
    65.4821005322638,
    65.4821005322638,
    65.4821005322638,
    65.4821005322638,
    69.93925044355316,
    91.87292485470498,
    101.5799902424042,
    93.74903120050388,
    94.30164998343898,
    96.00454915051574,
    96.00454915051574,
    96.00454915051574,
    96.00454915051574,
    82.28902715575026,
    55.32861097997699,
    44.9883453438198,
    34.45592504260203,
    39.17603067322639,
    42.66342815031373,
    42.043232748188416,
    38.97797366489285,
    39.079944766686225,
    45.791011346645604,
    47.168080206498814,
    37.876590461568675,
    34.89465328247715,
    33.698770288079565
  ],
  "autonEPAOverTime": [
    2.6666666666666665,
    1.7777777777777777,
    -2.045573134919363,
    -3.272621221017105,
    2.2405094580931144,
    8.078540480158978,
    10.220471957896429,
    10.220471957896429,
    10.220471957896429,
    10.220471957896429,
    10.220471957896429,
    13.072615520469245,
    20.744542114588274,
    23.956705030579933,
    24.940846792677675,
    24.183572486693244,
    23.364491714459927,
    23.364491714459927,
    23.364491714459927,
    23.364491714459927,
    23.364491714459927,
    26.525965317605493,
    33.957385515476375,
    34.278109442758925,
    33.546484653068454,
    31.823435725875903,
    29.59171303318044,
    29.59171303318044,
    29.59171303318044,
    29.59171303318044,
    24.195556781133355,
    17.613278538690658,
    22.767265688889903,
    20.600892374074107,
    21.26056806872702,
    25.35887830302766,
    25.591930365154223,
    26.859633661220663,
    25.6700303987347,
    25.010283019487783,
    18.895078163968293,
    14.43524587377501,
    16.454517020633727,
    17.32042546697962
  ],
  "endGameEPAOverTime": [
    3.8916666666666666,
    4.261111111111111,
    3.866714041050075,
    4.280409773818442,
    8.756932929530167,
    11.255325886345032,
    11.842241618756223,
    11.842241618756223,
    11.842241618756223,
    11.842241618756223,
    11.842241618756223,
    17.219923571185742,
    25.368650889063606,
    22.606863916518193,
    18.24562688696021,
    17.432365380704674,
    18.450364656068416,
    18.450364656068416,
    18.450364656068416,
    18.450364656068416,
    18.450364656068416,
    20.226692768945902,
    25.05765560109,
    27.75687247289612,
    24.20015238862408,
    20.17648592377717,
    19.048389373064836,
    19.048389373064836,
    19.048389373064836,
    19.048389373064836,
    17.939903033387367,
    18.03550161737034,
    16.933147097857574,
    12.846125082437649,
    20.01738577485979,
    22.19884226147054,
    20.868499061765476,
    17.98083374497984,
    17.08053191560321,
    16.912103036007633,
    13.997778767877541,
    11.395398564762527,
    10.855280664920132,
    10.375949848623495
  ],
  "unitlessEPAOverTime": [
    1500,
    1494.696430832527,
    1592.0031140573458,
    1650.971403715653,
    1739.3356219210762,
    1782.475806574837,
    1755.273605933808,
    1668.2080318569901,
    1668.2080318569901,
    1668.2080318569901,
    1668.2080318569901,
    1706.6134994084919,
    1811.5832810346153,
    1800.093772935343,
    1780.9580990113452,
    1800.399397270344,
    1789.8487362391554,
    1777.9823589475466,
    1777.9823589475466,
    1777.9823589475466,
    1777.9823589475466,
    1784.5246301726106,
    1917.4465031330426,
    1962.837555167673,
    1924.0787942840607,
    1918.7808114573256,
    1916.387077862162,
    1891.6146142435418,
    1891.6146142435418,
    1891.6146142435418,
    1744.856612242228,
    1620.9568617818918,
    1601.799825611326,
    1554.8931179820363,
    1574.7649134741434,
    1602.7849431350762,
    1601.3549159995048,
    1609.6763317809066,
    1605.5122728244946,
    1628.6800779211997,
    1610.5398662370508,
    1557.8921809696376,
    1554.2065616413163,
    1552.9432361146717
  ],
  "EPA Rank": 141,
  "Auto EPA Rank": 124,
  "TeleOp EPA Rank": 166,
  "Endgame EPA Rank": 187
}