{
  "teamNumber": 5960,
  "teamName": "Iron Dams",
  "wins": 6,
  "loss": 4,
  "ties": 0,
  "elo": 1500,
  "totalEPA": 77.44944179182731,
  "autonEPA": 12.578164023225536,
  "endgameEPA": 33.704913040129426,
  "unitlessEPA": 1698.4492292434027,
  "teleOpEPA": 64.87127776860177,
  "totalEPAOverTime": [
    14.441666666666666,
    27.794444444444444,
    57.71226957942633,
    53.97783111646267,
    44.03646530661746,
    42.64837322510067,
    45.68561740922072,
    60.11000770073211,
    63.383057763981824,
    74.19255826009186,
    80.00170681592144,
    79.90166802953804,
    77.44944179182731
  ],
  "teleOpEPAOverTime": [
    7.883333333333334,
    17.683333333333334,
    34.292237220258926,
    30.557604782884784,
    18.090635216814576,
    21.98390209695996,
    27.245859016627882,
    38.98835292834144,
    39.838495371312206,
    48.149478926733984,
    57.842357106218174,
    63.63911845884451,
    64.87127776860177
  ],
  "autonEPAOverTime": [
    2.6666666666666665,
    10.11111111111111,
    23.420032359167404,
    23.420226333577883,
    25.945830089802882,
    20.66447112814071,
    18.439758392592836,
    21.121654772390674,
    23.544562392669615,
    26.043079333357873,
    22.159349709703264,
    16.262549570693537,
    12.578164023225536
  ],
  "endGameEPAOverTime": [
    3.8916666666666666,
    6.094444444444444,
    15.697981911827974,
    17.846079036837978,
    11.242870176693195,
    12.14176323900573,
    14.444865519618386,
    19.080676338740492,
    19.63139467953081,
    25.681980854136864,
    31.46527819748797,
    31.648526000878448,
    33.704913040129426
  ],
  "unitlessEPAOverTime": [
    1500,
    1496.2406140172986,
    1645.1057049776514,
    1626.523888987795,
    1577.057648748884,
    1570.1507812528666,
    1585.2634984941062,
    1619.9618248556717,
    1634.777372038235,
    1683.7068602908691,
    1710.0021239917735,
    1709.5492957944932,
    1698.4492292434027
  ],
  "EPA Rank": 61,
  "Auto EPA Rank": 175,
  "TeleOp EPA Rank": 37,
  "Endgame EPA Rank": 5
}