{
  "teamNumber": 6294,
  "teamName": "Atomic Toads",
  "wins": 7,
  "loss": 6,
  "ties": 0,
  "elo": 1500,
  "totalEPA": 71.27821700916643,
  "autonEPA": 24.72689595033698,
  "endgameEPA": 21.576923529298597,
  "unitlessEPA": 1633.0740467028818,
  "teleOpEPA": 46.551321058829444,
  "totalEPAOverTime": [
    14.441666666666666,
    21.96111111111111,
    55.01991957536808,
    85.40791960799035,
    71.50193416299977,
    62.548058389049835,
    60.93270745154599,
    60.93270745154599,
    60.93270745154599,
    63.69648092465346,
    61.95865444672244,
    47.983415601971814,
    51.81800442334792,
    60.60042221676967,
    70.36187532297386,
    71.27821700916643
  ],
  "teleOpEPAOverTime": [
    7.883333333333334,
    15.68333333333333,
    37.718779677439976,
    60.66295500580726,
    41.98083497380896,
    30.891763621522358,
    27.80854883888275,
    27.80854883888275,
    27.80854883888275,
    32.12870225938748,
    34.50149826709648,
    25.712507562441505,
    28.214634470289333,
    31.990021876630326,
    44.73622915558822,
    46.551321058829444
  ],
  "autonEPAOverTime": [
    2.6666666666666665,
    6.277777777777778,
    17.301139897928103,
    24.74496460218309,
    29.521099189190814,
    31.656294767527477,
    33.12415861266324,
    33.12415861266324,
    33.12415861266324,
    31.56777866526598,
    27.457156179625958,
    22.27090803953031,
    23.60336995305859,
    28.610400340139346,
    25.625646167385643,
    24.72689595033698
  ],
  "endGameEPAOverTime": [
    3.8916666666666666,
    3.4277777777777776,
    3.232754709232139,
    6.412512115470744,
    4.764260673673717,
    3.2248495389399423,
    3.5391652232121653,
    3.5391652232121653,
    3.5391652232121653,
    4.587952939878222,
    4.399287900890482,
    1.3946389726879622,
    5.7617664110302,
    10.396514924802762,
    19.537351404152925,
    21.576923529298597
  ],
  "unitlessEPAOverTime": [
    1500,
    1442.7522920919057,
    1582.0258186321496,
    1710.0474904847283,
    1651.4629339652417,
    1613.741131118368,
    1606.9358156179774,
    1605.1944425663087,
    1605.1944425663087,
    1603.4192949213425,
    1596.6220637505423,
    1541.9601453707455,
    1556.9585281177333,
    1591.3095549541451,
    1629.4899223086518,
    1633.0740467028818
  ],
  "EPA Rank": 82,
  "Auto EPA Rank": 45,
  "TeleOp EPA Rank": 96,
  "Endgame EPA Rank": 39
}