{
  "teamNumber": 7253,
  "teamName": "Raging Robots",
  "wins": 20,
  "loss": 7,
  "ties": 0,
  "elo": 1500,
  "totalEPA": 103.34264075829587,
  "autonEPA": 22.802252324925153,
  "endgameEPA": 31.496119995233936,
  "unitlessEPA": 1748.0941560390584,
  "teleOpEPA": 80.54038843337072,
  "totalEPAOverTime": [
    14.441666666666666,
    29.12777777777778,
    38.02798565598063,
    68.81846520444479,
    81.22564087055456,
    70.75188447567984,
    69.87509117274588,
    69.87509117274588,
    69.87509117274588,
    69.87509117274588,
    69.87509117274588,
    79.98896486617713,
    101.72556903732914,
    104.1050615399198,
    95.46601709643377,
    95.8400688610889,
    97.63058210263944,
    97.63058210263944,
    97.63058210263944,
    97.63058210263944,
    97.63058210263944,
    97.92478004933213,
    90.64044819562245,
    68.78367331243506,
    73.43370406281134,
    84.74691193564031,
    98.34725524594691,
    103.34264075829587,
    103.34264075829587,
    103.34264075829587,
    103.34264075829587
  ],
  "teleOpEPAOverTime": [
    7.883333333333334,
    20.51666666666667,
    25.624697708682625,
    45.709890290954405,
    57.8586833760942,
    49.38356125005201,
    49.65649960020474,
    49.65649960020474,
    49.65649960020474,
    49.65649960020474,
    49.65649960020474,
    54.91791633350395,
    67.20684586520002,
    70.72196888106522,
    66.06157444027636,
    69.22571481905577,
    71.06441262322895,
    71.06441262322895,
    71.06441262322895,
    71.06441262322895,
    71.06441262322895,
    68.81857007981122,
    62.5936915968325,
    56.06955939466068,
    61.51675469110823,
    67.78992467421995,
    77.65717947826036,
    80.54038843337072,
    80.54038843337072,
    80.54038843337072,
    80.54038843337072
  ],
  "autonEPAOverTime": [
    2.6666666666666665,
    8.61111111111111,
    12.403287947298006,
    23.10857491349039,
    23.366957494460358,
    21.36832322562783,
    20.218591572541147,
    20.218591572541147,
    20.218591572541147,
    20.218591572541147,
    20.218591572541147,
    25.071048532673178,
    34.51872317212912,
    33.38309265885458,
    29.404442656157407,
    26.614354042033128,
    26.566169479410487,
    26.566169479410487,
    26.566169479410487,
    26.566169479410487,
    26.566169479410487,
    29.10620996952091,
    28.04675659878995,
    12.714113917774375,
    11.916949371703113,
    16.956987261420373,
    20.690075767686547,
    22.802252324925153,
    22.802252324925153,
    22.802252324925153,
    22.802252324925153
  ],
  "endGameEPAOverTime": [
    3.8916666666666666,
    7.594444444444445,
    10.36192357194872,
    16.94116431614108,
    16.13749262094621,
    20.52346315553446,
    22.91847300733114,
    22.91847300733114,
    22.91847300733114,
    22.91847300733114,
    22.91847300733114,
    26.283449728331505,
    32.986074868656935,
    32.61177449317704,
    26.813343063672278,
    24.754412387133847,
    25.44490185091751,
    25.44490185091751,
    25.44490185091751,
    25.44490185091751,
    25.44490185091751,
    22.916391054304455,
    16.25241186716219,
    14.382865095227997,
    18.926131197376286,
    25.07778347183912,
    31.2729961688263,
    31.496119995233936,
    31.496119995233936,
    31.496119995233936,
    31.496119995233936
  ],
  "unitlessEPAOverTime": [
    1500,
    1490.4532198332936,
    1533.3051942389188,
    1681.5526126817047,
    1741.289641452946,
    1690.8614776273441,
    1686.6399667715846,
    1685.0645680431335,
    1685.0645680431335,
    1685.0645680431335,
    1685.0645680431335,
    1695.3361951925729,
    1788.8832052806176,
    1799.1237381343967,
    1761.9442057961114,
    1763.5539983803683,
    1771.2597632252928,
    1761.5403720621591,
    1761.5403720621591,
    1761.5403720621591,
    1761.5403720621591,
    1737.2978292216872,
    1708.8063266676256,
    1623.3170367898251,
    1641.5048906193208,
    1685.7546993151154,
    1738.9502735892852,
    1758.4889275031826,
    1748.0941560390584,
    1748.0941560390584,
    1748.0941560390584
  ],
  "EPA Rank": 14,
  "Auto EPA Rank": 69,
  "TeleOp EPA Rank": 12,
  "Endgame EPA Rank": 7
}