{
  "predictedWinner": "Blue",
  "redTeams": [
    20225,
    13019
  ],
  "blueTeams": [
    16734,
    14757
  ],
  "actualWinner": "Blue",
  "pointBreakdown": {
    "redData": {
      "redScore": 39,
      "redPenaltyFreeScore": 39,
      "redAuto": 20,
      "redTeleOp": 10,
      "redEndgame": 9
    },
    "blueData": {
      "blueScore": 115,
      "bluePenaltyFreeScore": 115,
      "blueAuto": 25,
      "blueTeleOp": 56,
      "blueEndgame": 34
    }
  },
  "predictedScores": {
    "redEPA": 47.380295988066834,
    "redAutonEPA": 18.925551891199092,
    "redTeleOpEPA": 18.928432078017025,
    "redEndgameEPA": 9.526312018850717,
    "blueEPA": 105.92032095629651,
    "blueAutonEPA": 15.0621702881148,
    "blueTeleOpEPA": 69.01699602941578,
    "blueEndgameEPA": 21.841154638765932
  }
}