{
  "predictedWinner": "Blue",
  "redTeams": [
    18954,
    16734
  ],
  "blueTeams": [
    7689,
    7693
  ],
  "actualWinner": "Blue",
  "pointBreakdown": {
    "redData": {
      "redScore": 55,
      "redPenaltyFreeScore": 55,
      "redAuto": 0,
      "redTeleOp": 39,
      "redEndgame": 16
    },
    "blueData": {
      "blueScore": 77,
      "bluePenaltyFreeScore": 77,
      "blueAuto": 20,
      "blueTeleOp": 33,
      "blueEndgame": 24
    }
  },
  "predictedScores": {
    "redEPA": 36.734819518534486,
    "redAutonEPA": -4.4714521571924,
    "redTeleOpEPA": 25.084843868660933,
    "redEndgameEPA": 16.121427807065956,
    "blueEPA": 64.03846669388892,
    "blueAutonEPA": 24.883742260219243,
    "blueTeleOpEPA": 22.445246834699155,
    "blueEndgameEPA": 16.709477598970523
  }
}