{
  "winProbability": 0.5104349044970588,
  "predictedWinner": "Red",
  "redTeams": [
    15256,
    23582
  ],
  "blueTeams": [
    17189,
    32421
  ],
  "actualWinner": "Blue",
  "pointBreakdown": {
    "redData": {
      "redScore": 21,
      "redPenaltyFreeScore": 21,
      "redAuto": 3,
      "redTeleOp": 8,
      "redEndgame": 10
    },
    "blueData": {
      "blueScore": 29,
      "bluePenaltyFreeScore": 29,
      "blueAuto": 3,
      "blueTeleOp": 11,
      "blueEndgame": 15
    }
  },
  "predictedScores": {
    "redEPA": 40.50189736589325,
    "redAutonEPA": 10.1851663655129,
    "redTeleOpEPA": 17.98841049872206,
    "redEndgameEPA": 12.32832050165829,
    "blueEPA": 39.49011843445859,
    "blueAutonEPA": 3.7812005363290666,
    "blueTeleOpEPA": 18.24616460135027,
    "blueEndgameEPA": 17.46275329677925
  }
}