{
  "winProbability": 0.6730524259986449,
  "predictedWinner": "Blue",
  "redTeams": [
    14007,
    17189
  ],
  "blueTeams": [
    27470,
    21363
  ],
  "actualWinner": "Red",
  "pointBreakdown": {
    "redData": {
      "redScore": 98,
      "redPenaltyFreeScore": 53,
      "redAuto": 11,
      "redTeleOp": 27,
      "redEndgame": 15
    },
    "blueData": {
      "blueScore": 53,
      "bluePenaltyFreeScore": 38,
      "blueAuto": 11,
      "blueTeleOp": 17,
      "blueEndgame": 10
    }
  },
  "predictedScores": {
    "redEPA": 41.70641242767013,
    "redAutonEPA": 6.682938104683421,
    "redTeleOpEPA": 20.109873542587795,
    "redEndgameEPA": 14.913600780398912,
    "blueEPA": 59.20590136290366,
    "blueAutonEPA": 20.237879903492846,
    "blueTeleOpEPA": 27.56727240105437,
    "blueEndgameEPA": 11.400749058356443
  }
}