{
  "winProbability": 0.6092088272571173,
  "predictedWinner": "Blue",
  "redTeams": [
    14007,
    15404
  ],
  "blueTeams": [
    11691,
    32421
  ],
  "actualWinner": "Red",
  "pointBreakdown": {
    "redData": {
      "redScore": 66,
      "redPenaltyFreeScore": 61,
      "redAuto": 13,
      "redTeleOp": 38,
      "redEndgame": 10
    },
    "blueData": {
      "blueScore": 58,
      "bluePenaltyFreeScore": 58,
      "blueAuto": 14,
      "blueTeleOp": 39,
      "blueEndgame": 5
    }
  },
  "predictedScores": {
    "redEPA": 35.535191930064784,
    "redAutonEPA": 3.282144992525936,
    "redTeleOpEPA": 20.783337925194353,
    "redEndgameEPA": 11.469709012344495,
    "blueEPA": 46.29600564903611,
    "blueAutonEPA": 13.465784861736712,
    "blueTeleOpEPA": 23.902849966518193,
    "blueEndgameEPA": 8.927370820781203
  }
}