{
  "predictedWinner": "Blue",
  "redTeams": [
    21564,
    9028
  ],
  "blueTeams": [
    21615,
    22537
  ],
  "actualWinner": "Blue",
  "pointBreakdown": {
    "redData": {
      "redScore": 56,
      "redPenaltyFreeScore": 56,
      "redAuto": 11,
      "redTeleOp": 45,
      "redEndgame": 0
    },
    "blueData": {
      "blueScore": 60,
      "bluePenaltyFreeScore": 45,
      "blueAuto": 25,
      "blueTeleOp": 10,
      "blueEndgame": 10
    }
  },
  "predictedScores": {
    "redEPA": 43.0417414130678,
    "redAutonEPA": 9.289565639214807,
    "redTeleOpEPA": 28.046816512171038,
    "redEndgameEPA": 5.705359261681952,
    "blueEPA": 56.91980822397967,
    "blueAutonEPA": 13.885085686968273,
    "blueTeleOpEPA": 37.491720925547995,
    "blueEndgameEPA": 5.543001611463405
  }
}