{
  "predictedWinner": "Red",
  "redTeams": [
    21615,
    19787
  ],
  "blueTeams": [
    22373,
    13999
  ],
  "actualWinner": "Red",
  "pointBreakdown": {
    "redData": {
      "redScore": 98,
      "redPenaltyFreeScore": 98,
      "redAuto": 44,
      "redTeleOp": 54,
      "redEndgame": 0
    },
    "blueData": {
      "blueScore": 42,
      "bluePenaltyFreeScore": 42,
      "blueAuto": 11,
      "blueTeleOp": 31,
      "blueEndgame": 0
    }
  },
  "predictedScores": {
    "redEPA": 86.35375721876514,
    "redAutonEPA": 26.221059581853396,
    "redTeleOpEPA": 55.88778027272825,
    "redEndgameEPA": 4.2449173641834905,
    "blueEPA": 26.070687631278307,
    "blueAutonEPA": 8.115470741109988,
    "blueTeleOpEPA": 16.233973100715723,
    "blueEndgameEPA": 1.7212437894525976
  }
}