{
  "predictedWinner": "Blue",
  "redTeams": [
    14353,
    8533
  ],
  "blueTeams": [
    10255,
    20245
  ],
  "actualWinner": "Red",
  "pointBreakdown": {
    "redData": {
      "redScore": 182,
      "redPenaltyFreeScore": 182,
      "redAuto": 57,
      "redTeleOp": 84,
      "redEndgame": 41
    },
    "blueData": {
      "blueScore": 150,
      "bluePenaltyFreeScore": 150,
      "blueAuto": 71,
      "blueTeleOp": 73,
      "blueEndgame": 6
    }
  },
  "predictedScores": {
    "redEPA": 190.47876972571203,
    "redAutonEPA": 38.658063828506755,
    "redTeleOpEPA": 103.52016631677839,
    "redEndgameEPA": 48.30053958042689,
    "blueEPA": 278.0906415354062,
    "blueAutonEPA": 73.37540002161663,
    "blueTeleOpEPA": 147.60305375408072,
    "blueEndgameEPA": 57.11218775970883
  }
}