{
  "predictedWinner": "Blue",
  "redTeams": [
    13917,
    11940
  ],
  "blueTeams": [
    10180,
    19429
  ],
  "actualWinner": "Blue",
  "pointBreakdown": {
    "redData": {
      "redScore": 127,
      "redPenaltyFreeScore": 127,
      "redAuto": 37,
      "redTeleOp": 68,
      "redEndgame": 22
    },
    "blueData": {
      "blueScore": 193,
      "bluePenaltyFreeScore": 193,
      "blueAuto": 41,
      "blueTeleOp": 118,
      "blueEndgame": 34
    }
  },
  "predictedScores": {
    "redEPA": 136.54636439251232,
    "redAutonEPA": 44.21094241718308,
    "redTeleOpEPA": 71.94296027711731,
    "redEndgameEPA": 20.39246169821193,
    "blueEPA": 238.77701365124,
    "blueAutonEPA": 74.40026784430735,
    "blueTeleOpEPA": 133.93218351596977,
    "blueEndgameEPA": 30.444562290962907
  }
}