{
  "predictedWinner": "Blue",
  "redTeams": [
    10180,
    20245,
    16646
  ],
  "blueTeams": [
    14353,
    15104,
    10255
  ],
  "actualWinner": "Blue",
  "pointBreakdown": {
    "redData": {
      "redScore": 198,
      "redPenaltyFreeScore": 188,
      "redAuto": 40,
      "redTeleOp": 124,
      "redEndgame": 24
    },
    "blueData": {
      "blueScore": 231,
      "bluePenaltyFreeScore": 191,
      "blueAuto": 84,
      "blueTeleOp": 77,
      "blueEndgame": 30
    }
  },
  "predictedScores": {
    "redEPA": 290.148421570085,
    "redAutonEPA": 81.75813989095838,
    "redTeleOpEPA": 183.25270918101188,
    "redEndgameEPA": 25.13757249811477,
    "blueEPA": 326.0560801003013,
    "blueAutonEPA": 101.91991022131822,
    "blueTeleOpEPA": 153.1523878164415,
    "blueEndgameEPA": 70.98378206254158
  }
}