{
  "predictedWinner": "Red",
  "redTeams": [
    9895,
    15301
  ],
  "blueTeams": [
    11193,
    8492
  ],
  "actualWinner": "Red",
  "pointBreakdown": {
    "redData": {
      "redScore": 76,
      "redPenaltyFreeScore": 76,
      "redAuto": 0,
      "redTeleOp": 6,
      "redEndgame": 70
    },
    "blueData": {
      "blueScore": 53,
      "bluePenaltyFreeScore": 53,
      "blueAuto": 13,
      "blueTeleOp": 25,
      "blueEndgame": 15
    }
  },
  "predictedScores": {
    "redEPA": 22.813112337463316,
    "redAutonEPA": 4.220188036748189,
    "redTeleOpEPA": -29.538984454483113,
    "redEndgameEPA": 48.13190875519824,
    "blueEPA": 9.64810001792603,
    "blueAutonEPA": 10.536438800622207,
    "blueTeleOpEPA": -43.20235449096364,
    "blueEndgameEPA": 42.31401570826747
  }
}