{
  "predictedWinner": "Red",
  "redTeams": [
    11617,
    8734
  ],
  "blueTeams": [
    10721,
    17039
  ],
  "actualWinner": "Blue",
  "pointBreakdown": {
    "redData": {
      "redScore": 73,
      "redPenaltyFreeScore": 73,
      "redAuto": 6,
      "redTeleOp": 36,
      "redEndgame": 31
    },
    "blueData": {
      "blueScore": 82,
      "bluePenaltyFreeScore": 82,
      "blueAuto": 10,
      "blueTeleOp": 12,
      "blueEndgame": 60
    }
  },
  "predictedScores": {
    "redEPA": 109.71275163541776,
    "redAutonEPA": 18.50490008734179,
    "redTeleOpEPA": 49.42169137961094,
    "redEndgameEPA": 41.786160168465024,
    "blueEPA": 38.182894502200696,
    "blueAutonEPA": 5.590402984125688,
    "blueTeleOpEPA": -2.9367104658704477,
    "blueEndgameEPA": 35.529201983945455
  }
}