{
  "predictedWinner": "Red",
  "redTeams": [
    11617,
    8734
  ],
  "blueTeams": [
    10721,
    17039
  ],
  "actualWinner": "Blue",
  "pointBreakdown": {
    "redData": {
      "redScore": 73,
      "redPenaltyFreeScore": 73,
      "redAuto": 6,
      "redTeleOp": 36,
      "redEndgame": 31
    },
    "blueData": {
      "blueScore": 82,
      "bluePenaltyFreeScore": 82,
      "blueAuto": 10,
      "blueTeleOp": 12,
      "blueEndgame": 60
    }
  },
  "predictedScores": {
    "redEPA": 109.8774430073158,
    "redAutonEPA": 18.55945128612267,
    "redTeleOpEPA": 49.4431538194305,
    "redEndgameEPA": 41.87483790176264,
    "blueEPA": 37.863944582339016,
    "blueAutonEPA": 5.484756280968156,
    "blueTeleOpEPA": -2.978275748748274,
    "blueEndgameEPA": 35.357464050119134
  }
}