{
  "predictedWinner": "Blue",
  "redTeams": [
    11193,
    17039
  ],
  "blueTeams": [
    11729,
    8511
  ],
  "actualWinner": "Blue",
  "pointBreakdown": {
    "redData": {
      "redScore": 38,
      "redPenaltyFreeScore": 28,
      "redAuto": 0,
      "redTeleOp": -2,
      "redEndgame": 30
    },
    "blueData": {
      "blueScore": 45,
      "bluePenaltyFreeScore": 15,
      "blueAuto": 10,
      "blueTeleOp": -56,
      "blueEndgame": 61
    }
  },
  "predictedScores": {
    "redEPA": -30.63764576857245,
    "redAutonEPA": 8.05905901485611,
    "redTeleOpEPA": -56.143007118367805,
    "redEndgameEPA": 17.446302334939247,
    "blueEPA": 48.06016089297524,
    "blueAutonEPA": 8.08075151414019,
    "blueTeleOpEPA": -9.768558705219654,
    "blueEndgameEPA": 49.747968084054705
  }
}