{
  "predictedWinner": "Blue",
  "redTeams": [
    15301,
    8734
  ],
  "blueTeams": [
    11618,
    19925
  ],
  "actualWinner": "Red",
  "pointBreakdown": {
    "redData": {
      "redScore": 41,
      "redPenaltyFreeScore": 41,
      "redAuto": 5,
      "redTeleOp": 18,
      "redEndgame": 18
    },
    "blueData": {
      "blueScore": 35,
      "bluePenaltyFreeScore": 35,
      "blueAuto": 0,
      "blueTeleOp": 1,
      "blueEndgame": 34
    }
  },
  "predictedScores": {
    "redEPA": -10.519334898131682,
    "redAutonEPA": 6.991297428832382,
    "redTeleOpEPA": -44.655210028878244,
    "redEndgameEPA": 27.144577701914177,
    "blueEPA": 77.91041883580814,
    "blueAutonEPA": 11.512761126526513,
    "blueTeleOpEPA": 18.87456976630873,
    "blueEndgameEPA": 47.5230879429729
  }
}