{
  "predictedWinner": "Blue",
  "redTeams": [
    8531,
    22134
  ],
  "blueTeams": [
    13019,
    8487
  ],
  "actualWinner": "Blue",
  "pointBreakdown": {
    "redData": {
      "redScore": 51,
      "redPenaltyFreeScore": 51,
      "redAuto": 23,
      "redTeleOp": 14,
      "redEndgame": 14
    },
    "blueData": {
      "blueScore": 74,
      "bluePenaltyFreeScore": 74,
      "blueAuto": 20,
      "blueTeleOp": 27,
      "blueEndgame": 27
    }
  },
  "predictedScores": {
    "redEPA": 64.4003293057128,
    "redAutonEPA": 33.58956749994576,
    "redTeleOpEPA": 21.60894522565414,
    "redEndgameEPA": 9.201816580112903,
    "blueEPA": 86.66528415533563,
    "blueAutonEPA": 27.278832110015927,
    "blueTeleOpEPA": 39.808045979003516,
    "blueEndgameEPA": 19.578406066316184
  }
}