{
  "predictedWinner": "Blue",
  "redTeams": [
    8531,
    14066
  ],
  "blueTeams": [
    18954,
    15004
  ],
  "actualWinner": "Blue",
  "pointBreakdown": {
    "redData": {
      "redScore": 82,
      "redPenaltyFreeScore": 82,
      "redAuto": 40,
      "redTeleOp": 24,
      "redEndgame": 18
    },
    "blueData": {
      "blueScore": 175,
      "bluePenaltyFreeScore": 175,
      "blueAuto": 40,
      "blueTeleOp": 108,
      "blueEndgame": 27
    }
  },
  "predictedScores": {
    "redEPA": 69.15663703840421,
    "redAutonEPA": 33.01125107790215,
    "redTeleOpEPA": 22.924485259280665,
    "redEndgameEPA": 13.220900701221398,
    "blueEPA": 151.0837084582086,
    "blueAutonEPA": 38.92648876883538,
    "blueTeleOpEPA": 96.29539913858792,
    "blueEndgameEPA": 15.86182055078529
  }
}