{
  "winProbability": 0.5,
  "predictedWinner": "Tie",
  "redTeams": [
    25083,
    28033
  ],
  "blueTeams": [
    28034,
    25069
  ],
  "actualWinner": "Red",
  "pointBreakdown": {
    "redData": {
      "redScore": 23,
      "redPenaltyFreeScore": 23,
      "redAuto": 7,
      "redTeleOp": 16,
      "redEndgame": 0
    },
    "blueData": {
      "blueScore": 18,
      "bluePenaltyFreeScore": 18,
      "blueAuto": 7,
      "blueTeleOp": 11,
      "blueEndgame": 0
    }
  },
  "predictedScores": {
    "redEPA": 44.17741935483871,
    "redAutonEPA": 6.854838709677419,
    "redTeleOpEPA": 25.467741935483875,
    "redEndgameEPA": 11.85483870967742,
    "blueEPA": 44.17741935483871,
    "blueAutonEPA": 6.854838709677419,
    "blueTeleOpEPA": 25.467741935483875,
    "blueEndgameEPA": 11.85483870967742
  }
}