{
  "predictedWinner": "Tie",
  "redTeams": [
    25082,
    28039
  ],
  "blueTeams": [
    25078,
    25092
  ],
  "actualWinner": "Blue",
  "pointBreakdown": {
    "redData": {
      "redScore": 22,
      "redPenaltyFreeScore": 22,
      "redAuto": 7,
      "redTeleOp": 15,
      "redEndgame": 0
    },
    "blueData": {
      "blueScore": 32,
      "bluePenaltyFreeScore": 32,
      "blueAuto": 7,
      "blueTeleOp": 25,
      "blueEndgame": 0
    }
  },
  "predictedScores": {
    "redEPA": 44.17741935483871,
    "redAutonEPA": 6.854838709677419,
    "redTeleOpEPA": 29.822147081557148,
    "redEndgameEPA": 7.500433563604146,
    "blueEPA": 44.17741935483871,
    "blueAutonEPA": 6.854838709677419,
    "blueTeleOpEPA": 29.822147081557148,
    "blueEndgameEPA": 7.500433563604146
  }
}