{
  "predictedWinner": "Blue",
  "redTeams": [
    11321,
    20882
  ],
  "blueTeams": [
    15399,
    13335
  ],
  "actualWinner": "Blue",
  "pointBreakdown": {
    "redData": {
      "redScore": 27,
      "redPenaltyFreeScore": 17,
      "redAuto": 5,
      "redTeleOp": -6,
      "redEndgame": 18
    },
    "blueData": {
      "blueScore": 67,
      "bluePenaltyFreeScore": 67,
      "blueAuto": 9,
      "blueTeleOp": 32,
      "blueEndgame": 26
    }
  },
  "predictedScores": {
    "redEPA": 0.4778437368323978,
    "redAutonEPA": 11.94727237683189,
    "redTeleOpEPA": -45.271632338333774,
    "redEndgameEPA": 33.80220369833428,
    "blueEPA": 49.45158365977686,
    "blueAutonEPA": 9.75767340845316,
    "blueTeleOpEPA": 40.74914841007494,
    "blueEndgameEPA": -1.055238158751239
  }
}