{
  "predictedWinner": "Blue",
  "redTeams": [
    18975,
    15399
  ],
  "blueTeams": [
    7837,
    20881
  ],
  "actualWinner": "Blue",
  "pointBreakdown": {
    "redData": {
      "redScore": 28,
      "redPenaltyFreeScore": 28,
      "redAuto": 0,
      "redTeleOp": 22,
      "redEndgame": 6
    },
    "blueData": {
      "blueScore": 88,
      "bluePenaltyFreeScore": 88,
      "blueAuto": 34,
      "blueTeleOp": 2,
      "blueEndgame": 52
    }
  },
  "predictedScores": {
    "redEPA": 13.756777966116005,
    "redAutonEPA": 1.40243932358492,
    "redTeleOpEPA": 10.581071774379613,
    "redEndgameEPA": 1.7732668681514712,
    "blueEPA": 70.22007063915277,
    "blueAutonEPA": 13.120635702637655,
    "blueTeleOpEPA": 17.969780447096838,
    "blueEndgameEPA": 39.12965448941827
  }
}