{
  "predictedWinner": "Blue",
  "redTeams": [
    14040,
    20348
  ],
  "blueTeams": [
    7772,
    11317
  ],
  "actualWinner": "Tie",
  "pointBreakdown": {
    "redData": {
      "redScore": 0,
      "redPenaltyFreeScore": -60,
      "redAuto": 9,
      "redTeleOp": -115,
      "redEndgame": 46
    },
    "blueData": {
      "blueScore": 0,
      "bluePenaltyFreeScore": -60,
      "blueAuto": 6,
      "blueTeleOp": -97,
      "blueEndgame": 31
    }
  },
  "predictedScores": {
    "redEPA": -36.233700922355645,
    "redAutonEPA": 8.738765717017774,
    "redTeleOpEPA": -81.68182373806906,
    "redEndgameEPA": 36.70935709869563,
    "blueEPA": 23.17161332254758,
    "blueAutonEPA": 7.053441852398253,
    "blueTeleOpEPA": -13.324903534831417,
    "blueEndgameEPA": 29.443075004980745
  }
}