{
  "predictedWinner": "Red",
  "redTeams": [
    18968,
    18964
  ],
  "blueTeams": [
    25105,
    18966
  ],
  "actualWinner": "Red",
  "pointBreakdown": {
    "redData": {
      "redScore": 67,
      "redPenaltyFreeScore": 67,
      "redAuto": 11,
      "redTeleOp": 16,
      "redEndgame": 40
    },
    "blueData": {
      "blueScore": 52,
      "bluePenaltyFreeScore": 52,
      "blueAuto": 26,
      "blueTeleOp": 16,
      "blueEndgame": 10
    }
  },
  "predictedScores": {
    "redEPA": 40.890037559233484,
    "redAutonEPA": 13.242808690908955,
    "redTeleOpEPA": 9.377268990229037,
    "redEndgameEPA": 18.26995987809549,
    "blueEPA": 33.944162566654015,
    "blueAutonEPA": 3.9446498570613535,
    "blueTeleOpEPA": 12.602475003958762,
    "blueEndgameEPA": 17.3970377056339
  }
}