{
  "predictedWinner": "Red",
  "redTeams": [
    18966,
    18964
  ],
  "blueTeams": [
    25105,
    18968
  ],
  "actualWinner": "Red",
  "pointBreakdown": {
    "redData": {
      "redScore": 87,
      "redPenaltyFreeScore": 87,
      "redAuto": 11,
      "redTeleOp": 16,
      "redEndgame": 60
    },
    "blueData": {
      "blueScore": 55,
      "bluePenaltyFreeScore": 55,
      "blueAuto": 11,
      "blueTeleOp": 14,
      "blueEndgame": 30
    }
  },
  "predictedScores": {
    "redEPA": 45.13234497952145,
    "redAutonEPA": 12.071197471080058,
    "redTeleOpEPA": 12.844498588796402,
    "redEndgameEPA": 20.216648919644992,
    "blueEPA": 44.42378843773688,
    "blueAutonEPA": 11.720441560900149,
    "blueTeleOpEPA": 12.47533074066213,
    "blueEndgameEPA": 20.228016136174602
  }
}