{
  "predictedWinner": "Red",
  "redTeams": [
    14739,
    8478
  ],
  "blueTeams": [
    17155,
    7253
  ],
  "actualWinner": "Red",
  "pointBreakdown": {
    "redData": {
      "redScore": 155,
      "redPenaltyFreeScore": 155,
      "redAuto": 49,
      "redTeleOp": 79,
      "redEndgame": 27
    },
    "blueData": {
      "blueScore": 142,
      "bluePenaltyFreeScore": 142,
      "blueAuto": 19,
      "blueTeleOp": 79,
      "blueEndgame": 44
    }
  },
  "predictedScores": {
    "redEPA": 195.12542796175495,
    "redAutonEPA": 50.2635065283651,
    "redTeleOpEPA": 105.60653541853182,
    "redEndgameEPA": 39.255386014858026,
    "blueEPA": 156.0554544591143,
    "blueAutonEPA": 41.84226711709664,
    "blueTeleOpEPA": 79.46589530213295,
    "blueEndgameEPA": 34.7472920398847
  }
}