{
  "predictedWinner": "Red",
  "redTeams": [
    14739,
    12722
  ],
  "blueTeams": [
    20511,
    13106
  ],
  "actualWinner": "Red",
  "pointBreakdown": {
    "redData": {
      "redScore": 179,
      "redPenaltyFreeScore": 179,
      "redAuto": 48,
      "redTeleOp": 77,
      "redEndgame": 54
    },
    "blueData": {
      "blueScore": 142,
      "bluePenaltyFreeScore": 142,
      "blueAuto": 44,
      "blueTeleOp": 70,
      "blueEndgame": 28
    }
  },
  "predictedScores": {
    "redEPA": 173.97160281571635,
    "redAutonEPA": 48.160337475586026,
    "redTeleOpEPA": 88.16933213904596,
    "redEndgameEPA": 37.641933201084356,
    "blueEPA": 107.33601797489807,
    "blueAutonEPA": 30.165504587183307,
    "blueTeleOpEPA": 54.63949757056821,
    "blueEndgameEPA": 22.531015817146553
  }
}