{
  "predictedWinner": "Blue",
  "redTeams": [
    13684,
    6255
  ],
  "blueTeams": [
    19787,
    17066
  ],
  "actualWinner": "Blue",
  "pointBreakdown": {
    "redData": {
      "redScore": 131,
      "redPenaltyFreeScore": 121,
      "redAuto": 20,
      "redTeleOp": 58,
      "redEndgame": 43
    },
    "blueData": {
      "blueScore": 171,
      "bluePenaltyFreeScore": 171,
      "blueAuto": 40,
      "blueTeleOp": 94,
      "blueEndgame": 37
    }
  },
  "predictedScores": {
    "redEPA": 83.7597221919842,
    "redAutonEPA": 30.387967417293336,
    "redTeleOpEPA": 35.87505634262385,
    "redEndgameEPA": 17.496698432067003,
    "blueEPA": 108.64520447699752,
    "blueAutonEPA": 33.31224835235876,
    "blueTeleOpEPA": 52.05826410097575,
    "blueEndgameEPA": 23.274692023663025
  }
}