{
  "predictedWinner": "Blue",
  "redTeams": [
    8027,
    11846
  ],
  "blueTeams": [
    9133,
    5385
  ],
  "actualWinner": "Blue",
  "pointBreakdown": {
    "redData": {
      "redScore": 75,
      "redPenaltyFreeScore": 75,
      "redAuto": 41,
      "redTeleOp": 34,
      "redEndgame": 0
    },
    "blueData": {
      "blueScore": 105,
      "bluePenaltyFreeScore": 105,
      "blueAuto": 16,
      "blueTeleOp": 17,
      "blueEndgame": 72
    }
  },
  "predictedScores": {
    "redEPA": 73.54369483679135,
    "redAutonEPA": 18.21972388689892,
    "redTeleOpEPA": 9.843207616078516,
    "redEndgameEPA": 45.48076333381391,
    "blueEPA": 97.15147381291116,
    "blueAutonEPA": 32.66210256050867,
    "blueTeleOpEPA": -1.8956074428677852,
    "blueEndgameEPA": 66.38497869527028
  }
}