{
  "predictedWinner": "Blue",
  "redTeams": [
    5292,
    12845
  ],
  "blueTeams": [
    11846,
    13409
  ],
  "actualWinner": "Red",
  "pointBreakdown": {
    "redData": {
      "redScore": 63,
      "redPenaltyFreeScore": 63,
      "redAuto": 28,
      "redTeleOp": 13,
      "redEndgame": 22
    },
    "blueData": {
      "blueScore": 44,
      "bluePenaltyFreeScore": 44,
      "blueAuto": 3,
      "blueTeleOp": 5,
      "blueEndgame": 36
    }
  },
  "predictedScores": {
    "redEPA": 43.518248119698754,
    "redAutonEPA": 13.610308785199571,
    "redTeleOpEPA": -3.9840349713880343,
    "redEndgameEPA": 33.89197430588722,
    "blueEPA": 58.1535137282801,
    "blueAutonEPA": 18.457990082790005,
    "blueTeleOpEPA": -2.0767795775739586,
    "blueEndgameEPA": 41.77230322306406
  }
}