{
  "predictedWinner": "Blue",
  "redTeams": [
    8027,
    11846
  ],
  "blueTeams": [
    9133,
    5385
  ],
  "actualWinner": "Blue",
  "pointBreakdown": {
    "redData": {
      "redScore": 75,
      "redPenaltyFreeScore": 75,
      "redAuto": 41,
      "redTeleOp": 34,
      "redEndgame": 0
    },
    "blueData": {
      "blueScore": 105,
      "bluePenaltyFreeScore": 105,
      "blueAuto": 16,
      "blueTeleOp": 17,
      "blueEndgame": 72
    }
  },
  "predictedScores": {
    "redEPA": 46.27509393451423,
    "redAutonEPA": 9.187466451959207,
    "redTeleOpEPA": 6.289586688137419,
    "redEndgameEPA": 30.798040794417602,
    "blueEPA": 59.5997594481223,
    "blueAutonEPA": 20.22373975335149,
    "blueTeleOpEPA": -6.789314990424316,
    "blueEndgameEPA": 46.16533468519512
  }
}