{
  "predictedWinner": "Blue",
  "redTeams": [
    7792,
    17283
  ],
  "blueTeams": [
    5384,
    11846
  ],
  "actualWinner": "Red",
  "pointBreakdown": {
    "redData": {
      "redScore": 72,
      "redPenaltyFreeScore": 72,
      "redAuto": 23,
      "redTeleOp": 16,
      "redEndgame": 33
    },
    "blueData": {
      "blueScore": 59,
      "bluePenaltyFreeScore": 59,
      "blueAuto": 13,
      "blueTeleOp": 4,
      "blueEndgame": 42
    }
  },
  "predictedScores": {
    "redEPA": 56.7094596293534,
    "redAutonEPA": 22.06502074524348,
    "redTeleOpEPA": 1.392555412149136,
    "redEndgameEPA": 33.25188347196078,
    "blueEPA": 63.90786117519738,
    "blueAutonEPA": 33.559400173740116,
    "blueTeleOpEPA": 17.167575818268226,
    "blueEndgameEPA": 13.18088518318904
  }
}