{
  "predictedWinner": "Blue",
  "redTeams": [
    11228,
    20033
  ],
  "blueTeams": [
    8027,
    10031
  ],
  "actualWinner": "Red",
  "pointBreakdown": {
    "redData": {
      "redScore": 114,
      "redPenaltyFreeScore": 114,
      "redAuto": 52,
      "redTeleOp": 32,
      "redEndgame": 30
    },
    "blueData": {
      "blueScore": 87,
      "bluePenaltyFreeScore": 77,
      "blueAuto": 19,
      "blueTeleOp": 22,
      "blueEndgame": 36
    }
  },
  "predictedScores": {
    "redEPA": 43.54021364688515,
    "redAutonEPA": 20.955664534407234,
    "redTeleOpEPA": -11.543899065277195,
    "redEndgameEPA": 34.12844817775511,
    "blueEPA": 86.54667986365126,
    "blueAutonEPA": 33.90151150546184,
    "blueTeleOpEPA": 21.398495424218712,
    "blueEndgameEPA": 31.24667293397071
  }
}