{
  "predictedWinner": "Red",
  "redTeams": [
    5385,
    5957
  ],
  "blueTeams": [
    12845,
    17283
  ],
  "actualWinner": "Red",
  "pointBreakdown": {
    "redData": {
      "redScore": 166,
      "redPenaltyFreeScore": 166,
      "redAuto": 58,
      "redTeleOp": 19,
      "redEndgame": 89
    },
    "blueData": {
      "blueScore": 64,
      "bluePenaltyFreeScore": 64,
      "blueAuto": 6,
      "blueTeleOp": 28,
      "blueEndgame": 30
    }
  },
  "predictedScores": {
    "redEPA": 89.20216122433968,
    "redAutonEPA": 35.06919585037388,
    "redTeleOpEPA": 5.471488725129014,
    "redEndgameEPA": 48.66147664883678,
    "blueEPA": 60.3619102409766,
    "blueAutonEPA": 35.723070162577436,
    "blueTeleOpEPA": -14.428359948274682,
    "blueEndgameEPA": 39.067200026673845
  }
}