{
  "predictedWinner": "Blue",
  "redTeams": [
    24053,
    14033
  ],
  "blueTeams": [
    23857,
    21518
  ],
  "actualWinner": "Red",
  "pointBreakdown": {
    "redData": {
      "redScore": 17,
      "redPenaltyFreeScore": 17,
      "redAuto": 0,
      "redTeleOp": 7,
      "redEndgame": 10
    },
    "blueData": {
      "blueScore": 16,
      "bluePenaltyFreeScore": 16,
      "blueAuto": 0,
      "blueTeleOp": 11,
      "blueEndgame": 5
    }
  },
  "predictedScores": {
    "redEPA": 12.161338711159798,
    "redAutonEPA": 0.9009353098763425,
    "redTeleOpEPA": 6.5050251148920255,
    "redEndgameEPA": 4.755378286391431,
    "blueEPA": 14.70594188356361,
    "blueAutonEPA": 3.8816198158618693,
    "blueTeleOpEPA": 4.148575386700185,
    "blueEndgameEPA": 6.675746681001557
  }
}