{
  "predictedWinner": "Blue",
  "redTeams": [
    12862,
    14649
  ],
  "blueTeams": [
    10262,
    23623
  ],
  "actualWinner": "Blue",
  "pointBreakdown": {
    "redData": {
      "redScore": 82,
      "redPenaltyFreeScore": 82,
      "redAuto": 0,
      "redTeleOp": 22,
      "redEndgame": 60
    },
    "blueData": {
      "blueScore": 97,
      "bluePenaltyFreeScore": 97,
      "blueAuto": 28,
      "blueTeleOp": 14,
      "blueEndgame": 55
    }
  },
  "predictedScores": {
    "redEPA": 29.515020498322293,
    "redAutonEPA": 18.39503727015862,
    "redTeleOpEPA": -22.759572206699755,
    "redEndgameEPA": 33.87955543486343,
    "blueEPA": 100.48545180621079,
    "blueAutonEPA": 32.61491928486652,
    "blueTeleOpEPA": 38.894313460411,
    "blueEndgameEPA": 28.97621906093328
  }
}