{
  "predictedWinner": "Tie",
  "redTeams": [
    7253,
    16601
  ],
  "blueTeams": [
    15182,
    10164
  ],
  "actualWinner": "Red",
  "pointBreakdown": {
    "redData": {
      "redScore": 117,
      "redPenaltyFreeScore": 117,
      "redAuto": 41,
      "redTeleOp": 46,
      "redEndgame": 30
    },
    "blueData": {
      "blueScore": 93,
      "bluePenaltyFreeScore": 93,
      "blueAuto": 37,
      "blueTeleOp": 35,
      "blueEndgame": 21
    }
  },
  "predictedScores": {
    "redEPA": 28.883333333333333,
    "redAutonEPA": 5.333333333333333,
    "redTeleOpEPA": 15.766666666666667,
    "redEndgameEPA": 7.783333333333333,
    "blueEPA": 28.883333333333333,
    "blueAutonEPA": 5.333333333333333,
    "blueTeleOpEPA": 15.766666666666667,
    "blueEndgameEPA": 7.783333333333333
  }
}