{
  "predictedWinner": "Blue",
  "redTeams": [
    16627,
    15486
  ],
  "blueTeams": [
    16601,
    8580
  ],
  "actualWinner": "Blue",
  "pointBreakdown": {
    "redData": {
      "redScore": 116,
      "redPenaltyFreeScore": 86,
      "redAuto": 20,
      "redTeleOp": 44,
      "redEndgame": 22
    },
    "blueData": {
      "blueScore": 120,
      "bluePenaltyFreeScore": 70,
      "blueAuto": 40,
      "blueTeleOp": 15,
      "blueEndgame": 15
    }
  },
  "predictedScores": {
    "redEPA": 50.55622334021788,
    "redAutonEPA": 24.009294054688805,
    "redTeleOpEPA": 3.5321679348777586,
    "redEndgameEPA": 23.01476135065132,
    "blueEPA": 90.51367017203897,
    "blueAutonEPA": 23.466684130671112,
    "blueTeleOpEPA": 53.119260563394604,
    "blueEndgameEPA": 13.927725477973258
  }
}