{
  "predictedWinner": "Tie",
  "redTeams": [
    23596,
    25819
  ],
  "blueTeams": [
    23833,
    10016
  ],
  "actualWinner": "Red",
  "pointBreakdown": {
    "redData": {
      "redScore": 81,
      "redPenaltyFreeScore": 76,
      "redAuto": 22,
      "redTeleOp": 54,
      "redEndgame": 0
    },
    "blueData": {
      "blueScore": 52,
      "bluePenaltyFreeScore": 52,
      "blueAuto": 4,
      "blueTeleOp": 48,
      "blueEndgame": 0
    }
  },
  "predictedScores": {
    "redEPA": 44.17741935483871,
    "redAutonEPA": 6.854838709677419,
    "redTeleOpEPA": 29.822147081557148,
    "redEndgameEPA": 7.500433563604146,
    "blueEPA": 44.17741935483871,
    "blueAutonEPA": 6.854838709677419,
    "blueTeleOpEPA": 29.822147081557148,
    "blueEndgameEPA": 7.500433563604146
  }
}