{
  "predictedWinner": "Blue",
  "redTeams": [
    14933,
    23832
  ],
  "blueTeams": [
    18975,
    15406
  ],
  "actualWinner": "Blue",
  "pointBreakdown": {
    "redData": {
      "redScore": 55,
      "redPenaltyFreeScore": 55,
      "redAuto": 20,
      "redTeleOp": 10,
      "redEndgame": 25
    },
    "blueData": {
      "blueScore": 66,
      "bluePenaltyFreeScore": 66,
      "blueAuto": 31,
      "blueTeleOp": 10,
      "blueEndgame": 25
    }
  },
  "predictedScores": {
    "redEPA": 20.876987706702952,
    "redAutonEPA": 9.196322984861801,
    "redTeleOpEPA": 3.676878964170294,
    "redEndgameEPA": 8.003785757670856,
    "blueEPA": 33.582230587532244,
    "blueAutonEPA": 13.684278204907528,
    "blueTeleOpEPA": 8.836122144783634,
    "blueEndgameEPA": 11.061830237841082
  }
}