{
  "predictedWinner": "Red",
  "redTeams": [
    8513,
    5980
  ],
  "blueTeams": [
    19429,
    9376
  ],
  "actualWinner": "Red",
  "pointBreakdown": {
    "redData": {
      "redScore": 144,
      "redPenaltyFreeScore": 144,
      "redAuto": 55,
      "redTeleOp": 44,
      "redEndgame": 45
    },
    "blueData": {
      "blueScore": 89,
      "bluePenaltyFreeScore": 89,
      "blueAuto": 30,
      "blueTeleOp": 34,
      "blueEndgame": 25
    }
  },
  "predictedScores": {
    "redEPA": 93.34422418724718,
    "redAutonEPA": 38.192327248615875,
    "redTeleOpEPA": 17.20317759390734,
    "redEndgameEPA": 37.94871934472396,
    "blueEPA": 81.66313709358924,
    "blueAutonEPA": 43.227184049148065,
    "blueTeleOpEPA": 17.0146639389224,
    "blueEndgameEPA": 21.421289105518778
  }
}