{
  "predictedWinner": "Blue",
  "redTeams": [
    15344,
    22906
  ],
  "blueTeams": [
    5663,
    10255
  ],
  "actualWinner": "Blue",
  "pointBreakdown": {
    "redData": {
      "redScore": 7,
      "redPenaltyFreeScore": 7,
      "redAuto": 0,
      "redTeleOp": 7,
      "redEndgame": 0
    },
    "blueData": {
      "blueScore": 208,
      "bluePenaltyFreeScore": 208,
      "blueAuto": 85,
      "blueTeleOp": 73,
      "blueEndgame": 50
    }
  },
  "predictedScores": {
    "redEPA": 11.326854097070546,
    "redAutonEPA": 7.930572123759736,
    "redTeleOpEPA": 1.0322876856362129,
    "redEndgameEPA": 2.363994287674597,
    "blueEPA": 222.0962015683765,
    "blueAutonEPA": 86.4485294242109,
    "blueTeleOpEPA": 76.27901483927357,
    "blueEndgameEPA": 59.368657304892025
  }
}