{
  "predictedWinner": "Red",
  "redTeams": [
    12068,
    11129
  ],
  "blueTeams": [
    12678,
    16464
  ],
  "actualWinner": "Blue",
  "pointBreakdown": {
    "redData": {
      "redScore": 68,
      "redPenaltyFreeScore": 68,
      "redAuto": 34,
      "redTeleOp": 19,
      "redEndgame": 15
    },
    "blueData": {
      "blueScore": 80,
      "bluePenaltyFreeScore": 60,
      "blueAuto": 20,
      "blueTeleOp": 25,
      "blueEndgame": 15
    }
  },
  "predictedScores": {
    "redEPA": 101.37021306091637,
    "redAutonEPA": 34.812490194588584,
    "redTeleOpEPA": 40.92601558959183,
    "redEndgameEPA": 25.631707276735966,
    "blueEPA": 57.47018444799264,
    "blueAutonEPA": 23.728610048922995,
    "blueTeleOpEPA": 24.49826374465271,
    "blueEndgameEPA": 9.24331065441693
  }
}