{
  "predictedWinner": "Red",
  "redTeams": [
    14229,
    5290
  ],
  "blueTeams": [
    9376,
    12746
  ],
  "actualWinner": "Blue",
  "pointBreakdown": {
    "redData": {
      "redScore": 53,
      "redPenaltyFreeScore": 53,
      "redAuto": 15,
      "redTeleOp": 38
    },
    "blueData": {
      "blueScore": 36,
      "bluePenaltyFreeScore": 36,
      "blueAuto": 10,
      "blueTeleOp": 26
    }
  },
  "predictedScores": {
    "redEPA": 42.94479326720178,
    "redAutonEPA": 16.110988871301345,
    "redTeleOpEPA": 26.833804395900437,
    "blueEPA": 36.891591400254946,
    "blueAutonEPA": 12.430956192283343,
    "blueTeleOpEPA": 24.460635207971603
  }
}