{
  "predictedWinner": "Blue",
  "redTeams": [
    12101,
    11855
  ],
  "blueTeams": [
    15406,
    12068
  ],
  "actualWinner": "Blue",
  "pointBreakdown": {
    "redData": {
      "redScore": 46,
      "redPenaltyFreeScore": 41,
      "redAuto": 5,
      "redTeleOp": 21,
      "redEndgame": 15
    },
    "blueData": {
      "blueScore": 53,
      "bluePenaltyFreeScore": 48,
      "blueAuto": 15,
      "blueTeleOp": 18,
      "blueEndgame": 15
    }
  },
  "predictedScores": {
    "redEPA": 16.733649582481448,
    "redAutonEPA": 4.295325982983704,
    "redTeleOpEPA": 2.156718927927333,
    "redEndgameEPA": 10.28160467157041,
    "blueEPA": 20.66238879889461,
    "blueAutonEPA": 11.93271962533958,
    "blueTeleOpEPA": 3.4737664544659452,
    "blueEndgameEPA": 5.255902719089086
  }
}