{
  "predictedWinner": "Blue",
  "redTeams": [
    9376,
    13021
  ],
  "blueTeams": [
    10136,
    15344
  ],
  "actualWinner": "Blue",
  "pointBreakdown": {
    "redData": {
      "redScore": 27,
      "redPenaltyFreeScore": 27,
      "redAuto": 0,
      "redTeleOp": 12,
      "redEndgame": 15
    },
    "blueData": {
      "blueScore": 33,
      "bluePenaltyFreeScore": 33,
      "blueAuto": 5,
      "blueTeleOp": 13,
      "blueEndgame": 15
    }
  },
  "predictedScores": {
    "redEPA": 29.37560975609756,
    "redAutonEPA": 9.517073170731708,
    "redTeleOpEPA": 10.480487804878049,
    "redEndgameEPA": 9.378048780487806,
    "blueEPA": 42.38726153215458,
    "blueAutonEPA": 10.942414443755059,
    "blueTeleOpEPA": 16.842854505135243,
    "blueEndgameEPA": 14.601992583264282
  }
}