{
  "predictedWinner": "Blue",
  "redTeams": [
    15322,
    12845
  ],
  "blueTeams": [
    13702,
    16355
  ],
  "actualWinner": "Blue",
  "pointBreakdown": {
    "redData": {
      "redScore": 30,
      "redPenaltyFreeScore": 30,
      "redAuto": 15,
      "redTeleOp": 15
    },
    "blueData": {
      "blueScore": 51,
      "bluePenaltyFreeScore": 41,
      "blueAuto": 22,
      "blueTeleOp": 19
    }
  },
  "predictedScores": {
    "redEPA": 33.23006710279923,
    "redAutonEPA": 13.575115344532103,
    "redTeleOpEPA": 19.65495175826713,
    "blueEPA": 45.01488810565449,
    "blueAutonEPA": 13.300795050445384,
    "blueTeleOpEPA": 31.71409305520911
  }
}