{
  "predictedWinner": "Red",
  "redTeams": [
    16220,
    11714
  ],
  "blueTeams": [
    13021,
    11855
  ],
  "actualWinner": "Blue",
  "pointBreakdown": {
    "redData": {
      "redScore": 54,
      "redPenaltyFreeScore": 54,
      "redAuto": 20,
      "redTeleOp": 34
    },
    "blueData": {
      "blueScore": 58,
      "bluePenaltyFreeScore": 53,
      "blueAuto": 20,
      "blueTeleOp": 33
    }
  },
  "predictedScores": {
    "redEPA": 25.180109365804714,
    "redAutonEPA": 5.987298118955415,
    "redTeleOpEPA": 19.1928112468493,
    "blueEPA": 15.37129604042653,
    "blueAutonEPA": -13.235030319895182,
    "blueTeleOpEPA": 28.606326360321713
  }
}