{
  "predictedWinner": "Red",
  "redTeams": [
    15406,
    9376
  ],
  "blueTeams": [
    14634,
    15045
  ],
  "actualWinner": "Blue",
  "pointBreakdown": {
    "redData": {
      "redScore": 7,
      "redPenaltyFreeScore": 7,
      "redAuto": 5,
      "redTeleOp": 2,
      "redEndgame": 0
    },
    "blueData": {
      "blueScore": 30,
      "bluePenaltyFreeScore": 30,
      "blueAuto": 5,
      "blueTeleOp": 10,
      "blueEndgame": 15
    }
  },
  "predictedScores": {
    "redEPA": 37.45957622829523,
    "redAutonEPA": 16.046799126137454,
    "redTeleOpEPA": 14.551975168861352,
    "redEndgameEPA": 6.86080193329642,
    "blueEPA": 32.271229645912314,
    "blueAutonEPA": 17.780059406484753,
    "blueTeleOpEPA": 11.714769681556353,
    "blueEndgameEPA": 2.776400557871208
  }
}