{
  "predictedWinner": "Red",
  "redTeams": [
    19429,
    11531
  ],
  "blueTeams": [
    14933,
    10255
  ],
  "actualWinner": "Red",
  "pointBreakdown": {
    "redData": {
      "redScore": 163,
      "redPenaltyFreeScore": 163,
      "redAuto": 48,
      "redTeleOp": 86,
      "redEndgame": 29
    },
    "blueData": {
      "blueScore": 127,
      "bluePenaltyFreeScore": 127,
      "blueAuto": 28,
      "blueTeleOp": 84,
      "blueEndgame": 15
    }
  },
  "predictedScores": {
    "redEPA": 111.53489453691842,
    "redAutonEPA": 5.69172065825447,
    "redTeleOpEPA": 75.78052706063174,
    "redEndgameEPA": 30.062646818032203,
    "blueEPA": 101.92852507013097,
    "blueAutonEPA": 1.9264173027538245,
    "blueTeleOpEPA": 88.9518023385267,
    "blueEndgameEPA": 11.050305428850447
  }
}