{
  "predictedWinner": "Red",
  "redTeams": [
    11846,
    10255
  ],
  "blueTeams": [
    8529,
    5641
  ],
  "actualWinner": "Red",
  "pointBreakdown": {
    "redData": {
      "redScore": 106,
      "redPenaltyFreeScore": 106,
      "redAuto": 32,
      "redTeleOp": 59,
      "redEndgame": 15
    },
    "blueData": {
      "blueScore": 46,
      "bluePenaltyFreeScore": 46,
      "blueAuto": 20,
      "blueTeleOp": 14,
      "blueEndgame": 12
    }
  },
  "predictedScores": {
    "redEPA": 37.9020860354229,
    "redAutonEPA": 9.691670947500471,
    "redTeleOpEPA": 14.838951643093953,
    "redEndgameEPA": 13.371463444828475,
    "blueEPA": 28.883333333333333,
    "blueAutonEPA": 5.333333333333333,
    "blueTeleOpEPA": 15.766666666666667,
    "blueEndgameEPA": 7.783333333333333
  }
}