{
  "predictedWinner": "Blue",
  "redTeams": [
    8733,
    10818
  ],
  "blueTeams": [
    20299,
    15339
  ],
  "actualWinner": "Blue",
  "pointBreakdown": {
    "redData": {
      "redScore": 29,
      "redPenaltyFreeScore": 29,
      "redAuto": 0,
      "redTeleOp": 19,
      "redEndgame": 10
    },
    "blueData": {
      "blueScore": 52,
      "bluePenaltyFreeScore": 52,
      "blueAuto": 0,
      "blueTeleOp": 32,
      "blueEndgame": 20
    }
  },
  "predictedScores": {
    "redEPA": 10.06685278356953,
    "redAutonEPA": 6.061517940798838,
    "redTeleOpEPA": -3.2363193436232134,
    "redEndgameEPA": 7.241654186393905,
    "blueEPA": 25.756989689353183,
    "blueAutonEPA": 7.641756151850937,
    "blueTeleOpEPA": 13.22972321981896,
    "blueEndgameEPA": 4.885510317683286
  }
}