{
  "predictedWinner": "Red",
  "redTeams": [
    5384,
    10255,
    5383
  ],
  "blueTeams": [
    11846,
    20245,
    10104
  ],
  "actualWinner": "Blue",
  "pointBreakdown": {
    "redData": {
      "redScore": 144,
      "redPenaltyFreeScore": 134,
      "redAuto": 32,
      "redTeleOp": 64,
      "redEndgame": 38
    },
    "blueData": {
      "blueScore": 164,
      "bluePenaltyFreeScore": 164,
      "blueAuto": 53,
      "blueTeleOp": 93,
      "blueEndgame": 18
    }
  },
  "predictedScores": {
    "redEPA": 194.45987291039987,
    "redAutonEPA": 55.473712293912854,
    "redTeleOpEPA": 92.73294484879924,
    "redEndgameEPA": 46.253215767687784,
    "blueEPA": 173.7098392350329,
    "blueAutonEPA": 36.593619142891626,
    "blueTeleOpEPA": 98.1903055699648,
    "blueEndgameEPA": 38.92591452217644
  }
}