{
  "predictedWinner": "Red",
  "redTeams": [
    16836,
    14815
  ],
  "blueTeams": [
    13748,
    14711
  ],
  "actualWinner": "Red",
  "pointBreakdown": {
    "redData": {
      "redScore": 63,
      "redPenaltyFreeScore": 58,
      "redAuto": 20,
      "redTeleOp": 23,
      "redEndgame": 15
    },
    "blueData": {
      "blueScore": 44,
      "bluePenaltyFreeScore": 44,
      "blueAuto": 5,
      "blueTeleOp": 24,
      "blueEndgame": 15
    }
  },
  "predictedScores": {
    "redEPA": 44.16999030101168,
    "redAutonEPA": 15.547434705678503,
    "redTeleOpEPA": 16.46587674213569,
    "redEndgameEPA": 12.156678853197482,
    "blueEPA": 30.860025497794354,
    "blueAutonEPA": 7.420485438827763,
    "blueTeleOpEPA": 13.33725328348921,
    "blueEndgameEPA": 10.102286775477383
  }
}