{
  "predictedWinner": "Blue",
  "redTeams": [
    17030,
    17533
  ],
  "blueTeams": [
    15641,
    14815
  ],
  "actualWinner": "Blue",
  "pointBreakdown": {
    "redData": {
      "redScore": 26,
      "redPenaltyFreeScore": 26,
      "redAuto": 5,
      "redTeleOp": 21
    },
    "blueData": {
      "blueScore": 12,
      "bluePenaltyFreeScore": 12,
      "blueAuto": 10,
      "blueTeleOp": 2
    }
  },
  "predictedScores": {
    "redEPA": 31.95770068164035,
    "redAutonEPA": 4.480947422383528,
    "redTeleOpEPA": 27.476753259256824,
    "blueEPA": 42.353631040075335,
    "blueAutonEPA": 20.34408356128967,
    "blueTeleOpEPA": 22.009547478785667
  }
}