{
  "predictedWinner": "Blue",
  "redTeams": [
    12352,
    14815
  ],
  "blueTeams": [
    13748,
    13106
  ],
  "actualWinner": "Blue",
  "pointBreakdown": {
    "redData": {
      "redScore": 20,
      "redPenaltyFreeScore": 20,
      "redAuto": 5,
      "redTeleOp": 10,
      "redEndgame": 5
    },
    "blueData": {
      "blueScore": 25,
      "bluePenaltyFreeScore": 25,
      "blueAuto": 0,
      "blueTeleOp": 10,
      "blueEndgame": 15
    }
  },
  "predictedScores": {
    "redEPA": 9.190107745176785,
    "redAutonEPA": 8.219453098195052,
    "redTeleOpEPA": 2.8834040404448382,
    "redEndgameEPA": -1.9127493934631048,
    "blueEPA": 41.62506556431947,
    "blueAutonEPA": 10.916370912369471,
    "blueTeleOpEPA": 15.415440209751576,
    "blueEndgameEPA": 15.293254442198421
  }
}