{
  "predictedWinner": "Blue",
  "redTeams": [
    13002,
    13748
  ],
  "blueTeams": [
    14790,
    17533
  ],
  "actualWinner": "Blue",
  "pointBreakdown": {
    "redData": {
      "redScore": 52,
      "redPenaltyFreeScore": 52,
      "redAuto": 15,
      "redTeleOp": 37
    },
    "blueData": {
      "blueScore": 50,
      "bluePenaltyFreeScore": 45,
      "blueAuto": 15,
      "blueTeleOp": 30
    }
  },
  "predictedScores": {
    "redEPA": 12.62516629401237,
    "redAutonEPA": 0.5294394166102716,
    "redTeleOpEPA": 12.095726877402099,
    "blueEPA": 29.850991548628773,
    "blueAutonEPA": 12.374462085773706,
    "blueTeleOpEPA": 17.47652946285507
  }
}