{
  "predictedWinner": "Blue",
  "redTeams": [
    9028,
    13106
  ],
  "blueTeams": [
    13733,
    17030
  ],
  "actualWinner": "Blue",
  "pointBreakdown": {
    "redData": {
      "redScore": 13,
      "redPenaltyFreeScore": 13,
      "redAuto": 0,
      "redTeleOp": 13
    },
    "blueData": {
      "blueScore": 36,
      "bluePenaltyFreeScore": 36,
      "blueAuto": 5,
      "blueTeleOp": 31
    }
  },
  "predictedScores": {
    "redEPA": 4.570319462196394,
    "redAutonEPA": -0.27411851485545324,
    "redTeleOpEPA": 4.844437977051847,
    "blueEPA": 16.586432937682734,
    "blueAutonEPA": 4.5627250458992386,
    "blueTeleOpEPA": 12.023707891783495
  }
}