{
  "predictedWinner": "Blue",
  "redTeams": [
    17030,
    12352
  ],
  "blueTeams": [
    13002,
    13876
  ],
  "actualWinner": "Blue",
  "pointBreakdown": {
    "redData": {
      "redScore": 34,
      "redPenaltyFreeScore": 34,
      "redAuto": 5,
      "redTeleOp": 29
    },
    "blueData": {
      "blueScore": 17,
      "bluePenaltyFreeScore": 17,
      "blueAuto": 5,
      "blueTeleOp": 12
    }
  },
  "predictedScores": {
    "redEPA": 18.110831699732383,
    "redAutonEPA": 6.399375403304281,
    "redTeleOpEPA": 11.711456296428103,
    "blueEPA": 33.39178981119487,
    "blueAutonEPA": 9.02919179075702,
    "blueTeleOpEPA": 24.36259802043785
  }
}