{
  "predictedWinner": "Red",
  "redTeams": [
    13547,
    15354
  ],
  "blueTeams": [
    17076,
    17533
  ],
  "actualWinner": "Blue",
  "pointBreakdown": {
    "redData": {
      "redScore": 41,
      "redPenaltyFreeScore": 41,
      "redAuto": 15,
      "redTeleOp": 26
    },
    "blueData": {
      "blueScore": 20,
      "bluePenaltyFreeScore": 20,
      "blueAuto": 5,
      "blueTeleOp": 15
    }
  },
  "predictedScores": {
    "redEPA": 34.32443462618819,
    "redAutonEPA": 15.303107468794726,
    "redTeleOpEPA": 19.021327157393465,
    "blueEPA": 14.046355841100322,
    "blueAutonEPA": 5.882131188962871,
    "blueTeleOpEPA": 8.16422465213745
  }
}