{
  "predictedWinner": "Red",
  "redTeams": [
    14815,
    14009
  ],
  "blueTeams": [
    13876,
    17076
  ],
  "actualWinner": "Blue",
  "pointBreakdown": {
    "redData": {
      "redScore": 30,
      "redPenaltyFreeScore": 25,
      "redAuto": 10,
      "redTeleOp": 15
    },
    "blueData": {
      "blueScore": 23,
      "bluePenaltyFreeScore": 23,
      "blueAuto": 10,
      "blueTeleOp": 13
    }
  },
  "predictedScores": {
    "redEPA": 41.157034928157366,
    "redAutonEPA": 17.161735466279147,
    "redTeleOpEPA": 23.99529946187822,
    "blueEPA": 26.01602759962376,
    "blueAutonEPA": 6.7947607165456505,
    "blueTeleOpEPA": 19.221266883078112
  }
}