{
  "predictedWinner": "Red",
  "redTeams": [
    13748,
    13419
  ],
  "blueTeams": [
    14009,
    13733
  ],
  "actualWinner": "Blue",
  "pointBreakdown": {
    "redData": {
      "redScore": 44,
      "redPenaltyFreeScore": 44,
      "redAuto": 5,
      "redTeleOp": 39
    },
    "blueData": {
      "blueScore": 28,
      "bluePenaltyFreeScore": 28,
      "blueAuto": 5,
      "blueTeleOp": 23
    }
  },
  "predictedScores": {
    "redEPA": 52.62535919023472,
    "redAutonEPA": 13.059310006018105,
    "redTeleOpEPA": 39.56604918421661,
    "blueEPA": 42.44329622379362,
    "blueAutonEPA": 10.698682216665043,
    "blueTeleOpEPA": 31.744614007128575
  }
}