{
  "winProbability": 0.5273544146547838,
  "predictedWinner": "Blue",
  "redTeams": [
    28037,
    20803
  ],
  "blueTeams": [
    28036,
    28035
  ],
  "actualWinner": "Blue",
  "pointBreakdown": {
    "redData": {
      "redScore": 0,
      "redPenaltyFreeScore": 0,
      "redAuto": 0,
      "redTeleOp": 0,
      "redEndgame": 0
    },
    "blueData": {
      "blueScore": 49,
      "bluePenaltyFreeScore": 49,
      "blueAuto": 18,
      "blueTeleOp": 21,
      "blueEndgame": 10
    }
  },
  "predictedScores": {
    "redEPA": 37.70016404095129,
    "redAutonEPA": 5.655434308563923,
    "redTeleOpEPA": 22.32568743247304,
    "redEndgameEPA": 9.719042299914328,
    "blueEPA": 39.81083884841881,
    "blueAutonEPA": 5.561037050404147,
    "blueTeleOpEPA": 25.14488686123649,
    "blueEndgameEPA": 9.104914936778176
  }
}