{
  "predictedWinner": "Red",
  "redTeams": [
    28036,
    6255
  ],
  "blueTeams": [
    28030,
    18969
  ],
  "actualWinner": "Red",
  "pointBreakdown": {
    "redData": {
      "redScore": 31,
      "redPenaltyFreeScore": 31,
      "redAuto": 11,
      "redTeleOp": 20,
      "redEndgame": 0
    },
    "blueData": {
      "blueScore": 19,
      "bluePenaltyFreeScore": 19,
      "blueAuto": 0,
      "blueTeleOp": 19,
      "blueEndgame": 0
    }
  },
  "predictedScores": {
    "redEPA": 60.591756170597,
    "redAutonEPA": 15.15335761485808,
    "redTeleOpEPA": 43.24265629301455,
    "redEndgameEPA": 2.195742262724376,
    "blueEPA": 31.9614902929452,
    "blueAutonEPA": 1.7739537150912708,
    "blueTeleOpEPA": 27.296604003467333,
    "blueEndgameEPA": 2.8909325743865955
  }
}