{
  "winProbability": 0.5285231040294299,
  "predictedWinner": "Blue",
  "redTeams": [
    18969,
    18967
  ],
  "blueTeams": [
    28037,
    28035
  ],
  "actualWinner": "Blue",
  "pointBreakdown": {
    "redData": {
      "redScore": 32,
      "redPenaltyFreeScore": 32,
      "redAuto": 3,
      "redTeleOp": 29,
      "redEndgame": 0
    },
    "blueData": {
      "blueScore": 46,
      "bluePenaltyFreeScore": 31,
      "blueAuto": 8,
      "blueTeleOp": 13,
      "blueEndgame": 10
    }
  },
  "predictedScores": {
    "redEPA": 36.372105189636876,
    "redAutonEPA": 1.7449897984981482,
    "redTeleOpEPA": 29.41333910943384,
    "redEndgameEPA": 5.213776281704892,
    "blueEPA": 38.57314857802503,
    "blueAutonEPA": 5.856358467848562,
    "blueTeleOpEPA": 22.229124474278553,
    "blueEndgameEPA": 10.487665635897908
  }
}