{
  "winProbability": 0.5192240819460509,
  "predictedWinner": "Blue",
  "redTeams": [
    20803,
    28030
  ],
  "blueTeams": [
    28037,
    28040
  ],
  "actualWinner": "Red",
  "pointBreakdown": {
    "redData": {
      "redScore": 41,
      "redPenaltyFreeScore": 26,
      "redAuto": 0,
      "redTeleOp": 26,
      "redEndgame": 0
    },
    "blueData": {
      "blueScore": 28,
      "bluePenaltyFreeScore": 18,
      "blueAuto": 0,
      "blueTeleOp": 8,
      "blueEndgame": 10
    }
  },
  "predictedScores": {
    "redEPA": 25.61098016693584,
    "redAutonEPA": 2.191744325172858,
    "redTeleOpEPA": 17.898046208191587,
    "redEndgameEPA": 5.521189633571391,
    "blueEPA": 27.093565825851933,
    "blueAutonEPA": 3.066363248886398,
    "blueTeleOpEPA": 16.47184822667395,
    "blueEndgameEPA": 7.555354350291587
  }
}