{
  "predictedWinner": "Tie",
  "redTeams": [
    21518,
    15719
  ],
  "blueTeams": [
    14937,
    24053
  ],
  "actualWinner": "Blue",
  "pointBreakdown": {
    "redData": {
      "redScore": 18,
      "redPenaltyFreeScore": 18,
      "redAuto": 5,
      "redTeleOp": 3,
      "redEndgame": 10
    },
    "blueData": {
      "blueScore": 23,
      "bluePenaltyFreeScore": 23,
      "blueAuto": 11,
      "blueTeleOp": 12,
      "blueEndgame": 0
    }
  },
  "predictedScores": {
    "redEPA": 42.49454535612237,
    "redAutonEPA": 18.4230261042639,
    "redTeleOpEPA": 26.532517876079616,
    "redEndgameEPA": -2.460998624221144,
    "blueEPA": 42.474185182199335,
    "blueAutonEPA": 10.043777047216413,
    "blueTeleOpEPA": 21.457581172673475,
    "blueEndgameEPA": 10.972826962309451
  }
}