{
  "predictedWinner": "Blue",
  "redTeams": [
    14937,
    24076
  ],
  "blueTeams": [
    14670,
    14941
  ],
  "actualWinner": "Blue",
  "pointBreakdown": {
    "redData": {
      "redScore": 19,
      "redPenaltyFreeScore": 19,
      "redAuto": 10,
      "redTeleOp": 4,
      "redEndgame": 5
    },
    "blueData": {
      "blueScore": 46,
      "bluePenaltyFreeScore": 46,
      "blueAuto": 5,
      "blueTeleOp": 26,
      "blueEndgame": 15
    }
  },
  "predictedScores": {
    "redEPA": 24.89732489888073,
    "redAutonEPA": -4.158273633416307,
    "redTeleOpEPA": 19.54006496903032,
    "redEndgameEPA": 9.51553356326672,
    "blueEPA": 28.10333786544794,
    "blueAutonEPA": 9.034395436272547,
    "blueTeleOpEPA": 1.0100375869250442,
    "blueEndgameEPA": 18.05890484225035
  }
}