{
  "predictedWinner": "Blue",
  "redTeams": [
    11729
  ],
  "blueTeams": [
    11618,
    15555
  ],
  "actualWinner": "Blue",
  "pointBreakdown": {
    "redData": {
      "redScore": 18,
      "redPenaltyFreeScore": 18,
      "redAuto": 3,
      "redTeleOp": 15,
      "redEndgame": 0
    },
    "blueData": {
      "blueScore": 96,
      "bluePenaltyFreeScore": 96,
      "blueAuto": 41,
      "blueTeleOp": 45,
      "blueEndgame": 10
    }
  },
  "predictedScores": {
    "redEPA": 49.336779295211265,
    "redAutonEPA": 8.802898061058379,
    "redTeleOpEPA": 39.666673022733036,
    "redEndgameEPA": 0.8672082114198536,
    "blueEPA": 167.2118687226345,
    "blueAutonEPA": 40.51760296760834,
    "blueTeleOpEPA": 120.6684936629376,
    "blueEndgameEPA": 6.025772092088557
  }
}