{
  "predictedWinner": "Blue",
  "redTeams": [
    16734,
    11717
  ],
  "blueTeams": [
    16536,
    13019
  ],
  "actualWinner": "Blue",
  "pointBreakdown": {
    "redData": {
      "redScore": 22,
      "redPenaltyFreeScore": -8,
      "redAuto": 10,
      "redTeleOp": -42,
      "redEndgame": 24
    },
    "blueData": {
      "blueScore": 124,
      "bluePenaltyFreeScore": 124,
      "blueAuto": 26,
      "blueTeleOp": 36,
      "blueEndgame": 62
    }
  },
  "predictedScores": {
    "redEPA": 35.122603695908694,
    "redAutonEPA": 1.4724209910432515,
    "redTeleOpEPA": 2.994704406397336,
    "redEndgameEPA": 30.655478298468108,
    "blueEPA": 76.30101620092478,
    "blueAutonEPA": 39.885609074244606,
    "blueTeleOpEPA": 6.511746532078796,
    "blueEndgameEPA": 29.903660594601376
  }
}