{
  "winProbability": 0.7020219430004824,
  "predictedWinner": "Red",
  "redTeams": [
    31038,
    23625
  ],
  "blueTeams": [
    31160,
    23600
  ],
  "actualWinner": "Red",
  "pointBreakdown": {
    "redData": {
      "redScore": 41,
      "redPenaltyFreeScore": 36,
      "redAuto": 6,
      "redTeleOp": 20,
      "redEndgame": 10
    },
    "blueData": {
      "blueScore": 34,
      "bluePenaltyFreeScore": 34,
      "blueAuto": 17,
      "blueTeleOp": 7,
      "blueEndgame": 10
    }
  },
  "predictedScores": {
    "redEPA": 37.24398139285081,
    "redAutonEPA": 9.923138404787753,
    "redTeleOpEPA": 15.776492182846171,
    "redEndgameEPA": 11.544350805216888,
    "blueEPA": 16.017369247298905,
    "blueAutonEPA": 2.352440912394573,
    "blueTeleOpEPA": 4.483407996726907,
    "blueEndgameEPA": 9.181520338177425
  }
}