{
  "predictedWinner": "Blue",
  "redTeams": [
    32484,
    15120
  ],
  "blueTeams": [
    22881,
    31038
  ],
  "actualWinner": "Blue",
  "pointBreakdown": {
    "redData": {
      "redScore": 23,
      "redPenaltyFreeScore": 8,
      "redAuto": 0,
      "redTeleOp": 8,
      "redEndgame": 0
    },
    "blueData": {
      "blueScore": 82,
      "bluePenaltyFreeScore": 77,
      "blueAuto": 14,
      "blueTeleOp": 63,
      "blueEndgame": 0
    }
  },
  "predictedScores": {
    "redEPA": 19.44186599412283,
    "redAutonEPA": 2.818207942742818,
    "redTeleOpEPA": 17.543973664047495,
    "redEndgameEPA": -0.9203156126674839,
    "blueEPA": 34.38461507221937,
    "blueAutonEPA": 13.27301658740361,
    "blueTeleOpEPA": 18.553423330053274,
    "blueEndgameEPA": 2.558175154762484
  }
}