{
  "winProbability": 0.6723310345513938,
  "predictedWinner": "Red",
  "redTeams": [
    31038,
    23391
  ],
  "blueTeams": [
    31842,
    15119
  ],
  "actualWinner": "Red",
  "pointBreakdown": {
    "redData": {
      "redScore": 55,
      "redPenaltyFreeScore": 55,
      "redAuto": 17,
      "redTeleOp": 28,
      "redEndgame": 10
    },
    "blueData": {
      "blueScore": 13,
      "bluePenaltyFreeScore": 13,
      "blueAuto": 3,
      "blueTeleOp": 0,
      "blueEndgame": 10
    }
  },
  "predictedScores": {
    "redEPA": 39.66204464505149,
    "redAutonEPA": 14.788447383451288,
    "redTeleOpEPA": 15.094185045304783,
    "redEndgameEPA": 9.779412216295416,
    "blueEPA": 21.85860709468765,
    "blueAutonEPA": 5.9898670183074225,
    "blueTeleOpEPA": 7.875538485899565,
    "blueEndgameEPA": 7.993201590480663
  }
}