{
  "winProbability": 0.6914963715855948,
  "predictedWinner": "Blue",
  "redTeams": [
    32484,
    15120
  ],
  "blueTeams": [
    22881,
    31038
  ],
  "actualWinner": "Blue",
  "pointBreakdown": {
    "redData": {
      "redScore": 23,
      "redPenaltyFreeScore": 18,
      "redAuto": 0,
      "redTeleOp": 8,
      "redEndgame": 10
    },
    "blueData": {
      "blueScore": 82,
      "bluePenaltyFreeScore": 67,
      "blueAuto": 14,
      "blueTeleOp": 38,
      "blueEndgame": 15
    }
  },
  "predictedScores": {
    "redEPA": 26.411856921204723,
    "redAutonEPA": 3.287665610560711,
    "redTeleOpEPA": 11.8769373088501,
    "redEndgameEPA": 11.247254001793912,
    "blueEPA": 46.40440978552586,
    "blueAutonEPA": 12.876481416648767,
    "blueTeleOpEPA": 22.929339831995026,
    "blueEndgameEPA": 10.598588536882065
  }
}