{
  "winProbability": 0.5089854009503718,
  "predictedWinner": "Blue",
  "redTeams": [
    32770,
    31842
  ],
  "blueTeams": [
    27562,
    23625
  ],
  "actualWinner": "Red",
  "pointBreakdown": {
    "redData": {
      "redScore": 49,
      "redPenaltyFreeScore": 34,
      "redAuto": 14,
      "redTeleOp": 15,
      "redEndgame": 5
    },
    "blueData": {
      "blueScore": 23,
      "bluePenaltyFreeScore": 18,
      "blueAuto": 11,
      "blueTeleOp": 2,
      "blueEndgame": 5
    }
  },
  "predictedScores": {
    "redEPA": 26.4694324914629,
    "redAutonEPA": 9.232803932874877,
    "redTeleOpEPA": 8.436105130257754,
    "redEndgameEPA": 8.80052342833027,
    "blueEPA": 27.35980561385177,
    "blueAutonEPA": 8.079809910418174,
    "blueTeleOpEPA": 9.431568963038439,
    "blueEndgameEPA": 9.848426740395157
  }
}