{
  "winProbability": 0.5320152211770105,
  "predictedWinner": "Blue",
  "redTeams": [
    21537,
    23578
  ],
  "blueTeams": [
    23859,
    31038
  ],
  "actualWinner": "Blue",
  "pointBreakdown": {
    "redData": {
      "redScore": 37,
      "redPenaltyFreeScore": 37,
      "redAuto": 10,
      "redTeleOp": 17,
      "redEndgame": 10
    },
    "blueData": {
      "blueScore": 38,
      "bluePenaltyFreeScore": 33,
      "blueAuto": 8,
      "blueTeleOp": 10,
      "blueEndgame": 15
    }
  },
  "predictedScores": {
    "redEPA": 25.79549438053214,
    "redAutonEPA": 6.359740576352748,
    "redTeleOpEPA": 10.064101132702296,
    "redEndgameEPA": 9.371652671477095,
    "blueEPA": 28.97192158325346,
    "blueAutonEPA": 5.864637748573035,
    "blueTeleOpEPA": 13.453308512627007,
    "blueEndgameEPA": 9.65397532205342
  }
}