{
  "winProbability": 0.6215426539606951,
  "predictedWinner": "Blue",
  "redTeams": [
    31842,
    31160
  ],
  "blueTeams": [
    23578,
    23600
  ],
  "actualWinner": "Blue",
  "pointBreakdown": {
    "redData": {
      "redScore": 10,
      "redPenaltyFreeScore": 10,
      "redAuto": 0,
      "redTeleOp": 0,
      "redEndgame": 10
    },
    "blueData": {
      "blueScore": 71,
      "bluePenaltyFreeScore": 41,
      "blueAuto": 9,
      "blueTeleOp": 22,
      "blueEndgame": 10
    }
  },
  "predictedScores": {
    "redEPA": 18.072499928730643,
    "redAutonEPA": 6.512286468405667,
    "redTeleOpEPA": 2.4779321498209477,
    "redEndgameEPA": 9.08228131050403,
    "blueEPA": 30.360977396475533,
    "blueAutonEPA": 8.264343173638482,
    "blueTeleOpEPA": 11.237700418515939,
    "blueEndgameEPA": 10.858933804321115
  }
}