{
  "predictedWinner": "Blue",
  "redTeams": [
    15120,
    31160
  ],
  "blueTeams": [
    23859,
    32770
  ],
  "actualWinner": "Blue",
  "pointBreakdown": {
    "redData": {
      "redScore": 17,
      "redPenaltyFreeScore": 17,
      "redAuto": 3,
      "redTeleOp": 14,
      "redEndgame": 0
    },
    "blueData": {
      "blueScore": 30,
      "bluePenaltyFreeScore": 30,
      "blueAuto": 11,
      "blueTeleOp": 19,
      "blueEndgame": 0
    }
  },
  "predictedScores": {
    "redEPA": -32.091825331999324,
    "redAutonEPA": -3.717948337373082,
    "redTeleOpEPA": -30.863980645185855,
    "redEndgameEPA": 2.490103650559613,
    "blueEPA": 39.858526260050354,
    "blueAutonEPA": 6.21432404556965,
    "blueTeleOpEPA": 32.553695232708364,
    "blueEndgameEPA": 1.0905069817723403
  }
}