{
  "winProbability": 0.5867494564821104,
  "predictedWinner": "Blue",
  "redTeams": [
    23600,
    15119
  ],
  "blueTeams": [
    22881,
    15120
  ],
  "actualWinner": "Blue",
  "pointBreakdown": {
    "redData": {
      "redScore": 21,
      "redPenaltyFreeScore": 16,
      "redAuto": 6,
      "redTeleOp": 0,
      "redEndgame": 10
    },
    "blueData": {
      "blueScore": 71,
      "bluePenaltyFreeScore": 71,
      "blueAuto": 18,
      "blueTeleOp": 38,
      "blueEndgame": 15
    }
  },
  "predictedScores": {
    "redEPA": 22.74401717548193,
    "redAutonEPA": 5.925569539192015,
    "redTeleOpEPA": 9.020834867596907,
    "redEndgameEPA": 7.797612768693007,
    "blueEPA": 31.427024971369036,
    "blueAutonEPA": 7.578283076592336,
    "blueTeleOpEPA": 14.708390451929473,
    "blueEndgameEPA": 9.140351442847228
  }
}