{
  "winProbability": 0.6903978870359198,
  "predictedWinner": "Blue",
  "redTeams": [
    31160,
    21537
  ],
  "blueTeams": [
    32484,
    23391
  ],
  "actualWinner": "Blue",
  "pointBreakdown": {
    "redData": {
      "redScore": 16,
      "redPenaltyFreeScore": 16,
      "redAuto": 6,
      "redTeleOp": 0,
      "redEndgame": 10
    },
    "blueData": {
      "blueScore": 52,
      "bluePenaltyFreeScore": 52,
      "blueAuto": 14,
      "blueTeleOp": 28,
      "blueEndgame": 10
    }
  },
  "predictedScores": {
    "redEPA": 16.19492699679133,
    "redAutonEPA": 4.729077365790658,
    "redTeleOpEPA": 3.0979505680030783,
    "redEndgameEPA": 8.367899062997594,
    "blueEPA": 36.06005782836375,
    "blueAutonEPA": 13.555384653165193,
    "blueTeleOpEPA": 14.288854780189972,
    "blueEndgameEPA": 8.21581839500859
  }
}