{
  "predictedWinner": "Red",
  "redTeams": [
    19940,
    20332,
    16671
  ],
  "blueTeams": [
    15353,
    7140,
    11717
  ],
  "actualWinner": "Blue",
  "pointBreakdown": {
    "redData": {
      "redScore": 122,
      "redPenaltyFreeScore": 122,
      "redAuto": 52,
      "redTeleOp": 40,
      "redEndgame": 30
    },
    "blueData": {
      "blueScore": 151,
      "bluePenaltyFreeScore": 151,
      "blueAuto": 52,
      "blueTeleOp": 37,
      "blueEndgame": 62
    }
  },
  "predictedScores": {
    "redEPA": 161.2386774775701,
    "redAutonEPA": 62.98105785613251,
    "redTeleOpEPA": 25.28278671529958,
    "redEndgameEPA": 72.974832906138,
    "blueEPA": 137.91891870138636,
    "blueAutonEPA": 47.78942584184847,
    "blueTeleOpEPA": -1.5704877625221059,
    "blueEndgameEPA": 91.69998062206
  }
}