{
  "predictedWinner": "Red",
  "redTeams": [
    8133,
    16692
  ],
  "blueTeams": [
    17181,
    15716
  ],
  "actualWinner": "Blue",
  "pointBreakdown": {
    "redData": {
      "redScore": 21,
      "redPenaltyFreeScore": 21,
      "redAuto": 6,
      "redTeleOp": 6,
      "redEndgame": 9
    },
    "blueData": {
      "blueScore": 37,
      "bluePenaltyFreeScore": 27,
      "blueAuto": 19,
      "blueTeleOp": 2,
      "blueEndgame": 6
    }
  },
  "predictedScores": {
    "redEPA": 37.05975799964661,
    "redAutonEPA": 16.813104056661533,
    "redTeleOpEPA": 1.342500633016197,
    "redEndgameEPA": 18.904153309968876,
    "blueEPA": 0.8949577323364757,
    "blueAutonEPA": 6.829058429493401,
    "blueTeleOpEPA": -28.30707990351284,
    "blueEndgameEPA": 22.372979206355915
  }
}