{
  "predictedWinner": "Blue",
  "redTeams": [
    7254,
    7043
  ],
  "blueTeams": [
    11717,
    10035
  ],
  "actualWinner": "Red",
  "pointBreakdown": {
    "redData": {
      "redScore": 34,
      "redPenaltyFreeScore": 4,
      "redAuto": 21,
      "redTeleOp": -60,
      "redEndgame": 43
    },
    "blueData": {
      "blueScore": 24,
      "bluePenaltyFreeScore": -66,
      "blueAuto": 21,
      "blueTeleOp": -152,
      "blueEndgame": 65
    }
  },
  "predictedScores": {
    "redEPA": 36.8594797832248,
    "redAutonEPA": 6.7166793906023265,
    "redTeleOpEPA": 3.7785493849404723,
    "redEndgameEPA": 26.364251007682,
    "blueEPA": 120.88233920424996,
    "blueAutonEPA": 53.75158531678129,
    "blueTeleOpEPA": 23.009413550501606,
    "blueEndgameEPA": 44.121340336967066
  }
}