{
  "predictedWinner": "Red",
  "redTeams": [
    8688,
    7043
  ],
  "blueTeams": [
    6294,
    16692
  ],
  "actualWinner": "Red",
  "pointBreakdown": {
    "redData": {
      "redScore": 112,
      "redPenaltyFreeScore": 112,
      "redAuto": 42,
      "redTeleOp": 28,
      "redEndgame": 42
    },
    "blueData": {
      "blueScore": 88,
      "bluePenaltyFreeScore": 78,
      "blueAuto": 19,
      "blueTeleOp": 8,
      "blueEndgame": 51
    }
  },
  "predictedScores": {
    "redEPA": 83.16088171095184,
    "redAutonEPA": 25.170608678538784,
    "redTeleOpEPA": 12.371195748873816,
    "redEndgameEPA": 45.61907728353924,
    "blueEPA": 17.256506184634627,
    "blueAutonEPA": 21.543934790936373,
    "blueTeleOpEPA": 1.639654846852597,
    "blueEndgameEPA": -5.927083453154342
  }
}