{
  "predictedWinner": "Red",
  "redTeams": [
    16607,
    20332
  ],
  "blueTeams": [
    12549,
    8133
  ],
  "actualWinner": "Red",
  "pointBreakdown": {
    "redData": {
      "redScore": 89,
      "redPenaltyFreeScore": 89,
      "redAuto": 31,
      "redTeleOp": 16,
      "redEndgame": 42
    },
    "blueData": {
      "blueScore": 31,
      "bluePenaltyFreeScore": 31,
      "blueAuto": 15,
      "blueTeleOp": 6,
      "blueEndgame": 10
    }
  },
  "predictedScores": {
    "redEPA": 53.531110152698446,
    "redAutonEPA": 51.60097995599419,
    "redTeleOpEPA": 2.9816052480486928,
    "redEndgameEPA": -1.051475051344438,
    "blueEPA": 13.352699127239912,
    "blueAutonEPA": 14.853163160253537,
    "blueTeleOpEPA": -9.076916896898311,
    "blueEndgameEPA": 7.576452863884686
  }
}