{
  "predictedWinner": "Red",
  "redTeams": [
    19940,
    12113
  ],
  "blueTeams": [
    10035,
    20332
  ],
  "actualWinner": "Blue",
  "pointBreakdown": {
    "redData": {
      "redScore": 0,
      "redPenaltyFreeScore": -60,
      "redAuto": 5,
      "redTeleOp": -77,
      "redEndgame": 12
    },
    "blueData": {
      "blueScore": 86,
      "bluePenaltyFreeScore": 76,
      "blueAuto": 36,
      "blueTeleOp": -2,
      "blueEndgame": 42
    }
  },
  "predictedScores": {
    "redEPA": 52.57122863715088,
    "redAutonEPA": 3.240768471514626,
    "redTeleOpEPA": 54.339156466460466,
    "redEndgameEPA": -5.008696300824209,
    "blueEPA": -9.143900097599307,
    "blueAutonEPA": 19.667739574735464,
    "blueTeleOpEPA": -52.73130068422263,
    "blueEndgameEPA": 23.919661011887865
  }
}