{
  "predictedWinner": "Blue",
  "redTeams": [
    7254,
    16607,
    8688
  ],
  "blueTeams": [
    11717,
    15353,
    7140
  ],
  "actualWinner": "Blue",
  "pointBreakdown": {
    "redData": {
      "redScore": 45,
      "redPenaltyFreeScore": 45,
      "redAuto": 36,
      "redTeleOp": 9,
      "redEndgame": 0
    },
    "blueData": {
      "blueScore": 114,
      "bluePenaltyFreeScore": 114,
      "blueAuto": 52,
      "blueTeleOp": 10,
      "blueEndgame": 52
    }
  },
  "predictedScores": {
    "redEPA": 127.12585757967858,
    "redAutonEPA": 29.09111745192275,
    "redTeleOpEPA": 20.943205575107612,
    "redEndgameEPA": 77.09153455264823,
    "blueEPA": 137.91891870138636,
    "blueAutonEPA": 47.78942584184848,
    "blueTeleOpEPA": -1.5704877625221059,
    "blueEndgameEPA": 91.69998062206
  }
}