{
  "predictedWinner": "Red",
  "redTeams": [
    14706,
    14353,
    17155
  ],
  "blueTeams": [
    16668,
    8580,
    11129
  ],
  "actualWinner": "Blue",
  "pointBreakdown": {
    "redData": {
      "redScore": 175,
      "redPenaltyFreeScore": 95,
      "redAuto": 80,
      "redTeleOp": -72,
      "redEndgame": 87
    },
    "blueData": {
      "blueScore": 236,
      "bluePenaltyFreeScore": 236,
      "blueAuto": 78,
      "blueTeleOp": 92,
      "blueEndgame": 66
    }
  },
  "predictedScores": {
    "redEPA": 370.5317271702887,
    "redAutonEPA": 107.57912480679666,
    "redTeleOpEPA": 132.13910251081526,
    "redEndgameEPA": 130.8134998526768,
    "blueEPA": 354.6992843396035,
    "blueAutonEPA": 109.51791127329264,
    "blueTeleOpEPA": 108.15707397950871,
    "blueEndgameEPA": 137.02429908680213
  }
}