{
  "predictedWinner": "Red",
  "redTeams": [
    7215,
    16668
  ],
  "blueTeams": [
    8580,
    7140
  ],
  "actualWinner": "Blue",
  "pointBreakdown": {
    "redData": {
      "redScore": 196,
      "redPenaltyFreeScore": 166,
      "redAuto": 81,
      "redTeleOp": -2,
      "redEndgame": 87
    },
    "blueData": {
      "blueScore": 205,
      "bluePenaltyFreeScore": 205,
      "blueAuto": 45,
      "blueTeleOp": 68,
      "blueEndgame": 92
    }
  },
  "predictedScores": {
    "redEPA": 306.44812158828967,
    "redAutonEPA": 79.43992229199948,
    "redTeleOpEPA": 124.99822377197367,
    "redEndgameEPA": 102.0099755243165,
    "blueEPA": 164.47316212624963,
    "blueAutonEPA": 62.95579895847126,
    "blueTeleOpEPA": 51.37835658185518,
    "blueEndgameEPA": 50.13900658592319
  }
}