{
  "predictedWinner": "Blue",
  "redTeams": [
    20332,
    14066
  ],
  "blueTeams": [
    14353,
    12862
  ],
  "actualWinner": "Red",
  "pointBreakdown": {
    "redData": {
      "redScore": 149,
      "redPenaltyFreeScore": 149,
      "redAuto": 51,
      "redTeleOp": 22,
      "redEndgame": 76
    },
    "blueData": {
      "blueScore": 126,
      "bluePenaltyFreeScore": 66,
      "blueAuto": 54,
      "blueTeleOp": -74,
      "blueEndgame": 86
    }
  },
  "predictedScores": {
    "redEPA": 65.74582946461518,
    "redAutonEPA": -7.41750096702126,
    "redTeleOpEPA": 28.895746297117803,
    "redEndgameEPA": 44.267584134518636,
    "blueEPA": 216.11839504335782,
    "blueAutonEPA": 91.47584013442729,
    "blueTeleOpEPA": 43.00539935897156,
    "blueEndgameEPA": 81.63715554995898
  }
}