{
  "predictedWinner": "Red",
  "redTeams": [
    16355,
    11254
  ],
  "blueTeams": [
    16316,
    17155
  ],
  "actualWinner": "Red",
  "pointBreakdown": {
    "redData": {
      "redScore": 133,
      "redPenaltyFreeScore": 133,
      "redAuto": 51,
      "redTeleOp": 34,
      "redEndgame": 48
    },
    "blueData": {
      "blueScore": 116,
      "bluePenaltyFreeScore": 116,
      "blueAuto": 22,
      "blueTeleOp": 40,
      "blueEndgame": 54
    }
  },
  "predictedScores": {
    "redEPA": 111.55846883710828,
    "redAutonEPA": 15.069548163706362,
    "redTeleOpEPA": 32.81467975345694,
    "redEndgameEPA": 63.67424091994498,
    "blueEPA": 102.20370197039225,
    "blueAutonEPA": 42.29641042627275,
    "blueTeleOpEPA": 40.443084050246156,
    "blueEndgameEPA": 19.46420749387334
  }
}