{
  "predictedWinner": "Blue",
  "redTeams": [
    11129,
    13684
  ],
  "blueTeams": [
    12862,
    16668
  ],
  "actualWinner": "Blue",
  "pointBreakdown": {
    "redData": {
      "redScore": 155,
      "redPenaltyFreeScore": 125,
      "redAuto": 78,
      "redTeleOp": -10,
      "redEndgame": 57
    },
    "blueData": {
      "blueScore": 252,
      "bluePenaltyFreeScore": 252,
      "blueAuto": 54,
      "blueTeleOp": 106,
      "blueEndgame": 92
    }
  },
  "predictedScores": {
    "redEPA": 119.06031377825184,
    "redAutonEPA": 55.20451562518749,
    "redTeleOpEPA": 7.395636364766808,
    "redEndgameEPA": 56.46016178829754,
    "blueEPA": 198.1045318851493,
    "blueAutonEPA": 73.39324372242069,
    "blueTeleOpEPA": 44.62456670147081,
    "blueEndgameEPA": 80.0867214612578
  }
}