{
  "predictedWinner": "Red",
  "redTeams": [
    8580,
    19920
  ],
  "blueTeams": [
    11254,
    17224
  ],
  "actualWinner": "Red",
  "pointBreakdown": {
    "redData": {
      "redScore": 160,
      "redPenaltyFreeScore": 130,
      "redAuto": 68,
      "redTeleOp": -4,
      "redEndgame": 66
    },
    "blueData": {
      "blueScore": 141,
      "bluePenaltyFreeScore": 101,
      "blueAuto": 51,
      "blueTeleOp": -10,
      "blueEndgame": 60
    }
  },
  "predictedScores": {
    "redEPA": 92.12516020886191,
    "redAutonEPA": 67.04829989237238,
    "redTeleOpEPA": -16.00464318552853,
    "redEndgameEPA": 41.08150350201806,
    "blueEPA": 42.739819209925514,
    "blueAutonEPA": 28.189622121543373,
    "blueTeleOpEPA": 3.197931941498746,
    "blueEndgameEPA": 11.352265146883395
  }
}