{
  "predictedWinner": "Red",
  "redTeams": [
    14353,
    17155,
    14706
  ],
  "blueTeams": [
    5237,
    16536,
    7215
  ],
  "actualWinner": "Red",
  "pointBreakdown": {
    "redData": {
      "redScore": 237,
      "redPenaltyFreeScore": 227,
      "redAuto": 94,
      "redTeleOp": 70,
      "redEndgame": 63
    },
    "blueData": {
      "blueScore": 231,
      "bluePenaltyFreeScore": 231,
      "blueAuto": 78,
      "blueTeleOp": 60,
      "blueEndgame": 93
    }
  },
  "predictedScores": {
    "redEPA": 370.5317271702887,
    "redAutonEPA": 107.57912480679664,
    "redTeleOpEPA": 132.13910251081526,
    "redEndgameEPA": 130.8134998526768,
    "blueEPA": 250.47208503540168,
    "blueAutonEPA": 85.82477059570927,
    "blueTeleOpEPA": 23.375605478818102,
    "blueEndgameEPA": 141.27170896087432
  }
}