{
  "predictedWinner": "Blue",
  "redTeams": [
    17039,
    10721
  ],
  "blueTeams": [
    7047,
    14706
  ],
  "actualWinner": "Blue",
  "pointBreakdown": {
    "redData": {
      "redScore": 24,
      "redPenaltyFreeScore": 24,
      "redAuto": 0,
      "redTeleOp": 16,
      "redEndgame": 8
    },
    "blueData": {
      "blueScore": 75,
      "bluePenaltyFreeScore": 65,
      "blueAuto": 10,
      "blueTeleOp": 20,
      "blueEndgame": 35
    }
  },
  "predictedScores": {
    "redEPA": 56.88683634644815,
    "redAutonEPA": 12.415367442809565,
    "redTeleOpEPA": 26.94602887266518,
    "redEndgameEPA": 17.5254400309734,
    "blueEPA": 75.45484090611308,
    "blueAutonEPA": 11.675799779178135,
    "blueTeleOpEPA": 53.113094208274894,
    "blueEndgameEPA": 10.66594691866005
  }
}