{
  "predictedWinner": "Red",
  "redTeams": [
    15004,
    5386
  ],
  "blueTeams": [
    15819,
    12862
  ],
  "actualWinner": "Red",
  "pointBreakdown": {
    "redData": {
      "redScore": 145,
      "redPenaltyFreeScore": 145,
      "redAuto": 58,
      "redTeleOp": 58,
      "redEndgame": 29
    },
    "blueData": {
      "blueScore": 114,
      "bluePenaltyFreeScore": 114,
      "blueAuto": 45,
      "blueTeleOp": 42,
      "blueEndgame": 27
    }
  },
  "predictedScores": {
    "redEPA": 203.96476142391157,
    "redAutonEPA": 41.68707212431616,
    "redTeleOpEPA": 126.1359350852513,
    "redEndgameEPA": 36.1417542143441,
    "blueEPA": 113.74094948097112,
    "blueAutonEPA": 27.930185347934238,
    "blueTeleOpEPA": 63.37378145234774,
    "blueEndgameEPA": 22.436982680689145
  }
}