{
  "predictedWinner": "Blue",
  "redTeams": [
    7065,
    19383
  ],
  "blueTeams": [
    12775,
    21331
  ],
  "actualWinner": "Blue",
  "pointBreakdown": {
    "redData": {
      "redScore": 48,
      "redPenaltyFreeScore": 28,
      "redAuto": 0,
      "redTeleOp": 22,
      "redEndgame": 6
    },
    "blueData": {
      "blueScore": 84,
      "bluePenaltyFreeScore": 74,
      "blueAuto": 14,
      "blueTeleOp": 51,
      "blueEndgame": 9
    }
  },
  "predictedScores": {
    "redEPA": 64.00514837784299,
    "redAutonEPA": 24.174060221498436,
    "redTeleOpEPA": 28.403944551650003,
    "redEndgameEPA": 11.427143604694546,
    "blueEPA": 86.235433517675,
    "blueAutonEPA": 9.969324934173208,
    "blueTeleOpEPA": 57.79779625370454,
    "blueEndgameEPA": 18.46831232979725
  }
}