{
  "predictedWinner": "Blue",
  "redTeams": [
    20102,
    11618
  ],
  "blueTeams": [
    9895,
    8492
  ],
  "actualWinner": "Blue",
  "pointBreakdown": {
    "redData": {
      "redScore": 110,
      "redPenaltyFreeScore": 110,
      "redAuto": 32,
      "redTeleOp": 24,
      "redEndgame": 54
    },
    "blueData": {
      "blueScore": 172,
      "bluePenaltyFreeScore": 172,
      "blueAuto": 42,
      "blueTeleOp": 40,
      "blueEndgame": 90
    }
  },
  "predictedScores": {
    "redEPA": 108.35316711866764,
    "redAutonEPA": 31.91081800720398,
    "redTeleOpEPA": 14.13394186644743,
    "redEndgameEPA": 62.30840724501624,
    "blueEPA": 162.61608267379646,
    "blueAutonEPA": 34.06134206978572,
    "blueTeleOpEPA": 39.64990258668854,
    "blueEndgameEPA": 88.90483801732219
  }
}