{
  "predictedWinner": "Red",
  "redTeams": [
    11618,
    10721
  ],
  "blueTeams": [
    15301,
    19770
  ],
  "actualWinner": "Red",
  "pointBreakdown": {
    "redData": {
      "redScore": 168,
      "redPenaltyFreeScore": 168,
      "redAuto": 58,
      "redTeleOp": 26,
      "redEndgame": 84
    },
    "blueData": {
      "blueScore": 53,
      "bluePenaltyFreeScore": 53,
      "blueAuto": 26,
      "blueTeleOp": 18,
      "blueEndgame": 9
    }
  },
  "predictedScores": {
    "redEPA": 107.63461918202705,
    "redAutonEPA": 52.87085443336404,
    "redTeleOpEPA": 9.891331045685654,
    "redEndgameEPA": 44.87243370297736,
    "blueEPA": 64.52228801447316,
    "blueAutonEPA": 16.479898891276502,
    "blueTeleOpEPA": 3.319172358479591,
    "blueEndgameEPA": 44.723216764717066
  }
}