{
  "winProbability": 0.7186313008195796,
  "predictedWinner": "Blue",
  "redTeams": [
    13667,
    31842
  ],
  "blueTeams": [
    8142,
    23709
  ],
  "actualWinner": "Blue",
  "pointBreakdown": {
    "redData": {
      "redScore": 32,
      "redPenaltyFreeScore": 17,
      "redAuto": 0,
      "redTeleOp": 7,
      "redEndgame": 10
    },
    "blueData": {
      "blueScore": 92,
      "bluePenaltyFreeScore": 92,
      "blueAuto": 14,
      "blueTeleOp": 63,
      "blueEndgame": 15
    }
  },
  "predictedScores": {
    "redEPA": 28.823003113288337,
    "redAutonEPA": 9.478405607105554,
    "redTeleOpEPA": 12.109367171502178,
    "redEndgameEPA": 7.2352303346806055,
    "blueEPA": 50.88480855273379,
    "blueAutonEPA": 14.864410225467502,
    "blueTeleOpEPA": 21.746988826878948,
    "blueEndgameEPA": 14.27340950038734
  }
}