{
  "winProbability": 0.5175122369162029,
  "predictedWinner": "Red",
  "redTeams": [
    32118,
    15191
  ],
  "blueTeams": [
    32484,
    26616
  ],
  "actualWinner": "Red",
  "pointBreakdown": {
    "redData": {
      "redScore": 80,
      "redPenaltyFreeScore": 65,
      "redAuto": 8,
      "redTeleOp": 27,
      "redEndgame": 30
    },
    "blueData": {
      "blueScore": 53,
      "bluePenaltyFreeScore": 38,
      "blueAuto": 11,
      "blueTeleOp": 17,
      "blueEndgame": 10
    }
  },
  "predictedScores": {
    "redEPA": 36.957749972893225,
    "redAutonEPA": 6.32130179333882,
    "redTeleOpEPA": 20.22812027345807,
    "redEndgameEPA": 10.408327906096336,
    "blueEPA": 35.30896309529241,
    "blueAutonEPA": 8.745680062786413,
    "blueTeleOpEPA": 16.575896748047846,
    "blueEndgameEPA": 9.987386284458154
  }
}