{
  "predictedWinner": "Red",
  "redTeams": [
    14944,
    14936
  ],
  "blueTeams": [
    14937,
    23712
  ],
  "actualWinner": "Red",
  "pointBreakdown": {
    "redData": {
      "redScore": 39,
      "redPenaltyFreeScore": 39,
      "redAuto": 11,
      "redTeleOp": 8,
      "redEndgame": 20
    },
    "blueData": {
      "blueScore": 8,
      "bluePenaltyFreeScore": 8,
      "blueAuto": 0,
      "blueTeleOp": 3,
      "blueEndgame": 5
    }
  },
  "predictedScores": {
    "redEPA": 33.34438195819956,
    "redAutonEPA": 13.535903050659845,
    "redTeleOpEPA": 17.345507633409706,
    "redEndgameEPA": 2.462971274130008,
    "blueEPA": 24.767871601006345,
    "blueAutonEPA": 15.997546111086383,
    "blueTeleOpEPA": 3.1843583348893523,
    "blueEndgameEPA": 5.58596715503061
  }
}