{
  "predictedWinner": "Red",
  "redTeams": [
    23870,
    12294,
    14670
  ],
  "blueTeams": [
    14938,
    14937,
    10803
  ],
  "actualWinner": "Red",
  "pointBreakdown": {
    "redData": {
      "redScore": 160,
      "redPenaltyFreeScore": 160,
      "redAuto": 50,
      "redTeleOp": 20,
      "redEndgame": 90
    },
    "blueData": {
      "blueScore": 26,
      "bluePenaltyFreeScore": 26,
      "blueAuto": 11,
      "blueTeleOp": 10,
      "blueEndgame": 5
    }
  },
  "predictedScores": {
    "redEPA": 180.50133691724457,
    "redAutonEPA": 48.725869893219716,
    "redTeleOpEPA": 29.15963917920314,
    "redEndgameEPA": 102.61582784482172,
    "blueEPA": 37.95492267953425,
    "blueAutonEPA": 9.028607907046789,
    "blueTeleOpEPA": 3.5754958909324515,
    "blueEndgameEPA": 25.350818881555007
  }
}