{
  "predictedWinner": "Red",
  "redTeams": [
    14670,
    12294,
    23870
  ],
  "blueTeams": [
    14938,
    14937,
    10803
  ],
  "actualWinner": "Red",
  "pointBreakdown": {
    "redData": {
      "redScore": 124,
      "redPenaltyFreeScore": 114,
      "redAuto": 50,
      "redTeleOp": 24,
      "redEndgame": 40
    },
    "blueData": {
      "blueScore": 48,
      "bluePenaltyFreeScore": 48,
      "blueAuto": 14,
      "blueTeleOp": 14,
      "blueEndgame": 20
    }
  },
  "predictedScores": {
    "redEPA": 180.50133691724457,
    "redAutonEPA": 48.725869893219716,
    "redTeleOpEPA": 29.159639179203154,
    "redEndgameEPA": 102.61582784482171,
    "blueEPA": 37.95492267953425,
    "blueAutonEPA": 9.028607907046789,
    "blueTeleOpEPA": 3.5754958909324515,
    "blueEndgameEPA": 25.350818881555007
  }
}