{
  "predictedWinner": "Blue",
  "redTeams": [
    5954,
    12549
  ],
  "blueTeams": [
    8688,
    16536
  ],
  "actualWinner": "Blue",
  "pointBreakdown": {
    "redData": {
      "redScore": 115,
      "redPenaltyFreeScore": 115,
      "redAuto": 38,
      "redTeleOp": 7,
      "redEndgame": 70
    },
    "blueData": {
      "blueScore": 126,
      "bluePenaltyFreeScore": 126,
      "blueAuto": 50,
      "blueTeleOp": 16,
      "blueEndgame": 60
    }
  },
  "predictedScores": {
    "redEPA": 60.01258879576995,
    "redAutonEPA": 20.82720181417833,
    "redTeleOpEPA": 5.4693585612406395,
    "redEndgameEPA": 33.71602842035098,
    "blueEPA": 65.82455480024325,
    "blueAutonEPA": 21.473972995225573,
    "blueTeleOpEPA": 8.734220242175091,
    "blueEndgameEPA": 35.616361562842584
  }
}