{
  "predictedWinner": "Blue",
  "redTeams": [
    5289,
    7215
  ],
  "blueTeams": [
    8533,
    17064
  ],
  "actualWinner": "Blue",
  "pointBreakdown": {
    "redData": {
      "redScore": 87,
      "redPenaltyFreeScore": 87,
      "redAuto": 30,
      "redTeleOp": 32,
      "redEndgame": 25
    },
    "blueData": {
      "blueScore": 171,
      "bluePenaltyFreeScore": 171,
      "blueAuto": 60,
      "blueTeleOp": 41,
      "blueEndgame": 70
    }
  },
  "predictedScores": {
    "redEPA": 154.28179017354364,
    "redAutonEPA": 41.69111705531545,
    "redTeleOpEPA": 40.23006852024213,
    "redEndgameEPA": 72.36060459798605,
    "blueEPA": 187.05659770254925,
    "blueAutonEPA": 51.663881129965226,
    "blueTeleOpEPA": 45.11277285714803,
    "blueEndgameEPA": 90.27994371543599
  }
}