{
  "predictedWinner": "Red",
  "redTeams": [
    14657,
    14010
  ],
  "blueTeams": [
    12895,
    15229
  ],
  "actualWinner": "Red",
  "pointBreakdown": {
    "redData": {
      "redScore": 84,
      "redPenaltyFreeScore": 84,
      "redAuto": 25,
      "redTeleOp": 44,
      "redEndgame": 15
    },
    "blueData": {
      "blueScore": 54,
      "bluePenaltyFreeScore": 54,
      "blueAuto": 15,
      "blueTeleOp": 24,
      "blueEndgame": 15
    }
  },
  "predictedScores": {
    "redEPA": 51.20046966837708,
    "redAutonEPA": 17.464028188563873,
    "redTeleOpEPA": 19.021672977257623,
    "redEndgameEPA": 14.714768502555586,
    "blueEPA": 46.140070730320744,
    "blueAutonEPA": 27.197291764572093,
    "blueTeleOpEPA": 7.150513436712767,
    "blueEndgameEPA": 11.792265529035884
  }
}