{
  "predictedWinner": "Red",
  "redTeams": [
    11129,
    16836
  ],
  "blueTeams": [
    14790,
    13876
  ],
  "actualWinner": "Blue",
  "pointBreakdown": {
    "redData": {
      "redScore": 59,
      "redPenaltyFreeScore": 59,
      "redAuto": 20,
      "redTeleOp": 39
    },
    "blueData": {
      "blueScore": 83,
      "bluePenaltyFreeScore": 58,
      "blueAuto": 20,
      "blueTeleOp": 38
    }
  },
  "predictedScores": {
    "redEPA": 75.45282316052248,
    "redAutonEPA": 25.051895402566295,
    "redTeleOpEPA": 50.40092775795619,
    "blueEPA": 37.28797597858324,
    "blueAutonEPA": 16.26348612133427,
    "blueTeleOpEPA": 21.02448985724897
  }
}