{
  "predictedWinner": "Red",
  "redTeams": [
    12912,
    11129
  ],
  "blueTeams": [
    16883,
    14657
  ],
  "actualWinner": "Blue",
  "pointBreakdown": {
    "redData": {
      "redScore": 86,
      "redPenaltyFreeScore": 86,
      "redAuto": 32,
      "redTeleOp": 54
    },
    "blueData": {
      "blueScore": 88,
      "bluePenaltyFreeScore": 88,
      "blueAuto": 30,
      "blueTeleOp": 58
    }
  },
  "predictedScores": {
    "redEPA": 95.23731599338862,
    "redAutonEPA": 43.013475642324686,
    "redTeleOpEPA": 52.223840351063934,
    "blueEPA": 86.92137727057873,
    "blueAutonEPA": 26.368609657557236,
    "blueTeleOpEPA": 60.552767613021494
  }
}