{
  "predictedWinner": "Red",
  "redTeams": [
    8845,
    6155
  ],
  "blueTeams": [
    8478,
    12895
  ],
  "actualWinner": "Blue",
  "pointBreakdown": {
    "redData": {
      "redScore": 63,
      "redPenaltyFreeScore": 58,
      "redAuto": 15,
      "redTeleOp": 43
    },
    "blueData": {
      "blueScore": 66,
      "bluePenaltyFreeScore": 66,
      "blueAuto": 20,
      "blueTeleOp": 46
    }
  },
  "predictedScores": {
    "redEPA": 62.80879916442093,
    "redAutonEPA": 26.646736604288485,
    "redTeleOpEPA": 36.16206256013245,
    "blueEPA": 61.62217511543351,
    "blueAutonEPA": 14.713655411747911,
    "blueTeleOpEPA": 46.9085197036856
  }
}