{
  "predictedWinner": "Red",
  "redTeams": [
    7693,
    13118
  ],
  "blueTeams": [
    15200,
    12548
  ],
  "actualWinner": "Red",
  "pointBreakdown": {
    "redData": {
      "redScore": 69,
      "redPenaltyFreeScore": 64,
      "redAuto": 30,
      "redTeleOp": 19,
      "redEndgame": 15
    },
    "blueData": {
      "blueScore": 48,
      "bluePenaltyFreeScore": 48,
      "blueAuto": 17,
      "blueTeleOp": 16,
      "blueEndgame": 15
    }
  },
  "predictedScores": {
    "redEPA": 53.35441958198605,
    "redAutonEPA": 24.48761176427979,
    "redTeleOpEPA": 17.717913650988535,
    "redEndgameEPA": 11.148894166717723,
    "blueEPA": 23.7937084596183,
    "blueAutonEPA": 3.6213616765200776,
    "blueTeleOpEPA": 8.090834709911743,
    "blueEndgameEPA": 12.081512073186481
  }
}