{
  "predictedWinner": "Red",
  "redTeams": [
    11129,
    16836
  ],
  "blueTeams": [
    14790,
    13876
  ],
  "actualWinner": "Blue",
  "pointBreakdown": {
    "redData": {
      "redScore": 59,
      "redPenaltyFreeScore": 59,
      "redAuto": 20,
      "redTeleOp": 24,
      "redEndgame": 15
    },
    "blueData": {
      "blueScore": 83,
      "bluePenaltyFreeScore": 58,
      "blueAuto": 20,
      "blueTeleOp": 23,
      "blueEndgame": 15
    }
  },
  "predictedScores": {
    "redEPA": 80.15006456401062,
    "redAutonEPA": 25.019480483701198,
    "redTeleOpEPA": 35.8963263316672,
    "redEndgameEPA": 19.23425774864222,
    "blueEPA": 38.059118085488535,
    "blueAutonEPA": 18.26283370691456,
    "blueTeleOpEPA": 4.4141010544698105,
    "blueEndgameEPA": 15.382183324104165
  }
}