{
  "predictedWinner": "Red",
  "redTeams": [
    14353,
    14790
  ],
  "blueTeams": [
    13118,
    10477
  ],
  "actualWinner": "Red",
  "pointBreakdown": {
    "redData": {
      "redScore": 73,
      "redPenaltyFreeScore": 73,
      "redAuto": 43,
      "redTeleOp": 15,
      "redEndgame": 15
    },
    "blueData": {
      "blueScore": 60,
      "bluePenaltyFreeScore": 60,
      "blueAuto": 30,
      "blueTeleOp": 15,
      "blueEndgame": 15
    }
  },
  "predictedScores": {
    "redEPA": 91.39460950082886,
    "redAutonEPA": 42.3330209208169,
    "redTeleOpEPA": 31.49816889717907,
    "redEndgameEPA": 17.563419682832894,
    "blueEPA": 51.49340543860261,
    "blueAutonEPA": 12.735631171477344,
    "blueTeleOpEPA": 28.083734552162973,
    "blueEndgameEPA": 10.67403971496229
  }
}