{
  "predictedWinner": "Tie",
  "redTeams": [
    11739,
    9819
  ],
  "blueTeams": [
    12548,
    14010
  ],
  "actualWinner": "Blue",
  "pointBreakdown": {
    "redData": {
      "redScore": 44,
      "redPenaltyFreeScore": 44,
      "redAuto": 15,
      "redTeleOp": 29
    },
    "blueData": {
      "blueScore": 21,
      "bluePenaltyFreeScore": 21,
      "blueAuto": 7,
      "blueTeleOp": 14
    }
  },
  "predictedScores": {
    "redEPA": 34.70249156020314,
    "redAutonEPA": 16.56687043957007,
    "redTeleOpEPA": 18.135621120633072,
    "blueEPA": 34.67014567549541,
    "blueAutonEPA": 18.36892240465072,
    "blueTeleOpEPA": 16.30122327084469
  }
}