{
  "predictedWinner": "Red",
  "redTeams": [
    12912,
    14706
  ],
  "blueTeams": [
    15004,
    10477
  ],
  "actualWinner": "Red",
  "pointBreakdown": {
    "redData": {
      "redScore": 94,
      "redPenaltyFreeScore": 94,
      "redAuto": 40,
      "redTeleOp": 39,
      "redEndgame": 15
    },
    "blueData": {
      "blueScore": 90,
      "bluePenaltyFreeScore": 90,
      "blueAuto": 32,
      "blueTeleOp": 43,
      "blueEndgame": 15
    }
  },
  "predictedScores": {
    "redEPA": 82.74799174197685,
    "redAutonEPA": 32.32651136914245,
    "redTeleOpEPA": 35.692363135386564,
    "redEndgameEPA": 14.729117237447833,
    "blueEPA": 81.6023069034463,
    "blueAutonEPA": 28.578458732160843,
    "blueTeleOpEPA": 37.81674903373091,
    "blueEndgameEPA": 15.207099137554557
  }
}