{
  "predictedWinner": "Red",
  "redTeams": [
    10016,
    8845,
    7252
  ],
  "blueTeams": [
    8478,
    14706,
    15486
  ],
  "actualWinner": "Blue",
  "pointBreakdown": {
    "redData": {
      "redScore": 158,
      "redPenaltyFreeScore": 118,
      "redAuto": 58,
      "redTeleOp": -2,
      "redEndgame": 62
    },
    "blueData": {
      "blueScore": 168,
      "bluePenaltyFreeScore": 168,
      "blueAuto": 32,
      "blueTeleOp": 88,
      "blueEndgame": 48
    }
  },
  "predictedScores": {
    "redEPA": 322.50978341379,
    "redAutonEPA": 103.69724887797844,
    "redTeleOpEPA": 80.61008963381875,
    "redEndgameEPA": 138.2024449019928,
    "blueEPA": 257.4647247632226,
    "blueAutonEPA": 104.64984878956518,
    "blueTeleOpEPA": 60.5886669796901,
    "blueEndgameEPA": 92.22620899396732
  }
}