{
  "predictedWinner": "Red",
  "redTeams": [
    10016,
    8845,
    7252
  ],
  "blueTeams": [
    8478,
    14706,
    15486
  ],
  "actualWinner": "Blue",
  "pointBreakdown": {
    "redData": {
      "redScore": 153,
      "redPenaltyFreeScore": 153,
      "redAuto": 41,
      "redTeleOp": 64,
      "redEndgame": 48
    },
    "blueData": {
      "blueScore": 233,
      "bluePenaltyFreeScore": 233,
      "blueAuto": 90,
      "blueTeleOp": 80,
      "blueEndgame": 63
    }
  },
  "predictedScores": {
    "redEPA": 322.5297752196847,
    "redAutonEPA": 103.70387082158597,
    "redTeleOpEPA": 80.61269494899676,
    "redEndgameEPA": 138.213209449102,
    "blueEPA": 257.4823542506162,
    "blueAutonEPA": 104.65568825559265,
    "blueTeleOpEPA": 60.590964439525834,
    "blueEndgameEPA": 92.23570155549771
  }
}