{
  "predictedWinner": "Red",
  "redTeams": [
    16601,
    10016
  ],
  "blueTeams": [
    18995,
    12327
  ],
  "actualWinner": "Red",
  "pointBreakdown": {
    "redData": {
      "redScore": 173,
      "redPenaltyFreeScore": 173,
      "redAuto": 52,
      "redTeleOp": 58,
      "redEndgame": 63
    },
    "blueData": {
      "blueScore": 99,
      "bluePenaltyFreeScore": 99,
      "blueAuto": 36,
      "blueTeleOp": 30,
      "blueEndgame": 33
    }
  },
  "predictedScores": {
    "redEPA": 248.11374126367483,
    "redAutonEPA": 90.1785178977086,
    "redTeleOpEPA": 55.09741472432003,
    "redEndgameEPA": 102.8378086416462,
    "blueEPA": 43.84071412550879,
    "blueAutonEPA": 24.83793931047107,
    "blueTeleOpEPA": -9.475805977467594,
    "blueEndgameEPA": 28.478580792505312
  }
}