{
  "predictedWinner": "Blue",
  "redTeams": [
    16742,
    10136
  ],
  "blueTeams": [
    12740,
    8845
  ],
  "actualWinner": "Red",
  "pointBreakdown": {
    "redData": {
      "redScore": 189,
      "redPenaltyFreeScore": 189,
      "redAuto": 57,
      "redTeleOp": 42,
      "redEndgame": 90
    },
    "blueData": {
      "blueScore": 122,
      "bluePenaltyFreeScore": 122,
      "blueAuto": 44,
      "blueTeleOp": 18,
      "blueEndgame": 60
    }
  },
  "predictedScores": {
    "redEPA": 167.54847906311198,
    "redAutonEPA": 49.477790968947915,
    "redTeleOpEPA": 33.86942031910954,
    "redEndgameEPA": 84.20126777505453,
    "blueEPA": 182.07859402398785,
    "blueAutonEPA": 53.2055781813637,
    "blueTeleOpEPA": 46.3661609773565,
    "blueEndgameEPA": 82.50685486526764
  }
}