{
  "predictedWinner": "Red",
  "redTeams": [
    10016,
    7252
  ],
  "blueTeams": [
    17993,
    15486
  ],
  "actualWinner": "Red",
  "pointBreakdown": {
    "redData": {
      "redScore": 220,
      "redPenaltyFreeScore": 220,
      "redAuto": 78,
      "redTeleOp": 58,
      "redEndgame": 84
    },
    "blueData": {
      "blueScore": 97,
      "bluePenaltyFreeScore": 97,
      "blueAuto": 49,
      "blueTeleOp": 12,
      "blueEndgame": 36
    }
  },
  "predictedScores": {
    "redEPA": 123.50701802371302,
    "redAutonEPA": 54.15902611818967,
    "redTeleOpEPA": -2.552302902947673,
    "redEndgameEPA": 71.90029480847102,
    "blueEPA": 105.33384005384931,
    "blueAutonEPA": 52.34626555748403,
    "blueTeleOpEPA": 35.747325718414146,
    "blueEndgameEPA": 17.24024877795114
  }
}