{
  "predictedWinner": "Blue",
  "redTeams": [
    5559,
    19948
  ],
  "blueTeams": [
    10016,
    14739
  ],
  "actualWinner": "Blue",
  "pointBreakdown": {
    "redData": {
      "redScore": 80,
      "redPenaltyFreeScore": 80,
      "redAuto": 14,
      "redTeleOp": 30,
      "redEndgame": 36
    },
    "blueData": {
      "blueScore": 198,
      "bluePenaltyFreeScore": 198,
      "blueAuto": 78,
      "blueTeleOp": 40,
      "blueEndgame": 80
    }
  },
  "predictedScores": {
    "redEPA": 31.455374836842687,
    "redAutonEPA": 12.306754091724489,
    "redTeleOpEPA": 8.864419179805282,
    "redEndgameEPA": 10.284201565312916,
    "blueEPA": 109.05990487229658,
    "blueAutonEPA": 33.8684429828558,
    "blueTeleOpEPA": 17.506395605791695,
    "blueEndgameEPA": 57.68506628364909
  }
}