{
  "predictedWinner": "Red",
  "redTeams": [
    16742,
    8478
  ],
  "blueTeams": [
    10601,
    16624
  ],
  "actualWinner": "Red",
  "pointBreakdown": {
    "redData": {
      "redScore": 184,
      "redPenaltyFreeScore": 184,
      "redAuto": 62,
      "redTeleOp": 60,
      "redEndgame": 62
    },
    "blueData": {
      "blueScore": 114,
      "bluePenaltyFreeScore": 114,
      "blueAuto": 39,
      "blueTeleOp": 14,
      "blueEndgame": 61
    }
  },
  "predictedScores": {
    "redEPA": 182.16409365337384,
    "redAutonEPA": 66.92588019184748,
    "redTeleOpEPA": 34.60155452099727,
    "redEndgameEPA": 80.63665894052909,
    "blueEPA": 16.558147760516377,
    "blueAutonEPA": 0.16603758674433777,
    "blueTeleOpEPA": -9.669616803331284,
    "blueEndgameEPA": 26.061726977103323
  }
}