{
  "predictedWinner": "Blue",
  "redTeams": [
    16601,
    8531
  ],
  "blueTeams": [
    15182,
    8478
  ],
  "actualWinner": "Blue",
  "pointBreakdown": {
    "redData": {
      "redScore": 61,
      "redPenaltyFreeScore": 61,
      "redAuto": 17,
      "redTeleOp": 14,
      "redEndgame": 30
    },
    "blueData": {
      "blueScore": 171,
      "bluePenaltyFreeScore": 171,
      "blueAuto": 75,
      "blueTeleOp": 46,
      "blueEndgame": 50
    }
  },
  "predictedScores": {
    "redEPA": 140.86202015612722,
    "redAutonEPA": 74.66510716024901,
    "redTeleOpEPA": 36.67060810819325,
    "redEndgameEPA": 29.52630488768496,
    "blueEPA": 150.5256193735139,
    "blueAutonEPA": 72.40400269663414,
    "blueTeleOpEPA": 22.32018134347168,
    "blueEndgameEPA": 55.80143533340809
  }
}