{
  "predictedWinner": "Red",
  "redTeams": [
    8478,
    7693
  ],
  "blueTeams": [
    12740,
    5291
  ],
  "actualWinner": "Red",
  "pointBreakdown": {
    "redData": {
      "redScore": 146,
      "redPenaltyFreeScore": 146,
      "redAuto": 70,
      "redTeleOp": 30,
      "redEndgame": 46
    },
    "blueData": {
      "blueScore": 95,
      "bluePenaltyFreeScore": 95,
      "blueAuto": 13,
      "blueTeleOp": 42,
      "blueEndgame": 40
    }
  },
  "predictedScores": {
    "redEPA": 165.52077132660332,
    "redAutonEPA": 56.57792578834527,
    "redTeleOpEPA": 57.806555637345724,
    "redEndgameEPA": 51.13628990091233,
    "blueEPA": 72.83744403874779,
    "blueAutonEPA": 30.29149064663205,
    "blueTeleOpEPA": 10.796580564868826,
    "blueEndgameEPA": 31.749372827246916
  }
}