{
  "predictedWinner": "Blue",
  "redTeams": [
    5291,
    15486
  ],
  "blueTeams": [
    13019,
    15182
  ],
  "actualWinner": "Blue",
  "pointBreakdown": {
    "redData": {
      "redScore": 121,
      "redPenaltyFreeScore": 91,
      "redAuto": 37,
      "redTeleOp": -16,
      "redEndgame": 70
    },
    "blueData": {
      "blueScore": 176,
      "bluePenaltyFreeScore": 176,
      "blueAuto": 78,
      "blueTeleOp": 38,
      "blueEndgame": 60
    }
  },
  "predictedScores": {
    "redEPA": 99.30801316962838,
    "redAutonEPA": 28.015628235282982,
    "redTeleOpEPA": 17.2140250645665,
    "redEndgameEPA": 54.07835986977889,
    "blueEPA": 100.1373660607531,
    "blueAutonEPA": 53.43172234975011,
    "blueTeleOpEPA": 22.042017214842797,
    "blueEndgameEPA": 24.663626496160187
  }
}