{
  "predictedWinner": "Blue",
  "redTeams": [
    8478,
    12327
  ],
  "blueTeams": [
    15486,
    14752
  ],
  "actualWinner": "Red",
  "pointBreakdown": {
    "redData": {
      "redScore": 204,
      "redPenaltyFreeScore": 204,
      "redAuto": 78,
      "redTeleOp": 42,
      "redEndgame": 84
    },
    "blueData": {
      "blueScore": 134,
      "bluePenaltyFreeScore": 134,
      "blueAuto": 52,
      "blueTeleOp": 40,
      "blueEndgame": 42
    }
  },
  "predictedScores": {
    "redEPA": 130.89551852826705,
    "redAutonEPA": 41.914388994718266,
    "redTeleOpEPA": 26.501158717588794,
    "redEndgameEPA": 62.47997081595999,
    "blueEPA": 142.10460099857738,
    "blueAutonEPA": 25.797949095661053,
    "blueTeleOpEPA": 44.62399643060998,
    "blueEndgameEPA": 71.68265547230635
  }
}