{
  "predictedWinner": "Red",
  "redTeams": [
    8845,
    7252,
    10016
  ],
  "blueTeams": [
    12327,
    7253,
    16601
  ],
  "actualWinner": "Red",
  "pointBreakdown": {
    "redData": {
      "redScore": 195,
      "redPenaltyFreeScore": 185,
      "redAuto": 75,
      "redTeleOp": 50,
      "redEndgame": 60
    },
    "blueData": {
      "blueScore": 193,
      "bluePenaltyFreeScore": 193,
      "blueAuto": 63,
      "blueTeleOp": 66,
      "blueEndgame": 64
    }
  },
  "predictedScores": {
    "redEPA": 322.50978341379,
    "redAutonEPA": 103.69724887797844,
    "redTeleOpEPA": 80.61008963381875,
    "redEndgameEPA": 138.2024449019928,
    "blueEPA": 215.3853169042593,
    "blueAutonEPA": 75.66603209979502,
    "blueTeleOpEPA": 49.228467226931215,
    "blueEndgameEPA": 90.49081757753306
  }
}