{
  "winProbability": 0.8088952109308856,
  "predictedWinner": "Red",
  "redTeams": [
    23026,
    14010
  ],
  "blueTeams": [
    14007,
    18472
  ],
  "actualWinner": "Red",
  "pointBreakdown": {
    "redData": {
      "redScore": 99,
      "redPenaltyFreeScore": 84,
      "redAuto": 27,
      "redTeleOp": 42,
      "redEndgame": 15
    },
    "blueData": {
      "blueScore": 37,
      "bluePenaltyFreeScore": 32,
      "blueAuto": 3,
      "blueTeleOp": 24,
      "blueEndgame": 5
    }
  },
  "predictedScores": {
    "redEPA": 77.88759967059673,
    "redAutonEPA": 16.742061922857964,
    "redTeleOpEPA": 47.26422318590815,
    "redEndgameEPA": 13.881314561830617,
    "blueEPA": 37.51472575487245,
    "blueAutonEPA": 7.451672231145354,
    "blueTeleOpEPA": 17.950010094383508,
    "blueEndgameEPA": 12.113043429343593
  }
}