{
  "winProbability": 0.5,
  "predictedWinner": "Tie",
  "redTeams": [
    14001,
    14004
  ],
  "blueTeams": [
    15719,
    14009
  ],
  "actualWinner": "Blue",
  "pointBreakdown": {
    "redData": {
      "redScore": 5,
      "redPenaltyFreeScore": 0,
      "redAuto": 0,
      "redTeleOp": 0,
      "redEndgame": 0
    },
    "blueData": {
      "blueScore": 21,
      "bluePenaltyFreeScore": 21,
      "blueAuto": 6,
      "blueTeleOp": 10,
      "blueEndgame": 5
    }
  },
  "predictedScores": {
    "redEPA": 44.17741935483871,
    "redAutonEPA": 6.854838709677419,
    "redTeleOpEPA": 25.467741935483875,
    "redEndgameEPA": 11.85483870967742,
    "blueEPA": 44.17741935483871,
    "blueAutonEPA": 6.854838709677419,
    "blueTeleOpEPA": 25.467741935483875,
    "blueEndgameEPA": 11.85483870967742
  }
}