{
  "predictedWinner": "Blue",
  "redTeams": [
    13985,
    24023
  ],
  "blueTeams": [
    23026,
    15835
  ],
  "actualWinner": "Blue",
  "pointBreakdown": {
    "redData": {
      "redScore": 13,
      "redPenaltyFreeScore": 3,
      "redAuto": 3,
      "redTeleOp": 0,
      "redEndgame": 0
    },
    "blueData": {
      "blueScore": 101,
      "bluePenaltyFreeScore": 101,
      "blueAuto": 34,
      "blueTeleOp": 57,
      "blueEndgame": 10
    }
  },
  "predictedScores": {
    "redEPA": 50.21377683561473,
    "redAutonEPA": 2.916517159483815,
    "redTeleOpEPA": 42.201310198210365,
    "redEndgameEPA": 5.095949477920549,
    "blueEPA": 69.73612427146077,
    "blueAutonEPA": 21.07934120786018,
    "blueTeleOpEPA": 45.16981388246311,
    "blueEndgameEPA": 3.486969181137477
  }
}