{
  "winProbability": 0.6106780073384771,
  "predictedWinner": "Red",
  "redTeams": [
    14010,
    26554
  ],
  "blueTeams": [
    15835,
    22757
  ],
  "actualWinner": "Red",
  "pointBreakdown": {
    "redData": {
      "redScore": 59,
      "redPenaltyFreeScore": 39,
      "redAuto": 0,
      "redTeleOp": 29,
      "redEndgame": 10
    },
    "blueData": {
      "blueScore": 25,
      "bluePenaltyFreeScore": 10,
      "blueAuto": 0,
      "blueTeleOp": 0,
      "blueEndgame": 10
    }
  },
  "predictedScores": {
    "redEPA": 38.30394127383616,
    "redAutonEPA": 5.884852223893075,
    "redTeleOpEPA": 21.30905749323231,
    "redEndgameEPA": 11.110031556710775,
    "blueEPA": 25.589177628918353,
    "blueAutonEPA": 6.421266599450604,
    "blueTeleOpEPA": 10.808753772338179,
    "blueEndgameEPA": 8.35915725712957
  }
}