{
  "predictedWinner": "Blue",
  "redTeams": [
    18472,
    14007
  ],
  "blueTeams": [
    32041,
    32460
  ],
  "actualWinner": "Blue",
  "pointBreakdown": {
    "redData": {
      "redScore": 37,
      "redPenaltyFreeScore": 27,
      "redAuto": 6,
      "redTeleOp": 11,
      "redEndgame": 10
    },
    "blueData": {
      "blueScore": 40,
      "bluePenaltyFreeScore": 35,
      "blueAuto": 6,
      "blueTeleOp": 29,
      "blueEndgame": 0
    }
  },
  "predictedScores": {
    "redEPA": 19.064926901076664,
    "redAutonEPA": 7.756688032204188,
    "redTeleOpEPA": 7.6833992697126,
    "redEndgameEPA": 3.6248395991598756,
    "blueEPA": 52.50282350787496,
    "blueAutonEPA": 4.140207097934185,
    "blueTeleOpEPA": 41.54747729718943,
    "blueEndgameEPA": 6.815139112751336
  }
}