{
  "winProbability": 0.8363282245252445,
  "predictedWinner": "Red",
  "redTeams": [
    14010,
    23026
  ],
  "blueTeams": [
    21791,
    15719
  ],
  "actualWinner": "Blue",
  "pointBreakdown": {
    "redData": {
      "redScore": 63,
      "redPenaltyFreeScore": 63,
      "redAuto": 17,
      "redTeleOp": 31,
      "redEndgame": 15
    },
    "blueData": {
      "blueScore": 74,
      "bluePenaltyFreeScore": 54,
      "blueAuto": 3,
      "blueTeleOp": 36,
      "blueEndgame": 15
    }
  },
  "predictedScores": {
    "redEPA": 77.88759967059673,
    "redAutonEPA": 16.742061922857964,
    "redTeleOpEPA": 47.26422318590815,
    "redEndgameEPA": 13.881314561830617,
    "blueEPA": 32.245533136256306,
    "blueAutonEPA": 2.884564250721089,
    "blueTeleOpEPA": 17.187517597627945,
    "blueEndgameEPA": 12.173451287907275
  }
}