{
  "winProbability": 0.7774054044995506,
  "predictedWinner": "Blue",
  "redTeams": [
    15719,
    21791
  ],
  "blueTeams": [
    10210,
    12467
  ],
  "actualWinner": "Blue",
  "pointBreakdown": {
    "redData": {
      "redScore": 72,
      "redPenaltyFreeScore": 57,
      "redAuto": 8,
      "redTeleOp": 34,
      "redEndgame": 15
    },
    "blueData": {
      "blueScore": 79,
      "bluePenaltyFreeScore": 79,
      "blueAuto": 17,
      "blueTeleOp": 52,
      "blueEndgame": 10
    }
  },
  "predictedScores": {
    "redEPA": 32.245533136256306,
    "redAutonEPA": 2.884564250721089,
    "redTeleOpEPA": 17.187517597627945,
    "redEndgameEPA": 12.173451287907275,
    "blueEPA": 67.2393306986397,
    "blueAutonEPA": 10.131757372173725,
    "blueTeleOpEPA": 41.005700519972066,
    "blueEndgameEPA": 16.101872806493912
  }
}