{
  "winProbability": 0.6214416428668174,
  "predictedWinner": "Blue",
  "redTeams": [
    10180,
    27242
  ],
  "blueTeams": [
    19250,
    5954
  ],
  "actualWinner": "Red",
  "pointBreakdown": {
    "redData": {
      "redScore": 111,
      "redPenaltyFreeScore": 76,
      "redAuto": 11,
      "redTeleOp": 50,
      "redEndgame": 15
    },
    "blueData": {
      "blueScore": 71,
      "bluePenaltyFreeScore": 71,
      "blueAuto": 22,
      "blueTeleOp": 19,
      "blueEndgame": 30
    }
  },
  "predictedScores": {
    "redEPA": 72.46042050283609,
    "redAutonEPA": 18.159401756552636,
    "redTeleOpEPA": 44.98558803260694,
    "redEndgameEPA": 9.315430713676502,
    "blueEPA": 84.47388533636598,
    "blueAutonEPA": 25.39804910511934,
    "blueTeleOpEPA": 41.994573859456004,
    "blueEndgameEPA": 17.081262371790636
  }
}