{
  "winProbability": 0.6274045367225388,
  "predictedWinner": "Blue",
  "redTeams": [
    16536,
    16355
  ],
  "blueTeams": [
    24360,
    25312
  ],
  "actualWinner": "Red",
  "pointBreakdown": {
    "redData": {
      "redScore": 57,
      "redPenaltyFreeScore": 57,
      "redAuto": 11,
      "redTeleOp": 31,
      "redEndgame": 15
    },
    "blueData": {
      "blueScore": 44,
      "bluePenaltyFreeScore": 39,
      "blueAuto": 8,
      "blueTeleOp": 21,
      "blueEndgame": 10
    }
  },
  "predictedScores": {
    "redEPA": 41.01775107165808,
    "redAutonEPA": 13.354828073288616,
    "redTeleOpEPA": 16.146274579490424,
    "redEndgameEPA": 11.516648418879043,
    "blueEPA": 53.49956693925215,
    "blueAutonEPA": 13.588636815308202,
    "blueTeleOpEPA": 27.146320272796675,
    "blueEndgameEPA": 12.764609851147267
  }
}