{
  "winProbability": 0.7693438277109477,
  "predictedWinner": "Blue",
  "redTeams": [
    32241,
    16355
  ],
  "blueTeams": [
    17104,
    7065
  ],
  "actualWinner": "Red",
  "pointBreakdown": {
    "redData": {
      "redScore": 83,
      "redPenaltyFreeScore": 53,
      "redAuto": 9,
      "redTeleOp": 29,
      "redEndgame": 15
    },
    "blueData": {
      "blueScore": 46,
      "bluePenaltyFreeScore": 41,
      "blueAuto": 0,
      "blueTeleOp": 26,
      "blueEndgame": 15
    }
  },
  "predictedScores": {
    "redEPA": 34.98258653285551,
    "redAutonEPA": 5.174309525705787,
    "redTeleOpEPA": 19.271424901638124,
    "redEndgameEPA": 10.536852105511596,
    "blueEPA": 63.83648883641838,
    "blueAutonEPA": 13.6092003857893,
    "blueTeleOpEPA": 34.9780870797139,
    "blueEndgameEPA": 15.249201370915177
  }
}