{
  "winProbability": 0.6697526803043268,
  "predictedWinner": "Blue",
  "redTeams": [
    22738,
    21115
  ],
  "blueTeams": [
    15447,
    10035
  ],
  "actualWinner": "Red",
  "pointBreakdown": {
    "redData": {
      "redScore": 48,
      "redPenaltyFreeScore": 48,
      "redAuto": 8,
      "redTeleOp": 30,
      "redEndgame": 10
    },
    "blueData": {
      "blueScore": 44,
      "bluePenaltyFreeScore": 44,
      "blueAuto": 3,
      "blueTeleOp": 26,
      "blueEndgame": 15
    }
  },
  "predictedScores": {
    "redEPA": 60.600987128740826,
    "redAutonEPA": 13.136380436115198,
    "redTeleOpEPA": 35.92488975392646,
    "redEndgameEPA": 11.539716938699172,
    "blueEPA": 77.53728702341479,
    "blueAutonEPA": 13.512943361278218,
    "blueTeleOpEPA": 45.45474170308559,
    "blueEndgameEPA": 18.569601959050985
  }
}