{
  "predictedWinner": "Red",
  "redTeams": [
    25819,
    19250
  ],
  "blueTeams": [
    5957,
    16536
  ],
  "actualWinner": "Red",
  "pointBreakdown": {
    "redData": {
      "redScore": 90,
      "redPenaltyFreeScore": 65,
      "redAuto": 20,
      "redTeleOp": 45,
      "redEndgame": 0
    },
    "blueData": {
      "blueScore": 56,
      "bluePenaltyFreeScore": 56,
      "blueAuto": 14,
      "blueTeleOp": 32,
      "blueEndgame": 10
    }
  },
  "predictedScores": {
    "redEPA": 108.30971854283831,
    "redAutonEPA": 40.94665834004542,
    "redTeleOpEPA": 51.90098719369961,
    "redEndgameEPA": 15.462073009093283,
    "blueEPA": -38.23465698368183,
    "blueAutonEPA": 3.1444625671402893,
    "blueTeleOpEPA": -44.35284759868852,
    "blueEndgameEPA": 2.9737280478664
  }
}