{
  "predictedWinner": "Blue",
  "redTeams": [
    23624,
    27242
  ],
  "blueTeams": [
    26550,
    13647
  ],
  "actualWinner": "Red",
  "pointBreakdown": {
    "redData": {
      "redScore": 128,
      "redPenaltyFreeScore": 108,
      "redAuto": 11,
      "redTeleOp": 97,
      "redEndgame": 0
    },
    "blueData": {
      "blueScore": 60,
      "bluePenaltyFreeScore": -25,
      "blueAuto": 3,
      "blueTeleOp": -28,
      "blueEndgame": 0
    }
  },
  "predictedScores": {
    "redEPA": 63.208681225667355,
    "redAutonEPA": 16.331868284064136,
    "redTeleOpEPA": 38.942437698894615,
    "redEndgameEPA": 7.934375242708605,
    "blueEPA": 70.7443852657221,
    "blueAutonEPA": 7.801044100488754,
    "blueTeleOpEPA": 53.000461821739464,
    "blueEndgameEPA": 9.942879343493885
  }
}