{
  "predictedWinner": "Blue",
  "redTeams": [
    7031,
    26859
  ],
  "blueTeams": [
    5954,
    25819
  ],
  "actualWinner": "Blue",
  "pointBreakdown": {
    "redData": {
      "redScore": 88,
      "redPenaltyFreeScore": 83,
      "redAuto": 28,
      "redTeleOp": 55,
      "redEndgame": 0
    },
    "blueData": {
      "blueScore": 100,
      "bluePenaltyFreeScore": 100,
      "blueAuto": 43,
      "blueTeleOp": 47,
      "blueEndgame": 10
    }
  },
  "predictedScores": {
    "redEPA": 108.05758086836391,
    "redAutonEPA": 25.963893440855585,
    "redTeleOpEPA": 78.67386693878986,
    "redEndgameEPA": 3.4198204887184662,
    "blueEPA": 111.51138351434236,
    "blueAutonEPA": 21.548037400050955,
    "blueTeleOpEPA": 82.33592708324241,
    "blueEndgameEPA": 7.627419031048991
  }
}