{
  "predictedWinner": "Blue",
  "redTeams": [
    26550,
    6134
  ],
  "blueTeams": [
    5957,
    7085
  ],
  "actualWinner": "Blue",
  "pointBreakdown": {
    "redData": {
      "redScore": 102,
      "redPenaltyFreeScore": 82,
      "redAuto": 23,
      "redTeleOp": 59,
      "redEndgame": 0
    },
    "blueData": {
      "blueScore": 103,
      "bluePenaltyFreeScore": 73,
      "blueAuto": 17,
      "blueTeleOp": 56,
      "blueEndgame": 0
    }
  },
  "predictedScores": {
    "redEPA": -32.91675670979105,
    "redAutonEPA": 8.477794431000312,
    "redTeleOpEPA": -45.373779525168125,
    "redEndgameEPA": 3.979228384376763,
    "blueEPA": 137.46628061045516,
    "blueAutonEPA": 35.67290302267765,
    "blueTeleOpEPA": 95.23247077954261,
    "blueEndgameEPA": 6.5609068082349
  }
}