{
  "winProbability": 0.8009575849919776,
  "predictedWinner": "Red",
  "redTeams": [
    25819,
    7085
  ],
  "blueTeams": [
    13550,
    7031
  ],
  "actualWinner": "Red",
  "pointBreakdown": {
    "redData": {
      "redScore": 123,
      "redPenaltyFreeScore": 118,
      "redAuto": 37,
      "redTeleOp": 66,
      "redEndgame": 15
    },
    "blueData": {
      "blueScore": 74,
      "bluePenaltyFreeScore": 74,
      "blueAuto": 20,
      "blueTeleOp": 39,
      "blueEndgame": 15
    }
  },
  "predictedScores": {
    "redEPA": 103.752274537044,
    "redAutonEPA": 36.87575021265214,
    "redTeleOpEPA": 55.637655590230075,
    "redEndgameEPA": 11.238868734161775,
    "blueEPA": 70.00771084100629,
    "blueAutonEPA": 21.50991426464052,
    "blueTeleOpEPA": 34.65010556280199,
    "blueEndgameEPA": 13.847691013563775
  }
}