{
  "winProbability": 0.599599469054773,
  "predictedWinner": "Blue",
  "redTeams": [
    10615,
    5386
  ],
  "blueTeams": [
    7140,
    10653
  ],
  "actualWinner": "Blue",
  "pointBreakdown": {
    "redData": {
      "redScore": 94,
      "redPenaltyFreeScore": 94,
      "redAuto": 37,
      "redTeleOp": 42,
      "redEndgame": 15
    },
    "blueData": {
      "blueScore": 141,
      "bluePenaltyFreeScore": 141,
      "blueAuto": 35,
      "blueTeleOp": 91,
      "blueEndgame": 15
    }
  },
  "predictedScores": {
    "redEPA": 89.48518125324028,
    "redAutonEPA": 21.500831336008112,
    "redTeleOpEPA": 53.698558790576534,
    "redEndgameEPA": 14.285791126655646,
    "blueEPA": 98.64045285017546,
    "blueAutonEPA": 29.58071393219069,
    "blueTeleOpEPA": 55.13474451625854,
    "blueEndgameEPA": 13.924994401726233
  }
}