{
  "winProbability": 0.511073701883719,
  "predictedWinner": "Blue",
  "redTeams": [
    10805,
    9933
  ],
  "blueTeams": [
    21622,
    12603
  ],
  "actualWinner": "Blue",
  "pointBreakdown": {
    "redData": {
      "redScore": 38,
      "redPenaltyFreeScore": 38,
      "redAuto": 11,
      "redTeleOp": 12,
      "redEndgame": 15
    },
    "blueData": {
      "blueScore": 112,
      "bluePenaltyFreeScore": 52,
      "blueAuto": 8,
      "blueTeleOp": 29,
      "blueEndgame": 15
    }
  },
  "predictedScores": {
    "redEPA": 49.61827956989248,
    "redAutonEPA": 8.403225806451612,
    "redTeleOpEPA": 29.145161290322584,
    "redEndgameEPA": 12.06989247311828,
    "blueEPA": 50.62164668922144,
    "blueAutonEPA": 9.929830252309277,
    "blueTeleOpEPA": 28.592002719017138,
    "blueEndgameEPA": 12.099813717895024
  }
}