{
  "winProbability": 0.5,
  "predictedWinner": "Tie",
  "redTeams": [
    5386,
    9933
  ],
  "blueTeams": [
    19250,
    15399
  ],
  "actualWinner": "Red",
  "pointBreakdown": {
    "redData": {
      "redScore": 87,
      "redPenaltyFreeScore": 87,
      "redAuto": 18,
      "redTeleOp": 54,
      "redEndgame": 15
    },
    "blueData": {
      "blueScore": 73,
      "bluePenaltyFreeScore": 73,
      "blueAuto": 14,
      "blueTeleOp": 44,
      "blueEndgame": 15
    }
  },
  "predictedScores": {
    "redEPA": 44.17741935483871,
    "redAutonEPA": 6.854838709677419,
    "redTeleOpEPA": 25.467741935483875,
    "redEndgameEPA": 11.85483870967742,
    "blueEPA": 44.17741935483871,
    "blueAutonEPA": 6.854838709677419,
    "blueTeleOpEPA": 25.467741935483875,
    "blueEndgameEPA": 11.85483870967742
  }
}