{
  "winProbability": 0.7981594722938111,
  "predictedWinner": "Blue",
  "redTeams": [
    9020,
    30444
  ],
  "blueTeams": [
    10653,
    9933
  ],
  "actualWinner": "Red",
  "pointBreakdown": {
    "redData": {
      "redScore": 89,
      "redPenaltyFreeScore": 74,
      "redAuto": 11,
      "redTeleOp": 48,
      "redEndgame": 15
    },
    "blueData": {
      "blueScore": 75,
      "bluePenaltyFreeScore": 75,
      "blueAuto": 37,
      "blueTeleOp": 28,
      "blueEndgame": 10
    }
  },
  "predictedScores": {
    "redEPA": 39.49221307369383,
    "redAutonEPA": 3.2392064396762925,
    "redTeleOpEPA": 24.67303873793599,
    "redEndgameEPA": 11.579967896081548,
    "blueEPA": 70.62981630824373,
    "blueAutonEPA": 21.24535792512943,
    "blueTeleOpEPA": 34.77181650736759,
    "blueEndgameEPA": 14.612641875746714
  }
}