{
  "winProbability": 0.5,
  "predictedWinner": "Tie",
  "redTeams": [
    7140,
    10615
  ],
  "blueTeams": [
    10601,
    10653
  ],
  "actualWinner": "Red",
  "pointBreakdown": {
    "redData": {
      "redScore": 114,
      "redPenaltyFreeScore": 114,
      "redAuto": 19,
      "redTeleOp": 80,
      "redEndgame": 15
    },
    "blueData": {
      "blueScore": 92,
      "bluePenaltyFreeScore": 92,
      "blueAuto": 35,
      "blueTeleOp": 42,
      "blueEndgame": 15
    }
  },
  "predictedScores": {
    "redEPA": 44.17741935483871,
    "redAutonEPA": 6.854838709677419,
    "redTeleOpEPA": 25.467741935483875,
    "redEndgameEPA": 11.85483870967742,
    "blueEPA": 44.17741935483871,
    "blueAutonEPA": 6.854838709677419,
    "blueTeleOpEPA": 25.467741935483875,
    "blueEndgameEPA": 11.85483870967742
  }
}