{
  "predictedWinner": "Blue",
  "redTeams": [
    14846,
    13570
  ],
  "blueTeams": [
    17286,
    15357
  ],
  "actualWinner": "Red",
  "pointBreakdown": {
    "redData": {
      "redScore": 74,
      "redPenaltyFreeScore": 74,
      "redAuto": 11,
      "redTeleOp": 18,
      "redEndgame": 45
    },
    "blueData": {
      "blueScore": 51,
      "bluePenaltyFreeScore": 51,
      "blueAuto": 10,
      "blueTeleOp": 16,
      "blueEndgame": 25
    }
  },
  "predictedScores": {
    "redEPA": 27.147848436226226,
    "redAutonEPA": 6.710654119471508,
    "redTeleOpEPA": 11.791237348432205,
    "redEndgameEPA": 8.645956968322515,
    "blueEPA": 33.16532465790117,
    "blueAutonEPA": 9.295270741631985,
    "blueTeleOpEPA": 7.469882092486046,
    "blueEndgameEPA": 16.400171823783136
  }
}