{
  "predictedWinner": "Blue",
  "redTeams": [
    17770,
    12075
  ],
  "blueTeams": [
    14846,
    17286
  ],
  "actualWinner": "Red",
  "pointBreakdown": {
    "redData": {
      "redScore": 16,
      "redPenaltyFreeScore": 16,
      "redAuto": 0,
      "redTeleOp": 6,
      "redEndgame": 10
    },
    "blueData": {
      "blueScore": 4,
      "bluePenaltyFreeScore": 4,
      "blueAuto": 0,
      "blueTeleOp": 4,
      "blueEndgame": 0
    }
  },
  "predictedScores": {
    "redEPA": 8.297792941628519,
    "redAutonEPA": 3.4875964455943476,
    "redTeleOpEPA": 0.5243874973099958,
    "redEndgameEPA": 4.285808998724176,
    "blueEPA": 16.7875621553177,
    "blueAutonEPA": 1.817124910202641,
    "blueTeleOpEPA": 5.336774039496154,
    "blueEndgameEPA": 9.633663205618907
  }
}