{
  "predictedWinner": "Blue",
  "redTeams": [
    8733,
    16668
  ],
  "blueTeams": [
    15344,
    9855
  ],
  "actualWinner": "Blue",
  "pointBreakdown": {
    "redData": {
      "redScore": 95,
      "redPenaltyFreeScore": 95,
      "redAuto": 30,
      "redTeleOp": 50,
      "redEndgame": 15
    },
    "blueData": {
      "blueScore": 108,
      "bluePenaltyFreeScore": 108,
      "blueAuto": 43,
      "blueTeleOp": 38,
      "blueEndgame": 27
    }
  },
  "predictedScores": {
    "redEPA": 82.81938829452055,
    "redAutonEPA": 32.33495928842113,
    "redTeleOpEPA": 33.47247651638884,
    "redEndgameEPA": 17.01195248971058,
    "blueEPA": 94.92291669219972,
    "blueAutonEPA": 29.999386657746623,
    "blueTeleOpEPA": 30.828875161537383,
    "blueEndgameEPA": 34.09465487291571
  }
}