{
  "predictedWinner": "Blue",
  "redTeams": [
    5618,
    16204
  ],
  "blueTeams": [
    16220,
    10477
  ],
  "actualWinner": "Blue",
  "pointBreakdown": {
    "redData": {
      "redScore": 75,
      "redPenaltyFreeScore": 75,
      "redAuto": 22,
      "redTeleOp": 35,
      "redEndgame": 18
    },
    "blueData": {
      "blueScore": 164,
      "bluePenaltyFreeScore": 164,
      "blueAuto": 49,
      "blueTeleOp": 75,
      "blueEndgame": 40
    }
  },
  "predictedScores": {
    "redEPA": 130.56807361399117,
    "redAutonEPA": 26.23876906414239,
    "redTeleOpEPA": 56.05941689655617,
    "redEndgameEPA": 48.26988765329261,
    "blueEPA": 163.17136191518154,
    "blueAutonEPA": 45.27393958929818,
    "blueTeleOpEPA": 78.79340721904522,
    "blueEndgameEPA": 39.10401510683813
  }
}