{
  "winProbability": 0.8036308287730715,
  "predictedWinner": "Red",
  "redTeams": [
    25819,
    23596
  ],
  "blueTeams": [
    10016,
    14066
  ],
  "actualWinner": "Blue",
  "pointBreakdown": {
    "redData": {
      "redScore": 58,
      "redPenaltyFreeScore": 58,
      "redAuto": 9,
      "redTeleOp": 39,
      "redEndgame": 10
    },
    "blueData": {
      "blueScore": 96,
      "bluePenaltyFreeScore": 86,
      "blueAuto": 3,
      "blueTeleOp": 68,
      "blueEndgame": 15
    }
  },
  "predictedScores": {
    "redEPA": 79.09440392110243,
    "redAutonEPA": 12.813038444685624,
    "redTeleOpEPA": 58.19702178468296,
    "redEndgameEPA": 8.084343691733832,
    "blueEPA": 46.54270850535959,
    "blueAutonEPA": 4.332527856828783,
    "blueTeleOpEPA": 32.622325459877615,
    "blueEndgameEPA": 9.587855188653192
  }
}