{
  "winProbability": 0.9248642900091018,
  "predictedWinner": "Blue",
  "redTeams": [
    30451,
    14066
  ],
  "blueTeams": [
    23392,
    10016
  ],
  "actualWinner": "Blue",
  "pointBreakdown": {
    "redData": {
      "redScore": 54,
      "redPenaltyFreeScore": 54,
      "redAuto": 19,
      "redTeleOp": 25,
      "redEndgame": 10
    },
    "blueData": {
      "blueScore": 142,
      "bluePenaltyFreeScore": 127,
      "blueAuto": 38,
      "blueTeleOp": 79,
      "blueEndgame": 10
    }
  },
  "predictedScores": {
    "redEPA": 46.08569586920268,
    "redAutonEPA": 7.36640993341889,
    "redTeleOpEPA": 29.69446285762678,
    "redEndgameEPA": 9.024823078157006,
    "blueEPA": 104.07565831761956,
    "blueAutonEPA": 20.799688271599372,
    "blueTeleOpEPA": 69.68170352754714,
    "blueEndgameEPA": 13.594266518473034
  }
}